"0","0","-","-","Unspecified"
"281470716440350","281470716440350","US","United States of America","Akamai Technologies Inc."
"281470716887040","281470716903423","US","United States of America","Hostinger Operations UAB"
"281470719143680","281470719143935","GB","United Kingdom of Great Britain and Northern Ireland","SmartHost"
"281470722654448","281470722654455","IT","Italy","Sfedil S.p.A."
"281470722662492","281470722662495","IT","Italy","LVMH Watch & Jewelry Italy S.p.A."
"281470722688536","281470722688539","IT","Italy","AIRDSrl"
"281470722719912","281470722719915","IT","Italy","Astrazeneca S.p.A."
"281470722748828","281470722748831","IT","Italy","DK"
"281470722771112","281470722771131","IT","Italy","Telecom Italia S.p.A."
"281470722790952","281470722790955","IT","Italy","Oemme SpA"
"281470722805568","281470722805575","IT","Italy","Vicar SRL"
"281470722822224","281470722822231","IT","Italy","Ultramed SRL"
"281470722840880","281470722840895","IT","Italy","Merck Sharp Dohme Italia S.p.A."
"281470722868712","281470722868719","IT","Italy","Bianchi Maurizio"
"281470722900460","281470722900463","IT","Italy","Telecom Italia S.p.A."
"281470722917412","281470722917415","IT","Italy","Farmacia Bellato SRL"
"281470722934092","281470722934095","IT","Italy","Telecom Italia S.p.A."
"281470722950656","281470722950663","IT","Italy","Telecom Italia S.p.A."
"281470722966536","281470722966551","IT","Italy","RCS Quotidiani SpA"
"281470722992320","281470722992327","IT","Italy","S.M.S. Distribution SRL"
"281470723019388","281470723019395","IT","Italy","Telecom Italia S.p.A."
"281470723038440","281470723038447","IT","Italy","Scandellari SRL"
"281470723052992","281470723052995","IT","Italy","Gssgeneralisharedservicesscarl"
"281470723075064","281470723075071","IT","Italy","Microgame SpA"
"281470723093072","281470723093075","IT","Italy","Monticelligroupsrl"
"281470723104384","281470723104439","IT","Italy","Telecom Italia S.p.A."
"281470723122672","281470723122687","IT","Italy","Microrex S.p.A."
"281470723154560","281470723154575","IT","Italy","Angelo Ottolini S.p.A."
"281470724050984","281470724050995","KZ","Kazakhstan","Taldykorgan"
"281470724201388","281470724201391","KZ","Kazakhstan","GU Otdel ZKH Passag Transport Avto Dorog raion Tolebi"
"281470728897328","281470728897343","DE","Germany","SIHK Bildungszentrum"
"281470728913688","281470728913695","DE","Germany","Vodafone GmbH"
"281470728928288","281470728928303","DE","Germany","Vienna International Asset GmbH"
"281470730248776","281470730248783","IT","Italy","Spolverato Marchesan Pavanello. Avvocati del Lavoro"
"281470730258260","281470730258263","IT","Italy","Gateway Global Communications"
"281470730267564","281470730267567","IT","Italy","Salvatore Ferragamo"
"281470730277392","281470730277399","IT","Italy","Consiglio Dellordine degli Avvocati Massa Carrara"
"281470730296736","281470730296743","IT","Italy","TNS ICT Travel Solutions"
"281470730303848","281470730303855","IT","Italy","U.V.A.I. Unione Vela Daltura Italiana Asd"
"281470730319656","281470730319659","IT","Italy","Profema"
"281470730324940","281470730324943","IT","Italy","Garante per la Protezione dei Dati Personali"
"281470732073976","281470732073977","MX","Mexico","Arelion Sweden AB"
"281470746472552","281470746472575","US","United States of America","Amazon Technologies Inc."
"281470749913285","281470749913286","CA","Canada","Level 3 Communications Inc."
"281470750269944","281470750270463","US","United States of America","Level 3 Communications Inc."
"281470751050564","281470751050569","US","United States of America","Level 3 Communications Inc."
"281470752359800","281470752359947","US","United States of America","Level 3 Communications Inc."
"281470753328045","281470753328045","JP","Japan","Level 3 Communications Inc."
"281470753433541","281470753433542","AU","Australia","Level 3 Communications Inc."
"281470766123856","281470766123863","DE","Germany","This Space is Statically Assigned"
"281470766139152","281470766139159","DE","Germany","Hawesta-Feinkost Hans Westphal GmbH & Co. KG"
"281470766151984","281470766151999","DE","Germany","This Space is Statically Assigned"
"281470766275184","281470766275375","DE","Germany","Hetzner Online GmbH"
"281470768185592","281470768185595","FR","France","OVH SAS"
"281470768215104","281470768215119","FR","France","OVH SAS"
"281470769304665","281470769304665","AT","Austria","Core-Backbone GmbH"
"281470769780992","281470769781027","KZ","Kazakhstan","OtdObrazZham"
"281470771922732","281470771922735","IT","Italy","Cesarano Ciro S.r.l."
"281470771939708","281470771939711","IT","Italy","Valfiemme S.r.l."
"281470771954200","281470771954203","IT","Italy","Telecom Italia S.p.A."
"281470771967132","281470771967135","IT","Italy","Agrituristica Lignano SRL"
"281470772007200","281470772007203","IT","Italy","Silverlake Te S.r.l."
"281470772037232","281470772037247","IT","Italy","Telecom Italia S.p.A."
"281470772058896","281470772058903","IT","Italy","Roma Capitale"
"281470772075976","281470772075983","IT","Italy","Datacolor Industrial SRL"
"281470772094872","281470772094879","IT","Italy","Ferrero S.p.A."
"281470772114028","281470772114031","IT","Italy","Infrastrutture E Telecomunicazioni Per l'Italia S.p.A."
"281470772136972","281470772136975","IT","Italy","Regione Toscana"
"281470772152900","281470772152903","IT","Italy","Ministero Grazia E Giustizia-Dipart.to Ammin. Penitenziaria"
"281470772172352","281470772172359","IT","Italy","Agora' S.r.l."
"281470772339759","281470772339759","TR","Turkiye","Internet Utilities Europe and Asia Limited"
"281470774398536","281470774398537","CA","Canada","Internet Vikings International AB"
"281470774482764","281470774482767","IE","Ireland","OVH SAS"
"281470774528048","281470774528063","FI","Finland","OVH SAS"
"281470775645960","281470775646143","GB","United Kingdom of Great Britain and Northern Ireland","Dedicated Server Hosting"
"281470775959866","281470775959866","GB","United Kingdom of Great Britain and Northern Ireland","Rosite Equipment SRL"
"281470777154834","281470777154834","CA","Canada","RyzeHosting"
"281470777559040","281470777560063","GB","United Kingdom of Great Britain and Northern Ireland","Bicom Systems Limited"
"281470778141952","281470778142335","IR","Iran (Islamic Republic of)","Ertebatat Dorboord Fars"
"281470778517888","281470778517915","FR","France","OVH SAS"
"281470780457168","281470780457183","PL","Poland","Eppendorf Poland SP. Z.O.O."
"281470780468120","281470780468127","PL","Poland","TUiR Allianz Polska S.A."
"281470780799679","281470780799705","CA","Canada","GHOSTnet GmbH"
"281470782289676","281470782289919","GB","United Kingdom of Great Britain and Northern Ireland","Voxility LLP"
"281470816764160","281470816764415","US","United States of America","Level 3 Communications Inc."
"281470817726464","281470817726975","US","United States of America","Hotwire Business Solutions"
"281470817920880","281470817920880","US","United States of America","CloudFlare Inc."
"281470818744639","281470818744639","SG","Singapore","Ebay Inc"
"281470831838880","281470831838931","MX","Mexico","CTL LATAM"
"281470831860152","281470831860159","CO","Colombia","Eficacia S.A."
"281470831872496","281470831872499","CL","Chile","CTL Chile"
"281470831893088","281470831893095","AR","Argentina","Nordelta SA"
"281470831921736","281470831921739","AR","Argentina","CTL LATAM"
"281470831937048","281470831937055","EC","Ecuador","Brito Lliviganay Manuel Antonio"
"281470844471332","281470844471335","US","United States of America","New Horizons Communications"
"281470883105448","281470883105463","US","United States of America","Mettel-5 21 Republic Bulk"
"281470883674800","281470883674807","US","United States of America","Cummins Engine Co."
"281470884248673","281470884248673","US","United States of America","Florida Tourism Industry Mark"
"281470885248656","281470885248663","US","United States of America","Smith Bizzell Warner FNRL HM"
"281470885994488","281470886005831","US","United States of America","AT&T Enterprises LLC"
"281470886772464","281470886772543","US","United States of America","AT&T Enterprises LLC"
"281470886831336","281470886831647","US","United States of America","AT&T Enterprises LLC"
"281470888210924","281470888211315","US","United States of America","AT&T Enterprises LLC"
"281470888803172","281470888803175","US","United States of America","Newman International"
"281470889966472","281470889966479","US","United States of America","One Ring Networks Inc-Orn-Rug"
"281470891403816","281470891403819","US","United States of America","RTG Furniture Corp"
"281470892187720","281470892187727","US","United States of America","Nitel Inc.-Byline Bank"
"281470892225584","281470892225584","US","United States of America","American Renal Associates LLC"
"281470892750696","281470892750703","US","United States of America","Americase Inc"
"281470893298840","281470893298847","US","United States of America","I 44 Truck Ctr Wrecker SVC"
"281470893772064","281470893772071","US","United States of America","AT&T Enterprises LLC"
"281470893849608","281470893849615","US","United States of America","Broward Sheriff's Office"
"281470894148184","281470894148191","US","United States of America","Alpha Aesthetics Partners Op"
"281470894320432","281470894320439","US","United States of America","Memorial MRI Diagnostic Cent"
"281470894566144","281470894566159","US","United States of America","AT&T Enterprises LLC"
"281470894749888","281470894749895","US","United States of America","MRC Global US Inc."
"281470894934784","281470894934799","US","United States of America","Greenboro Farmers"
"281470896312104","281470896312111","US","United States of America","Williamson Dickie Mfg"
"281470896337888","281470896337895","US","United States of America","AT&T Enterprises LLC"
"281470896367496","281470896367503","US","United States of America","AT&T Enterprises LLC"
"281470896393208","281470896393215","US","United States of America","Cortek Test Solutions"
"281470896417120","281470896417135","US","United States of America","Liebert Corporation"
"281470896512352","281470896512367","US","United States of America","IP Team Do Not Touch Ports"
"281470896559280","281470896559287","US","United States of America","Dade County Federal Credit Uni"
"281470896590992","281470896591007","US","United States of America","AT&T Enterprises LLC"
"281470896611792","281470896611799","US","United States of America","Starksfamily Restaurant"
"281470896706000","281470896706007","US","United States of America","AT&T Enterprises LLC"
"281470896724816","281470896724823","US","United States of America","BCM One Inc.-Allspring- Saint"
"281470896743784","281470896743791","US","United States of America","Turkish Airlines Inc"
"281470896887504","281470896887759","US","United States of America","AT&T Enterprises LLC"
"281470897002648","281470897002695","US","United States of America","AT&T Enterprises LLC"
"281470897174016","281470897174047","US","United States of America","Mars Chicago"
"281470897198368","281470897198375","US","United States of America","AT&T Enterprises LLC"
"281470897211480","281470897211487","US","United States of America","AT&T Enterprises LLC"
"281470897226320","281470897226367","US","United States of America","AT&T Enterprises LLC"
"281470897252968","281470897252975","US","United States of America","GTT Communications Inc.-Carri"
"281470897282816","281470897282823","US","United States of America","US Telepacific Communications"
"281470897441360","281470897441375","US","United States of America","Decuir Clark Adams LLP"
"281470897466416","281470897466423","US","United States of America","K Hojeij"
"281470897611424","281470897611431","US","United States of America","Telecare Corporation"
"281470897902336","281470897902359","US","United States of America","AT&T Enterprises LLC"
"281470897923568","281470897923575","US","United States of America","AT&T Enterprises LLC"
"281470897961280","281470897961287","US","United States of America","AT&T Enterprises LLC"
"281470897983208","281470897983215","US","United States of America","Digntiy Health"
"281470898010816","281470898010823","US","United States of America","Savings Bank of Mendocino Cou"
"281470902032384","281470902033663","SG","Singapore","Amazon.com Inc."
"281470903683016","281470903683023","US","United States of America","Centrify Corp"
"281470906841600","281470906842111","US","United States of America","Microsoft Corporation"
"281470915334720","281470915334735","AU","Australia","Snapchat Inc"
"281470925762192","281470925762207","IN","India","L D College of Engineering Ahmedabad"
"281470925789968","281470925789983","IN","India","National Institute of Homeopathy"
"281470929742368","281470929742479","AU","Australia","TPG Internet Pty Ltd."
"281470929765396","281470929765411","AU","Australia","TPG Internet Pty Ltd."
"281470929788940","281470929788943","AU","Australia","AAPT Limited"
"281470929843460","281470929843463","AU","Australia","AAPT Limited"
"281470929891968","281470929892031","AU","Australia","TPG Internet Pty Ltd."
"281470929930396","281470929930423","AU","Australia","TPG Internet Pty Ltd."
"281470929978896","281470929978899","AU","Australia","AAPT Limited"
"281470948496384","281470948496639","IE","Ireland","Amazon Technologies Inc."
"281470964349952","281470964350975","AT","Austria","Internet Utilities NA LLC"
"281470969162785","281470969162789","SG","Singapore","Apple Inc."
"281470975543833","281470975543833","US","United States of America","Apple Inc."
"281470999449088","281470999452415","BE","Belgium","Amazon.com Inc."
"281471026701312","281471026703871","US","United States of America","Microsoft Corporation"
"281471067764736","281471067767807","US","United States of America","Akamai Technologies Inc."
"281471069199536","281471069199543","US","United States of America","Freedom Taxi"
"281471069210768","281471069210775","US","United States of America","Protocol Woodbury/Netc"
"281471069221928","281471069221959","US","United States of America","Comcast Cable Communications LLC"
"281471069232624","281471069232631","US","United States of America","Interline Brands"
"281471069244168","281471069244175","US","United States of America","Bay Area Patrol"
"281471069256872","281471069256879","US","United States of America","Tyree Oil"
"281471069268168","281471069268175","US","United States of America","Comcast Cable Communications LLC"
"281471069281000","281471069281039","US","United States of America","Comcast Cable Communications LLC"
"281471069292488","281471069292495","US","United States of America","Inventrix"
"281471069305168","281471069305175","US","United States of America","Experitec PPS"
"281471069316136","281471069316143","US","United States of America","Comcast Cable Communications LLC"
"281471069393418","281471069393418","SG","Singapore","Ace Data Centers II L.L.C."
"281471069591456","281471069591463","US","United States of America","Fedral City Concil"
"281471069601736","281471069601743","US","United States of America","G & A Partners"
"281471069611800","281471069611815","US","United States of America","Comcast Cable Communications LLC"
"281471069622648","281471069622655","US","United States of America","Dr. Tans DBA Exotic"
"281471069633168","281471069633175","US","United States of America","Insurance Recovery Group"
"281471069646144","281471069646159","US","United States of America","Bruce Goldstein Law"
"281471069655992","281471069655999","US","United States of America","Comcast Cable Communications LLC"
"281471069666336","281471069666343","US","United States of America","Net FL Child"
"281471069676928","281471069676935","US","United States of America","Granite BMW Richmond"
"281471069689392","281471069689399","US","United States of America","Comcast Cable Communications LLC"
"281471069702112","281471069702127","US","United States of America","General General Dynam"
"281471069713168","281471069713175","US","United States of America","DRT Transportatio"
"281471070236160","281471070236671","ID","Indonesia","Akamai Technologies Inc."
"281471071373824","281471071374591","IN","India","Akamai Technologies Inc."
"281471073611008","281471073611519","US","United States of America","Zenlayer Inc"
"281471073817952","281471073817999","US","United States of America","RackNerd LLC"
"281471073861552","281471073861631","US","United States of America","HostPapa"
"281471074940352","281471074942975","US","United States of America","Hivelocity Inc."
"281471076535384","281471076535391","US","United States of America","The Wrapper Company"
"281471076996352","281471076997119","-","-","-"
"281471077546240","281471077547007","-","-","-"
"281471078086656","281471078086911","US","United States of America","Tnet Broadband Internet"
"281471078934528","281471078934783","US","United States of America","Michigan Tech Group LLC"
"281471080114176","281471080114431","US","United States of America","Alabama Lightwave Inc."
"281471081258496","281471081258751","US","United States of America","Akamai Technologies Inc."
"281471081965568","281471081966079","US","United States of America","Akamai Technologies Inc."
"281471082972760","281471082972767","US","United States of America","Benjamin Michael"
"281471083227906","281471083227947","US","United States of America","HostPapa"
"281471083771200","281471083771207","US","United States of America","Path Interactive"
"281471084120952","281471084120959","US","United States of America","TPx Communications"
"281471084323395","281471084323402","NL","Netherlands (Kingdom of the)","HostPapa"
"281471084337248","281471084337255","US","United States of America","Troy Shank"
"281471084346392","281471084346399","US","United States of America","VP7Soft"
"281471084355320","281471084355327","US","United States of America","Flawed Soft"
"281471086600217","281471086600217","IE","Ireland","Charter Communications Inc"
"281471086908672","281471086908679","US","United States of America","Data Device Corporation"
"281471086960584","281471086960591","US","United States of America","Perinton Volunteer Ambulance"
"281471086978304","281471086978311","US","United States of America","Boces Elba School"
"281471086994944","281471086994951","US","United States of America","Charter Communications Inc"
"281471087008568","281471087008615","US","United States of America","Charter Communications Inc"
"281471087216820","281471087216823","US","United States of America","Cedar Mountain Post Acute"
"281471087233040","281471087233047","US","United States of America","Villalobos Market"
"281471087250792","281471087250911","US","United States of America","Charter Communications Inc"
"281471087278704","281471087278711","US","United States of America","Amass Global Network US Inc"
"281471088083912","281471088083915","US","United States of America","Concentra Health Services Inc"
"281471089211120","281471089211127","US","United States of America","Charter Communications Inc"
"281471090262360","281471090262367","US","United States of America","Gansmedi A"
"281471090270632","281471090270639","US","United States of America","NSA 2015 LLC"
"281471090442728","281471090442735","US","United States of America","Misfits Market"
"281471090730248","281471090730255","US","United States of America","Animal Care Clinic And Hospital"
"281471090762080","281471090762095","US","United States of America","Berkshire Gas"
"281471090776608","281471090776615","US","United States of America","Charter Communications Inc"
"281471090790272","281471090790279","US","United States of America","Young Sommer LLP"
"281471090803184","281471090803191","US","United States of America","WPXJ/Pax 51 TV"
"281471090817048","281471090817055","US","United States of America","Allegany County Wic"
"281471091158664","281471091158667","US","United States of America","Wagner College"
"281471091173432","281471091173455","US","United States of America","Charter Communications Inc"
"281471091185792","281471091185855","US","United States of America","Churchville Chili Senior High School Derek Vandenhandel"
"281471091198352","281471091198359","US","United States of America","Steuben Foods Inc"
"281471091232624","281471091232631","US","United States of America","Hershey Trust"
"281471091322600","281471091322607","US","United States of America","Coos County Family Health Services"
"281471091356760","281471091356799","US","United States of America","Charter Communications Inc"
"281471091379920","281471091379935","US","United States of America","Prestige Marketing"
"281471091400120","281471091400127","US","United States of America","Wilmington Health Associates"
"281471091924632","281471091924639","CA","Canada","Yum Restaurants International"
"281471092470992","281471092470999","US","United States of America","Decker Vonau LLC"
"281471092490872","281471092490895","US","United States of America","Charter Communications Inc"
"281471092509704","281471092509711","US","United States of America","PROGRESSIVE METALLIZING and MACH"
"281471092894528","281471092894543","US","United States of America","Camelot by the Sea"
"281471093389408","281471093389411","CA","Canada","The NORTH END BOWL PINE RIDGE"
"281471093740680","281471093740699","US","United States of America","Charter Communications Inc"
"281471093758808","281471093758891","US","United States of America","Charter Communications Inc"
"281471094458488","281471094458495","US","United States of America","Ben E Keith Company"
"281471094476656","281471094476663","US","United States of America","Charter Communications Inc"
"281471094602304","281471094602311","US","United States of America","Envirosoph Tech"
"281471094839256","281471094839263","US","United States of America","Charter Communications LLC"
"281471095499712","281471095499719","US","United States of America","Buffalo Wire Works"
"281471095680056","281471095680063","US","United States of America","Superior Machine"
"281471095699552","281471095699559","US","United States of America","Modern Automotive Network LLC"
"281471095723632","281471095723647","US","United States of America","Charter Communications Inc"
"281471095741520","281471095741527","US","United States of America","Ritzy Room"
"281471095759168","281471095759175","US","United States of America","Regal Corporation"
"281471095787604","281471095787615","US","United States of America","Charter Communications Inc"
"281471096002368","281471096002375","US","United States of America","Whatabrands LLC"
"281471096254000","281471096254143","US","United States of America","Charter Communications LLC"
"281471096382336","281471096382343","US","United States of America","St. Luke's Hospital"
"281471096707712","281471096707719","US","United States of America","Mimaki USA Inc"
"281471096715928","281471096715935","US","United States of America","Restorte CH"
"281471097325272","281471097325275","US","United States of America","SNG Montgomery Field"
"281471097452528","281471097452535","US","United States of America","SE and ASSOCIATES"
"281471097486872","281471097486911","US","United States of America","Charter Communications Inc"
"281471097867552","281471097867567","US","United States of America","Compass Media Networks"
"281471098392992","281471098392999","US","United States of America","Katahdin Analytical Services"
"281471098410328","281471098410335","US","United States of America","Auto Part International"
"281471098481584","281471098481591","US","United States of America","Southland Distribution"
"281471099282608","281471099282615","US","United States of America","Princeton Precision Group Inc"
"281471099317232","281471099317239","US","United States of America","TD Synnex"
"281471099336936","281471099336943","US","United States of America","Charter Communications Inc"
"281471099427888","281471099427895","US","United States of America","Intercar Mercedes Benz"
"281471099824992","281471099824999","CA","Canada","Playscape STARBURST MCNICOLL"
"281471100156832","281471100156847","US","United States of America","Central Woodworking Corp"
"281471100298704","281471100298711","US","United States of America","Bliss Restaurant"
"281471100676352","281471100676607","US","United States of America","Autotrader.com"
"281471136857108","281471136857111","AU","Australia","AAPT Limited"
"281471136903776","281471136903871","AU","Australia","TPG Internet Pty Ltd."
"281471136943060","281471136943067","AU","Australia","TPG Internet Pty Ltd."
"281471141033496","281471141033535","JP","Japan","Rat Co. Ltd."
"281471141995796","281471141995799","PH","Philippines","iboss Asia Inc.-Clark"
"281471142660096","281471142662143","JP","Japan","Tokai Communications Corporation"
"281471151435904","281471151435911","TH","Thailand","CS Loxinfo Public Company Limited"
"281471202220032","281471202220287","RO","Romania","UPC Romania Constanta"
"281471202749968","281471202749983","BG","Bulgaria","Neterra Ltd."
"281471203878626","281471203878626","DE","Germany","Leaseweb Network B.V."
"281471205581568","281471205581823","GB","United Kingdom of Great Britain and Northern Ireland","Gold IP L.L.C-FZ"
"281471205741048","281471205741050","SG","Singapore","Bunny Communications LLC"
"281471210499584","281471210499839","RU","Russian Federation","Internet Harbor International Co. Limited"
"281471211604672","281471211604679","NL","Netherlands (Kingdom of the)","KPN B.V."
"281471211611256","281471211611259","NL","Netherlands (Kingdom of the)","Boels Verhuur"
"281471211618080","281471211618087","NL","Netherlands (Kingdom of the)","Insideworld Lda"
"281471211625424","281471211625431","NL","Netherlands (Kingdom of the)","Noorderschorren"
"281471211632640","281471211632647","NL","Netherlands (Kingdom of the)","Domus Vastgoed"
"281471211640128","281471211640135","NL","Netherlands (Kingdom of the)","Cardan Payroll BV"
"281471211648176","281471211648183","NL","Netherlands (Kingdom of the)","Excellence Ag Engineering BV"
"281471211656336","281471211656343","NL","Netherlands (Kingdom of the)","Het Broodjespaleis"
"281471211664160","281471211664175","NL","Netherlands (Kingdom of the)","KPN B.V."
"281471212327488","281471212327495","NL","Netherlands (Kingdom of the)","Lennox Benelux BV"
"281471212334816","281471212334823","NL","Netherlands (Kingdom of the)","Harry Cox Onroerend Goed BV"
"281471212341784","281471212341799","NL","Netherlands (Kingdom of the)","KPN B.V."
"281471212349196","281471212349199","NL","Netherlands (Kingdom of the)","Nippon Express (Nederland) BV"
"281471212356636","281471212356639","NL","Netherlands (Kingdom of the)","K Blokland"
"281471212364776","281471212364779","NL","Netherlands (Kingdom of the)","Brabant Adviesgroep"
"281471212372508","281471212372511","NL","Netherlands (Kingdom of the)","KPN B.V."
"281471212380016","281471212380023","NL","Netherlands (Kingdom of the)","Knezevic VOF"
"281471212387464","281471212387467","NL","Netherlands (Kingdom of the)","Pijnappel Heerde BV"
"281471212395472","281471212395479","NL","Netherlands (Kingdom of the)","Teleservice Nl Telematica Installateurs BV"
"281471212404296","281471212404303","NL","Netherlands (Kingdom of the)","Pianobar Amsterdam BV"
"281471212413272","281471212413295","NL","Netherlands (Kingdom of the)","KPN B.V."
"281471212450360","281471212450367","NL","Netherlands (Kingdom of the)","Van Aalst Oliehandel B.V."
"281471213174120","281471213174271","GB","United Kingdom of Great Britain and Northern Ireland","Team Blue Carrier Limited"
"281471214556112","281471214556115","IT","Italy","Cedroni S.r.l."
"281471214581080","281471214581087","IT","Italy","Sinteco Impianti S.r.l."
"281471214605084","281471214605087","IT","Italy","You Bas SRLS"
"281471214620888","281471214620895","IT","Italy","SPV Sardegna One SRL"
"281471214638156","281471214638159","IT","Italy","Errei Commercialisti Associati"
"281471214658416","281471214658423","IT","Italy","Azienda Sanitaria Provinciale di Cosenza"
"281471214680192","281471214680199","IT","Italy","Abbigliamento Grosseto SRL"
"281471214700696","281471214700727","IT","Italy","Telecom Italia S.p.A."
"281471214717644","281471214717647","IT","Italy","Xerjoff Group S.p.A."
"281471214744348","281471214744351","IT","Italy","Termogas S.R.L. Unipersonale"
"281471214773532","281471214773535","IT","Italy","Farmacia Torta snc di Torta Dr. Emilio E C."
"281471214793480","281471214793483","IT","Italy","Metal Ferrosi S.r.l."
"281471214810584","281471214810587","IT","Italy","Martinelli Guido"
"281471214833880","281471214833883","IT","Italy","Telecom Italia S.p.A."
"281471214850304","281471214850311","IT","Italy","Sailing S.r.l."
"281471214901100","281471214901107","IT","Italy","Gssgeneralisharedservicesscarl"
"281471214931100","281471214931103","IT","Italy","Chiorboli Roberto"
"281471215911936","281471215912959","US","United States of America","marbis GmbH"
"281471216495168","281471216495175","NL","Netherlands (Kingdom of the)","Verum Software Technologies BV Waalre"
"281471222503616","281471222503623","PE","Peru","AT&T Business Services"
"281471222570096","281471222570103","CA","Canada","Schneider Electric USA Inc."
"281471252382720","281471252384767","SG","Singapore","Google LLC"
"281471260320072","281471260320091","US","United States of America","Google LLC"
"281471266844928","281471266844931","US","United States of America","Expedia"
"281471277480072","281471277480079","US","United States of America","Jung Truck Services"
"281471277490192","281471277490199","US","United States of America","West State Street LLC d/b/a Qu"
"281471277500348","281471277500351","US","United States of America","ELITE NURSING and REHABILITATION CENTER"
"281471277518120","281471277518127","US","United States of America","Cedar Inn and Suites"
"281471277538272","281471277538275","US","United States of America","Charter Communications LLC"
"281471277548648","281471277548655","US","United States of America","Kcet"
"281471277561064","281471277561071","US","United States of America","California Center for Refractive Surgery Natl"
"281471277572104","281471277572167","US","United States of America","Charter Communications LLC"
"281471277582960","281471277582967","US","United States of America","Charter Communications LLC"
"281471277594784","281471277594791","US","United States of America","Triad Technologies"
"281471277769080","281471277769087","US","United States of America","Carlisle Companies Inc"
"281471283085312","281471283101695","BR","Brazil","Google LLC"
"281471302623341","281471302623344","GB","United Kingdom of Great Britain and Northern Ireland","Brightbox Systems Ltd"
"281471303748416","281471303748479","BE","Belgium","Verixi Be Funoc"
"281471306341568","281471306341599","FR","France","Interconnexion Clients Montpellier"
"281471306385376","281471306385379","GB","United Kingdom of Great Britain and Northern Ireland","OVH SAS"
"281471306422536","281471306422543","NL","Netherlands (Kingdom of the)","OVH SAS"
"281471307353308","281471307353311","NL","Netherlands (Kingdom of the)","Repa Matic"
"281471307358212","281471307358215","NL","Netherlands (Kingdom of the)","Tennisclub Elburg"
"281471307363492","281471307363495","NL","Netherlands (Kingdom of the)","It's Us BV"
"281471307368996","281471307368999","NL","Netherlands (Kingdom of the)","Autoverhuur Champions"
"281471307374084","281471307374087","NL","Netherlands (Kingdom of the)","Geddes & Gillmore Europe BV"
"281471307379264","281471307379267","NL","Netherlands (Kingdom of the)","KPN B.V."
"281471307384468","281471307384471","NL","Netherlands (Kingdom of the)","Beheersstichting drie gasthuizen"
"281471307390008","281471307390011","NL","Netherlands (Kingdom of the)","Klavertje 4"
"281471307395720","281471307395723","NL","Netherlands (Kingdom of the)","Bestuurscentrum gemeente teylingen"
"281471307401856","281471307401859","NL","Netherlands (Kingdom of the)","Examvision Benelux"
"281471307571972","281471307571973","IT","Italy","Agenzia Forestale Regionale"
"281471309660552","281471309660559","PL","Poland","Bechtel Polska Sp.z o.o"
"281471310909440","281471310909503","PL","Poland","Starnet Telecom Sp. z o.o."
"281471310921016","281471310921023","PL","Poland","Polnord Warszawa Wilanow IV Sp. z o.o."
"281471311873796","281471311873796","SG","Singapore","WeePee NV"
"281471312400716","281471312400719","KZ","Kazakhstan","Akmolinskaja oblast"
"281471312420744","281471312420759","KZ","Kazakhstan","Nur Sultan"
"281471312474104","281471312474107","GB","United Kingdom of Great Britain and Northern Ireland","Geotechnics"
"281471314743848","281471314743855","IT","Italy","Abc Rent"
"281471314752968","281471314752975","IT","Italy","FBB Societa Cooperativa Sociale"
"281471315969392","281471315969395","IT","Italy","Telecom Italia S.p.A."
"281471315985920","281471315985923","IT","Italy","GS SpA"
"281471316004912","281471316004919","IT","Italy","Infinite S.r.l."
"281471316030384","281471316030392","IT","Italy","Ente Giuridico Istituto Maria Ausiliatrice Delle Salesiane di Don Bosco"
"281471316050136","281471316050175","IT","Italy","Telecom Italia S.p.A."
"281471316077792","281471316077795","IT","Italy","Imasrl"
"281471316100296","281471316100299","IT","Italy","Ittica Lago di Paola SRL"
"281471316121528","281471316121535","IT","Italy","Banca Popolare Commerciale S.p.A."
"281471316945600","281471316945607","GB","United Kingdom of Great Britain and Northern Ireland","Ic Resources Net1"
"281471318741040","281471318741043","PL","Poland","STH Inwestycje SP z o.o."
"281471319246084","281471319246087","IR","Iran (Islamic Republic of)","Bakhshdari Sistan"
"281471320598691","281471320598696","US","United States of America","Cogent Communications LLC"
"281471321113625","281471321113625","CH","Switzerland","Cogent Communications LLC"
"281471321385416","281471321385423","US","United States of America","Swartz Campbell LLC"
"281471321414936","281471321414943","CA","Canada","Searchlight Capital Partners"
"281471322454748","281471322454763","US","United States of America","ThinkHuge"
"281471323541792","281471323541855","US","United States of America","Cogent Communications LLC"
"281471323932672","281471323932799","US","United States of America","Cogent Communications LLC"
"281471324472192","281471324472319","US","United States of America","Granite Telecommunications LLC"
"281471325044224","281471325044479","US","United States of America","ITData Guru Corp."
"281471325088168","281471325088175","US","United States of America","Cogent Communications LLC"
"281471325102344","281471325102351","US","United States of America","KDDI America Inc."
"281471325129739","281471325129741","GB","United Kingdom of Great Britain and Northern Ireland","ThinkHuge"
"281471325268480","281471325268991","US","United States of America","GlobalTeleHost Corp."
"281471325602872","281471325602879","US","United States of America","BT Systems LLC"
"281471325726448","281471325726455","US","United States of America","Sterling Valuation Group"
"281471325801585","281471325801585","CA","Canada","Cogent Communications LLC"
"281471325848168","281471325848171","US","United States of America","Ubernosky & Associates PLLC"
"281471325970688","281471325971071","US","United States of America","Cogent Communications LLC"
"281471326100440","281471326100447","US","United States of America","Weigel Broadcasting Co."
"281471326115184","281471326115191","US","United States of America","Cogent Communications LLC"
"281471326131896","281471326131911","US","United States of America","Cogent Communications LLC"
"281471326144652","281471326144655","US","United States of America","Cogent Communications LLC"
"281471326157018","281471326157024","US","United States of America","Cogent Communications LLC"
"281471326311200","281471326311231","US","United States of America","Controlbox Corp."
"281471326480384","281471326480639","US","United States of America","Provitech Solutions LLC"
"281471326626503","281471326626524","US","United States of America","Cogent Communications Inc."
"281471327157528","281471327157535","US","United States of America","Group Services Inc"
"281471327282368","281471327282375","US","United States of America","C&S Engineers Inc."
"281471327302056","281471327302063","US","United States of America","Lakeshore Securities"
"281471327323680","281471327323695","US","United States of America","Cogent Communications LLC"
"281471327439264","281471327439295","US","United States of America","Maryland Broadband Cooperative"
"281471327735808","281471327735808","CA","Canada","VEXXHOST Web Hosting"
"281471328455760","281471328455775","US","United States of America","Cogent Communications LLC"
"281471328468752","281471328468759","US","United States of America","NHK Japan Broadcasting Corporation"
"281471328491216","281471328491223","US","United States of America","Schrader Group Architecture"
"281471328504832","281471328504839","US","United States of America","Convo Communications LLC"
"281471328583872","281471328583879","CA","Canada","Cogent Communications LLC"
"281471328599272","281471328599279","CA","Canada","Barrantagh Investment Management Inc."
"281471328617312","281471328617319","US","United States of America","BCI Mississippi Broadband LLC d/b/a Maxxsouth Broadband"
"281471328636416","281471328636423","US","United States of America","RP Management LLC"
"281471328947456","281471328947711","NL","Netherlands (Kingdom of the)","Zenlayer Inc"
"281471331836416","281471331836927","US","United States of America","Cogent Communications LLC"
"281471332895897","281471332895905","VE","Venezuela (Bolivarian Republic of)","Cogent Communications LLC"
"281471333973760","281471333974015","AR","Argentina","Cogent Communications LLC"
"281471357071744","281471357071871","AU","Australia","Microsoft Corporation"
"281471359137888","281471359138047","US","United States of America","Microsoft Corporation"
"281471359674112","281471359674367","AE","United Arab Emirates","Microsoft Corporation"
"281471373576842","281471373576842","KE","Kenya","Liquid Telecommunications Operations Limited"
"281471374380284","281471374380287","KE","Kenya","East Africa Dev Bank"
"281471374602240","281471374604287","-","-","-"
"281471374774992","281471374774999","NG","Nigeria","S.A Insurance Victoria Island"
"281471374780381","281471374780381","ZA","South Africa","Shamila August"
"281471375491072","281471375491328","KE","Kenya","Maseno Univeristy IP"
"281471381487994","281471381487997","ZA","South Africa","MTN SA"
"281471381973440","281471381973455","TZ","Tanzania, the United Republic of","Viettel Lukuledi Datacenter"
"281471382855759","281471382856264","ZA","South Africa","CMC Network (Pty) Ltd"
"281471383420672","281471383420927","UG","Uganda","Address Space for MTN GPRS"
"281471383919096","281471383920447","NA","Namibia","Paratus Telecommunications Limited"
"281471384218996","281471384219015","AO","Angola","Mundo Startel SA"
"281471410321408","281471410321663","ID","Indonesia","Alibaba Cloud (Singapore) Private Limited"
"281471414622438","281471414622438","CA","Canada","Aceville Pte.Ltd."
"281471414630659","281471414630662","CA","Canada","Aceville Pte.Ltd."
"281471417957373","281471417957374","SG","Singapore","PT Solnet Indonesia"
"281471418386224","281471418386263","JP","Japan","Arteria Networks Corporation"
"281471418464672","281471418464703","JP","Japan","UCOM Corporation"
"281471418522208","281471418522215","JP","Japan","UCOM Corporation"
"281471418609584","281471418609791","JP","Japan","Arteria Networks Corporation"
"281471419137264","281471419137548","US","United States of America","Redluff LLC"
"281471421928448","281471421928703","BR","Brazil","Amateur Radio Digital Communications"
"281471424072240","281471424072263","US","United States of America","Amateur Radio Digital Communications"
"281471436972544","281471436972551","US","United States of America","Zellwood United Methodist Church"
"281471437228101","281471437228102","BR","Brazil","Fernando Fernandes"
"281471437547520","281471437548543","DE","Germany","Internetmanufaktur Karlsruhe UG (haftungsbeschraenkt)"
"281471439238656","281471439238911","CA","Canada","Subnet Digital LLC"
"281471439597908","281471439597911","US","United States of America","WVTF"
"281471440591200","281471440591215","US","United States of America","Jaffar Mohammed"
"281471440647520","281471440647527","US","United States of America","Teamsters Local 986"
"281471441008128","281471441008383","AT","Austria","D Stream Group FZ LLC"
"281471441392264","281471441392383","BR","Brazil","Coelho Tecnologia"
"281471442095104","281471442095359","RU","Russian Federation","JSC Selectel"
"281471442357248","281471442357503","BE","Belgium","RapidSeedbox Ltd"
"281471442739456","281471442740223","HK","Hong Kong","HDTIDC Limited"
"281471444156957","281471444156960","SG","Singapore","Twitch Interactive Inc."
"281471444694016","281471444694271","US","United States of America","Ausomattic Pty Ltd"
"281471445181440","281471445182463","IR","Iran (Islamic Republic of)","Dade Pardazi Mobinhost Co Ltd"
"281471445606524","281471445606526","NL","Netherlands (Kingdom of the)","IPXO LLC"
"281471445975040","281471445976063","ES","Spain","Avatel Telecom SA"
"281471446420175","281471446420176","AD","Andorra","Techoff SRV Limited"
"281471446784000","281471446785023","BE","Belgium","Lemon Companies Bvba"
"281471447044096","281471447045119","DE","Germany","Landkreis Kassel"
"281471447519136","281471447519143","SV","El Salvador","Super Marino S.A. de C.V."
"281471447860224","281471447861247","BR","Brazil","Interplus Tecnlogia"
"281471448309840","281471448309840","BR","Brazil","Redomus Inteligencia em Seguranca Ltda"
"281471448707240","281471448707247","BR","Brazil","Mello E Silva Ltda - EPP"
"281471449125888","281471449126911","BR","Brazil","Giga Net Informatica Ltda"
"281471449593856","281471449594111","HK","Hong Kong","Tiger Roar Technology Pte Ltd"
"281471450219520","281471450219775","GB","United Kingdom of Great Britain and Northern Ireland","Cloud Innovation Ltd"
"281471451655168","281471451656191","BR","Brazil","Henet Telecomunicacoes Ltda"
"281471452102832","281471452102835","BR","Brazil","Facil Acesso Telecom"
"281471452419328","281471452420095","BR","Brazil","Netzon Conexoes Inteligentes"
"281471453797822","281471453797822","DE","Germany","KovoKs B.V."
"281471454670621","281471454670621","ZW","Zimbabwe","Liquid Telecommunications Ltd"
"281471454867216","281471454867231","GB","United Kingdom of Great Britain and Northern Ireland","FF Colo Aj5 2"
"281471455504976","281471455504983","IT","Italy","Contrada da Castagneto snc - Montegiorgio"
"281471455678729","281471455678729","SE","Sweden","Tinet International Network"
"281471455681678","281471455681680","PL","Poland","Tinet International Network"
"281471456892101","281471456892103","GB","United Kingdom of Great Britain and Northern Ireland","Amazon Data Services Ireland Ltd"
"281471459854636","281471459854639","RO","Romania","Tip Top - Pitesti"
"281471460413568","281471460413575","FR","France","OVH SAS"
"281471462935432","281471462935439","NL","Netherlands (Kingdom of the)","Bonafide binky"
"281471462943808","281471462943811","NL","Netherlands (Kingdom of the)","KPN B.V."
"281471462952488","281471462952495","NL","Netherlands (Kingdom of the)","Restaurant Zon en Zeebad"
"281471462961208","281471462961215","NL","Netherlands (Kingdom of the)","Groepspraktijk Ed Wender B.V."
"281471462969640","281471462969643","NL","Netherlands (Kingdom of the)","KPN Event"
"281471462978024","281471462978039","NL","Netherlands (Kingdom of the)","KPN B.V."
"281471462986560","281471462986563","NL","Netherlands (Kingdom of the)","Vastgoed 4you bv"
"281471462994728","281471462994735","NL","Netherlands (Kingdom of the)","Vanco Euronet BV"
"281471463003128","281471463003135","NL","Netherlands (Kingdom of the)","Rotterdams Steigerbouw Bedrijf BV"
"281471463011504","281471463011507","NL","Netherlands (Kingdom of the)","A. Pehlivan"
"281471463019456","281471463019459","NL","Netherlands (Kingdom of the)","KPN B.V."
"281471463027488","281471463027495","NL","Netherlands (Kingdom of the)","KPN B.V."
"281471463035760","281471463035775","NL","Netherlands (Kingdom of the)","KPN B.V."
"281471463044140","281471463044143","NL","Netherlands (Kingdom of the)","KPN B.V."
"281471463052124","281471463052127","NL","Netherlands (Kingdom of the)","Cewe Nederland BV"
"281471463060208","281471463060215","NL","Netherlands (Kingdom of the)","Hans van Maris"
"281471464279592","281471464279599","UA","Ukraine","PJSC Datagroup"
"281471465529344","281471465529599","RU","Russian Federation","Domain Names Registrar Reg.ru Ltd"
"281471468438072","281471468438079","RU","Russian Federation","LLC Vodokomfort"
"281471469027328","281471469037567","RU","Russian Federation","OJSC Rostelecom"
"281471470010368","281471470010879","SE","Sweden","Transtema Network Services AB"
"281471471529856","281471471529859","US","United States of America","CableVision Systems Corp."
"281471471541864","281471471541871","US","United States of America","Alba Wine and Spirits"
"281471471566464","281471471566571","US","United States of America","CableVision Systems Corp."
"281471471653120","281471471653135","US","United States of America","Donaldso N Acoustics"
"281471471664328","281471471664335","US","United States of America","Optimum Online"
"281471471681776","281471471681783","US","United States of America","Mavis Tire"
"281471471698200","281471471698207","US","United States of America","Optimum Online"
"281471471707112","281471471707119","US","United States of America","Stratfor D Fire Compan"
"281471471722640","281471471722655","US","United States of America","Optimum Online"
"281471471734696","281471471734699","US","United States of America","Noches Noches"
"281471471757440","281471471757471","US","United States of America","WHT PLNS Ipnt - 851"
"281471471783624","281471471783631","US","United States of America","Kosher Bagel Hole"
"281471471792032","281471471792039","US","United States of America","Allen Seymour MD"
"281471471800360","281471471800367","US","United States of America","Ida Off Nynj"
"281471471808664","281471471808671","US","United States of America","Source 4"
"281471471817144","281471471817151","US","United States of America","Winn Bronx Pro"
"281471471825592","281471471825599","US","United States of America","Melrose Publc Library"
"281471473162472","281471473162479","US","United States of America","Northridge Christian Church"
"281471473176560","281471473176575","US","United States of America","Charter Communications LLC"
"281471473190080","281471473190095","US","United States of America","The Orthopedic & Sports"
"281471473203704","281471473203711","US","United States of America","Asic Host"
"281471473213600","281471473213607","US","United States of America","Metropolitan Sewer Sub-District - 120 Au"
"281471473324296","281471473324383","US","United States of America","Charter Communications LLC"
"281471473388880","281471473388895","US","United States of America","BZN Hotel 2 LLC"
"281471473511040","281471473511047","US","United States of America","Saelens Corporation"
"281471473590592","281471473590711","US","United States of America","Charter Communications LLC"
"281471473642128","281471473642159","US","United States of America","Charter Communications LLC"
"281471485073808","281471485073815","US","United States of America","Birch Haven N"
"281471485083528","281471485083535","US","United States of America","Your Home Improvement Company"
"281471504654112","281471504654271","DE","Germany","Hetzner Online GmbH"
"281471519009920","281471519009935","TH","Thailand","Nawanakorn by Awn"
"281471519703040","281471519719423","JP","Japan","Bekkoame Internet Inc."
"281471522580320","281471522580414","US","United States of America","Velia.net"
"281471525395128","281471525395143","US","United States of America","Comcast Cable Communications LLC"
"281471525406688","281471525406695","US","United States of America","Life Care Family Practice"
"281471525419096","281471525419103","US","United States of America","Lake County Press"
"281471525429104","281471525429111","US","United States of America","Champion Electric Inc"
"281471525440736","281471525440743","US","United States of America","Insaco Incorporated"
"281471525452328","281471525452343","US","United States of America","Comcast Cable Communications LLC"
"281471525466784","281471525466791","US","United States of America","Farley Capital II L.P."
"281471525479944","281471525479951","US","United States of America","The Jerusalem Foundation Inc."
"281471525493880","281471525493887","US","United States of America","Common Ground PG-Masscomm"
"281471525507688","281471525507695","US","United States of America","Mac Shipping"
"281471525521064","281471525521071","US","United States of America","Good Neighbor Redemption Center"
"281471525535672","281471525535679","US","United States of America","Charter Communications Inc"
"281471525553728","281471525553735","US","United States of America","Hearth Properties LLC"
"281471525568280","281471525568311","US","United States of America","Charter Communications Inc"
"281471525580832","281471525580839","US","United States of America","NIKE"
"281471525592104","281471525592111","US","United States of America","March Westin"
"281471525602896","281471525602903","US","United States of America","Active Bio Materials"
"281471525614080","281471525614095","US","United States of America","Merchant Express Mo"
"281471525629456","281471525629487","US","United States of America","Comcast Cable Communications LLC"
"281471525643784","281471525643791","US","United States of America","YMCA"
"281471525657072","281471525657079","US","United States of America","FH Cann and Associates"
"281471525668776","281471525668783","US","United States of America","Atlantic Cardiology"
"281471525680712","281471525680719","US","United States of America","3 G's Hobbies"
"281471525693160","281471525693167","US","United States of America","Glenstar Assest Management"
"281471525706024","281471525706031","US","United States of America","Bretlin Home Manageme"
"281471525718504","281471525718527","US","United States of America","Comcast Cable Communications LLC"
"281471525729112","281471525729119","US","United States of America","Bizarro and Brindisi"
"281471525739832","281471525739839","US","United States of America","Albright Care Services"
"281471525751400","281471525751415","US","United States of America","Comcast Cable Communications LLC"
"281471525763232","281471525763239","US","United States of America","Comcast Cable Communications LLC"
"281471525774552","281471525774559","US","United States of America","Sensory Enviorment Design"
"281471525785328","281471525785335","US","United States of America","Issacson Miller"
"281471525797272","281471525797279","US","United States of America","Lagrange Oncology Assoc"
"281471525809424","281471525809439","US","United States of America","Latham Hotel"
"281471525820856","281471525820863","US","United States of America","Twin Termite"
"281471525831048","281471525831055","US","United States of America","Comet Tool Inc"
"281471525843552","281471525843559","US","United States of America","Houston Hwy Credit Union"
"281471526120960","281471526120991","US","United States of America","First Equipment Company"
"281471526137240","281471526137247","US","United States of America","KDS Architecture"
"281471526153352","281471526153367","US","United States of America","Charter Communications Inc"
"281471526171000","281471526171007","US","United States of America","IHOP"
"281471526749313","281471526749313","US","United States of America","Xiaopeng Mu"
"281471528159136","281471528159151","US","United States of America","TPx Communications"
"281471530571008","281471530583959","US","United States of America","Comcast Cable Communications LLC"
"281471533198248","281471533198255","US","United States of America","Pepp Inc"
"281471533210080","281471533210087","US","United States of America","Comcast Cable Communications LLC"
"281471533224896","281471533225007","US","United States of America","Comcast Cable Communications LLC"
"281471533240320","281471533240335","US","United States of America","Write Score LLC"
"281471533260928","281471533260943","US","United States of America","WHK Walker Hamilton"
"281471533282096","281471533282103","US","United States of America","Greenwoo Care Center"
"281471533296288","281471533296295","US","United States of America","Darifair Foods"
"281471533313400","281471533313407","US","United States of America","2nd Modem Presbyt Med SVCS"
"281471533331048","281471533331055","US","United States of America","Comcast Cable Communications LLC"
"281471533343792","281471533343807","US","United States of America","Demotte Police Dept"
"281471533356016","281471533356023","US","United States of America","Designer Master"
"281471533367176","281471533367183","US","United States of America","Cipem - USA"
"281471533381072","281471533381079","US","United States of America","Insituform Technologies"
"281471533391752","281471533391759","US","United States of America","Donuts Ntic"
"281471533402680","281471533402719","US","United States of America","Comcast Cable Communications LLC"
"281471533414032","281471533414039","US","United States of America","Sethness Products Co"
"281471533452304","281471533452311","US","United States of America","Crunch Fitness Se PTLD"
"281471533468992","281471533468999","US","United States of America","YSP Security"
"281471533485608","281471533485615","US","United States of America","Infinitel Communications"
"281471533497656","281471533497663","US","United States of America","Comcast Cable Communications LLC"
"281471533509584","281471533509591","US","United States of America","Edward Tiesenga"
"281471533532208","281471533532215","US","United States of America","Lanna Thai Restaurant"
"281471533547792","281471533547807","US","United States of America","Maple Tree Inn Hotel"
"281471533559304","281471533559311","US","United States of America","Synergy School"
"281471533569512","281471533569519","US","United States of America","INC Co Ventures"
"281471533741856","281471533742335","US","United States of America","Comcast Cable Communications LLC"
"281471534158120","281471534158143","US","United States of America","Comcast Cable Communications LLC"
"281471535120400","281471535126787","US","United States of America","Comcast Cable Communications LLC"
"281471535916064","281471535917823","US","United States of America","Comcast Cable Communications LLC"
"281471536399392","281471536399399","US","United States of America","Once Upon A Child"
"281471536544656","281471536544663","US","United States of America","Kinsman Group"
"281471538037058","281471538037059","BE","Belgium","Microsoft Limited"
"281471538040782","281471538040782","BE","Belgium","Microsoft Limited"
"281471538045232","281471538045233","DK","Denmark","Microsoft Limited"
"281471538049278","281471538049278","DE","Germany","Microsoft Limited"
"281471541885216","281471541885231","LT","Lithuania","OVH SAS"
"281471542469096","281471542469103","NL","Netherlands (Kingdom of the)","OVH SAS"
"281471542695300","281471542695303","BR","Brazil","OVH US LLC"
"281471542865656","281471542865727","FR","France","OVH SAS"
"281471543235888","281471543235891","PL","Poland","OVH SAS"
"281471543277360","281471543277375","GB","United Kingdom of Great Britain and Northern Ireland","OVH SAS"
"281471547096944","281471547096951","GB","United Kingdom of Great Britain and Northern Ireland","Nautic Steels"
"281471547549216","281471547549223","GB","United Kingdom of Great Britain and Northern Ireland","Accelerator Limited"
"281471547563232","281471547563239","GB","United Kingdom of Great Britain and Northern Ireland","Mysonpages - Telecoms"
"281471547982608","281471547982623","KH","Cambodia","OVH Australia Pty Ltd"
"281471549049392","281471549049407","IT","Italy","OVH SAS"
"281471550174048","281471550174079","FR","France","OVH SAS"
"281471550215504","281471550215519","FR","France","OVH SAS"
"281471551971904","281471551971919","CA","Canada","OVH Hosting Inc."
"281471554069660","281471554069663","FR","France","OVH SAS"
"281471554146872","281471554146927","FR","France","OVH SAS"
"281471560370176","281471560370431","JP","Japan","Amazon Technologies Inc."
"281471560621120","281471560621151","NO","Norway","Microsoft Corporation"
"281471561095680","281471561096191","JP","Japan","Microsoft Corporation"
"281471562282112","281471562282271","BR","Brazil","Microsoft Corporation"
"281471568823087","281471568823087","DE","Germany","Twitch Interactive Inc."
"281471568828632","281471568828633","US","United States of America","Twitch Interactive Inc."
"281471590112832","281471590112843","FR","France","OVH SAS"
"281471590189968","281471590189983","DE","Germany","OVH SAS"
"281471590277664","281471590277699","CA","Canada","OVH Hosting Inc."
"281471601016648","281471601079103","US","United States of America","Amazon.com Inc."
"281471639482112","281471639482367","BE","Belgium","Orange Business Communications Technology Limited"
"281471646469632","281471646469663","FR","France","OVH SAS"
"281471646782512","281471646782527","DE","Germany","The Korea Development Bank Frankfurt Reprasentanz"
"281471646815846","281471646815999","GB","United Kingdom of Great Britain and Northern Ireland","Colt Technology Services Group Limited"
"281471650886656","281471650886911","BE","Belgium","Orange Business Communications Technology Limited"
"281471651625216","281471651625471","US","United States of America","Orange Business Communications Technology Limited"
"281471651993088","281471651993599","US","United States of America","Orange Business Communications Technology Limited"
"281471652404736","281471652404991","BE","Belgium","Orange Business Communications Technology Limited"
"281471652692992","281471652693759","US","United States of America","Orange Business Communications Technology Limited"
"281471655120192","281471655120207","JP","Japan","Broadgate"
"281471655160656","281471655160671","JP","Japan","Arteria Networks Corporation"
"281471655213840","281471655213855","JP","Japan","Arteria Networks Corporation"
"281471655648808","281471655648823","JP","Japan","Broadgate"
"281471655680008","281471655680015","JP","Japan","U Pohs.co.ltd."
"281471655727504","281471655727511","JP","Japan","Arteria Networks Corporation"
"281471656312370","281471656312373","CN","China","Nanping City Fujian Provincial Network of CNCGroup"
"281471656533584","281471656533599","MY","Malaysia","Abacus Distribution Systems"
"281471656978972","281471656978975","CN","China","Media (Shanghai) Consulting Co. Ltd"
"281471659018032","281471659018047","TH","Thailand","IT Manager-By-Awn"
"281471659291728","281471659291735","IN","India","DWL VWR Mum"
"281471659346968","281471659346975","PH","Philippines","Atkin Import and Export Resources"
"281471659376851","281471659376851","PH","Philippines","67942760 Enterprise Client"
"281471659383571","281471659383576","PH","Philippines","Philippine Long Distance Telephone Company"
"281471659408296","281471659408296","PH","Philippines","Create Bundle Enterprise Client"
"281471660077176","281471660077183","JP","Japan","NEC Nexsolutions Ltd"
"281471660124696","281471660124703","JP","Japan","UCOM Corporation"
"281471660153152","281471660153159","JP","Japan","Arteria Networks Corporation"
"281471660177824","281471660177855","JP","Japan","UCOM Corporation"
"281471660718448","281471660718455","JP","Japan","Diesel Japan Co. Ltd."
"281471663826944","281471663827199","TH","Thailand","Grande Asset Development Public Co. Ltd"
"281471663886397","281471663886397","US","United States of America","IIJ Internet"
"281471665058272","281471665058303","JP","Japan","Arteria Networks Corporation"
"281471665096560","281471665096575","JP","Japan","UCOM Corporation"
"281471665132720","281471665132727","JP","Japan","UCOM Corporation"
"281471665174120","281471665174127","JP","Japan","Broadgate"
"281471665199152","281471665199167","JP","Japan","UCOM Corporation"
"281471665228624","281471665228631","JP","Japan","UCOM Corporation"
"281471665274928","281471665274935","JP","Japan","Broadgate"
"281471666458592","281471666458595","HK","Hong Kong","Shing Nam Wu Co - Kai Wong Commercial Building"
"281471666477624","281471666477627","HK","Hong Kong","Hong Kong Broadband Network Ltd"
"281471666483088","281471666483091","HK","Hong Kong","Hong Kong Broadband Network Ltd"
"281471668585948","281471668585951","CN","China","Suzhou Xiaoxu Copper Co. Ltd"
"281471668601160","281471668601167","CN","China","Jingludianzico. Ltd"
"281471668616480","281471668616495","CN","China","Tongyiqiyeshipinco. Ltd"
"281471668632572","281471668632575","CN","China","Suzhou Chengde Fuwu Co. Ltd"
"281471668640544","281471668640547","CN","China","Fanrishichangguanlico. Ltd"
"281471668659976","281471668659983","CN","China","Changshu Shanghu Real Estate Development Co. Ltd."
"281471668668176","281471668668183","CN","China","Jiangsu Shenghong Huaqian Co. Ltd"
"281471668682160","281471668682167","CN","China","Suzhou Kangxin Wuliu Co. Ltd"
"281471668692040","281471668692047","CN","China","Kunshan Kesen Precision Engine Co. Ltd"
"281471668701392","281471668701399","CN","China","Suzhou.Huatong.Carcommerceministry.co. Ltd"
"281471668711632","281471668711639","CN","China","Suntech Electronics Co. Ltd"
"281471668846788","281471668846791","CN","China","Wuxi Jiangyin East Woman Hospital"
"281471668853920","281471668853927","CN","China","ChinaNet Jiangsu Province Network"
"281471668908808","281471668908811","CN","China","Wuxi-Yixingxinjian Middle School"
"281471669013016","281471669013023","CN","China","ChangZhou Workers Cultural Palace"
"281471669019680","281471669019683","CN","China","Changzhou Wangyongshun corp"
"281471669028048","281471669028055","CN","China","Ten Thousand of Jiangsu and International Trade and Business Co. Ltd."
"281471669033872","281471669033879","CN","China","ChinaNet Jiangsu Province Network"
"281471669041408","281471669041415","CN","China","Refined sauna clubhouse of frangrant plant dyke"
"281471669153616","281471669153619","CN","China","ChinaNet Jiangsu Province Network"
"281471669301320","281471669301323","CN","China","Yangzhou Siji Netbar"
"281471669360940","281471669360943","CN","China","Nantong Daily Nwspaper Office"
"281471669370056","281471669370059","CN","China","Nantong Masada Marine Corp"
"281471669426360","281471669426367","CN","China","Taizhou City Housing Information Consulting Co. Ltd. Cheng"
"281471670671905","281471670671911","CN","China","Chengxiaokai-Com Yancheng Jiangsu Province"
"281471673703996","281471673703999","CN","China","LC Caizhengju"
"281471674025764","281471674025775","CN","China","ChinaNet Guangdong Province Network"
"281471674415100","281471674415102","CN","China","Guangzhoujiaochangxi21Hao"
"281471677328632","281471677328639","JP","Japan","Arteria Networks Corporation"
"281471677357152","281471677357183","JP","Japan","Arteria Networks Corporation"
"281471678175872","281471678175935","AU","Australia","Edmund Rice Education Australia"
"281471678191408","281471678191423","AU","Australia","Voiteck"
"281471678200744","281471678200747","AU","Australia","Wesley Mission Brisbane"
"281471678210808","281471678210811","AU","Australia","AAPT Limited"
"281471678611456","281471678676991","CN","China","World Crossing Telecom (Guangzhou) Ltd."
"281471679500352","281471679500354","TW","Taiwan (Province of China)","Shang Jie Co. Ltd."
"281471679741840","281471679741855","TW","Taiwan (Province of China)","Juridical Taipei City Private Kai Ping Culinary School"
"281471679789504","281471679789535","TW","Taiwan (Province of China)","Chunghwa Telecom Co. Ltd."
"281471679842624","281471679842639","TW","Taiwan (Province of China)","Chunghwa Telecom Co. Ltd."
"281471681126264","281471681126271","IN","India","Amazon Transportation Services Private Limited"
"281471681348926","281471681348926","HK","Hong Kong","Widely Property Holdings Ltd - Hopefull Factory Centre"
"281471681355352","281471681355352","HK","Hong Kong","New Leader Battery Industry Ltd - Block 1 BLK 1 Camelpaint Building"
"281471681360127","281471681360127","HK","Hong Kong","Hong Kong Broadband Network Ltd"
"281471681362376","281471681362379","HK","Hong Kong","Perfect Point Creative Communication - Wah Hing Commercial Building"
"281471681717740","281471681717751","AU","Australia","SingTel Optus Pty Ltd"
"281471681934672","281471681934679","JP","Japan","Freebit Co. Ltd."
"281471681984640","281471681984671","JP","Japan","UcomCorporation"
"281471682020776","281471682020783","JP","Japan","Broadgate"
"281471682073080","281471682073087","JP","Japan","Arteria Networks Corporation"
"281471683946208","281471683946223","HK","Hong Kong","Geologistics"
"281471690502560","281471690502631","JP","Japan","NTT Docomo Business Inc."
"281471690535048","281471690537607","JP","Japan","NTT Docomo Business Inc."
"281471700833676","281471700833679","CN","China","Zhejiang Tiande Network & Communication Co. Ltd"
"281471700889568","281471700889571","CN","China","Hangzhou Huawu Internet Bar Co. Ltd"
"281471700898816","281471700898847","CN","China","HangZhou City Economic Information Centre"
"281471700907872","281471700907875","CN","China","Zhejiang Power High Technology Development Co.Ltd"
"281471700919364","281471700919367","CN","China","Zhejiang Bohai Information services center"
"281471700944556","281471700944559","CN","China","Jinhua Huacheng Medical Instrument Co. Ltd."
"281471700949672","281471700949675","CN","China","Anweimin"
"281471700956496","281471700956499","CN","China","Jin Junxin"
"281471702037696","281471702037727","CN","China","Jinan Youyuan Net Bar"
"281471702165692","281471702165695","CN","China","Zibo Tanyanjie"
"281471702267936","281471702267939","CN","China","Jining Shijichelunyouxiangongshi"
"281471702370352","281471702370367","CN","China","Xintai Dongdu Ganchang"
"281471702533696","281471702533711","CN","China","Jinan Provident Fund Management Center"
"281471704115680","281471704115683","AU","Australia","AAPT Limited"
"281471704162908","281471704162915","AU","Australia","AAPT Limited"
"281471704215236","281471704215243","AU","Australia","AAPT Limited"
"281471704242660","281471704242671","AU","Australia","TPG Internet Pty Ltd."
"281471704279396","281471704279399","AU","Australia","Expereo International BV"
"281471704636896","281471704636911","TW","Taiwan (Province of China)","Chunghwa Telecom Co. Ltd."
"281471704707232","281471704707247","TW","Taiwan (Province of China)","Kon Yi Industry Co. Ltd."
"281471704771440","281471704771455","TW","Taiwan (Province of China)","Car Quality Automotive Co. Ltd."
"281471704850272","281471704850287","TW","Taiwan (Province of China)","Peters Ark Co. Ltd."
"281471706079816","281471706079823","SG","Singapore","Markel"
"281471707071632","281471707071679","AU","Australia","Vocus AAPT"
"281471707329152","281471707329215","KR","Korea (the Republic of)","Mynet Pc Club"
"281471707552256","281471707552383","KR","Korea (the Republic of)","LG Dacom Corporation"
"281471707790784","281471707790847","KR","Korea (the Republic of)","Pay 4 You"
"281471709129984","281471709130239","TW","Taiwan (Province of China)","Oraanget Network Cafe"
"281471709459200","281471709459263","TW","Taiwan (Province of China)","Li Mao Jen"
"281471709588480","281471709588543","TW","Taiwan (Province of China)","Chang Wen Xing"
"281471709687468","281471709687471","AU","Australia","AAPT Limited"
"281471709699536","281471709699551","AU","Australia","Vocus AAPT"
"281471710852608","281471710852719","JP","Japan","Internet Service Provider"
"281471711197380","281471711197383","HK","Hong Kong","Junkofash"
"281471711224357","281471711224357","HK","Hong Kong","Fittec Electronics Co Ltd - Phase I Hung Cheung"
"281471711244908","281471711244911","HK","Hong Kong","Barllyindltd"
"281471711297540","281471711297543","HK","Hong Kong","HKBN - Corporate User"
"281471711304888","281471711304895","HK","Hong Kong","Byworld Culture Ltd"
"281471711311252","281471711311255","HK","Hong Kong","HK Tax Accountancy Consultant Ltd - Aitken Vanson Centre"
"281471711397824","281471711397855","AU","Australia","Virtec Enterprises Pty Ltd"
"281471712741384","281471712741391","JP","Japan","All Nippon Airways Co. Ltd."
"281471713279176","281471713279183","JP","Japan","F Bit Networks Corp."
"281471713675392","281471713675487","CN","China","Hangzhou Telecom"
"281471713711028","281471713711031","CN","China","Zhejiang Delaizun Furnishings Co. Ltd."
"281471713820480","281471713820483","CN","China","NanJing Local Tax Affair Bureau"
"281471713898400","281471713898415","CN","China","Shandong Linyi lvnan telecom bureau information company"
"281471714348640","281471714348671","CN","China","Guangzhoushiconghuashiliangkouzhenyinghaoxuexiaonei"
"281471714522896","281471714522911","CN","China","ChinaNet Guangdong Province Network"
"281471714577032","281471714577035","CN","China","E"
"281471714647456","281471714647459","CN","China","Shenzhen Shenda Telephone Co.ltd."
"281471714685161","281471714685161","CN","China","GuangzhouJiaochangxilu21Hao"
"281471714757512","281471714757515","CN","China","Qingyuan Leihu Communication Netbar"
"281471715163868","281471715163871","CN","China","Nashifu Guanlizixun (Shanghai) Youxiangongsi"
"281471715218848","281471715218851","CN","China","Ningbo Xiangshan Port Jiance Zhan"
"281471715316288","281471715316303","CN","China","Sinotrans Jiangsu Zhangjiagang Company"
"281471715551499","281471715551499","CN","China","Henan Shangqiu Yingtu Internet Access"
"281471715659856","281471715659859","CN","China","Wuxi Jinghai School"
"281471715668360","281471715668363","CN","China","Wuxi Shunda Triaffic Co .ltd"
"281471715837236","281471715837236","CN","China","Yshbjlh Corp"
"281471715863320","281471715863327","CN","China","Lif Corp"
"281471715915056","281471715915059","CN","China","ChinaNet Zhejiang Province Network"
"281471715922008","281471715922011","CN","China","Ningbo Shengao Plastic Co. Ltd."
"281471715943288","281471715943291","CN","China","Zhejiang Dachang Investment Group Co. Ltd"
"281471715948524","281471715948527","CN","China","Meyers Andrew Keith"
"281471716561012","281471716561015","CN","China","Yuyao Yadong Plastic Co. Ltd"
"281471716656240","281471716656247","CN","China","SPD Int'l Group Co. Ltd"
"281471716683272","281471716683275","CN","China","Jinhua Huanweichu"
"281471716762584","281471716762591","CN","China","Weimengdianzico. Ltd"
"281471716769424","281471716769431","CN","China","Kunshan lucky-tooss co.ltd"
"281471716792616","281471716792619","CN","China","Wuxi Yixing Chennaian Person"
"281471716814816","281471716814819","CN","China","Jingjiang Mutual Inductor Maufactoring Co. Ltd."
"281471717281884","281471717281891","CN","China","Data Communication Division"
"281471717849432","281471717849439","JP","Japan","Panasonic System Solutions Japan Co. Ltd"
"281471717977472","281471717977503","JP","Japan","Link Inc."
"281471718122320","281471718122367","JP","Japan","NTT PC Communications Inc."
"281471718451616","281471718451647","JP","Japan","Aiphone Co. Ltd"
"281471718799188","281471718799191","JP","Japan","Nippon Telecommunication Network Co. Ltd."
"281471719148856","281471719148863","JP","Japan","City-Connection Co. Ltd."
"281471719455776","281471719455791","TW","Taiwan (Province of China)","Chunghwa Telecom Co. Ltd."
"281471719477056","281471719477087","TW","Taiwan (Province of China)","Hsin Hua Culture Co. Ltd."
"281471719496112","281471719496143","TW","Taiwan (Province of China)","Chunghwa Telecom Co. Ltd."
"281471719546408","281471719546411","TW","Taiwan (Province of China)","Chunghwa Telecom Co. Ltd."
"281471719597016","281471719597127","TW","Taiwan (Province of China)","Chunghwa Telecom Co. Ltd."
"281471719637664","281471719637671","TW","Taiwan (Province of China)","Mai Ke Li Food Ltd."
"281471719671136","281471719671183","TW","Taiwan (Province of China)","Chunghwa Telecom Co. Ltd."
"281471719705632","281471719705639","TW","Taiwan (Province of China)","Taipei Private Kai Sz Nursery"
"281471719742424","281471719742431","TW","Taiwan (Province of China)","Wu de Lang"
"281471720788992","281471720789055","HK","Hong Kong","Dream Fly Co Ltd"
"281471720880239","281471720880241","HK","Hong Kong","Hong Kong Broadband Network Ltd"
"281471721157011","281471721157012","HK","Hong Kong","HKBN - Corporate User"
"281471721206008","281471721206011","HK","Hong Kong","Gleesworth Ltd - Treasure Centre"
"281471722137856","281471722138111","IR","Iran (Islamic Republic of)","Atrin Information & Communications Technology Company PJS"
"281471722300648","281471722300655","RU","Russian Federation","OOO Gortelekom"
"281471722316612","281471722316615","RU","Russian Federation","ZAO Gruppa MFC"
"281471722484952","281471722484959","GB","United Kingdom of Great Britain and Northern Ireland","Chambers of Michael Driscoll QC"
"281471723243088","281471723243095","SE","Sweden","Securitas Technology Sverige AB"
"281471723256236","281471723256239","SE","Sweden","Balans familjehemsvard"
"281471723269032","281471723269039","SE","Sweden","Modern Elteknik AB"
"281471723349192","281471723349207","NL","Netherlands (Kingdom of the)","KPN B.V."
"281471723362432","281471723362439","NL","Netherlands (Kingdom of the)","Van den Heuvel Aannemingsbedrijf BV"
"281471723444140","281471723444155","FR","France","COLT Telecom Reserved for TATA IZO"
"281471723456208","281471723456215","FR","France","COLT Telecom Reserved for TATA IZO"
"281471723468568","281471723468575","FR","France","Ensup CGS at"
"281471723482528","281471723482591","FR","France","Colt Technology Services Group Limited"
"281471723495816","281471723495823","AT","Austria","DIEHL Informatik GmbH"
"281471723571968","281471723571983","NL","Netherlands (Kingdom of the)","KPN B.V."
"281471723584584","281471723584591","NL","Netherlands (Kingdom of the)","Stg. Meerkanten"
"281471723674692","281471723674695","DE","Germany","Ecotel Communication AG"
"281471723692309","281471723692309","DE","Germany","Yusen Logistics GmbH"
"281471723693443","281471723693443","DE","Germany","Auto-Scholz AVS GmbH + Co. KG"
"281471723694500","281471723694500","DE","Germany","OMNILAB-LABORZENTRUM GmbH + Co. KG"
"281471723697472","281471723697483","DE","Germany","ISM International School of Management"
"281471723728848","281471723728851","DE","Germany","Jaeger & Kurz Holz & Hochbau GmbH"
"281471723806352","281471723806359","PT","Portugal","Euroatlantic Airways"
"281471724577361","281471724577361","BE","Belgium","GEANT Vereniging"
"281471724631096","281471724631103","NL","Netherlands (Kingdom of the)","Profile Tyrecenter"
"281471724653968","281471724653975","NL","Netherlands (Kingdom of the)","KPN B.V."
"281471724669816","281471724669863","NL","Netherlands (Kingdom of the)","KPN B.V."
"281471724682304","281471724682311","NL","Netherlands (Kingdom of the)","B. Zahweh"
"281471725125688","281471725125695","PT","Portugal","Merkletech Unipessoal Lda"
"281471725241056","281471725241059","FR","France","GTT Communications Inc."
"281471725519192","281471725519207","DE","Germany","Prosegur Cash Services Germany GmbH"
"281471725529696","281471725529703","DE","Germany","Telefonica Germany GmbH & Co. OHG"
"281471725588648","281471725588655","DE","Germany","Arold Service & Vertrieb GmbH"
"281471725600520","281471725600527","DE","Germany","HiFi EXTRA GmbH"
"281471726090496","281471726090511","RU","Russian Federation","ZAO Estek"
"281471726170544","281471726170545","GB","United Kingdom of Great Britain and Northern Ireland","MSXTR Southampton"
"281471726176736","281471726176739","GB","United Kingdom of Great Britain and Northern Ireland","Enerveo Dorchester"
"281471726182018","281471726182019","GB","United Kingdom of Great Britain and Northern Ireland","Camper Shields"
"281471726188400","281471726188401","GB","United Kingdom of Great Britain and Northern Ireland","Nfam London"
"281471726340393","281471726340393","SE","Sweden","Lumen Technologies UK Limited"
"281471726677068","281471726677071","BE","Belgium","GL Trade"
"281471726985872","281471726985879","IT","Italy","Server Farm - Telecom Italia Cliente 32"
"281471727022984","281471727023007","IE","Ireland","eircom Limited"
"281471727473664","281471727473671","CZ","Czechia","AZ Profil SRS A.S."
"281471727592048","281471727592055","IT","Italy","Rodacciai S.p.A."
"281471727681828","281471727681831","PL","Poland","ALU REHAB Polska"
"281471727806208","281471727806463","DE","Germany","Ewe So WIDSL NET"
"281471728234032","281471728234039","DE","Germany","Berlitz Deutschland GmbH"
"281471728246544","281471728246551","DE","Germany","Colt Telecom"
"281471728262016","281471728262023","DE","Germany","DC Datacenter Group GmbH"
"281471728285064","281471728285071","DE","Germany","Fresenius Medical Care Deutschland GmbH"
"281471728319256","281471728319263","ES","Spain","TREND MICRO EMEA Ltd."
"281471728537600","281471728537855","FR","France","Bouygues Telecom SA"
"281471728675584","281471728675647","FR","France","Interconnexion clients Nancy SDWAN"
"281471728855584","281471728855615","GB","United Kingdom of Great Britain and Northern Ireland","Ramada Hotel"
"281471729144016","281471729144019","IT","Italy","Grissinificio Zingonia - S.r.l."
"281471729157856","281471729157863","IT","Italy","Infrastrutture E Telecomunicazioni Per l'Italia S.p.A."
"281471729167880","281471729167887","IT","Italy","Telecom Italia S.p.A."
"281471729193800","281471729193807","IT","Italy","Autoricambi Guastalla SRL"
"281471729258560","281471729258623","PL","Poland","Netia SA"
"281471729469225","281471729469225","DE","Germany","Arelion Sweden AB"
"281471729471777","281471729471777","SE","Sweden","Arelion Sweden AB"
"281471729473929","281471729473929","SE","Sweden","Arelion Sweden AB"
"281471729477003","281471729477003","BE","Belgium","Arelion Sweden AB"
"281471729478791","281471729478791","BE","Belgium","Arelion Sweden AB"
"281471729480841","281471729480841","CA","Canada","Arelion Sweden AB"
"281471729484595","281471729484595","BE","Belgium","Arelion Sweden AB"
"281471729494248","281471729494248","CH","Switzerland","Arelion Sweden AB"
"281471729499650","281471729499655","BE","Belgium","Arelion Sweden AB"
"281471729502612","281471729502613","US","United States of America","Arelion Sweden AB"
"281471729504554","281471729504554","GB","United Kingdom of Great Britain and Northern Ireland","Arelion Sweden AB"
"281471729505841","281471729505841","BE","Belgium","Arelion Sweden AB"
"281471729507312","281471729507312","SG","Singapore","Arelion Sweden AB"
"281471729509678","281471729509678","US","United States of America","Arelion Sweden AB"
"281471729511250","281471729511250","PL","Poland","Arelion Sweden AB"
"281471729512700","281471729512700","US","United States of America","Arelion Sweden AB"
"281471729514154","281471729514154","DE","Germany","Arelion Sweden AB"
"281471729515516","281471729515516","US","United States of America","Arelion Sweden AB"
"281471729517009","281471729517009","FR","France","Arelion Sweden AB"
"281471729518642","281471729518642","US","United States of America","Arelion Sweden AB"
"281471729520004","281471729520004","CH","Switzerland","Arelion Sweden AB"
"281471729521291","281471729521291","SE","Sweden","Arelion Sweden AB"
"281471729522628","281471729522628","US","United States of America","Arelion Sweden AB"
"281471729578560","281471729578591","DE","Germany","Mirapi Tools GmbH"
"281471729681728","281471729681735","RU","Russian Federation","OOO Kompjuter I Shkola"
"281471729716472","281471729716475","RU","Russian Federation","OOO Rimens Stroj"
"281471729870223","281471729870223","FI","Finland","Lounea Palvelut Oy"
"281471730589000","281471730589031","NL","Netherlands (Kingdom of the)","KPN B.V."
"281471730604872","281471730604879","NL","Netherlands (Kingdom of the)","Express Car Repair"
"281471730621752","281471730621759","NL","Netherlands (Kingdom of the)","Green Classic"
"281471730638024","281471730638047","NL","Netherlands (Kingdom of the)","KPN B.V."
"281471730650640","281471730650647","GB","United Kingdom of Great Britain and Northern Ireland","Cube Real Estate"
"281471731175168","281471731175423","CZ","Czechia","T-Mobile Czech Business Solutions"
"281471731421400","281471731421407","DE","Germany","Intos Electronic AG"
"281471731680576","281471731680583","FI","Finland","OyEscarmatLtd"
"281471731938736","281471731938743","DE","Germany","Netcom BW Schmitt Logistik"
"281471731981744","281471731981751","DE","Germany","Wilhelm Ewe GmbH & Co. KG"
"281471731997984","281471731997991","DE","Germany","SUMIDA Components & Modules"
"281471732018400","281471732018415","DE","Germany","Opta Data Abrechnungs GmbH"
"281471732072872","281471732072879","DE","Germany","Mitteldeutsche Baustoffe GmbH"
"281471732194120","281471732194127","DE","Germany","Scio Automation GmbH"
"281471732246320","281471732246327","DE","Germany","Walter Schmitt GmbH"
"281471732271680","281471732271711","DE","Germany","Kern und Liebers GmbH & Co. KG"
"281471732361792","281471732361799","DE","Germany","asia-med GmbH"
"281471732384160","281471732384183","DE","Germany","Deutsche Telekom AG"
"281471732410736","281471732410751","DE","Germany","Arbeiterwohlfahrt Bezirksverband Schwaben E.V."
"281471732453461","281471732453461","FR","France","11 R Saint Just"
"281471732540704","281471732541183","FR","France","Orange S.A."
"281471732941524","281471732941527","CZ","Czechia","BS Battery Power s.r.o."
"281471732957184","281471732973567","SK","Slovakia","SWAN a.s."
"281471733740240","281471733740313","DE","Germany","British Telecommunications Limited"
"281471733969904","281471733969911","FI","Finland","Oulun Sydankeskus Oy"
"281471734164224","281471734165503","GB","United Kingdom of Great Britain and Northern Ireland","AT&T Global Network Services Nederland B.V."
"281471734348608","281471734348639","GB","United Kingdom of Great Britain and Northern Ireland","Velos-IT Limited"
"281471734394896","281471734394911","GB","United Kingdom of Great Britain and Northern Ireland","Vantage Capital Markets LLP"
"281471734519552","281471734519559","CH","Switzerland","Banco Santander"
"281471735070464","281471735070719","DK","Denmark","AT&T Global Network Services Nederland B.V."
"281471735500512","281471735500519","NL","Netherlands (Kingdom of the)","Hillebrand Techniek"
"281471735514056","281471735514079","NL","Netherlands (Kingdom of the)","KPN B.V."
"281471735526016","281471735526031","NL","Netherlands (Kingdom of the)","KPN B.V."
"281471735536736","281471735536743","NL","Netherlands (Kingdom of the)","KPN B.V."
"281471735548064","281471735548071","NL","Netherlands (Kingdom of the)","Viddix BV"
"281471735558712","281471735558719","NL","Netherlands (Kingdom of the)","KPN B.V."
"281471735682500","281471735682503","CZ","Czechia","XLCZ Nabytek s.r.o."
"281471736119701","281471736119701","SG","Singapore","Flag Telecom UK Limited"
"281471736691360","281471736691391","DE","Germany","Reichhart Logistik GmbH"
"281471736715688","281471736715695","DE","Germany","KOOS Edelmetalle"
"281471737241060","281471737241063","PL","Poland","Praktyka Lekarza Rodzinnego Marek Orlinski"
"281471737448256","281471737448287","FI","Finland","Turun I Kauppatorin apteekki"
"281471737677068","281471737677071","FI","Finland","CNC Machine"
"281471738024768","281471738024771","DE","Germany","Wind River GmbH"
"281471738050396","281471738050399","DE","Germany","Stadt Fuessen"
"281471738073196","281471738073196","DE","Germany","Migrated from Line Manager by Line Manager NM Migration"
"281471738087317","281471738087318","DE","Germany","ecotel Static NGN Subscriber Pool"
"281471738092886","281471738092896","DE","Germany","ecotel Static NGN Subscriber Pool"
"281471738441936","281471738441939","PT","Portugal","Good Data Factory"
"281471742983616","281471742983679","US","United States of America","Verizon Business"
"281471743093864","281471743093871","US","United States of America","Verizon Business"
"281471743226464","281471743226471","US","United States of America","Market Basket"
"281471743382592","281471743382607","US","United States of America","Verizon Business"
"281471743502848","281471743503399","US","United States of America","Verizon Business"
"281471743652480","281471743652511","US","United States of America","Stormblast"
"281471743738544","281471743738559","US","United States of America","Arrow Electronics Inc."
"281471743851264","281471743851519","US","United States of America","Verizon Business"
"281471743969280","281471743969791","US","United States of America","New Day Broadband"
"281471744055672","281471744055679","US","United States of America","Roof Top Media"
"281471744187136","281471744187903","US","United States of America","Verizon Business"
"281471744287424","281471744287487","US","United States of America","Airespring"
"281471744366592","281471744366847","US","United States of America","Trustmark Insurance Company"
"281471744433264","281471744433279","US","United States of America","Insurance Auto Auctions Inc"
"281471744503840","281471744503855","US","United States of America","Samsung SDS America Inc."
"281471744607208","281471744607215","US","United States of America","Verizon Business"
"281471744774656","281471744774687","US","United States of America","Stranco Products Midwest"
"281471744944152","281471744944159","US","United States of America","Sermatech Klock Inc."
"281471745064384","281471745064391","US","United States of America","Greatame"
"281471745141872","281471745141879","US","United States of America","Hospice of San Angelo"
"281471745198720","281471745198735","US","United States of America","Wyndham Hotel Group LLC"
"281471745274480","281471745274495","US","United States of America","One Point Communicat"
"281471745413760","281471745413791","US","United States of America","Mytradein.com"
"281471745559680","281471745559807","US","United States of America","Verizon Business"
"281471745747072","281471745747207","US","United States of America","Verizon Business"
"281471745876992","281471745877183","US","United States of America","Verizon Business"
"281471745966123","281471745966320","US","United States of America","Verizon Business"
"281471746043136","281471746043167","US","United States of America","Unitedam"
"281471746063888","281471746063895","US","United States of America","Bath and Body Works"
"281471746093728","281471746095111","US","United States of America","Verizon Business"
"281471746240032","281471746240199","US","United States of America","Verizon Business"
"281471746310160","281471746310167","US","United States of America","Verizon Business"
"281471746407040","281471746407071","US","United States of America","City of Jersey City"
"281471746475392","281471746475519","US","United States of America","Cyber Land Inc"
"281471746543472","281471746543479","US","United States of America","Verizon Business"
"281471746670240","281471746670303","US","United States of America","Integrated Silicon Solution Inc."
"281471746771920","281471746771935","US","United States of America","Bernardi Toyota"
"281471746861424","281471746861439","US","United States of America","Verizon Business"
"281471746965400","281471746965407","US","United States of America","Alphapla"
"281471747069696","281471747069823","US","United States of America","Airwaveu"
"281471747457824","281471747457831","US","United States of America","CST Environmental Inc"
"281471748007016","281471748007023","US","United States of America","C"
"281471748153072","281471748153343","US","United States of America","CenturyLink Communications LLC"
"281471748213400","281471748213407","US","United States of America","AireSpring Inc."
"281471748261600","281471748261615","US","United States of America","King County 911 WA"
"281471748322016","281471748322031","US","United States of America","Revenue Management Solutions"
"281471748363376","281471748363391","US","United States of America","CenturyLink Communications LLC"
"281471748440896","281471748440903","US","United States of America","Builders Enterprises LLC"
"281471748496896","281471748497151","US","United States of America","Qwest Communications Company LLC"
"281471748552704","281471748552743","US","United States of America","CenturyLink Communications LLC"
"281471748635264","281471748635271","US","United States of America","Amazon Corporate LLC"
"281471748968400","281471748968407","US","United States of America","Action Welding"
"281471749025688","281471749025719","US","United States of America","CenturyLink Communications LLC"
"281471749058672","281471749058679","US","United States of America","Super 7 Ui LLC"
"281471749091584","281471749091839","US","United States of America","CenturyLink Communications LLC"
"281471749164000","281471749164007","US","United States of America","Calsak Plastics Inc"
"281471749341008","281471749341023","US","United States of America","Cogent Communications LLC"
"281471749938496","281471749938559","US","United States of America","Maine General Health"
"281471752864799","281471752864800","HK","Hong Kong","PCCW Global (HK) Limited"
"281471752999627","281471752999628","HK","Hong Kong","PCCW Global (HK) Limited"
"281471753018311","281471753018312","HK","Hong Kong","PCCW Global (HK) Limited"
"281471753036333","281471753036334","SG","Singapore","PCCW Global (HK) Limited"
"281471753046545","281471753046546","BG","Bulgaria","PCCW Global (HK) Limited"
"281471753058821","281471753058826","JP","Japan","PCCW Global (HK) Limited"
"281471753175918","281471753175919","JP","Japan","PCCWG Internal"
"281471753271575","281471753271576","HK","Hong Kong","PCCW Global (HK) Limited"
"281471753326653","281471753326654","JP","Japan","PCCW Global (HK) Limited"
"281471753331743","281471753331756","HK","Hong Kong","PCCW Global (HK) Limited"
"281471753338454","281471753338454","FR","France","PCCW Global (HK) Limited"
"281471753403216","281471753403223","US","United States of America","CenturyLink Communications LLC"
"281471753437696","281471753437703","US","United States of America","Lifetime Ministries"
"281471753470386","281471753470388","US","United States of America","CenturyLink Communications LLC"
"281471753494808","281471753494815","US","United States of America","CenturyLink Communications LLC"
"281471753524096","281471753524103","US","United States of America","JANA"
"281471753559552","281471753559807","US","United States of America","Unisys"
"281471753592464","281471753592471","US","United States of America","Brian McMann"
"281471753629216","281471753629223","US","United States of America","Kathy Janhunen"
"281471753683272","281471753683279","US","United States of America","The Zahyin Group"
"281471753733456","281471753733463","US","United States of America","CenturyLink Communications LLC"
"281471753787736","281471753787751","US","United States of America","CenturyLink Communications LLC"
"281471753823328","281471753823335","US","United States of America","Davison Van Cleve P.C."
"281471753858520","281471753858527","US","United States of America","ActionSportsMedia"
"281471753942912","281471753942919","US","United States of America","CenturyLink Communications LLC"
"281471754000552","281471754000559","US","United States of America","Standard of Beaverdale"
"281471754048000","281471754048511","US","United States of America","CenturyLink Communications LLC"
"281471754098600","281471754098631","US","United States of America","CenturyLink Communications LLC"
"281471754141760","281471754141775","US","United States of America","CenturyLink Communications LLC"
"281471754225184","281471754225191","US","United States of America","CenturyLink Communications LLC"
"281471754269360","281471754269367","US","United States of America","CenturyLink Communications LLC"
"281471754321944","281471754321951","US","United States of America","Wolverine Worldwide"
"281471754360784","281471754360791","US","United States of America","Mac Arthur Co"
"281471754394936","281471754394943","US","United States of America","Mobility Works"
"281471754667264","281471754668671","US","United States of America","Tata Communications (America) Inc"
"281471754942512","281471754942519","US","United States of America","The Grand Pavilion"
"281471755160064","281471755160095","US","United States of America","Thrift Books"
"281471755889664","281471755890175","US","United States of America","Project Babbage"
"281471756126832","281471756126839","US","United States of America","AM Data Services Incorporated"
"281471756501792","281471756501799","CA","Canada","Daniel Giroux"
"281471756582656","281471756582911","US","United States of America","Fiber Optic Cable Network LLC"
"281471756755144","281471756755151","US","United States of America","Dobson Technologies - Transport and Telecom Solutions LLC"
"281471756845992","281471756845995","US","United States of America","The Computer Shoppe"
"281471756914880","281471756914887","US","United States of America","TPx Communications"
"281471756991144","281471756991151","US","United States of America","Titan Title & Closing of MO LLC"
"281471757279794","281471757279803","US","United States of America","Marc Midkiff"
"281471757541880","281471757541883","US","United States of America","TPx Communications"
"281471757554136","281471757554143","US","United States of America","SeaCoast Utility Authority"
"281471757716102","281471757716104","CA","Canada","Aptum Technologies"
"281471757828360","281471757828363","US","United States of America","Stadiumgraphicsllc"
"281471757857456","281471757857471","US","United States of America","RA Lottera"
"281471757883520","281471757883583","US","United States of America","Flextronics International"
"281471757925427","281471757925461","US","United States of America","HostDime.com Inc."
"281471758230272","281471758230527","US","United States of America","Nextag"
"281471758499136","281471758499159","US","United States of America","CenturyLink Communications LLC"
"281471758573240","281471758573243","US","United States of America","Masergy Communications LLC"
"281471758584032","281471758584033","US","United States of America","Gamma Nextgen Communications Inc."
"281471758593136","281471758593143","US","United States of America","Acosta Inc"
"281471758603326","281471758603327","US","United States of America","Aristotle Capital Management"
"281471758617976","281471758617983","US","United States of America","Masergy Communications LLC"
"281471758713272","281471758713279","US","United States of America","WNET Telecom USA Corp."
"281471758774144","281471758774271","US","United States of America","Corrugated Technologies"
"281471758971352","281471758971359","US","United States of America","Pearlman and Pearlman"
"281471759110544","281471759110559","US","United States of America","Vetcor Group"
"281471759304048","281471759304063","US","United States of America","Synxis Corporation"
"281471759426472","281471759426475","US","United States of America","Mothers Market Kitchen"
"281471759439632","281471759439639","US","United States of America","Culinary Brands"
"281471759453152","281471759453155","US","United States of America","TPx Communications"
"281471759464920","281471759464923","US","United States of America","Parcel Pro"
"281471759475952","281471759475959","US","United States of America","Law Offices of Larry Wayne"
"281471759599596","281471759599597","US","United States of America","Sierra Nevada Communications"
"281471759655560","281471759655583","US","United States of America","Network Innovations LLC"
"281471759680167","281471759680170","US","United States of America","Ravi Iyer"
"281471760029296","281471760029303","CA","Canada","Aptum Technologies"
"281471760180812","281471760180813","US","United States of America","Hurricane Electric LLC"
"281471760330688","281471760330703","US","United States of America","KILROY"
"281471760476852","281471760476855","MX","Mexico","Cirion Technologies Solutions LLC"
"281471760527360","281471760527615","MX","Mexico","Impsat USA-Internet Backbone"
"281471760700352","281471760700415","US","United States of America","Sonic Automotive Inc"
"281471761079272","281471761079279","US","United States of America","GMI"
"281471761320728","281471761320735","PR","Puerto Rico","Sierra Cardona Ferrer"
"281471761469416","281471761469423","US","United States of America","BT Americas"
"281471761698496","281471761698527","US","United States of America","Security Srevices & Technologies"
"281471762483260","281471762483269","US","United States of America","Datapipe Inc."
"281471762973632","281471762973639","CA","Canada","Kintetsu World Express (Canada) Inc."
"281471763128357","281471763128357","PA","Panama","Verizon Business"
"281471763315064","281471763315071","CA","Canada","Dynamic Fixture & Installations Ltd."
"281471763618632","281471763618635","US","United States of America","The New York Times Company"
"281471763640192","281471763640195","JP","Japan","Zayo Bandwidth LLC"
"281471763658832","281471763658839","US","United States of America","Zayo Bandwidth LLC"
"281471763679245","281471763679256","US","United States of America","Zayo Bandwidth LLC"
"281471763689626","281471763689627","US","United States of America","Buckeye Cable System"
"281471763721048","281471763721055","US","United States of America","Skylink Digital"
"281471763750504","281471763750511","US","United States of America","Five Star Travel Inc."
"281471764093120","281471764093127","US","United States of America","High Rankings"
"281471764459216","281471764459223","US","United States of America","Arbor Financial Credit Union"
"281471764531994","281471764531995","US","United States of America","Masergy Communications LLC"
"281471764614336","281471764614343","US","United States of America","Dorado Designs"
"281471764732728","281471764732735","CA","Canada","Shaw Communications Inc."
"281471764767032","281471764767039","US","United States of America","Team One Credit Union"
"281471765385672","281471765385679","US","United States of America","Jewish Family & Children Services"
"281471767354008","281471767354015","US","United States of America","Betty Lucas"
"281471767428561","281471767428569","US","United States of America","Ed Harrison"
"281471767492984","281471767492991","US","United States of America","In House Reps"
"281471767507476","281471767507479","US","United States of America","Ocd Anxiety Centers"
"281471767528352","281471767528359","US","United States of America","Avance de Communications"
"281471767550464","281471767550479","US","United States of America","Zayo Bandwidth LLC"
"281471767764992","281471767765007","US","United States of America","Abtech Technologies Inc."
"281471768023584","281471768023591","US","United States of America","Q Lab Corporation"
"281471768034744","281471768034759","US","United States of America","Network Innovations LLC"
"281471768691528","281471768691535","US","United States of America","Pioneer Wine Co LP"
"281471769109064","281471769109071","US","United States of America","Chinowth & Cohen Realtors"
"281471769116104","281471769116107","US","United States of America","Cox Communications LLC"
"281471769191975","281471769193471","US","United States of America","Level 3 Communications Inc."
"281471769287784","281471769287800","US","United States of America","Reflected Networks Inc."
"281471769367366","281471769367374","US","United States of America","Level 3 Communications Inc."
"281471769486157","281471769486158","MX","Mexico","Level 3 Communications Inc."
"281471769555115","281471769555116","US","United States of America","Level 3 Communications Inc."
"281471769622613","281471769622614","GB","United Kingdom of Great Britain and Northern Ireland","Level 3 Communications Ltd"
"281471770330624","281471770330879","US","United States of America","Check Point SASE - Chicago"
"281471771025928","281471771025935","US","United States of America","The Constant Company LLC"
"281471771099136","281471771107327","US","United States of America","Oracle Corporation"
"281471771187328","281471771187391","US","United States of America","Tier Zero"
"281471771929760","281471771929775","US","United States of America","Kortek Services"
"281471772102104","281471772102111","CA","Canada","Allmar Distributors Ltd."
"281471772253984","281471772254015","US","United States of America","L'Oreal"
"281471772859648","281471772859903","JP","Japan","Amazon.com Inc."
"281471773555200","281471773555455","US","United States of America","Telus International Holding (USA) Corp"
"281471774252080","281471774252167","US","United States of America","Charter Communications Inc"
"281471774643808","281471774643823","US","United States of America","Cantilo and Bennett"
"281471774878992","281471774878999","CA","Canada","iDigital Internet Inc."
"281471775605984","281471775605991","US","United States of America","CableVision Systems Corp."
"281471775639512","281471775639519","US","United States of America","WS BOCES/North Babylon"
"281471775668328","281471775668335","US","United States of America","One Oncology East LLC"
"281471776221144","281471776221151","US","United States of America","Laser Eye Center"
"281471777152536","281471777152543","US","United States of America","Mocana Corporation"
"281471778100160","281471778100191","US","United States of America","SAIC"
"281471778226784","281471778226799","US","United States of America","LodgeNet"
"281471778419648","281471778419679","CA","Canada","Municipalite De Wentworth-Nord"
"281471778733984","281471778733987","US","United States of America","TPx Communications"
"281471778827216","281471778827223","US","United States of America","The Database Marketing Agency"
"281471778860208","281471778860215","US","United States of America","Kevin Scally"
"281471778929040","281471778929055","US","United States of America","CenturyLink Communications LLC"
"281471778953784","281471778953791","US","United States of America","CenturyLink Communications LLC"
"281471778984224","281471778984231","US","United States of America","Martin Wolfe.com"
"281471779004248","281471779004255","US","United States of America","Golden Summit Resources Inc."
"281471779049696","281471779049703","US","United States of America","Persevere"
"281471779345793","281471779345793","FI","Finland","Ifor Williams"
"281471779632936","281471779632943","US","United States of America","FirstService ResidentialInc."
"281471779679552","281471779679583","US","United States of America","CenturyLink Communications LLC"
"281471779734400","281471779734431","US","United States of America","CenturyLink Communications LLC"
"281471779779944","281471779779951","US","United States of America","Comfort Systems USA"
"281471779826688","281471779827199","US","United States of America","CenturyLink Communications LLC"
"281471779875848","281471779875855","US","United States of America","Network Innovations LLC"
"281471779930656","281471779930679","US","United States of America","CenturyLink Communications LLC"
"281471779971856","281471779971863","US","United States of America","EB Ventures"
"281471780022384","281471780022391","US","United States of America","CenturyLink Communications LLC"
"281471780093696","281471780093951","US","United States of America","Qwest Communications Company LLC"
"281471780135648","281471780135655","US","United States of America","CenturyLink Communications LLC"
"281471780186888","281471780186895","US","United States of America","Cherokee Valley"
"281471780220672","281471780220679","US","United States of America","CenturyLink Communications LLC"
"281471780261768","281471780261775","US","United States of America","Statistics & Data Corporation"
"281471780310696","281471780310703","US","United States of America","Bank of the West"
"281471780363032","281471780363135","US","United States of America","CenturyLink Communications LLC"
"281471780410880","281471780410887","US","United States of America","Salad and Go"
"281471780453440","281471780453447","US","United States of America","Industrial Welding Supply Inc"
"281471780507312","281471780507351","US","United States of America","CenturyLink Communications LLC"
"281471780547690","281471780547692","US","United States of America","CenturyLink Communications LLC"
"281471780605104","281471780605111","US","United States of America","Hatfield Family Medicine"
"281471780647872","281471780647903","US","United States of America","Columbia Insurance Group"
"281471780936224","281471780936231","US","United States of America","X1 Labs Inc."
"281471780952464","281471780952471","US","United States of America","Stewart Title Guaranty Company"
"281471780970632","281471780970639","US","United States of America","TPx Communications"
"281471781444056","281471781444063","US","United States of America","CenturyLink Communications LLC"
"281471781459712","281471781459743","US","United States of America","Six Continents Hotels Inc"
"281471781477904","281471781477911","US","United States of America","Fyzical Therapy and Balance"
"281471781703256","281471781703263","US","United States of America","MetTel"
"281471781721080","281471781721087","US","United States of America","Rockingham County"
"281471781739840","281471781739847","US","United States of America","CenturyLink Communications LLC"
"281471781760000","281471781760015","US","United States of America","Touchsource LLC"
"281471782248704","281471782248959","US","United States of America","Qwest Communications Company LLC"
"281471782274517","281471782274517","DE","Germany","Qwest Communications Company LLC"
"281471782308632","281471782308639","US","United States of America","Nyemaster Goode P.C."
"281471782338224","281471782338239","US","United States of America","King County 911 WA"
"281471782374640","281471782374647","US","United States of America","Suez Utility"
"281471782414936","281471782414943","US","United States of America","Cys Naf Financial Service"
"281471782440840","281471782440847","US","United States of America","Muna Busailah Stone Busaiah"
"281471782466200","281471782466207","US","United States of America","Walla Walla Clinic Inc PS"
"281471782496960","281471782496967","US","United States of America","Daystar Inc"
"281471782546384","281471782546399","US","United States of America","CenturyLink Communications LLC"
"281471782632104","281471782632111","US","United States of America","FirstService ResidentialInc."
"281471782679504","281471782679511","US","United States of America","Active Network LLC"
"281471783734664","281471783734671","US","United States of America","Workday Inc."
"281471783746048","281471783746303","US","United States of America","International Derivatives Clearing Group"
"281471784745060","281471784745071","US","United States of America","Charter Communications Inc"
"281471784884368","281471784884383","US","United States of America","Audiolog"
"281471784969344","281471784969407","US","United States of America","Ontimede"
"281471785044824","281471785044831","US","United States of America","Target Corporation"
"281471785125488","281471785125631","US","United States of America","Verizon Business"
"281471785190416","281471785190423","US","United States of America","ADP Dealer"
"281471785261056","281471785262079","US","United States of America","Verizon Business"
"281471785331704","281471785331711","US","United States of America","Charming Shoppes"
"281471785386048","281471785386055","US","United States of America","Verizon Business"
"281471785458832","281471785458839","US","United States of America","OfficemaxCorporation"
"281471785500352","281471785500375","US","United States of America","Verizon Business"
"281471785545408","281471785545439","US","United States of America","Verizon Business"
"281471785590968","281471785590975","US","United States of America","Whitehall SNF LLC"
"281471785646224","281471785646239","US","United States of America","Hydra Biosciences"
"281471785699736","281471785699743","US","United States of America","Brault Graham Scott & Brault"
"281471785744048","281471785744055","US","United States of America","Verizon Business"
"281471785791440","281471785791455","US","United States of America","Verizon Business"
"281471785846272","281471785846527","US","United States of America","International Mission Board"
"281471785884160","281471785884167","US","United States of America","Macmunnis Inc."
"281471785937760","281471785937767","US","United States of America","Verizon Business"
"281471785986808","281471785986815","US","United States of America","Bath and Body Works"
"281471786036672","281471786036679","US","United States of America","Gallagher Evelius and Jones LLP"
"281471786072488","281471786072495","US","United States of America","ABC Imaging"
"281471786124200","281471786124223","US","United States of America","Verizon Business"
"281471786193392","281471786193399","US","United States of America","First Tech Credit Union Eugene or"
"281471786257768","281471786257775","US","United States of America","West Marine Products Inc. Store"
"281471786317192","281471786317199","US","United States of America","Lightyear Network Solutions LLC."
"281471786367504","281471786367551","US","United States of America","Verizon Business"
"281471786457344","281471786457471","US","United States of America","National Electronics War Service Bench"
"281471786515776","281471786515791","US","United States of America","Verizon Business"
"281471786588680","281471786588687","US","United States of America","Verizon Business"
"281471786659896","281471786659903","US","United States of America","015 Napa Seattle WA"
"281471786703632","281471786703639","US","United States of America","Verizon Business"
"281471786846592","281471786846599","US","United States of America","Verizon Business"
"281471786881200","281471786881207","US","United States of America","Workcare Inc."
"281471786931960","281471786931967","US","United States of America","Beekman Tower Hotel Associates GP LLC"
"281471788059992","281471788059999","US","United States of America","Auto Insurance Plus"
"281471788132512","281471788132519","US","United States of America","Range Resources Corporation"
"281471788158784","281471788158815","US","United States of America","Affordable Interior Systems"
"281471788214784","281471788214911","US","United States of America","AT Massey Coal"
"281471788287712","281471788287727","US","United States of America","Heartland Express"
"281471788386776","281471788386783","US","United States of America","CTMD LLC"
"281471788471584","281471788471871","US","United States of America","Verizon Business"
"281471788911672","281471788911679","US","United States of America","Crown Castle Internal IT"
"281471789027072","281471789027139","US","United States of America","Wesco Communications"
"281471789534224","281471789534231","US","United States of America","Rockwool A/S"
"281471789557024","281471789557039","US","United States of America","TPx Communications"
"281471789781200","281471789781215","CA","Canada","Arbor Memorial Services"
"281471790230136","281471790230143","US","United States of America","Volkswagen Group of America"
"281471790514880","281471790514895","US","United States of America","Network Access Solutions - St Pius V High School"
"281471790823584","281471790823599","US","United States of America","Charter Communications Inc"
"281471791342856","281471791342863","US","United States of America","Ralph Lauren Corp."
"281471791568128","281471791568647","CA","Canada","Bell Canada"
"281471791877696","281471791877727","US","United States of America","Patient Response Network"
"281471792031136","281471792031167","US","United States of America","Command Center"
"281471792190789","281471792190789","CA","Canada","UUNET Canada Inc."
"281471792619424","281471792619431","US","United States of America","Hertz"
"281471792636016","281471792636023","CA","Canada","Evan DeMarteleire"
"281471792658752","281471792658815","US","United States of America","International Data LLC"
"281471792783208","281471792783215","US","United States of America","Bent Tree Homeowners Association"
"281471792796832","281471792796879","US","United States of America","Charter Communications Inc"
"281471792814184","281471792814191","US","United States of America","City of Wilmington"
"281471792829824","281471792829831","US","United States of America","The McClatchy Company LLC"
"281471792852488","281471792852495","US","United States of America","Cyberonic Internet"
"281471793001048","281471793001055","US","United States of America","Firstdigital Communications LLC"
"281471793122095","281471793122095","US","United States of America","Douglas Broacasting"
"281471793238672","281471793238687","US","United States of America","Complex Property Advisors Corp."
"281471793249328","281471793249343","US","United States of America","Golf Cars of Houston Superstore"
"281471793638610","281471793638619","US","United States of America","Jason Deleon"
"281471793671496","281471793671519","CA","Canada","OVH Hosting Inc."
"281471794113984","281471794114015","US","United States of America","Tigrent"
"281471794382816","281471794382823","US","United States of America","Standard Utility Construction"
"281471794638264","281471794638271","US","United States of America","Nichols Pistachio"
"281471795001856","281471795002111","US","United States of America","Grande Communications Frisco"
"281471795222208","281471795222223","US","United States of America","Legend Micro Inc"
"281471795481968","281471795481975","DO","Dominican Republic","Dekolor"
"281471796195424","281471796195431","US","United States of America","Bet Shraga Hebrew Academy"
"281471796395400","281471796395431","US","United States of America","CenturyLink Communications LLC"
"281471796564128","281471796564143","US","United States of America","Funimation Productions Ltd"
"281471796828764","281471796828807","US","United States of America","Vero Broadband"
"281471796890936","281471796890943","US","United States of America","Telco Wiring & Repair Inc."
"281471797522680","281471797522687","US","United States of America","Flexential Corp."
"281471798648793","281471798648815","CA","Canada","Rogers Communications Canada Inc."
"281471799029384","281471799029391","US","United States of America","Shelter Enterprises Inc"
"281471799431272","281471799431279","CA","Canada","Gurit (Canada) Inc."
"281471799556608","281471799556615","US","United States of America","Amazon.com Inc."
"281471799738693","281471799738694","US","United States of America","Shaw Communications Inc."
"281471800058496","281471800058527","US","United States of America","Comfort Inn - Red Bluff"
"281471800373152","281471800373183","US","United States of America","Laurens Municipal Communications and Utility"
"281471800730624","281471800731647","US","United States of America","New Skies Satellites Inc."
"281471800901052","281471800901067","US","United States of America","TPx Communications"
"281471801129248","281471801129271","US","United States of America","Amazon.com Inc."
"281471801389832","281471801389855","US","United States of America","Charter Communications LLC"
"281471801595080","281471801595087","US","United States of America","Birchwood LLC"
"281471801934928","281471801934935","US","United States of America","Eloom Design"
"281471801947808","281471801947823","US","United States of America","Fitzpatrick & Hagood PC"
"281471802120160","281471802120175","CA","Canada","Peer1 Internet Bnadwidth"
"281471802478876","281471802479103","US","United States of America","Intelsat Globalconnex Solutions"
"281471802655328","281471802655335","CA","Canada","Stage2Data"
"281471802714272","281471802714279","US","United States of America","Kevin L. Erwin Consulting"
"281471802735392","281471802735431","US","United States of America","Comcast Cable Communications LLC"
"281471802977228","281471802977231","CA","Canada","nicos AG"
"281471803131768","281471803131775","US","United States of America","MEDG Design Services"
"281471803441856","281471803442175","US","United States of America","Firstdigital Communications LLC"
"281471803610492","281471803610495","US","United States of America","Metalliod Corporation"
"281471803820128","281471803820135","CA","Canada","United Way"
"281471803913680","281471803913687","US","United States of America","First Object"
"281471804434432","281471804435455","US","United States of America","GTT Americas LLC"
"281471805076224","281471805076479","US","United States of America","Globalcom Router/30 Serial Interface Assignments"
"281471805338504","281471805338511","VI","Virgin Islands (U.S.)","Superior Court Of The Virgin Islands"
"281471805427223","281471805427224","US","United States of America","Cogent Communications LLC"
"281471806431656","281471806431711","US","United States of America","Charter Communications Inc"
"281471806767172","281471806767172","IN","India","CenturyLink Communications LLC"
"281471806902769","281471806902770","GB","United Kingdom of Great Britain and Northern Ireland","Level 3 Communications Ltd"
"281471806910543","281471806910544","US","United States of America","Level 3 Communications Inc."
"281471806951590","281471806951591","GB","United Kingdom of Great Britain and Northern Ireland","Level 3 Communications Ltd"
"281471806959395","281471806959425","US","United States of America","Level 3 Communications Inc."
"281471807172370","281471807172371","US","United States of America","Virtela Communications"
"281471807339296","281471807339327","US","United States of America","PCUSA"
"281471808574800","281471808574807","US","United States of America","Network Engineer"
"281471808971400","281471808971407","US","United States of America","Nouveau Elevator"
"281471809225440","281471809225447","US","United States of America","J and B CUSTOME DRYWALL"
"281471809245568","281471809245591","US","United States of America","Charter Communications Inc"
"281471809264256","281471809264287","US","United States of America","Charter Communications Inc"
"281471809280416","281471809280423","US","United States of America","AFS"
"281471809297208","281471809297231","US","United States of America","Charter Communications Inc"
"281471809318992","281471809318999","US","United States of America","Carl Doss"
"281471809333520","281471809333543","US","United States of America","Charter Communications Inc"
"281471809351840","281471809351871","US","United States of America","Charter Communications Inc"
"281471809723584","281471809723631","US","United States of America","Eflow Inc."
"281471810339424","281471810339431","CA","Canada","Bell Distribution Inc"
"281471810366056","281471810366063","CA","Canada","Bank of Nova Scotia"
"281471810452768","281471810452775","CA","Canada","Landmark Cinemas of Canada Inc"
"281471810521144","281471810521151","CA","Canada","CenturyLink Communications LLC"
"281471810535280","281471810535295","CA","Canada","Bank of Nova Scotia"
"281471810946376","281471810946383","US","United States of America","Flatiron Dragados LLC"
"281471810964544","281471810964559","US","United States of America","Charter Communications Inc"
"281471811004800","281471811004807","US","United States of America","El Paso Housing Authority"
"281471811024848","281471811024855","US","United States of America","Charter Communications Inc"
"281471811050352","281471811050359","US","United States of America","Southmills Distribution"
"281471812140128","281471812140135","US","United States of America","Excellence Operator"
"281471812235808","281471812235839","US","United States of America","Cambridge College"
"281471812920576","281471812921343","US","United States of America","Weidenhammer"
"281471814252696","281471814252703","US","United States of America","Ross Dress for Less"
"281471814297712","281471814297719","US","United States of America","CenturyLink Communications LLC"
"281471814343232","281471814343239","US","United States of America","CenturyLink Communications LLC"
"281471814403928","281471814403935","US","United States of America","Daniel S. Frank MD PLLC"
"281471814461248","281471814461255","US","United States of America","Bank of America Corporatin"
"281471814512632","281471814512639","US","United States of America","Spectrum Community Health"
"281471814561952","281471814561967","US","United States of America","Telemanagement SRVCS Inc Tsi"
"281471814617744","281471814617759","US","United States of America","CenturyLink Communications LLC"
"281471814680568","281471814680575","US","United States of America","CenturyLink Communications LLC"
"281471814723352","281471814724167","US","United States of America","CenturyLink Communications LLC"
"281471815568080","281471815568087","US","United States of America","Wind River Casino"
"281471818798592","281471818798847","US","United States of America","Grande Communications Frisco"
"281471818894709","281471818894709","AU","Australia","GTT"
"281471818963360","281471818963367","US","United States of America","Waste Corporation of TX LP"
"281471818972784","281471818972799","US","United States of America","Buffalo Specialties"
"281471818983072","281471818983075","US","United States of America","Stampede Pest Control"
"281471819116696","281471819116703","US","United States of America","BioClinica Inc."
"281471819155824","281471819155827","US","United States of America","Micronix USA"
"281471819169644","281471819169647","US","United States of America","Sullivan Motor Cars"
"281471819276072","281471819276079","CA","Canada","Oleksii Lykholob"
"281471819448728","281471819448735","CA","Canada","ADT Security Services Canada Inc"
"281471819493504","281471819493511","US","United States of America","Walker Consultants"
"281471819546217","281471819546279","US","United States of America","A2 Hosting Inc."
"281471819797248","281471819797503","CA","Canada","VPN Visa Inc."
"281471819865220","281471819865283","US","United States of America","TPx Communications"
"281471820014528","281471820014543","US","United States of America","Express Courier"
"281471820219864","281471820219871","US","United States of America","Dan Wood Co"
"281471820271216","281471820271223","SG","Singapore","Global Pay"
"281471820396480","281471820396511","US","United States of America","Transwave Communications Systems Inc."
"281471820520656","281471820520659","CA","Canada","Tim French"
"281471820671184","281471820671207","CA","Canada","Terago Networks Inc."
"281471821436120","281471821436127","US","United States of America","Embarq DNS"
"281471826840096","281471826840127","US","United States of America","St. Augustine College"
"281471826886952","281471826886959","US","United States of America","The Rehabilitation and Wellness Centre of Dallas"
"281471827039440","281471827039447","US","United States of America","Wexford Miami LLC - Nanophthalmos"
"281471827223904","281471827223935","US","United States of America","Rovner Telecommunications"
"281471829945040","281471829945047","US","United States of America","Carrollton Bank"
"281471830183144","281471830183151","US","United States of America","Charter Communications LLC"
"281471830286728","281471830286735","US","United States of America","Vyron Corporation"
"281471831775104","281471831775119","US","United States of America","Verizon Business"
"281471833269096","281471833269103","US","United States of America","Emseal Joint Systems Ltd"
"281471833834000","281471833834023","US","United States of America","Pioneer Valley Urology"
"281471834212688","281471834212695","US","United States of America","Las Cruces Bulletin"
"281471834319919","281471834319919","SG","Singapore","GoDaddy.com LLC"
"281471834342632","281471834342655","CA","Canada","Terago Networks Inc."
"281471834681216","281471834681343","US","United States of America","Charter Business Customer"
"281471834938488","281471834938495","US","United States of America","1st Bankers Trust Co"
"281471835176200","281471835176207","US","United States of America","Convenientmd Urgent Care"
"281471835431056","281471835431063","US","United States of America","Gina'Sen Chanted for"
"281471836749824","281471836815359","US","United States of America","AT&T Enterprises LLC"
"281471837919508","281471837919511","US","United States of America","US Irrigation"
"281471839465536","281471839465543","US","United States of America","Cardinal Ig"
"281471839681576","281471839681583","US","United States of America","Startup Capital Ventures"
"281471839948544","281471839948799","US","United States of America","Marshall & Swift"
"281471840134836","281471840134843","US","United States of America","Sunbay Marketing"
"281471840146764","281471840146767","US","United States of America","TDS Telecom"
"281471840518936","281471840518943","CA","Canada","Harsco Corporation"
"281471840742088","281471840742095","US","United States of America","PartnershipSolutionsInternationalInc."
"281471840774652","281471840774655","US","United States of America","Jwwesthomes"
"281471840808204","281471840808207","US","United States of America","TDS Telecom"
"281471841099776","281471841099807","US","United States of America","AXS Core SW2"
"281471841198836","281471841198839","US","United States of America","Intelletrace"
"281471841279320","281471841279335","US","United States of America","CenturyLink Communications LLC"
"281471841406536","281471841406543","US","United States of America","Crocs Inc"
"281471841422944","281471841422959","US","United States of America","Markley Network Services"
"281471841438208","281471841438208","US","United States of America","GTT"
"281471841898088","281471841898095","US","United States of America","Cicatelli Associates"
"281471841921960","281471841921967","US","United States of America","New Space 87 E BroadwayNYC"
"281471842230912","281471842230975","US","United States of America","ResortCom International"
"281471842434904","281471842434911","CA","Canada","Cadre Technology"
"281471842923552","281471842923583","US","United States of America","MayFran International"
"281471843056488","281471843056495","BS","Bahamas","Paradise Island Marketing Pros"
"281471843360400","281471843360415","US","United States of America","Vision Bridge Consultants"
"281471843536980","281471843536980","ZA","South Africa","Databank Holdings Ltd"
"281471843615120","281471843615127","US","United States of America","Integrated Holding Group LP"
"281471843770888","281471843770943","ZA","South Africa","CMC Network (Pty) Ltd"
"281471844206503","281471844206503","VC","Saint Vincent and The Grenadines","Ministry of Tourism"
"281471844249272","281471844249279","US","United States of America","Micro Graphic Information Services Inc."
"281471844279936","281471844279951","US","United States of America","International Intimates Inc"
"281471844296616","281471844296623","US","United States of America","American Future Tech Corp"
"281471844311200","281471844311207","US","United States of America","LA Kings Valley Ice Center LLC"
"281471844327248","281471844327255","US","United States of America","City of Malibu"
"281471844341656","281471844341671","US","United States of America","Charter Communications Inc"
"281471844631376","281471844631383","US","United States of America","Highlands Christian Academy"
"281471845229000","281471845229007","US","United States of America","Isuzu Corporation North America"
"281471845305568","281471845305575","CA","Canada","ENgage Learning Systems 2010 Inc"
"281471847772676","281471847772679","US","United States of America","Jefferson Fire & Safety"
"281471847806680","281471847806683","US","United States of America","Airlink"
"281471847861088","281471847861103","US","United States of America","Sauk Prairie Healthcare"
"281471847931992","281471847931999","US","United States of America","Chuysspeedshopkwiklube"
"281471848219040","281471848219047","US","United States of America","Bowman Holdings LLC"
"281471848233328","281471848233367","US","United States of America","Charter Communications Inc"
"281471848812128","281471848812175","US","United States of America","Charter Communications LLC"
"281471849050144","281471849050151","US","United States of America","Unlimited Links Incorporated"
"281471849872676","281471849872708","US","United States of America","Grooveity Hosting"
"281471850157336","281471850157339","US","United States of America","Placeiq"
"281471850312736","281471850312736","SG","Singapore","Treasure Island Colocation LLC"
"281471850338928","281471850338943","US","United States of America","Broadcom Corporation"
"281471850513176","281471850513207","US","United States of America","TPx Communications"
"281471850522304","281471850522311","US","United States of America","Stags Leap Wine"
"281471850656088","281471850656095","US","United States of America","Associate Tax Consultants"
"281471850792528","281471850792543","US","United States of America","Blue Apron"
"281471850971136","281471851036671","US","United States of America","AT&T Enterprises LLC"
"281471851082256","281471851082263","US","United States of America","TPx Communications"
"281471852022760","281471852022767","US","United States of America","Thompson & Johnson Equipment"
"281471852038504","281471852038511","US","United States of America","Vestal Fire District"
"281471852053120","281471852053127","US","United States of America","S9 Architecture"
"281471852065776","281471852065783","US","United States of America","Marco Polo Ristorante"
"281471852162400","281471852162463","US","United States of America","Blueport Wireless Sed Tech Solutions Inc"
"281471857811312","281471857811327","CA","Canada","Canadian Tire Corporation Limited"
"281471858009040","281471858009047","CA","Canada","Brita Canada Corporation"
"281471858413856","281471858413887","US","United States of America","US Signal Company L.L.C."
"281471858641160","281471858641167","CA","Canada","BYG Soluciones"
"281471858652168","281471858652175","CA","Canada","Leaseweb Canada Inc."
"281471858664064","281471858664127","CA","Canada","Office National du Film"
"281471858909472","281471858909503","US","United States of America","American Roll On Roll Off Carrier"
"281471859938664","281471859938671","US","United States of America","Matt Smith"
"281471860094284","281471860094287","US","United States of America","Charter Communications Inc"
"281471860108328","281471860108343","US","United States of America","Charter Communications Inc"
"281471860123872","281471860123895","US","United States of America","Charter Communications Inc"
"281471860143776","281471860143783","US","United States of America","Carquest DBA Southern Auto Parts"
"281471860163028","281471860163031","US","United States of America","Medquest Matthews LP"
"281471860180416","281471860180423","US","United States of America","CREW 2"
"281471860199464","281471860199471","US","United States of America","Zeus Industrial Products Inc."
"281471860216832","281471860216879","US","United States of America","Charter Communications Inc"
"281471860236728","281471860236735","US","United States of America","Entrinsik"
"281471860251612","281471860251623","US","United States of America","Charter Communications Inc"
"281471860268952","281471860268991","US","United States of America","Charter Communications Inc"
"281471860286920","281471860286935","US","United States of America","Charter Communications Inc"
"281471860304808","281471860304863","US","United States of America","Charter Communications Inc"
"281471860321040","281471860321047","US","United States of America","Town of Mint Hill"
"281471860339264","281471860339271","US","United States of America","Sea Crest Accounting"
"281471861929144","281471861929151","US","United States of America","Savannah Day SpA"
"281471861944408","281471861944415","US","United States of America","Richard Corona"
"281471861958224","281471861958231","US","United States of America","Tech Open System"
"281471861971288","281471861971335","US","United States of America","Comcast Cable Communications LLC"
"281471861983640","281471861983655","US","United States of America","Comcast Cable Communications LLC"
"281471861999696","281471861999727","US","United States of America","Comcast Cable Communications LLC"
"281471862013064","281471862013071","US","United States of America","Comcast Cable Communications LLC"
"281471862024856","281471862024863","US","United States of America","Comcast Cable Communications LLC"
"281471862036936","281471862036943","US","United States of America","Clear Lam Packaging Inc."
"281471862051376","281471862051495","US","United States of America","Comcast Cable Communications LLC"
"281471862065240","281471862065247","US","United States of America","Hardware Specialty"
"281471862076864","281471862076871","US","United States of America","Co Bancroft Clover Water"
"281471862090080","281471862090087","US","United States of America","Michael Maher"
"281471862101712","281471862101719","US","United States of America","Intel Corporation"
"281471862115976","281471862115983","US","United States of America","Indian C Foundation"
"281471862130944","281471862130951","US","United States of America","Chain Communitcation LLC"
"281471862142776","281471862142783","US","United States of America","Comcast Cable Communications LLC"
"281471862156464","281471862156471","US","United States of America","Stein- Tech"
"281471862168744","281471862168767","US","United States of America","Comcast Cable Communications LLC"
"281471862192088","281471862192207","US","United States of America","Charter Communications Inc"
"281471863692580","281471863692607","US","United States of America","Charter Communications Inc"
"281471863794048","281471863794055","US","United States of America","Comfort Suites at Mall del Norte"
"281471863808296","281471863808303","US","United States of America","Charter Communications Inc"
"281471863829976","281471863829983","US","United States of America","Ascendant Capital LLC"
"281471863891768","281471863891775","US","United States of America","Charter Communications Inc"
"281471863904184","281471863904191","US","United States of America","McCorvey Sheet Metal"
"281471864368960","281471864368983","US","United States of America","Charter Communications Inc"
"281471866984448","281471866988031","US","United States of America","Cox Communications LLC"
"281471873325816","281471873325823","US","United States of America","Infinity Equity Group Inc"
"281471873339400","281471873339407","US","United States of America","Defender Services Office"
"281471873417216","281471873434623","CA","Canada","EastLink HSI"
"281471873668528","281471873668543","US","United States of America","Bon Secours St. Francis"
"281471873817944","281471873817951","US","United States of America","Opportunities Inc."
"281471873896448","281471873896463","US","United States of America","LS Power Development"
"281471874105820","281471874105820","US","United States of America","ByteDance Inc."
"281471875322720","281471875322751","US","United States of America","CenturyLink Communications LLC"
"281471875527888","281471875527895","US","United States of America","CenturyLink Communications LLC"
"281471875559640","281471875559671","US","United States of America","Charter Communications Inc"
"281471875578000","281471875578007","US","United States of America","Family Sports Inc"
"281471875606408","281471875606415","US","United States of America","San Antonio Hearing Ctr"
"281471875623760","281471875623767","US","United States of America","Monin Inc"
"281471875655784","281471875655791","US","United States of America","Charter Communications Inc"
"281471875674480","281471875674487","US","United States of America","Charter Communications Inc"
"281471875705680","281471875705687","US","United States of America","Alice Lodging"
"281471875729184","281471875729191","US","United States of America","Vantage Data Designs Inc"
"281471875755992","281471875756079","US","United States of America","Charter Communications Inc"
"281471875957792","281471875957959","US","United States of America","Charter Communications Inc"
"281471877269808","281471877269815","US","United States of America","Marriott Tribute Hotel Clifton Heights"
"281471877319264","281471877319283","US","United States of America","Charter Communications Inc"
"281471877817144","281471877817151","US","United States of America","Spectrum Fiber Delivery Enterprise Network Teleco"
"281471878048904","281471878048911","US","United States of America","General Magnaplate"
"281471878060688","281471878060695","US","United States of America","Almeida Chrystal"
"281471878073144","281471878073151","US","United States of America","Quality Inn and Suites DFW Airport S"
"281471878085992","281471878085999","US","United States of America","Dolce Photography"
"281471878177832","281471878177839","US","United States of America","Farragut ENT"
"281471878596768","281471878596783","US","United States of America","American West Office Suites"
"281471878948752","281471878948767","US","United States of America","Charter Communications LLC"
"281471879188344","281471879188351","US","United States of America","Las Tablas Templeton Hospitality LLC"
"281471879738864","281471879738879","US","United States of America","Sharon Sharon Gam"
"281471880714856","281471880714863","US","United States of America","Leilani Forby"
"281471881050392","281471881050399","US","United States of America","James Lenaburg"
"281471883445552","281471883445559","US","United States of America","Salvation Army Inc"
"281471883714640","281471883714655","US","United States of America","DMB Group Inc"
"281471884004424","281471884004431","US","United States of America","Verizon Business"
"281471884345128","281471884345135","US","United States of America","Plastic Card Systems Inc"
"281471884699808","281471884701199","US","United States of America","Verizon Business"
"281471885067608","281471885067615","US","United States of America","Haverstick Borthwick Co"
"281471885413144","281471885413151","US","United States of America","Verizon Business"
"281471888929488","281471888929495","US","United States of America","Prime Lending"
"281471889224896","281471889224927","US","United States of America","Redwood Investments LLC"
"281471889617936","281471889617943","US","United States of America","Sports Legends Inc"
"281471889823232","281471889823487","CA","Canada","St. Lawrence College"
"281471890031240","281471890031247","US","United States of America","Casecentral.com"
"281471890377616","281471890377623","US","United States of America","Stantec Consulting Services Inc."
"281471890485616","281471890485623","US","United States of America","GB Capital Holdings"
"281471890540288","281471890540303","US","United States of America","Stuart And Branigin"
"281471890671880","281471890671887","DE","Germany","Google LLC"
"281471890735296","281471890735359","US","United States of America","Flexential Corp."
"281471890902016","281471890903039","US","United States of America","Mission Cyber LLC"
"281471891050464","281471891050471","US","United States of America","Wulfe Management"
"281471891201768","281471891201775","US","United States of America","Environmetics Inc."
"281471891657749","281471891657749","CA","Canada","GTT"
"281471892210368","281471892210455","CA","Canada","Cogeco Communications Holdings Inc."
"281471892257808","281471892257815","CA","Canada","Apex Composites"
"281471892533368","281471892533375","US","United States of America","Vishay Intertechnology Inc."
"281471892546720","281471892546727","US","United States of America","Access Training Inc."
"281471892563816","281471892563823","US","United States of America","Charter Communications Inc"
"281471892579232","281471892579263","US","United States of America","Charter Communications Inc"
"281471892685880","281471892685887","US","United States of America","Charter Communications Inc"
"281471892697904","281471892697911","US","United States of America","Winthrop Federal Credit Union"
"281471892712512","281471892712543","US","United States of America","Ronco Office"
"281471892879592","281471892879599","US","United States of America","First Texas Honda - Mercedes Benz of Austin"
"281471893116290","281471893116324","US","United States of America","Akamai Technologies Inc."
"281471893345568","281471893345575","CA","Canada","Leaseweb Canada Inc."
"281471893422080","281471893428223","SA","Saudi Arabia","SA CSTMRS"
"281471894123008","281471894123519","US","United States of America","Verizon Business"
"281471894574136","281471894574143","US","United States of America","Cgit Systems"
"281471895140504","281471895140511","US","United States of America","Princeton Advisory Group"
"281471895622832","281471895622839","US","United States of America","POMCO"
"281471898125344","281471898125351","US","United States of America","Charter Communications Inc"
"281471898340632","281471898340639","US","United States of America","Charter Communications Inc"
"281471898720340","281471898720375","CA","Canada","Rogers Communications Canada Inc."
"281471898736280","281471898736283","CA","Canada","Neighbourh AUTO"
"281471898775408","281471898775415","CA","Canada","Royal College of Physicians and Surgeons"
"281471898812856","281471898812859","CA","Canada","Fairmount RAFFLES MONCTON"
"281471898817876","281471898817879","CA","Canada","Rogers Communications Canada Inc."
"281471898828280","281471898828287","CA","Canada","Comp EHI C924 BATHURST"
"281471898838364","281471898838367","CA","Canada","Rogers Communications Canada Inc."
"281471899025904","281471899025911","CA","Canada","DENISON INVESTMENTS Limited"
"281471899076344","281471899076351","CA","Canada","Nichirin Nichirin Harris"
"281471899080440","281471899080443","CA","Canada","Comp the Hanen Centre"
"281471899084564","281471899084567","CA","Canada","Kenny Wan Chartered Acct Newkirk"
"281471899090056","281471899090063","CA","Canada","Riocan YONGE EGLINTON DUPONT"
"281471899094588","281471899094591","CA","Canada","Legal Aid Ontario"
"281471899098804","281471899098807","CA","Canada","Township OF GUELPH ERAMOSA GUELPH PG0"
"281471899104528","281471899104535","CA","Canada","Rogers PLUS STORE 5171 SAINT JOHN"
"281471900489480","281471900489487","US","United States of America","Paccar Inc."
"281471900532144","281471900532151","US","United States of America","Ultimate Rally Dirt Fish Rally"
"281471900592872","281471900592879","US","United States of America","Gtech"
"281471901132792","281471901132799","US","United States of America","Center for Mental Health DBA Many Rivers Whole Hea"
"281471902018592","281471902018599","US","United States of America","Optimum RV Acct"
"281471906052352","281471906052607","US","United States of America","Talk Fusion Inc"
"281471923490096","281471923490103","CA","Canada","Shaw Communications Inc."
"281471924169144","281471924169151","CA","Canada","Ministry of Public and Business Service Delivery"
"281471927322944","281471927322983","US","United States of America","Charter Communications Inc"
"281471927340696","281471927340711","US","United States of America","Charter Communications Inc"
"281471927356968","281471927356975","US","United States of America","Turner Ceramic Tile"
"281471927373496","281471927373503","US","United States of America","Charter Communications Inc"
"281471928576256","281471928576767","JP","Japan","Perfect International Inc"
"281471928854764","281471928854767","US","United States of America","Perfect Vision Manufacturing"
"281471928968352","281471928968367","US","United States of America","San Diego Innovation"
"281471928987344","281471928987367","US","United States of America","Charter Communications Inc"
"281471929006976","281471929007031","US","United States of America","Charter Communications Inc"
"281471929227432","281471929227439","US","United States of America","Cuppy"
"281471929295288","281471929295295","US","United States of America","Foster Insurance"
"281471929308416","281471929308455","US","United States of America","Comcast Cable Communications LLC"
"281471929321664","281471929321671","US","United States of America","Comcast Cable Communications LLC"
"281471929333744","281471929333783","US","United States of America","Comcast Cable Communications LLC"
"281471929345088","281471929345095","US","United States of America","Blake Hutchinson"
"281471929356568","281471929356575","US","United States of America","Comcast Cable Communications LLC"
"281471929370496","281471929370503","US","United States of America","Comcast Cable Communications LLC"
"281471929382056","281471929382175","US","United States of America","Comcast Cable Communications LLC"
"281471929397376","281471929397383","US","United States of America","Sierra Cinemas"
"281471929409360","281471929409375","US","United States of America","Regan and Kerley"
"281471929421648","281471929421655","US","United States of America","S W Delc Municipal"
"281471929435232","281471929435239","US","United States of America","Quick Cash 817"
"281471929447656","281471929447663","US","United States of America","Uptown Animal Clinic"
"281471929459856","281471929459879","US","United States of America","Comcast Cable Communications LLC"
"281471929473144","281471929473151","US","United States of America","MGD Inc"
"281471929485672","281471929485679","US","United States of America","Alchemy Technology Partners"
"281471929498040","281471929498047","US","United States of America","Tropical Shipping USA"
"281471929510480","281471929510503","US","United States of America","Comcast Cable Communications LLC"
"281471929522800","281471929522807","US","United States of America","Mayes Ward Dobbins"
"281471929535880","281471929535887","US","United States of America","Aniqa Shama"
"281471929621584","281471929621599","US","United States of America","Electronic Alarm Systems"
"281471930506784","281471930506791","US","United States of America","East West Partners"
"281471930755824","281471930755831","US","United States of America","Global Data Systems Inc."
"281471930972288","281471930972295","US","United States of America","M-Factor Inc."
"281471931081561","281471931081561","GB","United Kingdom of Great Britain and Northern Ireland","Cars Commerce"
"281471931352064","281471931352319","US","United States of America","LV1 Dr"
"281471931536000","281471931536063","US","United States of America","Dunnhumby"
"281471932578216","281471932578223","US","United States of America","Print Tex USA"
"281471932597376","281471932597383","US","United States of America","Spitzer Chevrolet"
"281471932613072","281471932613079","US","United States of America","Renaissance of Richfield"
"281471932628144","281471932628151","US","United States of America","Foundations Health Solutionsllc"
"281471932645688","281471932645695","US","United States of America","Total Quality Logistics LLC"
"281471932662192","281471932662199","US","United States of America","Turley Martin Tucker Co"
"281471932681584","281471932681591","US","United States of America","Soo Columbus and Franklin County Metro Parks"
"281471936334312","281471936334319","US","United States of America","GTT Americas LLC"
"281471936348952","281471936348959","PR","Puerto Rico","Crocs Inc."
"281471936359976","281471936359991","CA","Canada","Alcon Vision LLC"
"281471936627264","281471936627279","US","United States of America","US Signal"
"281471936726752","281471936726759","US","United States of America","Ken Smith Auto Parts"
"281471936764488","281471936764495","US","United States of America","California Marine Diesel Inc."
"281471937092424","281471937092427","US","United States of America","Holistic Health Care"
"281471937200544","281471937200551","US","United States of America","BarthCalderonLLP"
"281471937213232","281471937213239","US","United States of America","Hands On Bicycles"
"281471937223936","281471937223943","US","United States of America","Tuscany On Walnut Creek Office Park"
"281471937287168","281471937287423","US","United States of America","Datatrak International"
"281471937551648","281471937551663","US","United States of America","Charter Communications Inc"
"281471937571952","281471937571959","US","United States of America","Great Expectations"
"281471937588232","281471937588255","US","United States of America","Charter Communications Inc"
"281471937607656","281471937607663","US","United States of America","Devore Acton & Stafford"
"281471937624072","281471937624079","US","United States of America","Baerlocher USA"
"281471937649448","281471937649455","US","United States of America","Samuel"
"281471937669136","281471937669143","US","United States of America","Mental Health & Recovery of Warren"
"281471937864440","281471937864447","US","United States of America","Mid America Mortgage Services of KC"
"281471945007032","281471945007039","US","United States of America","NUQ Networks LLC"
"281471945743184","281471945743191","US","United States of America","Charter Communications Inc"
"281471946508160","281471946508223","CA","Canada","Breqwatr Inc."
"281471946529376","281471946529383","US","United States of America","Optimum Online"
"281471946537656","281471946537663","US","United States of America","Nu Life"
"281471946545984","281471946545991","US","United States of America","CSC Holdings Inc. - Static IP Services"
"281471946554200","281471946554207","US","United States of America","Transmod Corp"
"281471946562576","281471946562583","US","United States of America","Gulf Tu-Way"
"281471946571080","281471946571087","US","United States of America","Optimum Online"
"281471946579496","281471946579499","US","United States of America","VLG of O Ssining-MIS O"
"281471946587888","281471946587895","US","United States of America","TWN of Westport"
"281471947394336","281471947394343","US","United States of America","Bluelinx Holdings Inc"
"281471947422232","281471947422239","US","United States of America","Spectrum Fiber Delivery Enterprise Network and Tel"
"281471948371148","281471948371151","US","United States of America","Bankinfra Technology"
"281471948396656","281471948396663","US","United States of America","Azzurro HD LLC"
"281471948405136","281471948405143","US","United States of America","MM Motors"
"281471948413568","281471948413575","US","United States of America","Wiley Engineering"
"281471948421928","281471948421935","US","United States of America","Electronix Systems"
"281471948637272","281471948637279","US","United States of America","St Tammany Fire District A"
"281471949277760","281471949277771","US","United States of America","Charter Communications LLC"
"281471949481056","281471949481063","US","United States of America","Arcade Electric"
"281471949497568","281471949497575","US","United States of America","Nationwi Home Med Supp"
"281471949514288","281471949514383","US","United States of America","Comcast Cable Communications LLC"
"281471949528888","281471949528919","US","United States of America","Comcast Cable Communications LLC"
"281471949544360","281471949544367","US","United States of America","Country Insurance - Lake"
"281471949559584","281471949559591","US","United States of America","Urbana Fire C"
"281471949574208","281471949574223","US","United States of America","Comcast Cable Communications LLC"
"281471949594264","281471949594271","US","United States of America","Of the Walk"
"281471949610344","281471949610351","US","United States of America","Icore Champion Titl"
"281471949625536","281471949625543","US","United States of America","Sorenson Communication"
"281471949640088","281471949640103","US","United States of America","Comcast Cable Communications LLC"
"281471949651832","281471949651839","US","United States of America","Levander Gillen & Miller"
"281471949671800","281471949671807","US","United States of America","Hillsboro Cnty Nursing HM"
"281471949686912","281471949686927","US","United States of America","Comcast Cable Communications LLC"
"281471949702584","281471949702591","US","United States of America","Stephen Pilch"
"281471949720368","281471949720399","US","United States of America","Comcast Cable Communications LLC"
"281471949735464","281471949735471","US","United States of America","Butler & Sober"
"281471949749368","281471949749383","US","United States of America","Comcast Cable Communications LLC"
"281471949764816","281471949764823","US","United States of America","US Figure Skating"
"281471949780056","281471949780063","US","United States of America","Panel Tech"
"281471949791752","281471949791759","US","United States of America","Comcast Cable Communications LLC"
"281471949804944","281471949804951","US","United States of America","Papa J's Strip"
"281471949818112","281471949818119","US","United States of America","Chicago Ridge Police Dept"
"281471949835472","281471949835495","US","United States of America","Comcast Cable Communications LLC"
"281471949849608","281471949849623","US","United States of America","Comcast Cable Communications LLC"
"281471949867576","281471949867583","US","United States of America","D Geller and Son"
"281471949883568","281471949883575","US","United States of America","Stark Regional High School"
"281471949898128","281471949898135","US","United States of America","Comcast Cable Communications LLC"
"281471949918048","281471949918055","US","United States of America","Comcast Cable Communications LLC"
"281471949933360","281471949933367","US","United States of America","Comcast Cable Communications LLC"
"281471949951224","281471949951231","US","United States of America","Allstaff Medical Resources"
"281471949965712","281471949965719","US","United States of America","The Zitter Group"
"281471949980896","281471949980903","US","United States of America","GNC"
"281471950337024","281471950364103","CA","Canada","Telus Communications Inc."
"281471957356952","281471957356959","US","United States of America","DSI Management Holdings LLC"
"281471957457360","281471957457363","CA","Canada","Daydream Editorial"
"281471957626232","281471957626239","US","United States of America","Insight Productions"
"281471957651776","281471957651791","US","United States of America","Trxservices LLC"
"281471960295672","281471960295679","US","United States of America","Charter Communications Inc"
"281471960310776","281471960310783","US","United States of America","Calfornia Children's Academy"
"281471960326408","281471960326415","US","United States of America","Charter Communications Inc"
"281471960350704","281471960350711","US","United States of America","Lampost Pizza"
"281471961197888","281471961197919","CA","Canada","Air Canada"
"281471961668152","281471961668159","CA","Canada","Metropolitan Telecommunication"
"281471961683032","281471961683035","MX","Mexico","Switch Communications Group LLC"
"281471961700645","281471961700648","CA","Canada","ServerBeach"
"281471961792432","281471961792455","CA","Canada","Goco Technology Limited Partnership"
"281471961990144","281471961990151","US","United States of America","Neb Pain Consultants PC"
"281471962009176","281471962009183","US","United States of America","Equity Office Management"
"281471962024848","281471962024851","US","United States of America","Commandlink"
"281471962038320","281471962038335","US","United States of America","Walnut Vallet Water District"
"281471962052824","281471962052831","US","United States of America","Henley Pacific"
"281471962067864","281471962067871","US","United States of America","Mig Inc."
"281471962080536","281471962080543","US","United States of America","Aecom"
"281471962093204","281471962093207","US","United States of America","Charter Communications Inc"
"281471962106392","281471962106399","US","United States of America","Phillips Plywood"
"281471962121616","281471962121623","US","United States of America","Max Muscle Inc"
"281471962135368","281471962135375","US","United States of America","Santa Clarita Motel"
"281471962153384","281471962153415","US","United States of America","Charter Communications Inc"
"281471962168704","281471962168711","US","United States of America","Concentra Health Services Inc"
"281471962181024","281471962181031","US","United States of America","Holman Family Counseling Inc"
"281471962265544","281471962265551","US","United States of America","Petra Geosciences Inc."
"281471969272840","281471969272847","US","United States of America","Charter Communications Inc"
"281471969285880","281471969285887","US","United States of America","Nap Gladu"
"281471969338648","281471969338655","US","United States of America","High Liner Foods - Portsmouth HQ Internet - 680"
"281471975903744","281471975903759","RU","Russian Federation","Alexandr Fedorovitch Naumovetz Private Establishment"
"281471976638740","281471976638740","RS","Serbia","Preduzece Za Usluge Spedicije I Trgovinu Milsped Doo Beograd"
"281471976642207","281471976642207","RS","Serbia","Srpska Napredna Stranka"
"281471976743104","281471976743167","CZ","Czechia","Vodafone Czech Republic A.S."
"281471977526384","281471977526391","NL","Netherlands (Kingdom of the)","Cooperatie Doc-Volac Nitrition ua"
"281471977533592","281471977533599","NL","Netherlands (Kingdom of the)","Osteotech Implants BV"
"281471977541272","281471977541279","NL","Netherlands (Kingdom of the)","Jumbo Supermarkten"
"281471977548624","281471977548651","NL","Netherlands (Kingdom of the)","KPN B.V."
"281471977556192","281471977556199","NL","Netherlands (Kingdom of the)","KPN B.V."
"281471977563644","281471977563655","NL","Netherlands (Kingdom of the)","KPN B.V."
"281471977570844","281471977570847","NL","Netherlands (Kingdom of the)","Verenigingsgebouw de Rank"
"281471977578224","281471977578231","NL","Netherlands (Kingdom of the)","Brandmeesters"
"281471977585936","281471977585943","NL","Netherlands (Kingdom of the)","Bistro Sharlot"
"281471977593304","281471977593307","NL","Netherlands (Kingdom of the)","Squash Alkmaar BV"
"281471977600928","281471977600931","NL","Netherlands (Kingdom of the)","KPN B.V."
"281471977608944","281471977608951","NL","Netherlands (Kingdom of the)","HAD Logistics BV"
"281471977616480","281471977616487","NL","Netherlands (Kingdom of the)","Parkeerservice Amersfoort"
"281471977623696","281471977623703","NL","Netherlands (Kingdom of the)","Dorenbos Parket vof"
"281471977631400","281471977631407","NL","Netherlands (Kingdom of the)","Novubouw BV"
"281471977639260","281471977639263","NL","Netherlands (Kingdom of the)","KPN B.V."
"281471977647040","281471977647047","NL","Netherlands (Kingdom of the)","Allevo"
"281471977996609","281471977996609","IE","Ireland","Tiscali International Network B.V."
"281471977999002","281471977999008","BE","Belgium","GTT"
"281471978004165","281471978004165","NL","Netherlands (Kingdom of the)","Tinet International Network"
"281471978221728","281471978221743","PG","Papua New Guinea","Marlink AS"
"281471978675264","281471978675271","FR","France","Skechers France"
"281471978721968","281471978721975","CZ","Czechia","MP Development Akciova Spolecnost"
"281471979500680","281471979500687","DE","Germany","Threatoff"
"281471980422912","281471980424047","IR","Iran (Islamic Republic of)","Respina Networks & Beyond PJSC"
"281471980693408","281471980693415","RU","Russian Federation","OJSC Comcor"
"281471982485992","281471982486071","FR","France","SFR SA"
"281471988215992","281471988215995","FI","Finland","Kalustetapa Oy"
"281471989194240","281471989194751","IT","Italy","WebServers MicrogameSpA"
"281471989496576","281471989496595","IT","Italy","Citta Studi S.p.A."
"281471989644920","281471989644959","AT","Austria","Nessus GmbH"
"281471990112672","281471990112683","PL","Poland","Netia SA"
"281471990143032","281471990143039","PL","Poland","Netia SA"
"281471990955612","281471990955615","PL","Poland","Centrum Informacji i Rozwoju Spolecznego"
"281471991050724","281471991050727","PL","Poland","Netia SA"
"281471991096456","281471991096463","PL","Poland","Intive Spolka Akcyjna"
"281471991108096","281471991108607","PL","Poland","Teleradiomechanika Jerzy Liber"
"281471991118936","281471991118943","PL","Poland","BSH Sprzet Gospodarstwa Domowego Sp. z o.o."
"281471992925076","281471992925095","IR","Iran (Islamic Republic of)","Telecommunication Company of Esfahan"
"281471993476752","281471993476783","DE","Germany","Hetzner Online GmbH"
"281471996771328","281471996772351","RO","Romania","UPC Romania Focsani"
"281471997723648","281471997724671","FR","France","SFR"
"281471999111508","281471999111511","MT","Malta","Barracuda Tests"
"281471999650088","281471999650095","LU","Luxembourg","Kranservice Lux Sarl"
"281472000335982","281472000335987","NL","Netherlands (Kingdom of the)","Assigned to Customer ID"
"281472000343636","281472000343637","NL","Netherlands (Kingdom of the)","GTT Communications Netherlands B.V."
"281472013670916","281472013670916","NL","Netherlands (Kingdom of the)","Equinix (Finland) Oy"
"281472013768585","281472013768591","RS","Serbia","TIS"
"281472013773296","281472013773303","RS","Serbia","Jinfrastruktura Zeleznice Srbije A.D. Bor 1. Maja 17"
"281472013778000","281472013778000","RS","Serbia","Max Win Doo Negotin"
"281472015123456","281472015123519","GB","United Kingdom of Great Britain and Northern Ireland","Ignite Graphic Communications Ltd Managed Broadband ADSL Assignment"
"281472015843072","281472015843327","DE","Germany","UAB Init"
"281472016479760","281472016479967","LT","Lithuania","Baltnetos Komunikacijos Customers"
"281472023185192","281472023185199","DE","Germany","Strabag AG"
"281472024976648","281472024976655","IT","Italy","C.L.B. SRL"
"281472024991688","281472024991695","IT","Italy","Nord Inox S.r.l."
"281472025010672","281472025010687","IT","Italy","Banca Intermobiliare SpA"
"281472025031696","281472025031703","IT","Italy","Maglificio Lorel Miss SpA"
"281472025048016","281472025048031","IT","Italy","Pilkingtonitalias.P.A."
"281472025063096","281472025063103","IT","Italy","Telecom Italia S.p.A."
"281472025081480","281472025081487","IT","Italy","Telecom Italia S.p.A."
"281472025099864","281472025099871","IT","Italy","Federalpol S.r.l."
"281472025113632","281472025113663","IT","Italy","Telecom Italia S.p.A."
"281472025126160","281472025126167","IT","Italy","Telecom Italia S.p.A."
"281472025142232","281472025142239","IT","Italy","Comuneditortona"
"281472025158016","281472025158023","IT","Italy","Litover SRL"
"281472025176964","281472025176967","IT","Italy","Telecom Italia S.p.A."
"281472025190368","281472025190371","IT","Italy","Theorema di Pedroni Giovanna & C. SAS"
"281472025204868","281472025204875","IT","Italy","Reale ITES Gruppo Europeo di Interesse Economico"
"281472025218748","281472025218751","IT","Italy","Telecom Italia S.p.A."
"281472025235200","281472025239551","IT","Italy","Telecom Italia S.p.A."
"281472025253296","281472025253311","IT","Italy","Ecogas 2 S.r.l."
"281472025265592","281472025265595","IT","Italy","Auser Volontariato Ossola Odv Ets"
"281472025280128","281472025280131","IT","Italy","Martelli Comunicazione S.r.l."
"281472025304912","281472025304915","IT","Italy","Consiglio Dell'Ordine Avvocati E Procuratori"
"281472025319560","281472025319567","IT","Italy","Tecnortopediadiobertelliarturo"
"281472025334408","281472025334415","IT","Italy","Palai Bruno"
"281472025344952","281472025344975","IT","Italy","Telecom Italia S.p.A."
"281472025371800","281472025371807","IT","Italy","Telecom Italia S.p.A."
"281472025387432","281472025387435","IT","Italy","Telecom Italia S.p.A."
"281472025402080","281472025402087","IT","Italy","Stabilimindcostruzionemacchina"
"281472025415112","281472025415119","IT","Italy","Novasalussrl"
"281472025439076","281472025439079","IT","Italy","Prof. Michele Tossani S.r.l."
"281472025453768","281472025453771","IT","Italy","Molini Agostini S.r.l."
"281472025467168","281472025467175","IT","Italy","Bellamaxs.R.L."
"281472025484968","281472025484975","IT","Italy","Istituto di Tutela Ed Assistenza Lavoratori"
"281472028162924","281472028162927","DE","Germany","Landratsamt Rastatt Strassenmeisterei"
"281472028468690","281472028468693","DE","Germany","Vodafone West GmbH"
"281472028825148","281472028825151","FI","Finland","Velkuan Kunta"
"281472029167352","281472029167359","DK","Denmark","Adobe"
"281472029385384","281472029385391","DE","Germany","Ecotel Communication AG"
"281472029809152","281472029809407","CH","Switzerland","Nexphone AG"
"281472030097598","281472030097598","US","United States of America","Assigned to Customer ID: 1"
"281472030858508","281472030858519","IT","Italy","Ferrero Spa Dpo"
"281472031792900","281472031792911","AT","Austria","A1 Telekom Austria AG - Business Customer"
"281472031797122","281472031797122","AT","Austria","A1 Telekom Austria AG - Business Customer"
"281472031805020","281472031805023","AT","Austria","Alexandra Ladner"
"281472031809224","281472031809227","AT","Austria","Habel Hellmut GmbH"
"281472031813144","281472031813147","AT","Austria","Bernd Mueller"
"281472031823208","281472031823211","AT","Austria","Elektro Kainz e.U."
"281472031831468","281472031831471","AT","Austria","Gemeindeverband Wasserversorgung"
"281472031839580","281472031839583","AT","Austria","A1 Telekom Austria AG"
"281472031843544","281472031843551","AT","Austria","A1 Telekom Austria AG - Business Customer"
"281472031848446","281472031848446","AT","Austria","A1 Telekom Austria AG - Business Customer"
"281472031897108","281472031897111","AT","Austria","A1 Telekom Austria AG - Business Customer"
"281472031905228","281472031905231","AT","Austria","Konrad Schachinger"
"281472031909464","281472031909467","AT","Austria","Walter Jung"
"281472031913576","281472031913579","AT","Austria","Schmid IT GmbH"
"281472031917616","281472031917616","AT","Austria","A1 Telekom Austria AG - Business Customer"
"281472031921620","281472031921623","AT","Austria","Johannes Pusswald"
"281472031926056","281472031926059","AT","Austria","A1 Telekom Austria AG - Business Customer"
"281472031930500","281472031930503","AT","Austria","MM MUeHRINGER PERSONAL GMBH"
"281472031934776","281472031934779","AT","Austria","Evelyn Haim"
"281472031939360","281472031939363","AT","Austria","A1 Telekom Austria AG - Business Customer"
"281472031943648","281472031943651","AT","Austria","A1 Telekom Austria AG - Business Customer"
"281472031947828","281472031947831","AT","Austria","Stadtgemeinde Baden"
"281472031951932","281472031951935","AT","Austria","Lomex Handels GmbH"
"281472031960096","281472031960099","AT","Austria","Institut fuer Familienfoerderung GmbH"
"281472031966467","281472031966467","AT","Austria","A1 Telekom Austria AG"
"281472031970307","281472031970307","AT","Austria","Sascha Jost"
"281472031973337","281472031973337","AT","Austria","Ferdinand Strutz"
"281472031977628","281472031977628","AT","Austria","A1 Telekom Austria AG - Business Customer"
"281472031980998","281472031980999","AT","Austria","A1 Telekom Austria AG"
"281472032001180","281472032001180","AT","Austria","A1 Telekom Austria AG"
"281472032004912","281472032004915","AT","Austria","Alexandra Zlabinger"
"281472032008564","281472032008569","AT","Austria","A1 Telekom Austria AG - Business Customer"
"281472032012336","281472032012339","AT","Austria","Franz Kern GmbH"
"281472032016828","281472032016828","AT","Austria","A1 Telekom Austria AG"
"281472032027172","281472032027187","AT","Austria","A1 Telekom Austria AG - Business Customer"
"281472032031292","281472032031295","AT","Austria","Theater KOSMOS"
"281472032035351","281472032035351","AT","Austria","A1 Telekom Austria AG"
"281472032043612","281472032043615","AT","Austria","A1 Telekom Austria AG - Business Customer"
"281472033533056","281472033533119","DE","Germany","Ing. Buero Fischer GmbH"
"281472033622936","281472033622991","DE","Germany","Deutsche Telekom AG"
"281472033711632","281472033711663","DE","Germany","Deutsche Telekom AG"
"281472033735424","281472033735439","DE","Germany","Ferronordic GmbH"
"281472033771944","281472033771951","DE","Germany","Angermueller Bau GmbH"
"281472033791000","281472033791007","DE","Germany","ResMed Ltd"
"281472033814288","281472033814295","DE","Germany","Seniorenresidenz Goldener Herbst"
"281472034013208","281472034013215","DE","Germany","JAKA-BKL GmbH"
"281472034045680","281472034045751","DE","Germany","Deutsche Telekom AG"
"281472034081288","281472034081295","DE","Germany","Bechtle AG"
"281472034090808","281472034090815","DE","Germany","ZF Friedrichshafen AG"
"281472034116232","281472034116239","DE","Germany","Beda Bedachungsartikel & Co. KG"
"281472034125424","281472034125439","DE","Germany","Drees und Sommer Se"
"281472034186632","281472034186639","DE","Germany","Airbus Group SAS"
"281472034210216","281472034210319","DE","Germany","Deutsche Telekom AG"
"281472034295106","281472034295106","NL","Netherlands (Kingdom of the)","T-Systems International GmbH"
"281472035007064","281472035007071","GB","United Kingdom of Great Britain and Northern Ireland","SAS Global communications Limited"
"281472035018752","281472035019007","GB","United Kingdom of Great Britain and Northern Ireland","Colt GB LON WAN"
"281472035032408","281472035032415","IE","Ireland","Betdaq"
"281472035045192","281472035045199","GB","United Kingdom of Great Britain and Northern Ireland","Vanquish"
"281472035058848","281472035058855","DE","Germany","Colt Technology Services Group Limited"
"281472035422064","281472035422087","GB","United Kingdom of Great Britain and Northern Ireland","Digital Space Group Limited"
"281472036248136","281472036248143","CZ","Czechia","Jesenik"
"281472036292272","281472036292279","CZ","Czechia","Za Sokolovnou 188"
"281472037549136","281472037549143","IT","Italy","Provincia di Bari"
"281472038878032","281472038878039","DE","Germany","Franzgrimmenet"
"281472038920896","281472038920903","DE","Germany","Beckedorfer Bogen 16 D-21218 Seevetal"
"281472039160304","281472039160319","LV","Latvia","Datorsalons Vesa SIA"
"281472039179440","281472039179455","LV","Latvia","Ikskiles Kulturas B-Ba."
"281472039618553","281472039618554","DE","Germany","Arelion Sweden AB"
"281472039633124","281472039633124","US","United States of America","Arelion Sweden AB"
"281472039643673","281472039643673","NO","Norway","Arelion Sweden AB"
"281472039888904","281472039888911","AT","Austria","eww AG"
"281472040232780","281472040232781","CA","Canada","Internet Vikings International AB"
"281472040311092","281472040311095","CZ","Czechia","WIA spol. s.r.o."
"281472040462752","281472040462783","DE","Germany","Artfiles IP Network"
"281472040607904","281472040607911","CH","Switzerland","Ifta GmbH Niederrohrdorf Switzerland"
"281472040749800","281472040749801","CZ","Czechia","Zoologicka Zahrada HL. Mesta Prahy Prispevkova Organizace"
"281472040920512","281472040920519","GB","United Kingdom of Great Britain and Northern Ireland","Digital Space Group Limited"
"281472041073552","281472041073559","GB","United Kingdom of Great Britain and Northern Ireland","KYZO Ltd"
"281472041542848","281472041542863","RO","Romania","Evoline SRL"
"281472041666776","281472041666783","DE","Germany","HTP"
"281472041743104","281472041743359","PL","Poland","Envelo - Poczta Polska Uslugi Cyfrowe Sp. z o.o."
"281472042083480","281472042083515","CY","Cyprus","Primetel PLC"
"281472042522012","281472042522015","DK","Denmark","Ambu A/S"
"281472044165352","281472044165359","FR","France","Orange S.A."
"281472045461136","281472045461255","IT","Italy","Telecom Italia S.p.A."
"281472045477056","281472045477063","IT","Italy","Sigla S C A R L"
"281472045492488","281472045492527","IT","Italy","Telecom Italia S.p.A."
"281472045517352","281472045517359","IT","Italy","Poli Ricambi S R L"
"281472045595344","281472045595351","IT","Italy","Ballantyne Cashmere"
"281472045622800","281472045622807","IT","Italy","Buggiani Fabrizio"
"281472045947390","281472045947390","FR","France","Idelot Pere et Fils"
"281472045953013","281472045953018","FR","France","Orange S.A."
"281472045959458","281472045959458","FR","France","SCP Boisseau JF Pomez Boisseau PH"
"281472045965100","281472045965100","FR","France","ETAM"
"281472045969406","281472045969406","FR","France","Darty Saint Dizier"
"281472045972832","281472045972834","FR","France","Inst Tech de la Betterave I T B"
"281472045979229","281472045979229","FR","France","Orange S.A."
"281472045987833","281472045987834","FR","France","Orange S.A."
"281472045991680","281472045991687","FR","France","Eolfi"
"281472045997897","281472045997897","FR","France","Transdev Business Information Solution"
"281472046002585","281472046002585","FR","France","Carrefour Systemes D Information"
"281472046006103","281472046006103","FR","France","Orange S.A."
"281472046705267","281472046705267","NL","Netherlands (Kingdom of the)","DENIC eG"
"281472048050536","281472048050543","IT","Italy","FIMOCO"
"281472048069008","281472048069015","IT","Italy","Novacciai S.r.l."
"281472048095760","281472048095767","IT","Italy","U.L.S.S.N. 6 Vicenza"
"281472048127344","281472048127359","IT","Italy","Trade SRL"
"281472048149240","281472048149759","IT","Italy","Telecom Italia S.p.A."
"281472048186712","281472048186719","IT","Italy","Cargoware SRL"
"281472048209400","281472048209407","IT","Italy","Maurimacchine"
"281472048245744","281472048245751","IT","Italy","Cooperativadisolidarieta'Socia"
"281472048276384","281472048276399","IT","Italy","ThyssenKruppacciaispecialitern"
"281472048316952","281472048316959","IT","Italy","Barzaghi SRL"
"281472048329552","281472048329567","IT","Italy","FruitSrl"
"281472048351464","281472048351471","IT","Italy","Fincantieri Cantierinavaliital"
"281472048377760","281472048377767","IT","Italy","Istitutoprofessionaledistatope"
"281472048403744","281472048403759","IT","Italy","Telecom Italia S.p.A."
"281472048420056","281472048420063","IT","Italy","Paradisos.R.L."
"281472048494768","281472048494775","IT","Italy","Hogast Italiengenm.B.H."
"281472048536511","281472048536511","IT","Italy","Telecom Italia S.p.A."
"281472048606448","281472048606451","IT","Italy","Chiusoleautomobilisncdichiusol"
"281472048661992","281472048661999","IT","Italy","Musicae'Artedimannapasquale"
"281472048690532","281472048690535","IT","Italy","Gestcom Gestionicommesses.R.L."
"281472048714760","281472048714763","IT","Italy","Telecom Italia S.p.A."
"281472048722728","281472048722735","IT","Italy","Telecom Italia S.p.A."
"281472048751008","281472048751015","IT","Italy","Societa'Generaleagroindustrial"
"281472048768696","281472048768703","IT","Italy","Displayartsdfdifrisonialessand"
"281472048779576","281472048779583","IT","Italy","Istitutodiistruzionesuperiore"
"281472048800376","281472048800379","IT","Italy","Gruppowebdiferroruscallarobert"
"281472048818720","281472048818727","IT","Italy","Risposrlalimentisurgelati"
"281472051722920","281472051722927","IN","India","CommsPort"
"281472052106272","281472052106279","IT","Italy","Global System"
"281472052214296","281472052214303","FI","Finland","Lapin Kuntoutus Oy"
"281472052398336","281472052398343","GB","United Kingdom of Great Britain and Northern Ireland","Nonacusltd Birmingham"
"281472052403610","281472052403611","GB","United Kingdom of Great Britain and Northern Ireland","Tiscali UK Ltd"
"281472053297164","281472053297167","PT","Portugal","Porelar Sarl"
"281472053340512","281472053340595","MA","Morocco","Maroc Telecom"
"281472053493296","281472053493299","RU","Russian Federation","Gup Ob'Edinennij Centrmoskovskij Dom Knigi"
"281472053504928","281472053504943","RU","Russian Federation","ZAO Lokal'Nye Integrirovannye Sistemy"
"281472053515344","281472053515347","RU","Russian Federation","ZAO Prosveschenie-Region"
"281472053523880","281472053523883","RU","Russian Federation","OAO Mezhregional'Nyj Centr Sertifikacii"
"281472053534172","281472053534175","RU","Russian Federation","OOO Bellerazh Finans"
"281472053587392","281472053587455","RO","Romania","Digi Romania S.A."
"281472053897740","281472053897743","DE","Germany","Equinix (EMEA) Acquisition Enterprises B.V."
"281472053910453","281472053910453","DE","Germany","util.data Service GmbH"
"281472054346888","281472054346895","IT","Italy","Commedia"
"281472054411376","281472054411391","FI","Finland","EpvTuulivoimaOy"
"281472054483712","281472054483967","PL","Poland","Netia Telekom SA"
"281472055052640","281472055052647","PL","Poland","Connected Through Futuro Poland"
"281472055084688","281472055084691","PL","Poland","citimedia.pl Sp.z.o.o."
"281472055656700","281472055656860","SE","Sweden","Telia Network Services"
"281472056825752","281472056825759","BE","Belgium","Alltech Associates"
"281472056834708","281472056834711","BE","Belgium","Proximus NV"
"281472056846112","281472056846143","BE","Belgium","Legio International"
"281472057222306","281472057222306","FR","France","Conseil general 45"
"281472057231976","281472057231983","FR","France","Sos Oxygene Ile de France Nord"
"281472057249096","281472057249103","FR","France","Distrib Eaux Miner de France"
"281472057263888","281472057263895","FR","France","Societe D Industrialisation Electroniq"
"281472057411384","281472057411391","FR","France","Velfor Plast"
"281472057417764","281472057417764","FR","France","Societe de Distribution Cochard"
"281472057422896","281472057422903","FR","France","Mabileau Olivier"
"281472057429112","281472057429119","FR","France","Sud Loire Prevention"
"281472057437128","281472057437131","FR","France","Mairie de Colombelles"
"281472057444334","281472057444336","FR","France","Orange S.A."
"281472057448592","281472057448595","FR","France","Trapib"
"281472057455496","281472057455503","FR","France","Presqu Ile Investissement"
"281472057463056","281472057463063","FR","France","Hermes Sellier"
"281472058868480","281472058868735","CA","Canada","Internet Utilities Europe and Asia Limited"
"281472059121408","281472059121663","US","United States of America","The Vaghasia Group Inc. DBA accuwebhosting.com"
"281472060227328","281472060227583","SE","Sweden","Lumina Broadband UAB"
"281472062180472","281472062180472","GB","United Kingdom of Great Britain and Northern Ireland","Copper Lime Ltd"
"281472062646808","281472062646935","RO","Romania","Digi Romania S.A."
"281472063072240","281472063072247","IT","Italy","Agenzia Libraria Fozzi di Fozzi Donatella & C. SAS"
"281472063314704","281472063314719","IT","Italy","Municipio di B E L P A S S O"
"281472063897600","281472063913983","FR","France","Nomotech SAS"
"281472064084060","281472064084063","DE","Germany","MK Netzdienste GmbH & Co. KG"
"281472064167212","281472064167212","JP","Japan","M247 Europe SRL"
"281472064871352","281472064871359","IT","Italy","Colt Telecom"
"281472065037008","281472065037015","DE","Germany","Holzapfel Coating"
"281472066045113","281472066045116","ES","Spain","Euskaltel S.A."
"281472066134864","281472066134871","HR","Croatia","Osnovna skola Petar Zrinski Cabar"
"281472066149892","281472066149895","HR","Croatia","Podrucna skola Klisa"
"281472066331864","281472066331871","DE","Germany","bogevischs buero architekten u. stadtplaner GmbH"
"281472066379856","281472066379863","LT","Lithuania","UAB Kitron"
"281472066537613","281472066537613","FR","France","Cogent Communications Group LLC"
"281472066737112","281472066737115","FI","Finland","Medialuotsioy"
"281472066743360","281472066743423","FI","Finland","Digital14Oy"
"281472066808080","281472066808083","CZ","Czechia","Vodafone Czech Republic A.S."
"281472067248128","281472067256319","IT","Italy","ARIA S.p.A."
"281472067409488","281472067409495","TR","Turkiye","Inka Ulusal Istihdam Organizasyon ve"
"281472067470776","281472067470783","MX","Mexico","Spectrum Interactive"
"281472067962848","281472067963163","PL","Poland","TK Telekom Sp. z o.o."
"281472068113680","281472068113695","RU","Russian Federation","Svyaz Bezopasnost"
"281472068134064","281472068134079","RU","Russian Federation","Rosbank Primorsky Department"
"281472069541976","281472069541983","IT","Italy","Con-Or SRL"
"281472069557944","281472069557951","IT","Italy","Padanalegnos.R.L."
"281472069576416","281472069576423","IT","Italy","Qhsdiquagliacarlandrea"
"281472069598160","281472069598167","IT","Italy","Lazspa"
"281472069615072","281472069615079","IT","Italy","Newworldconsultinggroupsrl"
"281472069636548","281472069636551","IT","Italy","Ascompaghe SRL"
"281472069652192","281472069652207","IT","Italy","Azienda Ospedaliera Universitaria G. Martino di Messina"
"281472069663320","281472069663327","IT","Italy","Centro Interprofessionale di Servizio Per l'Agricoltura SRL"
"281472069676488","281472069676543","IT","Italy","Telecom Italia S.p.A."
"281472069691888","281472069691895","IT","Italy","Telecom Italia S.p.A."
"281472069709248","281472069709255","IT","Italy","Liceoscientificostataleconann."
"281472069722448","281472069722455","IT","Italy","Uniweb S.R.L."
"281472069734168","281472069734175","IT","Italy","Comunedicerveteri"
"281472069744016","281472069744023","IT","Italy","Telecom Italia S.p.A."
"281472069756496","281472069756503","IT","Italy","I.A.P.Internationalautomotivep"
"281472069775912","281472069775919","IT","Italy","Automercatostabiasrl"
"281472069786808","281472069786815","IT","Italy","Coopernuoto S.C.S.D. A Sportiva Dilettantistica"
"281472069808864","281472069808871","IT","Italy","AEMSPA"
"281472069827760","281472069827767","IT","Italy","Piazzaitaliaspa"
"281472069842224","281472069842231","IT","Italy","Majestic Pet's SRL"
"281472069853488","281472069853495","IT","Italy","Integra Italy S.r.l."
"281472069871256","281472069871263","IT","Italy","Consorzioagrariointerprovincia"
"281472069885856","281472069885863","IT","Italy","Davidecamparimilanospa"
"281472069899268","281472069899271","IT","Italy","Innova S.p.A."
"281472069917880","281472069917883","IT","Italy","Telecom Italia S.p.A."
"281472069945960","281472069945967","IT","Italy","I.el.et.Impiantielettricietele"
"281472069965856","281472069965863","IT","Italy","Direzione Didattica Statale D"
"281472069978608","281472069978615","IT","Italy","Agenziaperilturismodimassa Car"
"281472069990972","281472069990975","IT","Italy","Telecom Italia S.p.A."
"281472070015112","281472070015119","IT","Italy","Zeussrl"
"281472070029408","281472070029415","IT","Italy","Farmaciefiorentineafamspa"
"281472070045296","281472070045303","IT","Italy","Astsistemisrl"
"281472070211584","281472070211711","ES","Spain","Shared LHV"
"281472070552064","281472070552319","CH","Switzerland","Rukzuk"
"281472070625500","281472070625503","KZ","Kazakhstan","Toonacpressklyb"
"281472070631596","281472070631603","KZ","Kazakhstan","Akmolinskaja oblast"
"281472070637956","281472070637959","KZ","Kazakhstan","GU Apparat Akima selo Turbat"
"281472070643960","281472070643963","KZ","Kazakhstan","Agkst"
"281472070889716","281472070889719","RU","Russian Federation","MTS PJSC"
"281472071120760","281472071120767","CZ","Czechia","CS Data s.r.o."
"281472071232641","281472071232641","BY","Belarus","Republican Unitary Telecommunication Enterprise Beltelecom"
"281472071803080","281472071803083","AT","Austria","kabelplus GmbH"
"281472072034384","281472072034459","TR","Turkiye","Superonline Iletisim Hizmetleri A.S."
"281472080632049","281472080632050","BG","Bulgaria","GEANT Vereniging"
"281472081010608","281472081010615","IT","Italy","Celtis"
"281472081025108","281472081025111","IT","Italy","FONDAZIONE PISTOLETTO ONLUS public subnets"
"281472081058304","281472081058335","RO","Romania","Atlantic Motors SRL"
"281472083433996","281472083433999","NO","Norway","GlobalConnect AB"
"281472083945984","281472083946495","SG","Singapore","First Server Sociedad Limitada"
"281472084189024","281472084189039","DK","Denmark","HF-Centret Efterslaegten"
"281472087753488","281472087753511","FR","France","Orange S.A."
"281472087763000","281472087763079","FR","France","Orange S.A."
"281472087787448","281472087787535","FR","France","Orange S.A."
"281472087806656","281472087806663","FR","France","Culligan Valence"
"281472088576232","281472088576239","GB","United Kingdom of Great Britain and Northern Ireland","Ede and Ravenscroft Limited LAN"
"281472088763116","281472088763119","IT","Italy","Telecom Italia S.p.A."
"281472089454984","281472089455087","GB","United Kingdom of Great Britain and Northern Ireland","NTT United Kingdom Ltd"
"281472089486608","281472089486615","NL","Netherlands (Kingdom of the)","KPN B.V."
"281472089499408","281472089499431","NL","Netherlands (Kingdom of the)","KPN B.V."
"281472089512008","281472089512015","NL","Netherlands (Kingdom of the)","Kapsalon New Look"
"281472089586632","281472089586639","SE","Sweden","Redovisning"
"281472089849892","281472089849895","PL","Poland","Impress Decor Polska SP Z O O"
"281472089885152","281472089885155","PL","Poland","Terg S.A."
"281472090035968","281472090036015","PT","Portugal","PT Prime - Solucoes Empresariais"
"281472091948104","281472091948119","FR","France","Colt Telecom"
"281472091964408","281472091964415","AT","Austria","Falter Verlags Gesellschaft mbH"
"281472091981708","281472091981711","FR","France","Colt Technology Services Group Limited"
"281472091999000","281472091999007","FR","France","Telecom Studio/Tati"
"281472092120196","281472092120199","SE","Sweden","Colt Telecom"
"281472093191168","281472093192191","US","United States of America","UAB Nacionalinis Telekomunikaciju Tinklas"
"281472093728768","281472093729023","SI","Slovenia","Elstik d.o.o."
"281472094556816","281472094556831","RU","Russian Federation","Rospotrebnadzor Vladimir"
"281472098665863","281472098665881","GB","United Kingdom of Great Britain and Northern Ireland","Liberty Global Europe Holding B.V."
"281472098668671","281472098668672","GB","United Kingdom of Great Britain and Northern Ireland","Liberty Global Europe Holding B.V."
"281472098682246","281472098682248","GB","United Kingdom of Great Britain and Northern Ireland","Liberty Global Europe Holding B.V."
"281472104088480","281472104088495","BE","Belgium","TELENET Customer Devoteam"
"281472104182296","281472104182431","DE","Germany","firstcolo GmbH"
"281472106617576","281472106617583","LV","Latvia","Alvo 1 SIA"
"281472106820144","281472106820147","KZ","Kazakhstan","KGU Kazahskaya SS im. Oralhana Bokeya"
"281472107227136","281472107228159","GB","United Kingdom of Great Britain and Northern Ireland","Hydra Communications Ltd"
"281472107600752","281472107600759","GB","United Kingdom of Great Britain and Northern Ireland","Godrich Design Collective"
"281472107607180","281472107607183","GB","United Kingdom of Great Britain and Northern Ireland","Kinetic Kinetic Technical Ipswich"
"281472108470456","281472108470459","SI","Slovenia","Bisnode d.o.o."
"281472108557120","281472108557127","PL","Poland","Ciszewski Cho"
"281472108990148","281472108990171","IT","Italy","Fastweb SpA"
"281472109015720","281472109015723","IT","Italy","G.B. Nord SRL"
"281472109030992","281472109031007","IT","Italy","Fastweb SpA"
"281472109051596","281472109051599","IT","Italy","MediaMarket"
"281472109813120","281472109813503","SE","Sweden","KL Elektronik Horby"
"281472109917840","281472109917863","IT","Italy","Telecom Italia S.p.A."
"281472109935200","281472109935207","IT","Italy","Briano Patrizia"
"281472109951440","281472109951447","IT","Italy","Telecom Italia S.p.A."
"281472109965376","281472109965383","IT","Italy","San Giorgio SpA"
"281472109982120","281472109982127","IT","Italy","Vanghettimarcellosncdivanghett"
"281472109997528","281472109997535","IT","Italy","Sadaspedizioniautotrasportiede"
"281472110017216","281472110017223","IT","Italy","Newtechnologyservicesrl"
"281472110031360","281472110031367","IT","Italy","Bottega Verde S.R.L."
"281472110049240","281472110049255","IT","Italy","Telecom Italia S.p.A."
"281472110066436","281472110066439","IT","Italy","Telecom Italia S.p.A."
"281472110086200","281472110086207","IT","Italy","Telecom Italia S.p.A."
"281472110109064","281472110109071","IT","Italy","Italtechsolutionsspa"
"281472110123864","281472110123871","IT","Italy","Telecom Italia S.p.A."
"281472110138880","281472110138887","IT","Italy","Ce Masrl"
"281472110156008","281472110156015","IT","Italy","Telecom Italia S.p.A."
"281472110178152","281472110178159","IT","Italy","Cooperativaitalianadiristorazi"
"281472110192816","281472110192819","IT","Italy","Comal S.r.l."
"281472110210408","281472110210415","IT","Italy","Gbaprojectsrl"
"281472110224768","281472110224775","IT","Italy","Farmacrimi Monteverde del Dr. Vincenzo Crimi & C. SAS"
"281472110244672","281472110244687","IT","Italy","Salcef Costruzioni Edili E Fe"
"281472110259728","281472110259735","IT","Italy","New Rifra SRL"
"281472110279392","281472110279423","IT","Italy","Amministrazione Provinciale R"
"281472110307200","281472110307207","IT","Italy","Gruppo Web di Ferro Ruscalla Roberto & C. SAS"
"281472110323032","281472110323035","IT","Italy","Admiral Gaming Network S.r.l."
"281472110340272","281472110340275","IT","Italy","Francia 99 SRL"
"281472110375056","281472110375063","IT","Italy","D'Onofriofiorentino"
"281472110400296","281472110400303","IT","Italy","General Service Holding S.r.l."
"281472110417312","281472110417319","IT","Italy","Lenziugo"
"281472110438096","281472110438103","IT","Italy","Studio Legale Associato Avv."
"281472110455720","281472110455727","IT","Italy","Venis Venezia Informatica e Sistemi S.p.A."
"281472110471128","281472110471135","IT","Italy","San Grato SpA"
"281472110484560","281472110484575","IT","Italy","Galbiati Group SRL"
"281472110504184","281472110504191","IT","Italy","Manifattura Filati il Melogra"
"281472110521392","281472110521399","IT","Italy","Inaer Aviation Italia S.p.A."
"281472110545968","281472110545975","IT","Italy","Boehringer Ingelheim Italia SpA"
"281472110569424","281472110569427","IT","Italy","Telecom Italia S.p.A."
"281472110584860","281472110584863","IT","Italy","Cattolica IT Services S.C.P.A"
"281472110599464","281472110599471","IT","Italy","Crdsoccoopdiproduzioneelavoroarl"
"281472110614856","281472110614863","IT","Italy","Audio Visual Computers SRL"
"281472110635752","281472110635771","IT","Italy","Telecom Italia S.p.A."
"281472110651624","281472110651631","IT","Italy","Telecom Italia S.p.A."
"281472110671320","281472110671327","IT","Italy","TRS Catanzaro S.r.l."
"281472110700204","281472110700207","IT","Italy","Synchron Centro di Fisioterapia E Riabilitazione S.r.l."
"281472110720144","281472110720147","IT","Italy","PVH Italia S.r.l."
"281472110739076","281472110739083","IT","Italy","Telecom Italia S.p.A."
"281472110765000","281472110765007","IT","Italy","Duro Felguera SA"
"281472110782896","281472110782899","IT","Italy","Heineken Italia Spa"
"281472110803584","281472110803591","IT","Italy","Adamogaetano Antonio"
"281472110817848","281472110817855","IT","Italy","Azienda Sanitaria Locale Sale"
"281472110834192","281472110834199","IT","Italy","Conecta SRL"
"281472110848920","281472110848927","IT","Italy","Saccarta SpA"
"281472110872656","281472110872663","IT","Italy","Consorzio di Bonifica Velia"
"281472110885504","281472110885511","IT","Italy","Cooperativa Servizi Cervia Soc. Coop. A.R.L."
"281472110896868","281472110896871","IT","Italy","Ambiente Italia SRL"
"281472110915808","281472110915831","IT","Italy","S.G.I. SRL"
"281472110927584","281472110927599","IT","Italy","Galardi SRL"
"281472110942204","281472110942207","IT","Italy","Caffelaranciasncdisassarolilucianoc"
"281472113182320","281472113182335","DK","Denmark","Koebmagergade 45 2. sal"
"281472113736896","281472113736903","RU","Russian Federation","OOO Videoproekt"
"281472115344300","281472115344303","DE","Germany","Ortema GmbH"
"281472115775232","281472115775487","RO","Romania","ELSACO Solutions SRL"
"281472116214248","281472116214255","PL","Poland","Turck Automation Technology Spolka Z Ograniczona Odpowiedzialnoscia"
"281472116395080","281472116395087","FI","Finland","Eupart Oy"
"281472117052312","281472117052315","RU","Russian Federation","Gosudarstvennoe uchrezhdenie Kompleksnij"
"281472118023680","281472118023935","FR","France","YottaSrc"
"281472119786256","281472119786287","DE","Germany","Telefonica Germany GmbH & Co. OHG"
"281472120019968","281472120020255","RO","Romania","Vodafone Romania S.A."
"281472120095440","281472120095441","SG","Singapore","A2 Hosting LLC"
"281472120245248","281472120246271","JP","Japan","code200 UAB"
"281472120842168","281472120842175","PL","Poland","SW Consulting Sp. z o.o."
"281472121545324","281472121545326","GB","United Kingdom of Great Britain and Northern Ireland","LVNET Ltd"
"281472122270784","281472122270799","DE","Germany","Hotel Stadt Pasing"
"281472123015268","281472123015271","DE","Germany","Marche Movenpick Deutschland GmbH"
"281472123364336","281472123364351","FR","France","Cogent Communications France SAS"
"281472124392192","281472124397055","EE","Estonia","Teleste"
"281472128116944","281472128116947","GB","United Kingdom of Great Britain and Northern Ireland","Traynors Ltd ADSL Assignment"
"281472131282256","281472131282271","RU","Russian Federation","Vladkniga Ltd"
"281472131304192","281472131304447","RU","Russian Federation","UES of Ussuriysk Pogranichniy"
"281472131755008","281472131755263","ES","Spain","Acens VCL TP 6"
"281472132072000","281472132072007","FI","Finland","Suomen CP-Liitto ry"
"281472139150080","281472139157503","FR","France","France Telecom S.A."
"281472147533864","281472147533871","FI","Finland","Oy Ekornes Ab"
"281472148290392","281472148290399","PL","Poland","RLWW"
"281472149034144","281472149034151","RU","Russian Federation","Gennady V Bushuev"
"281472149176464","281472149176479","GB","United Kingdom of Great Britain and Northern Ireland","GTT Communications Inc."
"281472149185033","281472149185033","GB","United Kingdom of Great Britain and Northern Ireland","GTT"
"281472149254928","281472149254928","NL","Netherlands (Kingdom of the)","Lycatel Distribution UK Limited"
"281472149793712","281472149793719","DE","Germany","Work in Progress Textilhandels GmbH"
"281472149819768","281472149819775","DE","Germany","Xella Deutschland GmbH"
"281472149828352","281472149828359","DE","Germany","Wisag Dienstleistungsholding Se"
"281472149853040","281472149853047","DE","Germany","Verband Thueringer Wohnungs- und Immobilienwirtschaft e.V."
"281472149861328","281472149861343","DE","Germany","DB Intermodal Services GmbH"
"281472149869544","281472149869551","DE","Germany","Rofa Industrial Automation AG"
"281472149877960","281472149877967","DE","Germany","B. Luetkenhaus GmbH"
"281472149886440","281472149886447","DE","Germany","CRIF Buergel-Chemnitz Richter"
"281472149894784","281472149894791","DE","Germany","Waldbach Fulfillment Logistik E.K."
"281472149903096","281472149903103","DE","Germany","Notebooksbilliger.de AG"
"281472149911456","281472149911463","DE","Germany","DECATHLON Koeln-Marsdorf"
"281472153818688","281472153818695","DE","Germany","GFD Gesellschaft fuer Datenverarbeitung GmbH"
"281472153870792","281472153870799","DE","Germany","PS-Beton Piederstorfer Solnhofer TB GmbH & Co. KG"
"281472153888384","281472153888391","DE","Germany","DEMIRE Deutsche Mittelstand Re Estate AG"
"281472154668592","281472154668639","GR","Greece","Kozani"
"281472154768256","281472154768319","PL","Poland","NG"
"281472156045624","281472156045631","GB","United Kingdom of Great Britain and Northern Ireland","Tarpey Harris LAN"
"281472156062432","281472156062439","GB","United Kingdom of Great Britain and Northern Ireland","Portobello Partnership Ltd"
"281472156070540","281472156070543","GB","United Kingdom of Great Britain and Northern Ireland","Cinchona Technologies CN"
"281472156139008","281472156139071","RU","Russian Federation","Static and PPPoE XDSL Links in Khabarovsk City ATS-536 Node"
"281472157159264","281472157159271","IT","Italy","LVMH Italia SpA"
"281472157406744","281472157406747","SK","Slovakia","GHPC Engt"
"281472157628474","281472157630463","IT","Italy","Retelit Digital Services S.p.A."
"281472160244560","281472160244567","IT","Italy","Telecom Italia S.p.A."
"281472160262128","281472160262143","IT","Italy","Selle Italia S R L"
"281472160287360","281472160287487","IT","Italy","Cattolica IT Service S R L"
"281472160301904","281472160301911","IT","Italy","Telecom Italia S.p.A."
"281472160319272","281472160319279","IT","Italy","Mister Web SRL"
"281472160342756","281472160342759","IT","Italy","Salvioni E Travasoni SRL"
"281472160365768","281472160365775","IT","Italy","Agenzia Regionale Per la Prote"
"281472160393008","281472160393015","IT","Italy","Barro Marziano"
"281472160412112","281472160412119","IT","Italy","Fondazione Bresciana di Inizia"
"281472160421704","281472160421711","IT","Italy","Spurgo Service SRL"
"281472160441968","281472160441971","IT","Italy","Infrastrutture E Telecomunicazioni Per l'Italia S.p.A."
"281472160461136","281472160461151","IT","Italy","C.D.D. - Centro Distribuzione"
"281472160472368","281472160472375","IT","Italy","Tecnopak.com di Giannella Irene"
"281472160489680","281472160489687","IT","Italy","Telecom Italia S.p.A."
"281472160515264","281472160515271","IT","Italy","Tintoria di Quaregna SRL"
"281472160533540","281472160533543","IT","Italy","Lari Luigi"
"281472160556024","281472160556031","IT","Italy","De Santis Impianti SRL"
"281472160576328","281472160576335","IT","Italy","Collegio Oblati Missionari di Rho"
"281472160592880","281472160592887","IT","Italy","Casa Madonna Pellegrina"
"281472160610096","281472160610103","IT","Italy","Promelit SpA"
"281472160624408","281472160624415","IT","Italy","Astellas Pharma SpA"
"281472160649240","281472160649247","IT","Italy","Telecom Italia S.p.A."
"281472160679832","281472160679839","IT","Italy","Hermann S.r.l."
"281472160689968","281472160689983","IT","Italy","Eukrasia Tecnologie Ambientali"
"281472160722056","281472160722059","IT","Italy","Albergo la Mimosa snc di Lombardi Diego E Amerigo"
"281472160733136","281472160733143","IT","Italy","Telecom Italia S.p.A."
"281472160750904","281472160750911","IT","Italy","Consiglio Nazionale Delle Ricerche"
"281472160783732","281472160783735","IT","Italy","Saybolt Italia S.r.l."
"281472160807128","281472160807135","IT","Italy","Cortecchia Fulvio E Figli di Cortecchia Sergio SAS"
"281472160818640","281472160818647","IT","Italy","Telecom Italia S.p.A."
"281472160837920","281472160837927","IT","Italy","Consorzio Universitario Per la Formazione Turistica Internazionale"
"281472160857968","281472160857975","IT","Italy","Telecom Italia S.p.A."
"281472160874936","281472160874943","IT","Italy","Telecom Italia S.p.A."
"281472160889856","281472160889863","IT","Italy","Euro Scavi 2003 SRL"
"281472160918824","281472160918831","IT","Italy","Com.tel S.p.A."
"281472160937248","281472160937255","IT","Italy","C.T.I. Compagnia Trasporti Int"
"281472160953336","281472160953339","IT","Italy","Associazione Artigiani E Piccole Imprese di Cavarzere E Con"
"281472160979432","281472160979439","IT","Italy","Rosso Cesare"
"281472160994588","281472160994591","IT","Italy","Associazione Italiana Albergatori Torino Federalberghi"
"281472161043040","281472161043063","IT","Italy","T - Systems Italia SpA"
"281472161057616","281472161057623","IT","Italy","Telecom Italia S.p.A."
"281472161067752","281472161067759","IT","Italy","Clothing Company SpA"
"281472161079600","281472161079615","IT","Italy","Castel Carni S.p.A."
"281472161102640","281472161102663","IT","Italy","Telecom Italia S.p.A."
"281472161124032","281472161124039","IT","Italy","Omnia SRL"
"281472161149328","281472161149335","IT","Italy","SPAL srl"
"281472161171480","281472161171487","IT","Italy","Cresta & Delfino SRL"
"281472161183296","281472161183303","IT","Italy","Porto Antico di Genova SpA"
"281472161214112","281472161214159","IT","Italy","Telecom Italia S.p.A."
"281472161237112","281472161237119","IT","Italy","Gruppo Inox SRL"
"281472161335432","281472161335439","IT","Italy","Unione di Comuni 'Terre Dei CA"
"281472161348504","281472161348511","IT","Italy","Confederazione Italiana Sindacati Lavoratori"
"281472161362928","281472161362935","IT","Italy","High Tech Aluminium SpA"
"281472161378528","281472161378551","IT","Italy","Telecom Italia S.p.A."
"281472161391104","281472161391107","IT","Italy","Tedesco Francesca"
"281472161402032","281472161402035","IT","Italy","TG Itec S.r.l."
"281472161424536","281472161424543","IT","Italy","Metamorphosi S.r.l."
"281472161455488","281472161455495","IT","Italy","Salumi Cinque Stelle SRL"
"281472161467360","281472161467367","IT","Italy","Metodo Multimedia SAS di Bricca Valerio"
"281472161497556","281472161497559","IT","Italy","Telecom Italia S.p.A."
"281472161510368","281472161510375","IT","Italy","Alma Creazioni SRL"
"281472161523344","281472161523351","IT","Italy","Telecom Italia S.p.A."
"281472161571552","281472161571575","IT","Italy","Telecom Italia S.p.A."
"281472161597776","281472161597783","IT","Italy","LA Cienega Studio SRL"
"281472161607752","281472161607759","IT","Italy","Flonal SpA"
"281472161635008","281472161635023","IT","Italy","Telecom Italia S.p.A."
"281472161657616","281472161657623","IT","Italy","Apomercato 1 S.r.l."
"281472161675600","281472161675607","IT","Italy","S.I.G.A. SRL Societa' Immobiliare Gestioni Alberghiere"
"281472161704840","281472161704847","IT","Italy","Sangemini S.p.A."
"281472161716096","281472161716103","IT","Italy","Telecom Italia S.p.A."
"281472161728456","281472161728463","IT","Italy","Zambruno Sabrina"
"281472161758048","281472161758055","IT","Italy","Pernigofiori Architetti - Studio Associato"
"281472161769008","281472161769015","IT","Italy","Bazar il Mercatino di Pierazzo Isabella C.S.A.S."
"281472161788656","281472161788663","IT","Italy","Adecom Service SRL"
"281472161818680","281472161818687","IT","Italy","Regione Lazio"
"281472161832040","281472161832047","IT","Italy","Drcsocietaunipersonalearesponsabilitalimitata"
"281472161859992","281472161859999","IT","Italy","Alfa Medica SRL"
"281472161869280","281472161869287","IT","Italy","Cavalieri Riccardo"
"281472161884956","281472161884959","IT","Italy","Astranet SRL"
"281472161904012","281472161904031","IT","Italy","Telecom Italia S.p.A."
"281472161935176","281472161935183","IT","Italy","MEP S P A"
"281472161969728","281472161969739","IT","Italy","Telecom Italia S.p.A."
"281472161991368","281472161991375","IT","Italy","Gcsinternationalsrl"
"281472162001099","281472162001127","IT","Italy","Telecom Italia S.p.A."
"281472162014448","281472162014455","IT","Italy","Ass di Pubblica Assistenza Fucecchio Compr. Cuoio E Calzatur"
"281472162034360","281472162034367","IT","Italy","Telecom Italia S.p.A."
"281472162053040","281472162053047","IT","Italy","Po. Li. Services di Lippolis Fabio Nicola & C. S.A"
"281472162097192","281472162097199","IT","Italy","Telecom Italia S.p.A."
"281472162130176","281472162130431","IT","Italy","Telecom Italia S.p.A."
"281472162148356","281472162148359","IT","Italy","Telecom Italia S.p.A."
"281472162162288","281472162162295","IT","Italy","Tagliaferri Roberto"
"281472162174488","281472162174495","IT","Italy","Telecom Italia S.p.A."
"281472162187904","281472162187919","IT","Italy","Telecom Italia S.p.A."
"281472162209640","281472162209647","IT","Italy","Cerutti snc Dei Geom. Mauro E Massimo Cerutti"
"281472162226816","281472162226819","IT","Italy","Repar 2 di Carnovali Marco Ottavio"
"281472162254992","281472162254999","IT","Italy","Congregazione Delle Suore Benedettine di Santa Geltrude"
"281472162281816","281472162281823","IT","Italy","Mdamedicaldevicesandaccessoriessrl"
"281472162293408","281472162293415","IT","Italy","Domenicali S.r.l."
"281472162309856","281472162309863","IT","Italy","Rivieradolci SRL"
"281472162321216","281472162321231","IT","Italy","COMUNE"
"281472163336576","281472163336639","DE","Germany","Paul Bauder & Co. KG"
"281472163362064","281472163362079","DE","Germany","Kaelte Aktiv Team GmbH"
"281472163561472","281472163569663","ES","Spain","Jetnet Wimax S.A"
"281472164429824","281472164438015","GB","United Kingdom of Great Britain and Northern Ireland","Oracle Svenska AB"
"281472164579112","281472164579119","GB","United Kingdom of Great Britain and Northern Ireland","International Labmate Limited"
"281472165741580","281472165741581","AT","Austria","A1 Telekom Austria AG"
"281472165744728","281472165744728","AT","Austria","A1 Telekom Austria AG"
"281472165747896","281472165747903","AT","Austria","A1 Telekom Austria AG - Business Customer"
"281472165751607","281472165751607","AT","Austria","A1 Telekom Austria AG"
"281472165755519","281472165755519","AT","Austria","A1 Telekom Austria AG - Business Customer"
"281472165759229","281472165759229","AT","Austria","A1 Telekom Austria AG - Business Customer"
"281472165762360","281472165762363","AT","Austria","A1 Telekom Austria AG - Business Customer"
"281472165765879","281472165765879","AT","Austria","Eva Hofmeister"
"281472165769345","281472165769345","AT","Austria","A1 Telekom Austria AG - Business Customer"
"281472165772616","281472165772616","AT","Austria","A1 Telekom Austria AG - Business Customer"
"281472165775692","281472165775703","AT","Austria","A1 Telekom Austria AG - Business Customer"
"281472165779457","281472165779457","AT","Austria","Adolf Ernst GmbH & Co KG"
"281472165783604","281472165783607","AT","Austria","Affido - Pflegefamilien Kinderdoerfer Familienarbeit GmbH"
"281472165788376","281472165788383","AT","Austria","Winninger Gesellschaft m.b.H."
"281472165792446","281472165792446","AT","Austria","Neuapostolische Kirche in Oesterreich"
"281472165797928","281472165797931","AT","Austria","Klammer Franz GmbH"
"281472165801983","281472165801984","AT","Austria","A1 Telekom Austria AG"
"281472165805472","281472165805479","AT","Austria","Spoerker GmbH"
"281472167779002","281472167779198","IT","Italy","Eolo S.p.A."
"281472167952024","281472167952031","IT","Italy","DIS121-RIPE NET"
"281472168014928","281472168014935","GB","United Kingdom of Great Britain and Northern Ireland","Dedicated Server Hosting"
"281472171140240","281472171140263","DE","Germany","Hetzner Online GmbH"
"281472171214336","281472171215359","PL","Poland","TK Telekom Sp. z o.o."
"281472171544800","281472171544803","KZ","Kazakhstan","VKO"
"281472171552344","281472171552351","KZ","Kazakhstan","Dentons Kazakhstan"
"281472171558148","281472171558151","KZ","Kazakhstan","RC Saumalkol"
"281472171563736","281472171563739","KZ","Kazakhstan","Karasu Raion Boln"
"281472171569600","281472171569603","KZ","Kazakhstan","RC Bishkul"
"281472171738016","281472171738047","LU","Luxembourg","POST Luxembourg"
"281472172216159","281472172216164","GB","United Kingdom of Great Britain and Northern Ireland","Overoptic Systems Ltd"
"281472172411488","281472172411495","DE","Germany","M-Net Telekommunikations GmbH"
"281472174452048","281472174452063","TR","Turkiye","Seyir Hidrografi ve Osnografi Dai. BSK."
"281472174878552","281472174878559","TR","Turkiye","Harbiye Mh Abdi Ipekci Cd No 19 1 Sisli Istanbul"
"281472174907520","281472174907535","TR","Turkiye","Metro Ethernet Alsat Coklu IP"
"281472176193536","281472176201727","UA","Ukraine","Hosting Ukraine Ltd"
"281472176514456","281472176514459","CZ","Czechia","C-343742 da Edp"
"281472176889867","281472176889876","BE","Belgium","BSO Network Solutions SAS"
"281472177164288","281472177165311","RO","Romania","RO Cosmote 20051129 Net9"
"281472177648993","281472177648994","NL","Netherlands (Kingdom of the)","InterKVM Host SRL"
"281472178732032","281472178733055","AT","Austria","netcup GmbH"
"281472181244088","281472181244091","IT","Italy","DIME"
"281472181252592","281472181252599","IT","Italy","Expereo International-001"
"281472181261248","281472181261251","IT","Italy","Studio Notarile Zardi Agostini Ind"
"281472181270112","281472181270119","IT","Italy","DBA"
"281472181316176","281472181316183","IT","Italy","Fastweb SpA"
"281472181325520","281472181325527","IT","Italy","Urio E Masserini"
"281472181333360","281472181333363","IT","Italy","Bull Italia"
"281472181885440","281472181886975","DE","Germany","GHOSTnet GmbH"
"281472182561894","281472182561894","LT","Lithuania","SC Lithuanian Radio and TV Center"
"281472183901184","281472183901439","RO","Romania","UPC Romania Sinaia"
"281472184714455","281472184714456","DE","Germany","Tinet International Network"
"281472184716730","281472184716730","NL","Netherlands (Kingdom of the)","GTT"
"281472184720008","281472184720015","NL","Netherlands (Kingdom of the)","Deep Blue Capital BV"
"281472184727399","281472184727400","FR","France","Tinet SpA"
"281472184828672","281472184828687","GB","United Kingdom of Great Britain and Northern Ireland","Shared Cloud VS"
"281472185816592","281472185816599","FI","Finland","Suomen Osuuskauppojen Keskuskunta"
"281472186133840","281472186133855","PL","Poland","Raclawicka 58"
"281472186144896","281472186144903","PL","Poland","Netia SA"
"281472186155832","281472186155835","PL","Poland","Netia SA"
"281472186180656","281472186180663","PL","Poland","Kolejowa 32"
"281472186388484","281472186388487","RU","Russian Federation","JSC Koshelev-Project"
"281472186428256","281472186428271","RU","Russian Federation","OOO Slavinvestbank"
"281472187407610","281472187407611","US","United States of America","Alsycon B.V."
"281472187829884","281472187829887","GB","United Kingdom of Great Britain and Northern Ireland","Virtual1 Limited"
"281472187836068","281472187836071","GB","United Kingdom of Great Britain and Northern Ireland","KPF Woking"
"281472187842856","281472187842863","GB","United Kingdom of Great Britain and Northern Ireland","Virtual1 Limited"
"281472187848800","281472187848803","GB","United Kingdom of Great Britain and Northern Ireland","Notarocarehomes Neta"
"281472187854680","281472187854687","GB","United Kingdom of Great Britain and Northern Ireland","Ehsites Kenilworth Custodianshut Com"
"281472187861656","281472187861659","GB","United Kingdom of Great Britain and Northern Ireland","Rydongroup Dartford"
"281472187869112","281472187869113","GB","United Kingdom of Great Britain and Northern Ireland","Chatsworthdental Harrogate"
"281472187875192","281472187875195","GB","United Kingdom of Great Britain and Northern Ireland","Black Magic Design Ltd"
"281472187882268","281472187882271","GB","United Kingdom of Great Britain and Northern Ireland","Meteormanagement Aylesbury"
"281472187888904","281472187888911","GB","United Kingdom of Great Britain and Northern Ireland","Semperian Hereford"
"281472188166112","281472188166143","DE","Germany","Equinix Customer - Axesdn Technologies"
"281472188540168","281472188540168","GB","United Kingdom of Great Britain and Northern Ireland","Google Switzerland GmbH"
"281472189207264","281472189207279","KZ","Kazakhstan","Krca"
"281472189214356","281472189214359","KZ","Kazakhstan","JSC Kazakhtelecom"
"281472189221720","281472189221731","KZ","Kazakhstan","JSC Kazakhtelecom"
"281472189228500","281472189228503","KZ","Kazakhstan","AkimAkchatau"
"281472189234480","281472189234483","KZ","Kazakhstan","VKO"
"281472189241512","281472189241515","KZ","Kazakhstan","Shymkent"
"281472189247768","281472189247771","KZ","Kazakhstan","Uralsk"
"281472189254528","281472189254587","KZ","Kazakhstan","JSC Kazakhtelecom"
"281472189260872","281472189260879","KZ","Kazakhstan","GU ApAkimaRaiona"
"281472189266168","281472189266171","KZ","Kazakhstan","Almaty Region"
"281472190268864","281472190268871","IE","Ireland","Adaptit Net"
"281472191201528","281472191201535","NL","Netherlands (Kingdom of the)","Airport Medical Services B.V."
"281472196943268","281472196943271","FR","France","Copal"
"281472196951432","281472196951435","FR","France","Sobatra Sarl"
"281472196971160","281472196971167","FR","France","Quincaillerie Lorraine"
"281472196993133","281472196993133","FR","France","Orange S.A."
"281472196994443","281472196994443","FR","France","Les Fontaines Ehpad"
"281472196995731","281472196995731","FR","France","Step Arcadia Nsa"
"281472196997161","281472196997162","FR","France","Credit Lyonnais"
"281472196998577","281472196998577","FR","France","Ste Amenagement Tourisme"
"281472196999981","281472196999981","FR","France","Anciens Ets G Schiever et Fils"
"281472197079221","281472197079221","FR","France","German Auto Parts"
"281472197083309","281472197083309","FR","France","Bary Associes"
"281472197086852","281472197086855","FR","France","An Nou Kombat Ansamn Tout Inegalite"
"281472197118674","281472197118675","FR","France","Orange S.A."
"281472197120956","281472197120957","FR","France","Adecco"
"281472197124264","281472197124271","FR","France","Entreprise Molliere"
"281472197133256","281472197133263","FR","France","Empruntis"
"281472197141356","281472197141359","FR","France","LA Roseraie"
"281472197153760","281472197153767","FR","France","Arpeges et Tremolos"
"281472197162568","281472197162575","FR","France","Departement de la Charente Maritime"
"281472197171208","281472197171215","FR","France","Hertz Europe Limited"
"281472197183640","281472197183647","FR","France","Arobase Travail Temporaire"
"281472197190014","281472197190014","FR","France","Lycee Polyvalent Nelson Mandela"
"281472197191425","281472197191425","FR","France","Soletanche Freyssinet"
"281472197192902","281472197192902","FR","France","Departement du Gers"
"281472197194565","281472197194565","FR","France","Mairie de Jonzac"
"281472197196154","281472197196161","FR","France","Orange S.A."
"281472197197724","281472197197724","FR","France","Credit Agricole Technologies"
"281472197270744","281472197270751","FR","France","Huawei Technologies France"
"281472197279892","281472197279893","FR","France","Orange S.A."
"281472197281229","281472197281229","FR","France","Neos Technologie"
"281472197282684","281472197282684","FR","France","Delta Bois"
"281472197284384","281472197284391","FR","France","Adapei Am"
"281472197286841","281472197286846","FR","France","Orange S.A."
"281472197289016","281472197289016","FR","France","Sarl P E R F"
"281472197290471","281472197290471","FR","France","Office Tourisme Luberon Monts Vaucluse"
"281472197291879","281472197291879","FR","France","Jiliti"
"281472197293075","281472197293075","FR","France","Sarl Montaner et Fils"
"281472197294395","281472197294395","FR","France","YPI Crew"
"281472197295762","281472197295762","FR","France","Credit Agricole Technologies"
"281472197302448","281472197302451","FR","France","Societe Immobiliere Cote Dazur"
"281472197310856","281472197310863","FR","France","Ets Public Admin Terre D Herault"
"281472197318692","281472197318694","FR","France","Orange S.A."
"281472197320696","281472197320699","FR","France","Orange S.A."
"281472198378236","281472198378239","FR","France","Societe Pontivyenne Delectricite"
"281472198383318","281472198383320","FR","France","Orange S.A."
"281472198388234","281472198388234","FR","France","Orange S.A."
"281472198389441","281472198389441","FR","France","SB Alliance Informatique"
"281472198390781","281472198390781","FR","France","Ent Gen Batiment Miorc"
"281472198392049","281472198392049","FR","France","Sarl Hotel des Remparts"
"281472198393384","281472198393384","FR","France","Orange S.A."
"281472198395464","281472198395469","FR","France","Orange S.A."
"281472198402840","281472198402847","FR","France","Orange S.A."
"281472198409760","281472198409760","FR","France","Orange S.A."
"281472198415488","281472198415495","FR","France","Transalliance Services"
"281472198423616","281472198423631","FR","France","Oncodesign Precision Medicine Opm"
"281472198434531","281472198434532","FR","France","Pompac Developpement"
"281472199233267","281472199233267","FR","France","Orange S.A."
"281472199238162","281472199238162","FR","France","Danone"
"281472199240520","281472199240520","FR","France","Clotures du Cotentin"
"281472199241840","281472199241847","FR","France","Maison Michelle Guillaume"
"281472199254912","281472199254919","FR","France","Orange S.A."
"281472199261283","281472199261283","FR","France","Cabinet Medical de Goderville"
"281472199272786","281472199272786","FR","France","Mma Sancoins"
"281472199273999","281472199273999","FR","France","New Deal Concept"
"281472199293322","281472199293325","FR","France","Orange S.A."
"281472199624952","281472199624959","FR","France","Centre Hospitalier Les Trois Rivieres"
"281472199633488","281472199633495","FR","France","Etablissements Lecoufle"
"281472199642336","281472199642343","FR","France","Gravis Trelaze"
"281472199650184","281472199650191","FR","France","Chaix Decoration"
"281472199655695","281472199655695","FR","France","Departement des Bouches du Rhone"
"281472199656926","281472199656926","FR","France","Auber Metaux"
"281472199658130","281472199658130","FR","France","Comptoir de Distribution Automobile"
"281472199659314","281472199659314","FR","France","Orange S.A."
"281472199660644","281472199660644","FR","France","Kering"
"281472199661934","281472199661934","FR","France","Centre Dermatologique de Lanjou"
"281472199663165","281472199663165","FR","France","Orange S.A."
"281472199664473","281472199664473","FR","France","Real Concept"
"281472199665670","281472199665670","FR","France","Commune de Gargas"
"281472199672477","281472199672477","FR","France","Diamant Automobiles Groupe Capel"
"281472199673786","281472199673786","FR","France","Societe Paul Ricard"
"281472199682752","281472199682759","FR","France","AKKA Services"
"281472199705224","281472199705224","FR","France","Credit Agricole Synergie"
"281472199706448","281472199706448","FR","France","Financiere Maurel SA"
"281472199707572","281472199707572","FR","France","Etablissement Public Garonne Gascogne"
"281472199731328","281472199731335","FR","France","Monaco Marine Antibes"
"281472201725016","281472201725023","DE","Germany","Ewe Tel GmbH"
"281472210047296","281472210047311","DE","Germany","Fraunhofer-Einrichtung FFB"
"281472210059416","281472210059423","DE","Germany","Man Truck & Bus Deutschland GmbH"
"281472210069904","281472210069919","DE","Germany","W. & L. Jordan GmbH"
"281472210081816","281472210081823","DE","Germany","Solventum Germany GmbH"
"281472210129424","281472210129431","DE","Germany","alphabeta neo GmbH"
"281472210137752","281472210137759","DE","Germany","Stadt Moenchengladbach"
"281472210146016","281472210146023","DE","Germany","General Atomics Services Germany GmbH"
"281472210154328","281472210154335","DE","Germany","Jva Spremberg"
"281472210162672","281472210162679","DE","Germany","Aktiv Assekuranz Makler GmbH"
"281472210170912","281472210170919","DE","Germany","Rechtsanwaltskammer Berlin KdoeR"
"281472210179440","281472210179447","DE","Germany","Deutsche Telekom AG"
"281472210188008","281472210188015","DE","Germany","Dom-Medien GmbH"
"281472210196352","281472210196367","DE","Germany","Chubb Deutschland GmbH"
"281472210205264","281472210205271","DE","Germany","Quality Data E1 UG"
"281472210213952","281472210213967","DE","Germany","Bitmarck Technik GmbH"
"281472210222832","281472210222839","DE","Germany","Savecall Telecom Vertriebs GmbH"
"281472210233104","281472210233119","DE","Germany","Julius Schulte Soehne GmbH & Co. KG"
"281472214573512","281472214573527","TR","Turkiye","Superonline Iletisim Hizmetleri A.S."
"281472214929408","281472214933503","DE","Germany","Cloud FSN1"
"281472216341728","281472216341743","HU","Hungary","Dynea Hungary Ltd."
"281472216926725","281472216926729","SE","Sweden","Tele2 Sverige AB"
"281472217255744","281472217255747","ES","Spain","OVH SAS"
"281472217581308","281472217581311","CZ","Czechia","B.H.Centrum a.s."
"281472218287078","281472218287078","GB","United Kingdom of Great Britain and Northern Ireland","Marton Media Sp. z o. o."
"281472218321175","281472218321175","RS","Serbia","Transportsped Doo Beograd"
"281472220705656","281472220705727","DE","Germany","NTT United Kingdom Ltd"
"281472221317120","281472221318143","PL","Poland","Res.pl Kosiorowski Wisniowski SP.J."
"281472221724427","281472221724436","NL","Netherlands (Kingdom of the)","Melbikomas UAB"
"281472222153984","281472222154239","RU","Russian Federation","OOO WestCall Ltd."
"281472222481408","281472222481663","AT","Austria","Nokia Siemens Networks Oesterreich GmbH"
"281472222903864","281472222903865","NL","Netherlands (Kingdom of the)","Noisypeak Sarl"
"281472223221760","281472223222015","RU","Russian Federation","LLC ETP GPB"
"281472223693824","281472223694847","ES","Spain","Teleporte S.L."
"281472224099328","281472224099583","PL","Poland","Axtone Sp. z o.o."
"281472224703744","281472224703999","GB","United Kingdom of Great Britain and Northern Ireland","Contenthost Limited"
"281472224832320","281472224832327","DE","Germany","Ewe Tel GmbH"
"281472224844848","281472224844855","DE","Germany","Mergenthaler Strasse 39 D-48268 Greven"
"281472224853896","281472224853903","DE","Germany","Am Geeschendamm 10 26345 Bockhorn Bei Friesland"
"281472228210592","281472228210599","TR","Turkiye","E-Kent Gecis Sistemleri ve Biletleme Teknolojileri A.S."
"281472228274828","281472228274831","KZ","Kazakhstan","One+One"
"281472228314636","281472228314643","KZ","Kazakhstan","Akmolinskaja oblast"
"281472228326220","281472228326247","KZ","Kazakhstan","Uralsk"
"281472228351176","281472228351179","KZ","Kazakhstan","Konaev"
"281472228365664","281472228365671","KZ","Kazakhstan","Taldykorgan"
"281472228819416","281472228819423","GB","United Kingdom of Great Britain and Northern Ireland","movers&Shapers West Hampsted"
"281472229181280","281472229181311","AT","Austria","LIS Information Systems GmbH"
"281472229244089","281472229244089","NO","Norway","GTT"
"281472229444992","281472229444995","NL","Netherlands (Kingdom of the)","Eetcafe de Koerier"
"281472229452544","281472229452551","NL","Netherlands (Kingdom of the)","Inro BV"
"281472229460208","281472229460215","NL","Netherlands (Kingdom of the)","Peek Reclame Fotografen BV"
"281472229467416","281472229467419","NL","Netherlands (Kingdom of the)","Cafe Doelen"
"281472229478632","281472229478639","NL","Netherlands (Kingdom of the)","Klemko Techniek BV"
"281472229485616","281472229485623","NL","Netherlands (Kingdom of the)","Integrated Residential Services BV."
"281472229492720","281472229492723","NL","Netherlands (Kingdom of the)","KPN B.V."
"281472229500104","281472229500111","NL","Netherlands (Kingdom of the)","De Brocanterie"
"281472229507848","281472229507855","NL","Netherlands (Kingdom of the)","Nestle Nederland BV"
"281472229515360","281472229515367","NL","Netherlands (Kingdom of the)","Nel's Vita Nova Shop"
"281472229523024","281472229523031","NL","Netherlands (Kingdom of the)","Gemeente Hengelo"
"281472229530936","281472229530943","NL","Netherlands (Kingdom of the)","Oticon BV"
"281472229538088","281472229538095","NL","Netherlands (Kingdom of the)","KPN B.V."
"281472229545424","281472229545431","NL","Netherlands (Kingdom of the)","Telfort Services B.V."
"281472229552836","281472229552839","NL","Netherlands (Kingdom of the)","Woningstichting Haag Wonen"
"281472229560376","281472229560383","NL","Netherlands (Kingdom of the)","Cecil Damesmode"
"281472229567760","281472229567763","NL","Netherlands (Kingdom of the)","Automijnstreek"
"281472229574736","281472229574743","NL","Netherlands (Kingdom of the)","Sig Central Services BV"
"281472229581864","281472229581871","NL","Netherlands (Kingdom of the)","flamingo Casiono Ymuide"
"281472229588980","281472229588983","NL","Netherlands (Kingdom of the)","Forcesebt"
"281472229596696","281472229596703","NL","Netherlands (Kingdom of the)","KPN B.V."
"281472229604248","281472229604255","NL","Netherlands (Kingdom of the)","Taha Carpet Cleaning"
"281472229611416","281472229611423","NL","Netherlands (Kingdom of the)","Bard Benelux NV"
"281472229618520","281472229618527","NL","Netherlands (Kingdom of the)","CFL Shipmanagement BV"
"281472229625872","281472229625879","NL","Netherlands (Kingdom of the)","Poelier Vitesh"
"281472229633272","281472229633279","NL","Netherlands (Kingdom of the)","NVV Wonen"
"281472229640496","281472229640503","NL","Netherlands (Kingdom of the)","Sportcentrum de Drait"
"281472229647216","281472229647223","NL","Netherlands (Kingdom of the)","Administratiekantoor K.Bakker VOF"
"281472229654128","281472229654135","NL","Netherlands (Kingdom of the)","Stichting Kringloopcentrum Leusden"
"281472229661196","281472229661199","NL","Netherlands (Kingdom of the)","UnivT regio * bv"
"281472229668204","281472229668207","NL","Netherlands (Kingdom of the)","Ecoparks Beheer BV"
"281472229675504","281472229675511","NL","Netherlands (Kingdom of the)","Woudenberg Betonbouw BV"
"281472229682792","281472229682799","NL","Netherlands (Kingdom of the)","Naturapharma"
"281472229690184","281472229690191","NL","Netherlands (Kingdom of the)","WerkInvent"
"281472229697304","281472229697311","NL","Netherlands (Kingdom of the)","Coenradie Landmeters BV"
"281472229704312","281472229704315","NL","Netherlands (Kingdom of the)","KPN B.V."
"281472229711324","281472229711327","NL","Netherlands (Kingdom of the)","KPN B.V."
"281472229718568","281472229718575","NL","Netherlands (Kingdom of the)","KPN B.V."
"281472229725852","281472229725855","NL","Netherlands (Kingdom of the)","Postma's Bloemenhandel"
"281472229733060","281472229733067","NL","Netherlands (Kingdom of the)","KPN B.V."
"281472229740424","281472229740431","NL","Netherlands (Kingdom of the)","De Vries en Rijke"
"281472229747520","281472229747527","NL","Netherlands (Kingdom of the)","KPN B.V."
"281472229754712","281472229754715","NL","Netherlands (Kingdom of the)","C & T Meubelen"
"281472229762184","281472229762191","NL","Netherlands (Kingdom of the)","Shake-It jeans & casuals BV"
"281472229834812","281472229834815","NL","Netherlands (Kingdom of the)","Datadock BV"
"281472229842152","281472229842159","NL","Netherlands (Kingdom of the)","Robin Energie BV"
"281472229849768","281472229849779","NL","Netherlands (Kingdom of the)","KPN B.V."
"281472229857008","281472229857015","NL","Netherlands (Kingdom of the)","Urker Vishandel J van Slooten"
"281472229864392","281472229864395","NL","Netherlands (Kingdom of the)","K Mewissen Bouwmaterialen en Tegelhandel"
"281472229871792","281472229871799","NL","Netherlands (Kingdom of the)","Stichting Palet"
"281472229879060","281472229879063","NL","Netherlands (Kingdom of the)","Ornamentengieterij het Schippertje BV"
"281472229886004","281472229886007","NL","Netherlands (Kingdom of the)","Direct Result Face to Face Marketing"
"281472229893564","281472229893567","NL","Netherlands (Kingdom of the)","Custodian Vesteda Fund I B.V."
"281472229949976","281472229949983","NL","Netherlands (Kingdom of the)","Pro Sweep"
"281472229957968","281472229957975","NL","Netherlands (Kingdom of the)","Kooijman s Handelonderneming BV"
"281472230427536","281472230427543","DE","Germany","ela-soft GmbH & Co. KG"
"281472230446168","281472230446175","DE","Germany","H+B Technics GMBH+Co. KG/Syscon GmbH Systeme Plus Consulting"
"281472230462432","281472230462447","DE","Germany","Bewachungsinstitut Eufinger GmbH"
"281472232985088","281472232985599","US","United States of America","SwiftPing Limited"
"281472236258880","281472236258887","FR","France","Cecurity Com"
"281472236266352","281472236266359","FR","France","CC Les Balcons du Dauphine"
"281472236273696","281472236273703","FR","France","S E L A E"
"281472236282417","281472236282417","FR","France","Keter France"
"281472236283579","281472236283579","FR","France","Scea Chateau Ausone"
"281472236284759","281472236284759","FR","France","Lariviere"
"281472236286000","281472236286000","FR","France","BPS Insertion"
"281472236287350","281472236287350","FR","France","Manpower France"
"281472236288644","281472236288644","FR","France","Synd Intercom 2Eme Cycle Second Degre"
"281472236593373","281472236593373","FR","France","Orange S.A."
"281472236594602","281472236594602","FR","France","Etablissements Chaudesaigues"
"281472236609448","281472236609455","FR","France","Everience"
"281472236619808","281472236619815","FR","France","Gie Uni Gestion"
"281472236631592","281472236631599","FR","France","Holding Delta Invest"
"281472236642482","281472236642484","FR","France","Orange S.A."
"281472236643738","281472236643738","FR","France","Tissus du Renard"
"281472236645037","281472236645037","FR","France","GEOTEC"
"281472236646377","281472236646378","FR","France","BNP CS"
"281472236656704","281472236656711","FR","France","Ccas Ehpad la Source"
"281472236664901","281472236664901","FR","France","Avril Services"
"281472236666605","281472236666610","FR","France","Orange S.A."
"281472236674992","281472236674999","FR","France","Edrington France SAS"
"281472236684672","281472236684679","FR","France","1001 Vies Habitat"
"281472236701608","281472236701615","FR","France","Thierry Chefneux Assainissement"
"281472236714544","281472236714551","FR","France","Groupe Cardiologique du Rhone"
"281472236723384","281472236723391","FR","France","Orientis Gourmet"
"281472236737286","281472236737286","FR","France","GIE AXA Technology Services France"
"281472236745424","281472236745431","FR","France","Effinity"
"281472236755440","281472236755447","FR","France","Tecniques de Gestion Financiere"
"281472236765843","281472236765843","FR","France","Beton de France"
"281472236775704","281472236775711","FR","France","Orange S.A."
"281472236780872","281472236780879","FR","France","Logvad Formule 5"
"281472239895584","281472239895587","IT","Italy","Expereo International-001"
"281472239904952","281472239904959","IT","Italy","Nuove Frontiere Lavoro"
"281472239914112","281472239914127","IT","Italy","Work Crossing S.C.p.A."
"281472239923864","281472239923871","IT","Italy","Amplifon Italia"
"281472243955712","281472243956735","FR","France","SFR"
"281472244246848","281472244246855","IT","Italy","Fratelli Versari snc di Alberto E Franco Versari"
"281472244257968","281472244257971","IT","Italy","Vodafone Enterprise Italy"
"281472244608536","281472244608543","IT","Italy","Comunita di Santegidio A.C.A.P."
"281472244636704","281472244636711","IT","Italy","Engie Italia"
"281472244757216","281472244757223","IT","Italy","DM Drogerie Markt"
"281472244777360","281472244777367","IT","Italy","Consiglio Dellordine degli Avvocati di Rimini"
"281472244813316","281472244813319","IT","Italy","Vodafone Enterprise Italy"
"281472244825576","281472244825583","IT","Italy","Atmosphera 001"
"281472244843200","281472244843215","IT","Italy","Essegi Software"
"281472244854264","281472244854271","IT","Italy","Irgen Re Eboli"
"281472244865640","281472244865647","IT","Italy","Fastweb SpA"
"281472244977024","281472244977039","IT","Italy","Civilta Futura Societa Cooperativa Sociale"
"281472245036576","281472245036583","IT","Italy","F.lli Crescente"
"281472245048208","281472245048215","IT","Italy","Fastweb SpA"
"281472245090912","281472245090919","IT","Italy","Amplifon Italia"
"281472245129760","281472245129763","IT","Italy","Telefonica Global Solutions S.L.U"
"281472245146224","281472245146227","IT","Italy","ANAS 001"
"281472245264912","281472245264919","IT","Italy","Ugo Rigamonti"
"281472245400672","281472245400679","IT","Italy","Record 001"
"281472245409416","281472245409423","IT","Italy","Fastweb SpA"
"281472245418712","281472245418715","IT","Italy","Fastweb SpA"
"281472245429704","281472245429711","IT","Italy","Fratelli Carli"
"281472245701552","281472245701559","IT","Italy","Leone Giuseppe"
"281472245719008","281472245719015","IT","Italy","Mercatelli Alessandro"
"281472245769504","281472245769519","IT","Italy","Provincia di Taranto"
"281472245780568","281472245780575","IT","Italy","Pontificia Accademia Ecclesiastica"
"281472246100968","281472246100975","IT","Italy","Elledi Service-001"
"281472246123360","281472246123375","IT","Italy","Leone Production"
"281472246133712","281472246133719","IT","Italy","Fastweb SpA"
"281472246143976","281472246143983","IT","Italy","Thera"
"281472246153076","281472246153079","IT","Italy","Amplifon Italia"
"281472246189680","281472246189695","IT","Italy","Avepa - Agenzia Veneta Per I Pagamenti"
"281472246201736","281472246201743","IT","Italy","Fastweb SpA"
"281472246212456","281472246212463","IT","Italy","Fastweb SpA"
"281472247441496","281472247441499","AT","Austria","Golfanlage Deutschlandsberg Errichtungs- und Betriebsgesellschaft m.b.H. & Co KG"
"281472247446849","281472247446849","AT","Austria","A1 Telekom Austria AG"
"281472247452414","281472247452414","AT","Austria","Franz Pischelsberger"
"281472247457752","281472247457759","AT","Austria","A1 Telekom Austria AG"
"281472247463172","281472247463183","AT","Austria","A1 Telekom Austria AG"
"281472247467262","281472247467262","AT","Austria","A1 Telekom Austria AG - Business Customer"
"281472247472129","281472247472129","AT","Austria","A1 Telekom Austria AG - Business Customer"
"281472247476192","281472247476195","AT","Austria","Hermann Wilhelm Boehm"
"281472247480834","281472247480834","AT","Austria","A1 Telekom Austria AG - Business Customer"
"281472247485181","281472247485181","AT","Austria","A1 Telekom Austria AG"
"281472247490176","281472247490179","AT","Austria","IG Hotel GmbH"
"281472247494648","281472247494651","AT","Austria","Julius Kern Gesellschaft m.b.H."
"281472247499796","281472247499799","AT","Austria","A1 Telekom Austria AG - Business Customer"
"281472247505446","281472247505449","AT","Austria","A1 Telekom Austria AG"
"281472247509068","281472247509071","AT","Austria","AfB mildtaetige und gemeinnuetzige GmbH"
"281472247514760","281472247514763","AT","Austria","SOZIALBAU gemeinnuetzige Wohnungsaktiengesellschaft"
"281472247520476","281472247520483","AT","Austria","A1 Telekom Austria AG"
"281472247526145","281472247526146","AT","Austria","A1 Telekom Austria AG - Business Customer"
"281472247728420","281472247728423","RS","Serbia","Skadarska 7 32000 Cacak"
"281472247733976","281472247733979","RS","Serbia","Ferdinand Net"
"281472247741632","281472247741635","RS","Serbia","Telekom Srbija"
"281472248195437","281472248195438","GB","United Kingdom of Great Britain and Northern Ireland","eBay Marketplaces GmbH"
"281472249442048","281472249442303","RO","Romania","Asociatia Interlan"
"281472250054144","281472250054151","RO","Romania","A&S International 2000 SRL"
"281472252122320","281472252122327","NL","Netherlands (Kingdom of the)","Tamoil Nederland BV"
"281472252134616","281472252134623","NL","Netherlands (Kingdom of the)","Finodex BV"
"281472252146384","281472252146391","NL","Netherlands (Kingdom of the)","KPN B.V."
"281472252455712","281472252455727","PL","Poland","Krakowska 1"
"281472253722216","281472253722223","RU","Russian Federation","OOO Mako"
"281472254447616","281472254449663","RU","Russian Federation","Data-Center Imaqliq Ltd."
"281472257790544","281472257790551","DE","Germany","Bechtle AG"
"281472257799096","281472257799103","DE","Germany","LGI Logistics Group International GmbH"
"281472257807528","281472257807535","DE","Germany","Telekom Deutschland GmbH"
"281472257815936","281472257815943","DE","Germany","Berufsfoerderungswerk des Bayerischen Baugewerbes E.V."
"281472257824576","281472257824583","DE","Germany","Suroflex"
"281472257833784","281472257833791","DE","Germany","Opseo Holding B.V."
"281472260338960","281472260338967","PL","Poland","OVH SAS"
"281472260845605","281472260845605","FR","France","Zayo Group UK Limited"
"281472263986812","281472263986815","RU","Russian Federation","OJSC Comcor"
"281472264054072","281472264054183","IT","Italy","Telecom Italia S.p.A."
"281472264080984","281472264080991","IT","Italy","Stilmotors"
"281472264092880","281472264092887","IT","Italy","Telecom Italia S.p.A."
"281472264125176","281472264125179","IT","Italy","BBFSRL"
"281472264144456","281472264144463","IT","Italy","Sogeint SRL"
"281472264168204","281472264168207","IT","Italy","Blureflex Advertising SRL"
"281472264198128","281472264198135","IT","Italy","Telecom Italia S.p.A."
"281472264211544","281472264211551","IT","Italy","Telecom Italia S.p.A."
"281472264223944","281472264223951","IT","Italy","Maxipallets SRL"
"281472264248924","281472264248927","IT","Italy","Banca Centro - Credito Cooperativo Toscana-Umbria Societa"
"281472264277408","281472264277415","IT","Italy","TCN Telecomunicazioni S.r.l."
"281472264299864","281472264299871","IT","Italy","Telecom Italia S.p.A."
"281472264311384","281472264311391","IT","Italy","Simpro SRL"
"281472264341080","281472264341087","IT","Italy","Telecom Italia S.p.A."
"281472264352404","281472264352407","IT","Italy","Bassano Automazioni di Dello Russo Massimo"
"281472264373912","281472264373919","IT","Italy","Globalpesca SpA"
"281472264403128","281472264403135","IT","Italy","Iltucanoviaggiricercadiwillyfassiosrlsiglabileiltucanoviaggisrl"
"281472264421440","281472264421447","IT","Italy","Vetrerie Bruni SpA"
"281472264439696","281472264439719","IT","Italy","Telecom Italia S.p.A."
"281472264455360","281472264455367","IT","Italy","Temporanei Clienti Esteri C/O Sparkle SpA"
"281472264479844","281472264479847","IT","Italy","Tahiti S.p.A."
"281472264503364","281472264503367","IT","Italy","Venditaservice S.r.l."
"281472264522008","281472264522023","IT","Italy","Telecom Italia S.p.A."
"281472264542016","281472264542031","IT","Italy","Consiglio Ordine degli Avvocati E Procuratori Legali"
"281472264564656","281472264564663","IT","Italy","Studio Gena di Rag. Giuseppe Gena & C. SAS"
"281472264575408","281472264575423","IT","Italy","BTICINO SpA"
"281472264597552","281472264597567","IT","Italy","Telecom Italia S.p.A."
"281472264608376","281472264608383","IT","Italy","Bobst Group Italia SpA"
"281472264634616","281472264634631","IT","Italy","Telecom Italia S.p.A."
"281472264653160","281472264653167","IT","Italy","Sio S.p.A."
"281472264683856","281472264683863","IT","Italy","Habithema System SRL"
"281472264695144","281472264695147","IT","Italy","Telecom Italia S.p.A."
"281472264722096","281472264722103","IT","Italy","Acquaria SRL Soc. Sportiva Dilettantistica"
"281472264735008","281472264735015","IT","Italy","Aconet S.p.A."
"281472264746072","281472264746079","IT","Italy","Telecom Italia S.p.A."
"281472264786312","281472264786335","IT","Italy","Telecom Italia S.p.A."
"281472264807024","281472264807027","IT","Italy","Telecom Italia S.p.A."
"281472264834744","281472264834751","IT","Italy","Oftalmedica S.r.l."
"281472264845976","281472264845979","IT","Italy","Telecom Italia S.p.A."
"281472264872920","281472264872923","IT","Italy","Tessitura Punto Maglia SRL"
"281472264902720","281472264902723","IT","Italy","Italpork S.r.l."
"281472264935728","281472264935731","IT","Italy","Officinameccanicafllilobartolopiccolasoccooparl"
"281472264969376","281472264969391","IT","Italy","Telecom Italia S.p.A."
"281472264989216","281472264989219","IT","Italy","Studio Dei Geometri Delfrate F. E Manfrini V. SNC- STP"
"281472265007288","281472265007319","IT","Italy","Telecom Italia S.p.A."
"281472265038216","281472265038227","IT","Italy","Infrastrutture E Telecomunicazioni Per l'Italia S.p.A."
"281472265060336","281472265060351","IT","Italy","Toyota Motor Italia S.p.A."
"281472265077880","281472265077887","IT","Italy","Onoranze Funebri Miotto S.r.l."
"281472265364244","281472265364247","IT","Italy","Eltek Spa Net1"
"281472266205632","281472266205647","CZ","Czechia","WESA s.r.o."
"281472267128500","281472267128503","FR","France","Souvignet SAS"
"281472267722512","281472267722519","AT","Austria","Martin Hiltmann"
"281472268162128","281472268162135","NL","Netherlands (Kingdom of the)","TQueue B.V."
"281472269082432","281472269082439","BG","Bulgaria","Capita Customer Management"
"281472271851520","281472271853567","TR","Turkiye","TUVTURK Kuzey Tasit Muayene Istasyonlari Yapim ve Isletim A.S."
"281472274940352","281472274943327","SE","Sweden","GlobalConnect AB"
"281472275172044","281472275172044","DE","Germany","Jason Ruhittel"
"281472275584208","281472275584215","TR","Turkiye","Turan Emeksiz Sok No 11 Cankata Ankara"
"281472275613728","281472275613735","TR","Turkiye","Turk Telekomunikasyon Anonim Sirketi"
"281472275640480","281472275640487","TR","Turkiye","Turk Telekomunikasyon Anonim Sirketi"
"281472279310920","281472279310923","KZ","Kazakhstan","Abashkin Vladislav"
"281472279370332","281472279370335","KZ","Kazakhstan","Aktobe"
"281472279403408","281472279403411","KZ","Kazakhstan","Gu PS-6"
"281472279451992","281472279451995","KZ","Kazakhstan","Uralsk"
"281472279488000","281472279489279","KZ","Kazakhstan","JSC Kazakhtelecom"
"281472280670208","281472280670463","RO","Romania","UPC Romania BUCURESTI B2B"
"281472282852640","281472282852767","IT","Italy","Aruba S.p.A."
"281472284475136","281472284475391","FR","France","JSC Ukrtelecom"
"281472284965088","281472284965091","CH","Switzerland","Arcoplan"
"281472285726720","281472285726847","GB","United Kingdom of Great Britain and Northern Ireland","WTC Curacao"
"281472286912288","281472286912319","GB","United Kingdom of Great Britain and Northern Ireland","XILO - DS - Statics - C03"
"281472289726208","281472289726463","UA","Ukraine","LLC Hotlan"
"281472292542720","281472292542751","US","United States of America","Persona Inc"
"281472292617516","281472292617519","US","United States of America","Sentry Bank"
"281472293018912","281472293018919","US","United States of America","Axiom Enviornmental Inc"
"281472293033416","281472293033423","US","United States of America","Willow Group Ltd"
"281472293048120","281472293048127","US","United States of America","Davita"
"281472293065912","281472293065919","US","United States of America","Piedmont Triad Hose Service Inc. d/b/a Pirtek Piedmont Triad"
"281472293080736","281472293080743","US","United States of America","American Advantage Insurance"
"281472293102680","281472293102687","US","United States of America","Lincoln Hills"
"281472293119936","281472293119943","US","United States of America","Leading Edge Technologies"
"281472293135216","281472293135255","US","United States of America","Charter Communications Inc"
"281472294446892","281472294446895","US","United States of America","TPx Communications"
"281472294550432","281472294550463","US","United States of America","Henderson County Justice"
"281472294781032","281472294781039","US","United States of America","Shippers Supply Inc"
"281472295199928","281472295199930","US","United States of America","Internet Utilities NA LLC"
"281472295316025","281472295316025","FR","France","Fortinet Inc."
"281472295469056","281472295469103","US","United States of America","Network Device"
"281472296030168","281472296030175","US","United States of America","Library Brookhaven LB"
"281472296038720","281472296038727","US","United States of America","Optimum Online"
"281472296047320","281472296047327","US","United States of America","Women's Obgyn-Fairfie"
"281472296055896","281472296055903","US","United States of America","Kings Pa RK Materials"
"281472296064648","281472296064655","US","United States of America","Ohel Yochanan"
"281472296073592","281472296073599","US","United States of America","Walsh & Hughes Inc"
"281472296082268","281472296082271","US","United States of America","H V at O Akhurst"
"281472296090880","281472296090887","US","United States of America","Fayson Lake Water Co"
"281472296099632","281472296099639","US","United States of America","Most Holy Trinity"
"281472296108640","281472296108647","US","United States of America","Optimum Online"
"281472296117432","281472296117439","US","United States of America","Dynasty Autobody Sale"
"281472296126224","281472296126231","US","United States of America","Housing Auth of the C"
"281472296135360","281472296135367","US","United States of America","MT Olive Manor"
"281472296144424","281472296144431","US","United States of America","Oak Hill Capital Part"
"281472296153664","281472296153671","US","United States of America","Mount Pleasant MD"
"281472296356740","281472296356743","US","United States of America","Mormon Lake Lodge"
"281472296484352","281472296484607","AU","Australia","Brander Group Inc."
"281472307313776","281472307315967","US","United States of America","Verizon Business"
"281472307677208","281472307677215","US","United States of America","Ratliff Michael"
"281472308244736","281472308247551","US","United States of America","Verizon Business"
"281472308545552","281472308545559","US","United States of America","Lyn Yoo"
"281472308952944","281472308952959","US","United States of America","Decor Craft Inc"
"281472313608184","281472313608191","US","United States of America","Discovery Church"
"281472313822016","281472313822023","US","United States of America","Audibel Hearing Center"
"281472313840304","281472313840335","US","United States of America","Charter Communications Inc"
"281472314006520","281472314006520","US","United States of America","GoDaddy.com LLC"
"281472314095272","281472314095327","US","United States of America","Firstdigital Communications LLC"
"281472314178880","281472314178887","US","United States of America","United Health Group/Remote Sites"
"281472314197792","281472314197807","US","United States of America","Charter Communications Inc"
"281472314215856","281472314215863","US","United States of America","MW Builders"
"281472314233240","281472314233247","US","United States of America","Charter Communications Inc"
"281472314265320","281472314265327","US","United States of America","Amg Property Management LLC"
"281472314322888","281472314322895","US","United States of America","TCM Imagineering"
"281472314357160","281472314357167","US","United States of America","SPS Employer Risk MGMT"
"281472314373728","281472314373735","US","United States of America","Charter Communications Inc"
"281472314856976","281472314857983","US","United States of America","Charter Communications LLC"
"281472316020480","281472316020495","US","United States of America","Data Web Inc"
"281472316035592","281472316035599","US","United States of America","1st Choice Companies"
"281472316052480","281472316052735","US","United States of America","Sun City Broadband"
"281472316067496","281472316067551","US","United States of America","Charter Communications Inc"
"281472325945352","281472325945359","US","United States of America","Dunkin Donuts"
"281472325967824","281472325968127","US","United States of America","Charter Communications Inc"
"281472326316456","281472326316463","US","United States of America","Saratoga Homes"
"281472326330280","281472326330295","US","United States of America","Charter Communications Inc"
"281472326344448","281472326344455","US","United States of America","Motion Envelope Inc"
"281472326361160","281472326361167","US","United States of America","Palettepsi"
"281472332468008","281472332468015","US","United States of America","Ntegrated"
"281472332487504","281472332487519","US","United States of America","Charter Communications Inc"
"281472332503736","281472332503747","US","United States of America","Charter Communications Inc"
"281472332516808","281472332516815","US","United States of America","Charter Communications Inc"
"281472332538616","281472332538623","US","United States of America","Starbucks"
"281472332554400","281472332554407","US","United States of America","Charter Communications Inc"
"281472332568488","281472332568495","US","United States of America","Cone Health HQ"
"281472332584608","281472332584615","US","United States of America","Southern Veterinary Partners"
"281472332601792","281472332601799","US","United States of America","Ohio North East Health Systems Inc."
"281472332617460","281472332617511","US","United States of America","Charter Communications Inc"
"281472332632040","281472332632055","US","United States of America","Charter Communications Inc"
"281472332649064","281472332649071","US","United States of America","Tracewell Systems"
"281472332667528","281472332667535","US","United States of America","Crow Works"
"281472332685512","281472332685519","US","United States of America","East Jordon Ironworks"
"281472332701128","281472332701135","US","United States of America","Akron General Medical Center"
"281472332715880","281472332715887","US","United States of America","FPZ USA"
"281472333248888","281472333259519","US","United States of America","Verizon Business"
"281472333585968","281472333593343","US","United States of America","Verizon Business"
"281472333980168","281472333980175","US","United States of America","M and L Supply"
"281472333996236","281472333996239","US","United States of America","South Central Bank"
"281472334013144","281472334013151","US","United States of America","Sterling Health Solutions Inc"
"281472334030584","281472334030615","US","United States of America","Charter Communications Inc"
"281472334078772","281472334078775","CA","Canada","Capcon Networks LLC"
"281472335303224","281472335303231","CA","Canada","Status Electrical"
"281472335872288","281472335872295","US","United States of America","Charter Communications Inc"
"281472335885680","281472335885687","US","United States of America","Charter Communications Inc"
"281472335905216","281472335905223","US","United States of America","Eukon Group"
"281472335917600","281472335917607","US","United States of America","Charter Communications Inc"
"281472335931480","281472335931487","US","United States of America","Panamericana Travel"
"281472335967280","281472335967287","US","United States of America","Pacific Dental Services LLC"
"281472336006296","281472336006303","US","United States of America","Charter Communications Inc"
"281472336024432","281472336024439","US","United States of America","Charter Communications Inc"
"281472336385512","281472336385519","US","United States of America","United Business Systems"
"281472354567386","281472354567386","NL","Netherlands (Kingdom of the)","Twitch Interactive Inc."
"281472355307440","281472355307447","US","United States of America","Mojohost VL479 YGPLLC"
"281472356387776","281472356387783","CA","Canada","Toronto Dominion Bank"
"281472356436440","281472356436447","CA","Canada","Rogers Communications Canada Inc."
"281472358444544","281472358448639","CA","Canada","Rogers Cable Communications Inc."
"281472362339472","281472362339479","US","United States of America","Bodega"
"281472376293376","281472376293631","TW","Taiwan (Province of China)","Triple Six Network Cafe"
"281472383459952","281472383459967","JP","Japan","Sanko Air.co.jp"
"281472391391372","281472391391375","CN","China","Naikesen"
"281472391418160","281472391418179","CN","China","ChinaNet Shanghai Province Network"
"281472391593984","281472391596031","CN","China","ChinaNet Guangdong Province Network"
"281472397589164","281472397589167","ZA","South Africa","BCX Customer P2P"
"281472401920576","281472401920579","NG","Nigeria","Customer International Committee of the Red Cross Jos"
"281472406400512","281472406400767","NG","Nigeria","Summit Bank Limited"
"281472406879004","281472406879004","ZA","South Africa","Gritsol Pty Ltd"
"281472407213056","281472407214079","UG","Uganda","SimbaNET (U) Limited"
"281472407454248","281472407454251","ZA","South Africa","Bastion Group"
"281472409872384","281472409873407","HK","Hong Kong","Sun Network (Hong Kong) Limited"
"281472410102784","281472410103295","AU","Australia","Suite 4 1st Floor 63 Shepperton Road"
"281472410369024","281472410369535","IN","India","Directorate of Information Technology"
"281472410827272","281472410827287","JP","Japan","7 Artisan LLC"
"281472411233920","281472411234303","DE","Germany","LEW TelNet GmbH"
"281472411692968","281472411692971","JP","Japan","NTT West Inc."
"281472412345344","281472412346367","CN","China","5F Greatwall Bldg. A38 Xueyuan Road Haidian District Beijing"
"281472412926976","281472412927999","IN","India","BSE Ltd"
"281472413408768","281472413409279","ID","Indonesia","PT Jaringan Optic Nusantara"
"281472414168572","281472414168831","SG","Singapore","Velia.net (HK) Ltd"
"281472414731776","281472414732287","HK","Hong Kong","Shing Yuen Chong Technology Limited"
"281472415343120","281472415343123","LK","Sri Lanka","ILL Link to MUVE"
"281472415985664","281472415986687","IN","India","Kataria Net Solutions Private Limited"
"281472416567833","281472416567834","TW","Taiwan (Province of China)","Carl International Information Ltd."
"281472417193472","281472417193727","ID","Indonesia","PT Cyberindo Aditama"
"281472417701888","281472417702911","BD","Bangladesh","Bottola Cyber Net"
"281472418361670","281472418361672","SG","Singapore","WiredISP Inc."
"281472418827008","281472418827263","NP","Nepal","Corporate"
"281472419210253","281472419210253","TL","Timor-Leste","Palacio do Governo Avenida Marginal Dili Timor-Leste"
"281472419587072","281472419587583","PH","Philippines","CCVI PH"
"281472419971584","281472419971839","TH","Thailand","ThnicCoLtd TH"
"281472420398080","281472420398335","ID","Indonesia","CV Linkmedia Nusantara"
"281472420829696","281472420830207","BD","Bangladesh","Micro Network"
"281472421192129","281472421192129","HK","Hong Kong","Hua Sheng Yun"
"281472421626880","281472421627391","VN","Viet Nam","VietGenTech Joint Stock Company"
"281472422148608","281472422149119","ID","Indonesia","PT. Teknologi Perdana Indonesia"
"281472422746112","281472422747135","BD","Bangladesh","Link3 Technologies Limited"
"281472423481344","281472423481599","IN","India","Gift City"
"281472424009308","281472424009309","AU","Australia","Host Universal Pty Ltd"
"281472424802560","281472424802815","IN","India","Kavach Networks Pvt Ltd"
"281472425209856","281472425210879","CN","China","Shanghai Yingke Digital Business Co. Ltd"
"281472425790464","281472425791487","BD","Bangladesh","Banglalink Digital Communications Ltd"
"281472426264832","281472426265119","JP","Japan","Reading"
"281472428414354","281472428414359","TG","Togo","CloudFlare Inc."
"281472428426625","281472428426632","HK","Hong Kong","iCloud Private Relay"
"281472428440892","281472428440893","ID","Indonesia","iCloud Private Relay"
"281472428446100","281472428446101","IN","India","CloudFlare Inc."
"281472428450199","281472428450203","PL","Poland","CloudFlare Inc."
"281472428454971","281472428454976","NG","Nigeria","CloudFlare Inc."
"281472428463002","281472428463014","GB","United Kingdom of Great Britain and Northern Ireland","CloudFlare Inc."
"281472428470843","281472428470849","BR","Brazil","CloudFlare Inc."
"281472428574314","281472428574314","CO","Colombia","CloudFlare Inc"
"281472428581800","281472428581800","US","United States of America","CloudFlare Inc."
"281472428583282","281472428583283","IN","India","CloudFlare Inc."
"281472428585004","281472428585004","NL","Netherlands (Kingdom of the)","CloudFlare Inc"
"281472428994612","281472428994619","US","United States of America","Pogozone Infrastructure"
"281472429460298","281472429460299","MX","Mexico","Microsoft Corporation"
"281472429462356","281472429462356","JP","Japan","Microsoft Corporation"
"281472429465738","281472429465745","BR","Brazil","Microsoft Corporation"
"281472429468914","281472429468915","SG","Singapore","Microsoft Corporation"
"281472429471984","281472429471987","DE","Germany","Microsoft Corporation"
"281472429514866","281472429514867","US","United States of America","Microsoft Corporation"
"281472429518379","281472429518383","IE","Ireland","Microsoft Corporation"
"281472433425152","281472433425407","US","United States of America","Akamai Technologies Inc."
"281472435340688","281472435340691","MX","Mexico","Google LLC"
"281472435788032","281472435788287","US","United States of America","Eonix Corporation"
"281472436596784","281472436596799","US","United States of America","Consolidated Telephone"
"281472437417984","281472437418239","DE","Germany","EGIHosting"
"281472439212128","281472439212143","US","United States of America","Deep Tech Inc."
"281472440193328","281472440193343","US","United States of America","Massachusetts Credit Union League Inc"
"281472440966632","281472440966639","CA","Canada","Shaw Communications Inc."
"281472442108672","281472442108927","US","United States of America","Nodisto IT LLC"
"281472442591352","281472442591359","US","United States of America","F.L. Moore & Sons Trucking Co. Inc"
"281472442774624","281472442774631","US","United States of America","TGI Office Automation"
"281472443202944","281472443203039","US","United States of America","Subnet Digital LLC"
"281472443300588","281472443300589","IL","Israel","Amazon.com Inc."
"281472444849664","281472444849919","FR","France","SEACOM Limited"
"281472476987904","281472476988031","US","United States of America","Comcast Cable Communications LLC"
"281472486744144","281472486744151","US","United States of America","C"
"281472486771200","281472486771999","US","United States of America","Unitas Global LLC"
"281472487320080","281472487320103","US","United States of America","Try Faith Media"
"281472488179540","281472488179543","CN","China","HostPapa"
"281472488291584","281472488291591","US","United States of America","HostPapa"
"281472488392656","281472488392663","US","United States of America","HostPapa"
"281472488772888","281472488772927","US","United States of America","Zayo Bandwidth LLC"
"281472494188040","281472494195455","US","United States of America","Verizon Business"
"281472495205048","281472495205055","US","United States of America","Susan Francis Susan Francis"
"281472497488012","281472497488015","US","United States of America","Easy Bed Mattress Co"
"281472497497168","281472497497175","US","United States of America","Yuco MGT Inc"
"281472497506400","281472497506407","US","United States of America","Pippng R Ock Health PR"
"281472497515792","281472497515799","US","United States of America","Ramapo Pump Station"
"281472497525080","281472497525087","US","United States of America","Lifeline Medical"
"281472497534352","281472497534359","US","United States of America","2203 Belmont Av"
"281472497544560","281472497544567","US","United States of America","Ahrc Bronx Eb"
"281472497687408","281472497687423","US","United States of America","The Constant Company LLC"
"281472497818920","281472497818927","CA","Canada","Konicaminoltabusinesssolutions (Canada)LTD"
"281472504299616","281472504299623","US","United States of America","Stop & Shop 562"
"281472504309736","281472504309743","US","United States of America","Ramapo Valley Obgyn"
"281472504403472","281472504403479","CA","Canada","Recreational Shopping Inc."
"281472504522240","281472504522751","MY","Malaysia","Share2f"
"281472504804144","281472504804151","US","United States of America","Robert Turner M.D. Inc"
"281472504848184","281472504848191","US","United States of America","Optimum Online"
"281472504885742","281472504887463","US","United States of America","Google LLC"
"281472505134296","281472505134303","US","United States of America","Ian Purscelley"
"281472505229720","281472505229727","US","United States of America","2B Management"
"281472505243408","281472505243415","US","United States of America","Dominos Pizza"
"281472505368744","281472505368751","US","United States of America","Learning Care Group - Childrens Courtyard"
"281472505381832","281472505381839","US","United States of America","Charter Communications Inc"
"281472505394496","281472505394503","US","United States of America","Del Mar Country Club"
"281472505429888","281472505429891","US","United States of America","CableVision Lightpath LLC"
"281472514999126","281472514999126","DE","Germany","PLUTEX GmbH Kundennetz"
"281472515155354","281472515155354","SG","Singapore","Jwe S.A R.L."
"281472515428416","281472515428423","DE","Germany","inexio Informationstechnologie und Telekommunikation Gmbh"
"281472517408768","281472517409791","FI","Finland","Planeetta Internet Oy"
"281472518477632","281472518477647","RS","Serbia","Gradski Zavod Za Javno Zdravlje"
"281472521553664","281472521553919","GB","United Kingdom of Great Britain and Northern Ireland","Rapidswitch DC5 Fabric"
"281472523726848","281472523726935","GI","Gibraltar","Continent 8 Technologies PLC"
"281472525648800","281472525648815","GB","United Kingdom of Great Britain and Northern Ireland","Institute of Chartered Accountants Allocation - Internet Service"
"281472526064848","281472526064863","IT","Italy","Timenet Customers"
"281472530542328","281472530542575","JP","Japan","Green Net Co Ltd"
"281472538664288","281472538664291","AU","Australia","AAPT Limited"
"281472538730240","281472538731135","AU","Australia","TPG Internet Pty Ltd."
"281472542694400","281472542695423","KH","Cambodia","NeocomISP Limited"
"281472550303507","281472550303509","ID","Indonesia","PT. First Media TBK"
"281472567988328","281472567988331","CN","China","China Unicom Fujian Province Network"
"281472573637008","281472573637039","IN","India","Quadrant Televentures Limited"
"281472579410000","281472579410007","HK","Hong Kong","Da Cheng International Asset Management Company Limited"
"281472579423936","281472579423951","HK","Hong Kong","Tak Shing Inv Co Ltd"
"281472579449440","281472579449471","HK","Hong Kong","The University of Chicago Foundation"
"281472579670768","281472579670775","JP","Japan","MedSupportSystems"
"281472579707512","281472579707519","JP","Japan","Stellargroup Co. Ltd."
"281472579763184","281472579763199","JP","Japan","UCOM Corporation"
"281472579792720","281472579792751","JP","Japan","Arteria Networks Corporation"
"281472579841088","281472579841095","JP","Japan","Arteria Networks Corporation"
"281472579887752","281472579887755","JP","Japan","Sun Frontier"
"281472579932928","281472579932959","JP","Japan","UCOM Corporation"
"281472579968880","281472579968895","JP","Japan","Arteria Networks Corporation"
"281472580000528","281472580000551","JP","Japan","Arteria Networks Corporation"
"281472580026144","281472580026207","JP","Japan","UCOM Corporation"
"281472580056392","281472580056399","JP","Japan","UCOM Corporation"
"281472580088576","281472580088583","JP","Japan","Arteria Networks Corporation"
"281472580119552","281472580119583","JP","Japan","UCOM Corporation"
"281472580151840","281472580151863","JP","Japan","UCOM Corporation"
"281472580192328","281472580192415","JP","Japan","Arteria Networks Corporation"
"281472580230304","281472580230311","JP","Japan","Arteria Networks Corporation"
"281472580262336","281472580262343","JP","Japan","LEVEL-5 Inc."
"281472580306800","281472580306823","JP","Japan","UCOM Corporation"
"281472580338432","281472580338447","JP","Japan","Arteria Networks Corporation"
"281472580375136","281472580375151","JP","Japan","Tsunagu Network Communications Inc."
"281472580410824","281472580410831","JP","Japan","Fresco Corporation"
"281472580437856","281472580437863","JP","Japan","UCOM Corporation"
"281472580448664","281472580448667","JP","Japan","Utility"
"281472594742032","281472594742047","ID","Indonesia","Shengker"
"281472603765184","281472603765191","IN","India","Tata Teleservices Ltd"
"281472604194632","281472604194639","JP","Japan","NTT Docomo Business Inc."
"281472604833168","281472604833183","JP","Japan","Nagasaki Prefectural Government Information Systems Division"
"281472604860168","281472604860175","JP","Japan","NTT Docomo Business Inc."
"281472606089184","281472606089191","JP","Japan","NTT Docomo Business Inc."
"281472610813616","281472610813623","CN","China","BJBCXTTXJSYXZRGS"
"281472611059488","281472611059495","CN","China","Sifws Co"
"281472611096808","281472611096815","CN","China","Foster"
"281472615362828","281472615362835","AU","Australia","TPG Internet Pty Ltd."
"281472619330952","281472619330983","JP","Japan","Arteria Networks Corporation"
"281472620739392","281472620739535","PH","Philippines","Philippine Long Distance Telephone Company"
"281472626275040","281472626275043","CN","China","Tang Qixin"
"281472626317000","281472626317007","CN","China","Ningbo Huanjing Center"
"281472626598544","281472626598559","CN","China","Zhejiang Hangzhou da Wei Communications Co. Ltd"
"281472626608288","281472626608291","CN","China","Hang Ming"
"281472626632448","281472626632455","CN","China","Dean Gene Engineering Co. Ltd. Hangzhou"
"281472626730520","281472626730523","CN","China","Xiaoshan Water Governance Group"
"281472626738968","281472626738975","CN","China","Hangzhou is the Tripod with Two Handles Realty Service Co. Ltd"
"281472626748576","281472626748607","CN","China","ZJXHQHJJYXGS"
"281472626760724","281472626760727","CN","China","Ningboshi Laodongju Zhiyejineng Peixun Zhongxin"
"281472626769024","281472626769027","CN","China","Ningbo Zhenghuagangji Co. Ltd"
"281472631249880","281472631249951","SG","Singapore","NTT Singapore Pte Ltd"
"281472640846592","281472640847359","JP","Japan","Clara Online"
"281472642843568","281472642843583","CN","China","Grainger China LLC"
"281472642852728","281472642852731","CN","China","Shanghai Hualaishi International Transport Agency Co. Ltd."
"281472642871364","281472642871367","CN","China","BeiNingGe"
"281472642885108","281472642885111","CN","China","Shanghai Weiji International Transport Co. Ltd."
"281472642895856","281472642895859","CN","China","Shanghai Jing Jian Plastic Co. Ltd."
"281472642903372","281472642903375","CN","China","Liang Paper Co. Ltd. Shanghai Rep. Office"
"281472643411032","281472643411039","CN","China","Shanghai Shiyou Wangluokeji Youxiangongsi"
"281472643420964","281472643420967","CN","China","ChinaNet Shanghai Province Network"
"281472643430048","281472643430055","CN","China","Shanghai Net Fashion Development Corp."
"281472644109900","281472644109919","CN","China","ChinaNet Shanghai Province Network"
"281472649527296","281472649543679","JP","Japan","Katch Network Inc."
"281472662906376","281472662906527","JP","Japan","NTT Docomo Business Inc."
"281472668180656","281472668180671","IN","India","DishNet Wireless Limited"
"281472668226112","281472668226175","JP","Japan","NJK. Co."
"281472678392184","281472678392191","BT","Bhutan","Nima High School Thimphu"
"281472678868160","281472678868167","HK","Hong Kong","RSPC UK Fujitsu General Australia"
"281472683545414","281472683545414","SG","Singapore","IBM Cloud International B.V."
"281472684274592","281472684274592","PH","Philippines","RFV Subic Inc."
"281472684281215","281472684281215","PH","Philippines","Sky Quest Travel and Tours"
"281472684293632","281472684293635","PH","Philippines","Philippine Long Distance Telephone Company"
"281472684300417","281472684300417","PH","Philippines","Philippine Long Distance Telephone Company"
"281472684310528","281472684310543","PH","Philippines","Philippine Long Distance Telephone Company"
"281472684323740","281472684323740","PH","Philippines","KS Internet Caf"
"281472684328056","281472684328063","PH","Philippines","Philippine Long Distance Telephone Company"
"281472684332617","281472684332617","PH","Philippines","BANK"
"281472684336949","281472684336949","PH","Philippines","Shiela Mae Mahipos"
"281472684344630","281472684344630","PH","Philippines","Baclaran Textile Sales Center"
"281472684349199","281472684349199","PH","Philippines","Philippine Long Distance Telephone Company"
"281472684353488","281472684353488","PH","Philippines","Industrial and Transport Equipment Inc."
"281472684356900","281472684356900","PH","Philippines","Zensure Essentials Phil Inc."
"281472684360832","281472684360835","PH","Philippines","Philippine Long Distance Telephone Company"
"281472684364139","281472684364142","PH","Philippines","Philippine Long Distance Telephone Company"
"281472684366713","281472684366714","PH","Philippines","Philippine Long Distance Telephone Company"
"281472684370378","281472684370379","PH","Philippines","Philippine Long Distance Telephone Company"
"281472684384872","281472684384879","PH","Philippines","Philippine Long Distance Telephone Company"
"281472684390223","281472684390223","PH","Philippines","Digitel Crossing Inc."
"281472688941964","281472688941967","CN","China","Jinan Yinxianggang"
"281472693056232","281472693056235","IN","India","EIH Ltd - Demo"
"281472696582144","281472696844287","CN","China","Aliyun Computing Co. Ltd"
"281472711865380","281472711865383","PH","Philippines","Las Pinas BH E1 Link9 <> Tagaytay BH E1 Link9"
"281472712496824","281472712496847","CN","China","Shantoushanzhangjifang"
"281472712548364","281472712548364","CN","China","ZhengChuming Netbar"
"281472713997664","281472713997799","CN","China","ChinaNet Guangdong Province Network"
"281472717466488","281472717466503","JP","Japan","Star Computer Services Co. Ltd."
"281472719637984","281472719637999","JP","Japan","Fujitsu Limited"
"281472728647200","281472728647207","JP","Japan","Mitac Japan Corporation"
"281472728703152","281472728703199","PH","Philippines","Philippine Long Distance Telephone Company"
"281472728708792","281472728708799","PH","Philippines","SC Johnson and Son I"
"281472728763793","281472728763793","PH","Philippines","Pablo Roman National High School"
"281472728769064","281472728769071","PH","Philippines","Polytrade Sales & Services Inc."
"281472728774533","281472728774533","PH","Philippines","F & T Raymundo Pawnshop Inc"
"281472728781227","281472728781227","PH","Philippines","Shella Marie Tan"
"281472728786329","281472728786329","PH","Philippines","Travelpros Inc"
"281472728793591","281472728793591","PH","Philippines","BDO Unibank Inc"
"281472728799008","281472728799008","PH","Philippines","Chung Ram International Language Center"
"281472728803694","281472728803694","PH","Philippines","Golden Arches Development Corporation"
"281472728807392","281472728807392","PH","Philippines","Arlien Samsona"
"281472728812431","281472728812435","PH","Philippines","Philippine Long Distance Telephone Company"
"281472731860736","281472731862015","JP","Japan","Equinix Japan"
"281472731985744","281472731985744","PH","Philippines","Philippine Long Distance Telephone Company"
"281472732000093","281472732000093","PH","Philippines","Christ's Commission Foundationincorporat"
"281472732003691","281472732003699","PH","Philippines","Philippine Long Distance Telephone Company"
"281472732006742","281472732006742","PH","Philippines","Mon Bebe Cafe"
"281472732010269","281472732010269","PH","Philippines","Rose Aquarius Merchandising"
"281472732014485","281472732014487","PH","Philippines","Philippine Long Distance Telephone Company"
"281472732021638","281472732021643","PH","Philippines","Philippine Long Distance Telephone Company"
"281472732026801","281472732026801","PH","Philippines","Edifice Copy and Print Shop"
"281472732032806","281472732032815","PH","Philippines","Philippine Long Distance Telephone Company"
"281472732051795","281472732051795","PH","Philippines","New Energy Marketing Corp."
"281472732053398","281472732053398","PH","Philippines","Southern Pine Construction Company Incorporated"
"281472732062584","281472732062591","PH","Philippines","Fonterra Brands Phils. Inc."
"281472732076304","281472732076311","PH","Philippines","Municipality of Minglanilla Cebu"
"281472732109072","281472732109087","PH","Philippines","Tapao Mountain Resort"
"281472732128882","281472732128882","PH","Philippines","Philippine Long Distance Telephone Company"
"281472732131224","281472732131224","PH","Philippines","Orient Capital Ventures Inc."
"281472732135807","281472732135807","PH","Philippines","Christ's Commission Foundation Inc"
"281472732139350","281472732139350","PH","Philippines","Hotel Stella"
"281472732141999","281472732141999","PH","Philippines","Noreen Uy Tseng"
"281472732145010","281472732145010","PH","Philippines","Philippine Long Distance Telephone Company"
"281472732149062","281472732149068","PH","Philippines","Philippine Long Distance Telephone Company"
"281472732152906","281472732152906","PH","Philippines","Asia Landbest Properties Inc"
"281472732156356","281472732156356","PH","Philippines","Rocky Group of Companies Phils. Corp"
"281472732160261","281472732160261","PH","Philippines","1515338 Enterprise Client"
"281472732177108","281472732177111","PH","Philippines","Smart Communications Inc."
"281472732223808","281472732223839","PH","Philippines","Philippine Long Distance Telephone Company"
"281472735346688","281472735354879","JP","Japan","Asahi Net Inc."
"281472739076680","281472739076687","IN","India","Global Energy Ltd"
"281472739096080","281472739096095","IN","India","Infoserve"
"281472739450136","281472739450139","IN","India","Cert Infotrack Telematics"
"281472740459104","281472740459111","IN","India","Settymech Engineers"
"281472740765520","281472740765527","IN","India","Star Foodsrakesh"
"281472740777917","281472740777917","IN","India","Bharti Airtel Ltd."
"281472740793896","281472740793899","IN","India","Caterpillar India Private Ltd."
"281472740808260","281472740808263","IN","India","Scope International Pvt Ltd"
"281472740818080","281472740818083","IN","India","Connaught Plaza Restaurants Private Limited"
"281472740833356","281472740833359","IN","India","Department of Town and Co"
"281472740846800","281472740846807","IN","India","Bharti Airtel Ltd."
"281472740857600","281472740857607","IN","India","Jyothy Labs Limited Unit V Jagati Mini Industrial Estat"
"281472740870428","281472740870431","IN","India","Aria Technologies Private"
"281472741782976","281472741783039","TW","Taiwan (Province of China)","Chadi Network Cafe"
"281472742227488","281472742227519","JP","Japan","Arteria Networks Corporation"
"281472742271416","281472742271423","JP","Japan","UCOM Corporation"
"281472742310200","281472742310207","JP","Japan","Sanyo Shokai Ltd."
"281472742345536","281472742345583","JP","Japan","Familynet Japan Corporation"
"281472742393376","281472742393383","JP","Japan","Arteria Networks Corporation"
"281472742461432","281472742461439","JP","Japan","Mitsubishi Electric Digital Innovation Corporation"
"281472742514560","281472742514623","JP","Japan","Arteria Networks Corporation"
"281472742560360","281472742560367","JP","Japan","Saiseikaiizuohospital"
"281472742597440","281472742597503","JP","Japan","UCOM Corporation"
"281472742640928","281472742640935","JP","Japan","Iwaicosmo Holdings Inc."
"281472742720336","281472742720343","JP","Japan","World"
"281472742752536","281472742752591","JP","Japan","Broadgate"
"281472742784416","281472742784447","JP","Japan","Arteria Networks Corporation"
"281472742822136","281472742822159","JP","Japan","Arteria Networks Corporation"
"281472742877480","281472742877487","JP","Japan","Tsuchiyama Printing Co. Ltd"
"281472742964424","281472742964439","JP","Japan","Arteria Networks Corporation"
"281472743007216","281472743007231","JP","Japan","UCOM Corporation"
"281472743056424","281472743056431","JP","Japan","NEC Nexsolutions Ltd"
"281472743096192","281472743096215","JP","Japan","UCOM Corporation"
"281472743267764","281472743267767","CN","China","Pan Sheng Textile Co. Ltd. Hangzhou"
"281472743277616","281472743277623","CN","China","HANGZHOU XINWANG Logistics LTD."
"281472743286528","281472743286531","CN","China","Hangzhou Anbang Vehicle Inspection Co. Ltd."
"281472743295680","281472743295711","CN","China","Zhejiang University Network&Information Center"
"281472743305256","281472743305263","CN","China","ZJSTKJFWYXGS"
"281472743365656","281472743365663","CN","China","Anhui Chengda Mdt InfoTech Ltd"
"281472743385348","281472743385351","CN","China","Lanxi Education Sports"
"281472743391652","281472743391655","CN","China","He Yejun"
"281472743398380","281472743398383","CN","China","ChinaNet Zhejiang Province Network"
"281472743405344","281472743405347","CN","China","Yiwu Changda Construction Engineering Co. Ltd."
"281472743428500","281472743428503","CN","China","Lou Jianmin"
"281472743434428","281472743434431","CN","China","Wuyi Sanhe Industry and Trade Co. Ltd"
"281472743440316","281472743440319","CN","China","Dongyang Home Network Technology Co. Ltd"
"281472743444972","281472743444975","CN","China","Yugoslavia travel agency of gold Hua"
"281472743449796","281472743449799","CN","China","The glory of gold Hua wins tool factory"
"281472743454872","281472743454875","CN","China","Yongkang Fangyuan Internet Bar"
"281472743476164","281472743476167","CN","China","Ningbo Riyue Zhonggong Co. Ltd"
"281472743480780","281472743480783","CN","China","Qiu Gang Yi"
"281472743485636","281472743485639","CN","China","Beilun Alawangluo Co. Ltd."
"281472743490932","281472743490935","CN","China","Ningbo Jinhong Bearing Co. Ltd."
"281472743496256","281472743496259","CN","China","Ningbo Haiwanxingchen Co. Ltd."
"281472743502000","281472743502003","CN","China","Ningbo Shengteng New Material Co. Ltd."
"281472744856256","281472744856271","AU","Australia","Wex Inc."
"281472745804587","281472745804590","CN","China","China Unicom Henan Province Network"
"281472745845932","281472745845932","CN","China","Henan Luoyang Gaoxin Gaoxin"
"281472746335568","281472746335583","CN","China","Jienjczx Gov"
"281472753502496","281472753502511","CN","China","BNRL"
"281472753668096","281472753668127","CN","China","JOEYZG"
"281472753705952","281472753705983","CN","China","Fuwai Hospital"
"281472758507520","281472758509567","EC","Ecuador","Servitelconet Cia. Ltda."
"281472760674960","281472760674967","CN","China","Jinan Jinanlanshizhiyeyouxiangongsi"
"281472761285320","281472761285339","AU","Australia","TPG Internet Pty Ltd."
"281472761934848","281472761935359","CN","China","Beijing Shuhuibotong Technology Co. Ltd"
"281472764088652","281472764088663","IN","India","Interglobe Aviation Private Limited"
"281472764114476","281472764114479","IN","India","Pantaloon Retail (India) Limited"
"281472764139176","281472764139183","IN","India","Super Plastic Coats Pvt Ltd"
"281472764251744","281472764251759","JP","Japan","Logicfactory"
"281472764296632","281472764296639","JP","Japan","Arteria Networks Corporation"
"281472764329776","281472764329779","JP","Japan","Itochu Cable Systems Corp."
"281472764375848","281472764375855","JP","Japan","Arteria Networks Corporation"
"281472764411800","281472764411807","JP","Japan","Arteria Networks Corporation"
"281472764455840","281472764455999","JP","Japan","UCOM Corporation"
"281472764490496","281472764490503","JP","Japan","Arteria Networks Corporation"
"281472764529288","281472764529295","JP","Japan","UCOM Corporation"
"281472764568640","281472764568671","JP","Japan","Arteria Networks Corporation"
"281472764619992","281472764619999","JP","Japan","Broadgate"
"281472764661984","281472764661991","JP","Japan","Arteria Networks Corporation"
"281472764685640","281472764685647","JP","Japan","Arteria Networks Corporation"
"281472764867584","281472764867839","NP","Nepal","Static Subnet for CDN Customer Pool1"
"281472767561360","281472767561367","PH","Philippines","Country Builders Bank Inc."
"281472767569798","281472767569798","PH","Philippines","SM Prime Holdings Inc."
"281472768959358","281472768959362","PH","Philippines","Philippine Long Distance Telephone Company"
"281472769002356","281472769002356","PH","Philippines","O.G. Commercial Inc."
"281472769006458","281472769006458","PH","Philippines","Dipolog City Institute of Technology Inc."
"281472769011709","281472769011759","PH","Philippines","Philippine Long Distance Telephone Company"
"281472769016625","281472769016625","PH","Philippines","Lee Hae"
"281472769024965","281472769024978","PH","Philippines","Philippine Long Distance Telephone Company"
"281472769032027","281472769032034","PH","Philippines","Philippine Long Distance Telephone Company"
"281472769051229","281472769051353","PH","Philippines","Philippine Long Distance Telephone Company"
"281472769065440","281472769065441","PH","Philippines","Philippine Long Distance Telephone Company"
"281472769072568","281472769072568","PH","Philippines","Taihei Alltech Cons. Phils. Inc."
"281472769078678","281472769078678","PH","Philippines","Philippine Long Distance Telephone Company"
"281472769082304","281472769082304","PH","Philippines","Urdaneta City University"
"281472769089336","281472769089347","PH","Philippines","Philippine Long Distance Telephone Company"
"281472769097104","281472769097107","PH","Philippines","Philippine Long Distance Telephone Company"
"281472769120628","281472769120631","PH","Philippines","Philippine Long Distance Telephone Company"
"281472769139289","281472769139289","PH","Philippines","SPI CRM Inc."
"281472769148271","281472769148278","PH","Philippines","Philippine Long Distance Telephone Company"
"281472769157176","281472769157183","PH","Philippines","2019061709215 Enterprise Client"
"281472769169048","281472769169111","PH","Philippines","Philippine Long Distance Telephone Company"
"281472769174991","281472769174993","PH","Philippines","Philippine Long Distance Telephone Company"
"281472769192836","281472769192837","PH","Philippines","Team Renante Hair Make-Up & Nails Salon for Men & Women"
"281472770189057","281472770189311","IN","India","Srinagar Zone"
"281472770563840","281472770563999","CN","China","Jinan Liudalongnetbar"
"281472770672252","281472770672255","CN","China","Taian mazhuang office business"
"281472774898688","281472774898703","ID","Indonesia","SPV Purwakarta"
"281472779268096","281472779268351","PH","Philippines","ePLDT Cloud"
"281472779945288","281472779945295","IN","India","Bharti Infotel Ltd."
"281472779969708","281472779969711","IN","India","Tata Consultancy Services - Mumbai"
"281472779982952","281472779982959","IN","India","Bharti Infotel Ltd."
"281472780094920","281472780094927","IN","India","RBS India Development Center Pvt Ltd"
"281472780926464","281472780926719","JP","Japan","IIJ Internet"
"281472781557151","281472781557151","CN","China","Caizj Corp"
"281472781882679","281472781882679","CN","China","China Unicom Henan Province Network"
"281472781914288","281472781914291","CN","China","Shijq Net Bar"
"281472781929512","281472781929519","CN","China","Zggsyhgffhyyb Corp"
"281472784762384","281472784762387","CN","China","ChinaNet Guangdong Province Network"
"281472784918696","281472784918719","CN","China","ChinaNet Guangdong Province Network"
"281472785474416","281472785474423","JP","Japan","Arteria Networks Corporation"
"281472785515152","281472785515159","JP","Japan","Broadgate"
"281472785553664","281472785553855","JP","Japan","Arteria Networks Corporation"
"281472785596304","281472785596319","JP","Japan","Arteria Networks Corporation"
"281472785631724","281472785631731","JP","Japan","Arteria Networks Corporation"
"281472785659164","281472785659167","JP","Japan","StockmarkInc."
"281472785679456","281472785679487","JP","Japan","Arteria Networks Corporation"
"281472785697392","281472785697407","JP","Japan","Tsunagu Network Communications Inc."
"281472792456872","281472792456999","JP","Japan","NTT Docomo Business Inc."
"281472792974520","281472792974527","HK","Hong Kong","Asian Tat Ltd"
"281472793020032","281472793020095","HK","Hong Kong","Li Wong & Lam Solicitors"
"281472793034352","281472793034359","HK","Hong Kong","D & B (HK) Ltd"
"281472804777112","281472804777119","JP","Japan","Familynet Japan Corporation"
"281472805090392","281472805090399","JP","Japan","Familynet Japan Corporation"
"281472812025680","281472812025695","JP","Japan","SoftBank Corp."
"281472829252392","281472829252395","DE","Germany","inexio Informationstechnologie und Telekommunikation Gmbh"
"281472835182336","281472835183615","US","United States of America","Internet Utilities NA LLC"
"281472835260192","281472835260199","US","United States of America","Bejo Seeds Inc"
"281472835272616","281472835272623","US","United States of America","Action Behavior Centers LLC"
"281472835282896","281472835282903","US","United States of America","Tradewind International"
"281472835293568","281472835293575","US","United States of America","CAMP ELECTRIC and ENGINEERING INC"
"281472835303944","281472835303947","US","United States of America","Hormel Corp"
"281472835315080","281472835315135","US","United States of America","Charter Communications LLC"
"281472836878337","281472836878337","IT","Italy","FS16780-RIPE NET"
"281472838459600","281472838459615","RO","Romania","Seracom Management Consulting"
"281472840848474","281472840848475","US","United States of America","Zayo Bandwidth LLC"
"281472841352704","281472841352711","IN","India","Adani Power Maharastra"
"281472842645760","281472842649599","NL","Netherlands (Kingdom of the)","Ormilon B.V."
"281472848930432","281472848930495","US","United States of America","Boston Medical Center Health Plan"
"281472854796142","281472854796143","AR","Argentina","Facebook Inc."
"281472854798336","281472854798343","AR","Argentina","Facebook Inc."
"281472854801014","281472854801014","DE","Germany","Facebook Inc."
"281472854804648","281472854804659","SE","Sweden","Facebook Inc."
"281472854808399","281472854808399","IN","India","Facebook Inc."
"281472854810734","281472854810735","US","United States of America","Facebook Inc."
"281472854813904","281472854813904","MY","Malaysia","Facebook Inc."
"281472860605440","281472860606463","NG","Nigeria","SpaceX Services Inc."
"281472862390533","281472862390534","DE","Germany","NTT America Inc."
"281472865489024","281472865489055","KW","Kuwait","Palo Alto Networks Inc"
"281472868094646","281472868095004","US","United States of America","Verizon Business"
"281472870453218","281472870453220","US","United States of America","Cogent Communications LLC"
"281472870462409","281472870462409","DE","Germany","Cogent Communications LLC"
"281472874643456","281472874708991","US","United States of America","Amazon.com Inc."
"281472878776344","281472878776345","GB","United Kingdom of Great Britain and Northern Ireland","Tele2 Sverige AB"
"281472878790195","281472878790195","LV","Latvia","Tele2 Sverige AB"
"281472878796349","281472878796350","SE","Sweden","Tele2 Sverige AB"
"281472878812231","281472878812231","US","United States of America","Tele2 Sverige AB"
"281472878833764","281472878833764","SE","Sweden","Tele2 Sverige AB"
"281472879572160","281472879572163","CL","Chile","Salcobrand S.A."
"281472886148408","281472886148411","SV","El Salvador","Asoc Coop Ahorro Cred Ser Mult de Ingenieros Civiles de R L"
"281472887357960","281472887357967","CA","Canada","INEOS"
"281472889593304","281472889593399","US","United States of America","Secured Servers LLC"
"281472890464582","281472890464584","LU","Luxembourg","Syniverse Technologies SARL"
"281472894423136","281472894423151","US","United States of America","Cyxtera IT Network US"
"281472894604840","281472894604840","BE","Belgium","Skyhigh Security LLC"
"281472894616356","281472894616356","ES","Spain","Skyhigh Security LLC"
"281472894623268","281472894623268","TR","Turkiye","Skyhigh Security LLC"
"281472895228608","281472895228615","US","United States of America","Common Desk"
"281472895244216","281472895244223","US","United States of America","Blackstone Administrative Services Partnership L.P."
"281472895256584","281472895256591","US","United States of America","LA Advisors"
"281472895267032","281472895267039","US","United States of America","Oracle America Inc."
"281472895278248","281472895278255","US","United States of America","Zayo Bandwidth LLC"
"281472896272440","281472896272443","BR","Brazil","Forte Telecom Servicos de Comunicacao Multimidia E"
"281472913054062","281472913054099","BR","Brazil","Alan Marcelo da Silva Ltda"
"281472929022732","281472929022735","JP","Japan","TEMONA.Inc"
"281472935283200","281472935283207","MO","Macao","PV SL Hosted Macao"
"281472940345088","281472940345091","KR","Korea (the Republic of)","Telstra Graff"
"281472944041160","281472944041167","US","United States of America","Cityofpostfallsparkinthemeadows"
"281472952213504","281472952215551","US","United States of America","essensys Inc."
"281472954918784","281472954918787","FR","France","OVH SAS"
"281472955481176","281472955481183","US","United States of America","Northcentral Technical College"
"281472956403496","281472956403503","US","United States of America","OVH US LLC"
"281472964952212","281472964952230","US","United States of America","VPN by Google"
"281472978199392","281472978199423","IT","Italy","Starion Group S.A."
"281472979406692","281472979406692","DE","Germany","Hetzner Online GmbH"
"281472980185696","281472980185711","RO","Romania","Luxoft Professional Romania SRL"
"281472985074688","281472985076319","FR","France","OVH SAS"
"281472985724672","281472985724927","SG","Singapore","Palo Alto Networks Inc"
"281472997010400","281472997010431","CO","Colombia","GlobeNet Google Global Cache GGC"
"281472999359418","281472999359418","BR","Brazil","PBR Servicos de Telecomunicacoes Ltda"
"281473003196480","281473003196487","GT","Guatemala","Ca Consultores Sociedad Anonima"
"281473004415744","281473004416511","JP","Japan","Meteverse Limited."
"281473004943264","281473004943271","BR","Brazil","Signet Telecom Ltda"
"281473005157120","281473005157375","US","United States of America","NetCrafters OU"
"281473010068688","281473010068703","US","United States of America","Credit Union of Texas"
"281473010231947","281473010231951","DE","Germany","Hetzner Online GmbH"
"281473011374080","281473011375103","BR","Brazil","Totvs S.A."
"281473016767744","281473016767999","US","United States of America","Stripe LLC"
"281473020293532","281473020293535","SG","Singapore","Chao Chen"
"281473022880768","281473022881023","US","United States of America","Take-Two Interactive Software Inc."
"281473035974504","281473035974511","US","United States of America","St. Joseph Catholic"
"281473044316004","281473044316022","US","United States of America","Palo Alto Networks Inc"
"281473045134489","281473045134491","US","United States of America","Verizon Business"
"281473045162015","281473045162015","NO","Norway","Verizon Business"
"281473045523616","281473045523631","US","United States of America","IGT A Nevada Corporation"
"281473046821018","281473046821018","MV","Maldives","Fastly Inc."
"281473046822042","281473046822042","MV","Maldives","Fastly Inc."
"281473047334131","281473047334132","US","United States of America","Opera Norway AS"
"281473050804224","281473050869759","DE","Germany","Universitaet Greifswald"
"281473053615068","281473053615087","FR","France","OVH SAS"
"281473056268794","281473056268796","DE","Germany","Tinet International Network"
"281473056271257","281473056271258","CA","Canada","Tinet International Network"
"281473057264896","281473057265151","US","United States of America","Robert Gamble"
"281473057660800","281473057660815","US","United States of America","Verizon Business"
"281473061166592","281473061167071","US","United States of America","University of Michigan Information and Technology Services"
"281473062205952","281473062206463","IL","Israel","Binat Business Ltd"
"281473064157184","281473064161279","US","United States of America","Servers.com Inc."
"281473067024280","281473067024287","US","United States of America","International Follies"
"281473067667416","281473067667423","US","United States of America","Village Foxwood Rec H"
"281473067690208","281473067690215","US","United States of America","Jean Perez"
"281473070858240","281473070923775","CA","Canada","University of British Columbia"
"281473073766848","281473073766855","US","United States of America","Microsula Inc."
"281473078192384","281473078192639","US","United States of America","SPITwSPOTS"
"281473080512163","281473080512163","CO","Colombia","Google LLC"
"281473080540156","281473080540156","DE","Germany","Google LLC"
"281473080552819","281473080552840","US","United States of America","Google LLC"
"281473080572276","281473080572278","SG","Singapore","Google LLC"
"281473080611328","281473080611487","US","United States of America","Google LLC"
"281473080907480","281473080907483","BR","Brazil","GTF Industrial Ltd."
"281473084817280","281473084817311","US","United States of America","Wide Open West LLC"
"281473094550624","281473094550631","PE","Peru","Partners Logistics Peru S.A.C."
"281473097645056","281473097646079","BR","Brazil","Adylnet Telecom"
"281473102660175","281473102660175","DE","Germany","PlainPicture GmbH"
"281473102855168","281473102855423","ID","Indonesia","PT Bintang Emas Nusantara Tujuh Tujuh"
"281473103678664","281473103678671","US","United States of America","Piedmont Cancer Institute"
"281473103688944","281473103688947","US","United States of America","Network Innovations LLC"
"281473105603872","281473105603879","US","United States of America","Amica Mutual Insurance Company"
"281473105615856","281473105615859","US","United States of America","Anderson Kill"
"281473105632768","281473105632775","US","United States of America","Lem Capital L.P."
"281473105647552","281473105647567","US","United States of America","Old Orchard Capital Management"
"281473105884928","281473105885055","HK","Hong Kong","Palo Alto Networks Inc"
"281473106137688","281473106137691","US","United States of America","Publix Super Markets Inc National"
"281473106180384","281473106180387","US","United States of America","Sai Oral Surgery"
"281473111348824","281473111348831","NL","Netherlands (Kingdom of the)","Anexia Cloud Solutions GmbH"
"281473112323353","281473112323353","CA","Canada","Cogent Communications LLC"
"281473115398733","281473115398736","IT","Italy","Telex S.R.L."
"281473129055488","281473129055999","HK","Hong Kong","Brander Group Inc."
"281473130260480","281473130262527","SA","Saudi Arabia","Oracle Svenska AB"
"281473131048352","281473131048359","DE","Germany","BK media UG"
"281473131061224","281473131061231","DE","Germany","Messeprojekt GmbH"
"281473131080360","281473131080367","DE","Germany","Yangfeng Europe Automotive Interior Systems Limited & Co. KG"
"281473131248852","281473131248855","DE","Germany","Renosan Chemie & Technik GmbH"
"281473132558354","281473132558739","US","United States of America","Rackspace Inc."
"281473135807503","281473135807743","PK","Pakistan","M247 Europe SRL"
"281473136180740","281473136180741","NF","Norfolk Island","iCloud Private Relay"
"281473141594112","281473141595135","RU","Russian Federation","SM Ltd."
"281473143546905","281473143546905","CH","Switzerland","UUNET Pipex"
"281473143551489","281473143551489","FI","Finland","UUNET Pipex"
"281473143555193","281473143555193","SE","Sweden","UUNET Pipex"
"281473143578907","281473143578908","GB","United Kingdom of Great Britain and Northern Ireland","UUNET Pipex"
"281473143599333","281473143599334","US","United States of America","UUNET Pipex"
"281473147943360","281473147943391","AT","Austria","WEBanizer AG"
"281473148009976","281473148009983","US","United States of America","Premier Bank"
"281473148025096","281473148025103","US","United States of America","GLT Companies LLC"
"281473148040464","281473148040471","US","United States of America","Wood County Hospital"
"281473148055136","281473148055199","US","United States of America","Charter Communications Inc"
"281473151274720","281473151274735","TH","Thailand","Pola Cosmetics"
"281473151316480","281473151316487","TH","Thailand","Jasd Com"
"281473152966281","281473152966281","US","United States of America","Facebook Israel Ltd"
"281473156879672","281473156879679","FR","France","OVH SAS"
"281473160180736","281473160180991","US","United States of America","The Timken Company"
"281473163956864","281473163956895","GB","United Kingdom of Great Britain and Northern Ireland","Microsoft Limited"
"281473168677628","281473168677631","US","United States of America","Psyclone Media Inc."
"281473169780280","281473169780287","US","United States of America","Progress Place Associates LLC"
"281473169821792","281473169821799","US","United States of America","Gruenberg Kelly Della"
"281473169842024","281473169842027","US","United States of America","Nitel"
"281473171436864","281473171436895","DO","Dominican Republic","Compania Dominicana de Telefonos S. A."
"281473172398080","281473172400127","US","United States of America","Oracle Corporation"
"281473173898613","281473173898618","NL","Netherlands (Kingdom of the)","ServiceNow Inc"
"281473179343872","281473179344127","SG","Singapore","Garena SG"
"281473180758192","281473180758215","MX","Mexico","Axtel S.A.B. de C.V."
"281473180868448","281473180868479","MX","Mexico","Vission XXI Sa de CV"
"281473181262784","281473181262847","DE","Germany","Hetzner Online GmbH"
"281473181892610","281473181892615","US","United States of America","Cogent Communications LLC"
"281473181960329","281473181960329","FR","France","Cogent Communications LLC"
"281473181977904","281473181977911","DE","Germany","Cogent Communications LLC"
"281473182008440","281473182008507","FR","France","Cogent Communications LLC"
"281473182289426","281473182289428","US","United States of America","Cogent Communications LLC"
"281473182417408","281473182417919","DE","Germany","Cogent Communications LLC"
"281473182502985","281473182502985","GB","United Kingdom of Great Britain and Northern Ireland","Cogent Communications LLC"
"281473182751371","281473182751371","SG","Singapore","LogicWeb Inc"
"281473182759430","281473182759433","US","United States of America","LogicWeb Inc"
"281473182781840","281473182781841","SG","Singapore","LogicWeb Inc"
"281473182783625","281473182783627","SG","Singapore","LogicWeb Inc"
"281473182785524","281473182785524","SG","Singapore","LogicWeb Inc"
"281473182788473","281473182788473","SG","Singapore","CGI Global Limited"
"281473182791581","281473182791581","SG","Singapore","CGI Global Limited"
"281473182793431","281473182793431","SG","Singapore","CGI Global Limited"
"281473183557139","281473183557139","HK","Hong Kong","Cogent Communications LLC"
"281473183562983","281473183562983","HK","Hong Kong","Cogent Communications LLC"
"281473183566198","281473183566198","HK","Hong Kong","Cogent Communications LLC"
"281473183569229","281473183569229","HK","Hong Kong","Cogent Communications LLC"
"281473183579463","281473183579463","HK","Hong Kong","Cogent Communications LLC"
"281473185257696","281473185257707","CA","Canada","OVH Hosting Inc."
"281473185301355","281473185301357","SG","Singapore","LogicWeb Inc"
"281473185308606","281473185308608","US","United States of America","LogicWeb Inc"
"281473185323714","281473185323719","US","United States of America","LogicWeb Inc"
"281473185334315","281473185334316","SG","Singapore","LogicWeb Inc"
"281473185336429","281473185336430","SG","Singapore","LogicWeb Inc"
"281473185339203","281473185339204","SG","Singapore","LogicWeb Inc"
"281473185341011","281473185341011","SG","Singapore","LogicWeb Inc"
"281473187895439","281473187895439","US","United States of America","ServiceNow Inc"
"281473188691968","281473188757503","SA","Saudi Arabia","Saudi Telecom Company JSC"
"281473192566528","281473192566783","US","United States of America","NC Dept of Health and Human Services"
"281473194847616","281473194847823","FR","France","OVH SAS"
"281473205381120","281473205382143","SG","Singapore","RacksCentral SG"
"281473212779600","281473212779607","US","United States of America","Trend Micro"
"281473212794680","281473212794687","US","United States of America","Charter Communications LLC"
"281473212813312","281473212813319","US","United States of America","Bolanos and Lowe"
"281473213404160","281473213405183","NL","Netherlands (Kingdom of the)","Oracle Corporation"
"281473215136784","281473215136799","IT","Italy","Conforti"
"281473215148296","281473215148303","IT","Italy","Interparking Italia"
"281473215159520","281473215159527","IT","Italy","3D Produzioni"
"281473215371432","281473215371439","IT","Italy","Dap Sides Eurologistica SRL"
"281473215397376","281473215397503","IT","Italy","Concordi126"
"281473215459800","281473215459807","IT","Italy","ITNET S.R.L."
"281473215776296","281473215776303","IT","Italy","Noi Cucine SRL"
"281473216548352","281473216548607","IT","Italy","Genesys Informatica srl"
"281473216571552","281473216571559","IT","Italy","Wintech S.p.a."
"281473216602840","281473216602847","IT","Italy","Uglservizi Salerno di Bisogno Franco S.A.S."
"281473220387432","281473220387435","IE","Ireland","OVH SAS"
"281473221642024","281473221642027","IT","Italy","Viprof SRL"
"281473226978184","281473226978199","US","United States of America","Amazon.com Services LLC"
"281473227015104","281473227015107","US","United States of America","6006 Fairlakes Hotel LLC DBA Homewood Suites"
"281473227336744","281473227336744","FR","France","CIE"
"281473227522720","281473227522735","DE","Germany","Vodafone GmbH"
"281473227975256","281473227975263","US","United States of America","EZ Storage"
"281473228265264","281473228265279","US","United States of America","Verizon Business"
"281473230319360","281473230319615","IR","Iran (Islamic Republic of)","Bahonar University"
"281473231015424","281473231015679","UA","Ukraine","Diamond IP Brokers Fzco"
"281473231278080","281473231278335","MX","Mexico","Bunny Communications LLC"
"281473235295800","281473235295827","IN","India","Bharti Airtel Ltd."
"281473235331016","281473235331111","IN","India","Bharti Airtel Ltd."
"281473236042973","281473236042974","CA","Canada","Verizon Business"
"281473242135896","281473242135903","UY","Uruguay","Tiws Prosegur"
"281473244113264","281473244113267","US","United States of America","Fca US LLC"
"281473244566112","281473244566127","US","United States of America","Granite Telecommunications LLC"
"281473244600304","281473244600319","US","United States of America","Exelis"
"281473249025408","281473249025535","SI","Slovenia","Osnovna sola Ziri"
"281473251700736","281473251717119","US","United States of America","SIX Financial Information USA Inc."
"281473254702624","281473254702627","DE","Germany","LuxNetwork S.A."
"281473257831624","281473257831631","JP","Japan","MAHLE Japan Ltd."
"281473258491976","281473258491983","JP","Japan","NTT Docomo Business Inc."
"281473258506536","281473258506543","JP","Japan","MS&AD Systems Co. Ltd."
"281473258551744","281473258551751","JP","Japan","NTT Data Corporation"
"281473263860984","281473263860991","JP","Japan","Medical Corporation tomohirokai"
"281473264789208","281473264789215","JP","Japan","Nike Japan Corp."
"281473264801520","281473264801527","JP","Japan","Allied Telesis K.K."
"281473265881109","281473265881109","SG","Singapore","LogicWeb Inc"
"281473265882878","281473265882878","SG","Singapore","LogicWeb Inc"
"281473266052573","281473266052574","US","United States of America","Cogent Communications LLC"
"281473266355840","281473266355879","GB","United Kingdom of Great Britain and Northern Ireland","Mitsubishi Electric Europe BV"
"281473266360673","281473266360673","GB","United Kingdom of Great Britain and Northern Ireland","GTT"
"281473266365032","281473266365039","GB","United Kingdom of Great Britain and Northern Ireland","GTT Communications Inc."
"281473266371290","281473266371300","DE","Germany","GTT"
"281473266378608","281473266378615","BE","Belgium","Etex Services NV"
"281473266386657","281473266386657","FR","France","GTT"
"281473266390576","281473266390583","NL","Netherlands (Kingdom of the)","GTT"
"281473266393857","281473266393857","IT","Italy","GTT"
"281473266400608","281473266400611","FR","France","GTT Communications Inc."
"281473266410776","281473266410783","CH","Switzerland","Stork Nederland"
"281473266517111","281473266517111","NL","Netherlands (Kingdom of the)","Digital Energy Technologies Limited"
"281473267010365","281473267010366","CA","Canada","Cogent Communications LLC"
"281473267028685","281473267028686","CA","Canada","Cogent Communications LLC"
"281473267074695","281473267074696","US","United States of America","Cogent Communications LLC"
"281473267076957","281473267076958","DE","Germany","Cogent Communications LLC"
"281473267144587","281473267144587","CA","Canada","Cogent Communications LLC"
"281473267165204","281473267165207","AR","Argentina","Cogent Communications LLC"
"281473268642307","281473268642307","SG","Singapore","Cogent Communications LLC"
"281473268977697","281473268977698","SE","Sweden","Cogent Communications LLC"
"281473268982853","281473268982854","CH","Switzerland","Cogent Communications LLC"
"281473268988275","281473268988276","US","United States of America","Cogent Communications LLC"
"281473268990856","281473268990856","CA","Canada","Cogent Communications LLC"
"281473268994259","281473268994296","US","United States of America","Cogent Communications LLC"
"281473269268992","281473269270527","US","United States of America","Cogent Communications LLC"
"281473270079248","281473270079255","ZA","South Africa","Tyger Valley 1 Node Management Subnet"
"281473270974137","281473270974137","HK","Hong Kong","Cloud Innovation Ltd"
"281473272909856","281473272909887","ZA","South Africa","Tertiary Education and Research Network of South Africa"
"281473278639616","281473278640127","IN","India","Real Time Data Services Private Limited"
"281473280099074","281473280099078","NL","Netherlands (Kingdom of the)","Cloud Innovation Ltd"
"281473283001656","281473283001659","TZ","Tanzania, the United Republic of","Puma Energy Ltd - DSM Puma Eaviation Depot"
"281473283013128","281473283013131","TZ","Tanzania, the United Republic of","Job Connect Limited - Josam House Bunju"
"281473289898496","281473289898751","MA","Morocco","Bunny Communications LLC"
"281473292645974","281473292645974","ZA","South Africa","Safren Computer Services"
"281473292650247","281473292650259","ZA","South Africa","Safren Computer Services"
"281473292655453","281473292655453","ZA","South Africa","Safren Computer Services"
"281473292657186","281473292657186","ZA","South Africa","Safren Computer Services"
"281473292677205","281473292677213","ZA","South Africa","Safren Computer Services"
"281473294668390","281473294668635","US","United States of America","Cisco OpenDNS LLC"
"281473300244840","281473300244843","US","United States of America","Wal Mart"
"281473302558605","281473302558607","IT","Italy","Telecom Italia S.p.A."
"281473306143635","281473306143637","US","United States of America","McKinsey & Company Inc."
"281473314067555","281473314067555","HK","Hong Kong","PT Citra Celebas Multimedia"
"281473314979840","281473314980351","ID","Indonesia","LightNode Limited"
"281473315546027","281473315546031","DE","Germany","Cloud Innovation Ltd"
"281473317107712","281473317108223","ID","Indonesia","PT Sapta Andara Nusantara"
"281473319496328","281473319496335","US","United States of America","Microsoft Corporation"
"281473323692328","281473323692335","SG","Singapore","Colt Technology Services Group Limited"
"281473326768454","281473326768454","JM","Jamaica","Forcepoint One AWS BYOIP"
"281473326771633","281473326771633","NO","Norway","Forcepoint Cloud SWG"
"281473331511358","281473331511359","BR","Brazil","Facebook Inc."
"281473331513746","281473331513747","NL","Netherlands (Kingdom of the)","Facebook Inc."
"281473331516198","281473331516203","US","United States of America","Facebook Inc."
"281473331518660","281473331518661","SG","Singapore","Facebook Inc."
"281473335915520","281473335916543","US","United States of America","Indian Wells Valley ISP"
"281473337109864","281473337109871","IT","Italy","Sandro Pazzi"
"281473341773568","281473341773823","US","United States of America","Brander Group Inc."
"281473344109443","281473344109453","US","United States of America","International Business Machines Corporation"
"281473349880818","281473349880818","GB","United Kingdom of Great Britain and Northern Ireland","International Business Machines Corporation"
"281473353301024","281473353301055","GB","United Kingdom of Great Britain and Northern Ireland","F5 Inc."
"281473354481776","281473354481776","DE","Germany","CenturyLink Communications LLC"
"281473355612160","281473355677695","US","United States of America","North State Telephone LLC"
"281473357447652","281473357447681","US","United States of America","Zoom Video Communications Inc"
"281473362080256","281473362080511","NL","Netherlands (Kingdom of the)","Andrei Zaitsev"
"281473367368544","281473367368547","LY","Libya","Awal Telecom & Technology"
"281473368330255","281473368330255","NL","Netherlands (Kingdom of the)","Oracle Corporation"
"281473370826496","281473370826559","US","United States of America","Zayo Bandwidth LLC"
"281473370846512","281473370846519","US","United States of America","Expereo International BV"
"281473370864436","281473370864439","US","United States of America","CVS Pharmacy Inc"
"281473374027848","281473374027852","ZA","South Africa","Mega Plastics (Pty) Ltd"
"281473374036202","281473374036241","ZA","South Africa","Mega Plastics (Pty) Ltd"
"281473374041712","281473374041718","ZA","South Africa","Mega Plastics (Pty) Ltd"
"281473374058630","281473374058630","ZA","South Africa","Mega Plastics (Pty) Ltd"
"281473374064484","281473374064486","ZA","South Africa","Mega Plastics (Pty) Ltd"
"281473374225527","281473374225527","HK","Hong Kong","Posix Systems (Pty) Ltd"
"281473374231120","281473374231120","HK","Hong Kong","Posix Systems (Pty) Ltd"
"281473374234511","281473374234511","HK","Hong Kong","Posix Systems (Pty) Ltd"
"281473374248944","281473374248944","HK","Hong Kong","Posix Systems (Pty) Ltd"
"281473374254433","281473374254433","HK","Hong Kong","Posix Systems (Pty) Ltd"
"281473374259577","281473374259577","HK","Hong Kong","Posix Systems (Pty) Ltd"
"281473374261470","281473374261470","HK","Hong Kong","Posix Systems (Pty) Ltd"
"281473374263378","281473374263380","HK","Hong Kong","Posix Systems (Pty) Ltd"
"281473374286952","281473374286952","HK","Hong Kong","Posix Systems (Pty) Ltd"
"281473378669056","281473378669567","BD","Bangladesh","Abu Technology"
"281473382371840","281473382372095","JP","Japan","NTT Data CCS Corporation"
"281473386370560","281473386370815","HR","Croatia","Hrvatski veterinarski institut"
"281473391346481","281473391346484","CA","Canada","Interserver Inc"
"281473394976232","281473394976255","CA","Canada","Telus Communications Inc."
"281473396170335","281473396170335","SG","Singapore","International Business Machines Corporation"
"281473400766472","281473400766479","US","United States of America","Ali Katbeth"
"281473400778272","281473400778279","US","United States of America","Singh Surjit"
"281473400792632","281473400792639","US","United States of America","Bela Group"
"281473400805192","281473400805199","US","United States of America","INet Solutions"
"281473400816392","281473400816399","US","United States of America","Hanagan' Inc"
"281473400827488","281473400827495","US","United States of America","County of Hudson"
"281473401816576","281473401819135","US","United States of America","FastTrack Communications Inc."
"281473406048221","281473406048221","GB","United Kingdom of Great Britain and Northern Ireland","Level 3 Communications Ltd"
"281473407568974","281473407568974","MR","Mauritania","VPN by Google"
"281473408303104","281473408368639","US","United States of America","Hoffmann Laroche Inc."
"281473409820800","281473409820807","US","United States of America","HARPER and CO"
"281473409834064","281473409834079","US","United States of America","Charter Communications Inc"
"281473409847920","281473409847927","US","United States of America","Monco Enterprises Inc"
"281473409863512","281473409863527","US","United States of America","Charter Communications Inc"
"281473410059264","281473410059519","TH","Thailand","CloudFlare Inc."
"281473413566208","281473413566463","US","United States of America","BMG 40"
"281473413911552","281473413912575","US","United States of America","SD Data Center"
"281473414162688","281473414162695","US","United States of America","Hampton Inn Murrells Inlet - (843) 651"
"281473414301696","281473414303743","US","United States of America","Smith Micro Software Inc."
"281473415885440","281473415885455","US","United States of America","Promenade"
"281473416090624","281473416091647","US","United States of America","Great Plains Communications LLC"
"281473416290304","281473416291327","US","United States of America","X10Hosting LLC"
"281473416814982","281473416814984","BE","Belgium","Ionis Group - Ionis Schools of Technology and Management SAS"
"281473423951616","281473423951871","CA","Canada","IBM Deutschland GmbH"
"281473424080702","281473424080895","SA","Saudi Arabia","Netskope Inc."
"281473424881408","281473424881663","AU","Australia","Wolfe Systems IT"
"281473428281699","281473428281699","KR","Korea (the Republic of)","Kyung Hee University"
"281473428283120","281473428283120","KR","Korea (the Republic of)","Kyung Hee University"
"281473428289891","281473428289892","KR","Korea (the Republic of)","Kyung Hee University"
"281473429536000","281473429536511","GB","United Kingdom of Great Britain and Northern Ireland","Nedbank Limited"
"281473435870464","281473435870975","US","United States of America","Horizon Teleports GmbH"
"281473439777792","281473439779327","IN","India","NICNET India"
"281473441875328","281473441875391","CZ","Czechia","OVH SAS"
"281473443293456","281473443293459","US","United States of America","TODO"
"281473450106785","281473450106814","EC","Ecuador","Palo Alto Networks Inc"
"281473455569344","281473455569407","UY","Uruguay","Palo Alto Networks Inc"
"281473459207936","281473459208191","US","United States of America","Midwest Express Inc"
"281473460905280","281473460905295","US","United States of America","North Wind Group"
"281473462682680","281473462682687","US","United States of America","Boston Consulting Group"
"281473466791168","281473466791423","US","United States of America","Metronet"
"281473470892400","281473470892415","US","United States of America","Newfold Digital Inc."
"281473470933039","281473470933040","US","United States of America","Vodafone Americas"
"281473472680192","281473472680447","US","United States of America","EdgeCast Networks Inc."
"281473489739817","281473489739822","US","United States of America","Political Media Inc."
"281473491037120","281473491037143","CA","Canada","OVH Hosting Inc."
"281473492908032","281473492908799","US","United States of America","Eastern Iowa IP LLC"
"281473497056064","281473497056079","US","United States of America","CableVision Systems Corp."
"281473497098304","281473497098311","US","United States of America","Mindpearl Inc"
"281473499896136","281473499896139","BR","Brazil","Vogel Solucoes em Telecom e Informatica S/A"
"281473500315648","281473500316415","BR","Brazil","Net Guibor"
"281473505308278","281473505308282","ZA","South Africa","Free State Education Department"
"281473505309722","281473505309722","ZA","South Africa","Free State Education Department"
"281473505333346","281473505333347","ZA","South Africa","Free State Education Department"
"281473505338370","281473505338370","ZA","South Africa","Free State Education Department"
"281473505343594","281473505343607","ZA","South Africa","Free State Education Department"
"281473506599520","281473506599583","TW","Taiwan (Province of China)","Chunghwa Telecom Co. Ltd."
"281473509755904","281473509756927","US","United States of America","DigitalOcean LLC"
"281473513143296","281473513144319","BR","Brazil","Contrate Telecomunicacoes Ltda"
"281473513782817","281473513782817","BR","Brazil","Rondonia Parafusos E Ferragens Ltda"
"281473513831373","281473513831373","HK","Hong Kong","The Atomic Energy Board"
"281473513840122","281473513840122","HK","Hong Kong","The Atomic Energy Board"
"281473513855134","281473513855134","HK","Hong Kong","The Atomic Energy Board"
"281473513871623","281473513871623","HK","Hong Kong","The Atomic Energy Board"
"281473513877707","281473513877707","HK","Hong Kong","The Atomic Energy Board"
"281473515068160","281473515068415","AU","Australia","Cradlepoint Inc."
"281473515560560","281473515560567","BR","Brazil","Hapvida Assistencia Medica S.A"
"281473519605504","281473519606015","IN","India","International Business Machines Corporation"
"281473520408974","281473520408974","NL","Netherlands (Kingdom of the)","International Business Machines Corporation"
"281473526030310","281473526030328","HK","Hong Kong","Netstar (SG) Pte. Ltd."
"281473532776651","281473532776651","ZA","South Africa","Platinum Crest"
"281473533929824","281473533929839","PE","Peru","Comunicate Facil S.A.C."
"281473537481976","281473537481983","US","United States of America","Atlantic Coast Restaurant and Mechanical Services LLC"
"281473537501064","281473537501087","US","United States of America","Zayo Bandwidth LLC"
"281473537515696","281473537515703","US","United States of America","CyrusOne LLC"
"281473538326528","281473538392063","US","United States of America","Amazon.com Inc."
"281473539042276","281473539042279","BR","Brazil","Adium S.A."
"281473539222236","281473539222239","BR","Brazil","Ascendant Com. de Veiculos Ltd."
"281473539296072","281473539296075","BR","Brazil","GR Internet Telecom Ser. E Com. de Prod. de Inf."
"281473540476928","281473540478975","CA","Canada","Altima Telecom"
"281473542398528","281473542398559","US","United States of America","Coremark Hosting"
"281473545595888","281473545595895","US","United States of America","Strieter Motor Company"
"281473549177008","281473549177015","PE","Peru","Opt Cir3465"
"281473550005707","281473550005711","CA","Canada","VA Servers"
"281473550122209","281473550122209","BR","Brazil","Sanear Consultoria Ambiental Ltda"
"281473552120966","281473552120969","CY","Cyprus","LVNET Ltd"
"281473571917824","281473571918079","AU","Australia","CloudFlare Inc."
"281473572775928","281473572775943","US","United States of America","TPx Communications"
"281473573160240","281473573160247","US","United States of America","Charter Communications Inc"
"281473573173744","281473573173775","US","United States of America","Charter Communications Inc"
"281473573754456","281473573754487","US","United States of America","Northland Communications"
"281473573879348","281473573879351","US","United States of America","ColorEdge"
"281473575400449","281473575400456","GB","United Kingdom of Great Britain and Northern Ireland","EGIHosting"
"281473581651303","281473581651305","GB","United Kingdom of Great Britain and Northern Ireland","Google LLC"
"281473581653641","281473581653641","BR","Brazil","Google LLC"
"281473582167808","281473582167925","US","United States of America","iCloud Private Relay"
"281473582219488","281473582219503","SL","Sierra Leone","iCloud Private Relay"
"281473583275778","281473583275840","HK","Hong Kong","LeaseWeb Hong Kong Limited"
"281473583980288","281473583980543","FR","France","Subnet Digital LLC"
"281473584077952","281473584077967","US","United States of America","Prep for Prep"
"281473584089296","281473584089303","US","United States of America","Rosita LLC"
"281473584102544","281473584102567","US","United States of America","Charter Communications Inc"
"281473584114280","281473584114303","US","United States of America","Charter Communications Inc"
"281473584126424","281473584126431","US","United States of America","US CBP"
"281473584726736","281473584726743","US","United States of America","Direct Mail Logistic"
"281473584742840","281473584742847","US","United States of America","INC Judi Krogstad MD"
"281473584756400","281473584756407","US","United States of America","DWB and Sons LLC"
"281473584767656","281473584767663","US","United States of America","Comcast Cable Communications LLC"
"281473584779672","281473584779679","US","United States of America","Comcast Cable Communications LLC"
"281473584792144","281473584792151","US","United States of America","Primacare - 9"
"281473584805328","281473584805335","US","United States of America","Comcast Cable Communications LLC"
"281473584820008","281473584820015","US","United States of America","Granite Links"
"281473584834424","281473584834431","US","United States of America","Vargas Orthodontics"
"281473584850120","281473584850143","US","United States of America","Comcast Cable Communications LLC"
"281473584863944","281473584863951","US","United States of America","Comcast Cable Communications LLC"
"281473584879432","281473584879439","US","United States of America","Roberts Travis"
"281473584893840","281473584893871","US","United States of America","Comcast Cable Communications LLC"
"281473584910048","281473584910055","US","United States of America","La Quinta"
"281473584925952","281473584925959","US","United States of America","Charlton Engle Marketing"
"281473584938512","281473584938583","US","United States of America","Comcast Cable Communications LLC"
"281473584949840","281473584949847","US","United States of America","Comcast Cable Communications LLC"
"281473584960792","281473584960799","US","United States of America","Stephen Fadem MD PA"
"281473584972896","281473584972903","US","United States of America","Triton Overseas"
"281473584983168","281473584983175","US","United States of America","Sigmax Security"
"281473584996096","281473584996103","US","United States of America","Paragon Alliance Grou"
"281473585011120","281473585011135","US","United States of America","Nationwi Synergy Inc"
"281473585028816","281473585028823","US","United States of America","Rebath Mobile"
"281473585044784","281473585044791","US","United States of America","Oe3 Fresno"
"281473585060592","281473585060615","US","United States of America","Comcast Cable Communications LLC"
"281473585076392","281473585076399","US","United States of America","Boston Agrex Inc"
"281473585089216","281473585089223","US","United States of America","Scott Takushi"
"281473585100360","281473585100383","US","United States of America","Comcast Cable Communications LLC"
"281473585113856","281473585113911","US","United States of America","Comcast Cable Communications LLC"
"281473585126904","281473585126911","US","United States of America","Communication Arts"
"281473585142864","281473585142871","US","United States of America","Comcast Cable Communications LLC"
"281473585157544","281473585157551","US","United States of America","Concord Aviation Co"
"281473585172304","281473585172311","US","United States of America","Comcast Cable Communications LLC"
"281473585186784","281473585186815","US","United States of America","Comcast Cable Communications LLC"
"281473585201448","281473585201455","US","United States of America","Dunteman R W Co Contrs"
"281473585217216","281473585217223","US","United States of America","Thornton Powell"
"281473585231264","281473585231287","US","United States of America","Comcast Cable Communications LLC"
"281473585246040","281473585246047","US","United States of America","Hegensch MFD"
"281473586964472","281473586964479","US","United States of America","Flow Write Plumbing Inc"
"281473586980888","281473586980895","US","United States of America","Charter Communications Inc"
"281473587236712","281473587236719","US","United States of America","Holt Woods & Scisciani LLP"
"281473587824904","281473587824911","US","United States of America","Western U ITVPN"
"281473588604424","281473588604431","US","United States of America","Verizon Business"
"281473589075976","281473589076735","US","United States of America","Verizon Business"
"281473590433344","281473590433351","US","United States of America","Darlington County Water"
"281473590445984","281473590445991","US","United States of America","Dea Carolinas District Offices"
"281473590459472","281473590459479","US","United States of America","Charter Communications Inc"
"281473594691656","281473594691663","US","United States of America","Kocal Hoa"
"281473594703680","281473594703687","US","United States of America","Community Leadership Aca"
"281473594719504","281473594719519","US","United States of America","Carmichael Lynch"
"281473594734160","281473594734167","US","United States of America","Brands Precept"
"281473594747264","281473594747271","US","United States of America","Phinney Bischoff Design"
"281473594761208","281473594761215","US","United States of America","Republican Org House"
"281473594777336","281473594777343","US","United States of America","Brainer USA"
"281473594792488","281473594792495","US","United States of America","Torrillo and Assoc"
"281473594806256","281473594806271","US","United States of America","Ashby & Geddes"
"281473594819344","281473594819359","US","United States of America","Comcast Cable Communications LLC"
"281473594836488","281473594836495","US","United States of America","Property Magna Asset and"
"281473594852376","281473594852383","US","United States of America","Comcast Cable Communications LLC"
"281473594867680","281473594867687","US","United States of America","M L McDonald"
"281473594881784","281473594881791","US","United States of America","Dunkin Donuts"
"281473594909728","281473594909735","US","United States of America","Comcast Cable Communications LLC"
"281473594929096","281473594929103","US","United States of America","Grace Fellowship"
"281473594941888","281473594941903","US","United States of America","Beasley FM Aquisition"
"281473594957744","281473594957751","US","United States of America","Knights Inn"
"281473594970688","281473594970695","US","United States of America","Lewis Design LLC"
"281473594983488","281473594983495","US","United States of America","Comfort Inn"
"281473594994632","281473594994639","US","United States of America","Arden Realty"
"281473595006472","281473595006479","US","United States of America","Project Happiness"
"281473595020056","281473595020063","US","United States of America","Aurora Circuits"
"281473595034352","281473595034359","US","United States of America","Clear Brook Center"
"281473595047456","281473595047463","US","United States of America","John R Kuss"
"281473595061592","281473595061599","US","United States of America","Check Facility Inc"
"281473595077832","281473595077887","US","United States of America","Comcast Cable Communications LLC"
"281473595090584","281473595090591","US","United States of America","Crysler-Jeep Dodge"
"281473595103696","281473595103719","US","United States of America","Comcast Cable Communications LLC"
"281473595116160","281473595116175","US","United States of America","Ourisman Automotive"
"281473595129784","281473595129791","US","United States of America","Comcast Cable Communications LLC"
"281473595142840","281473595142847","US","United States of America","Holiday Inn Express"
"281473595162080","281473595162087","US","United States of America","Hanover Family Practi"
"281473595175328","281473595175335","US","United States of America","St. Matthews Episcopal"
"281473595186848","281473595186855","US","United States of America","Bank Devon"
"281473595197384","281473595197399","US","United States of America","Comcast Cable Communications LLC"
"281473595208448","281473595208455","US","United States of America","BCT Consulting"
"281473597047056","281473597047063","US","United States of America","Charter Communications Inc"
"281473597084528","281473597084535","US","United States of America","Snapchat Inc"
"281473597098960","281473597098967","US","United States of America","Charter Communications Inc"
"281473597115900","281473597115903","US","United States of America","Charter Communications Inc"
"281473597130272","281473597130287","US","United States of America","Charter Communications Inc"
"281473597148648","281473597148655","US","United States of America","Cobra Trading"
"281473597164792","281473597164799","US","United States of America","American Pet Resort LLC"
"281473597183104","281473597183111","US","United States of America","Restaurant Home"
"281473597198264","281473597198271","US","United States of America","Servco Pacific Inc"
"281473597636788","281473597636791","US","United States of America","PacketExchange Inc"
"281473597911376","281473597911383","CA","Canada","Web Hosting Canada"
"281473597934336","281473597934339","CA","Canada","Thomas Roofing London"
"281473597962576","281473597962591","US","United States of America","BroadbandOne LLC"
"281473598619680","281473598619687","US","United States of America","Trans Service TXX"
"281473598630120","281473598630127","US","United States of America","Lu Youth Organziation"
"281473598640032","281473598640039","US","United States of America","Optimum Online"
"281473598650832","281473598650839","US","United States of America","Slovak Catholicsokol"
"281473598661592","281473598661599","US","United States of America","Xclusive PC&IT LLC"
"281473598672336","281473598672343","US","United States of America","Echo HDFC Tremont"
"281473598682320","281473598682327","US","United States of America","Thylon Assoc"
"281473599223808","281473599224063","US","United States of America","Central Washington University - Des Moines"
"281473599897632","281473599897639","CA","Canada","Tricorbrau NETWOLVES CORP NEWKIRK"
"281473599905808","281473599905811","CA","Canada","Jen EASTERN HEALTH ST. JOHNS"
"281473599909944","281473599909947","CA","Canada","A S Automation"
"281473599915504","281473599915519","EG","Egypt","VPN Consumer Network"
"281473600226304","281473600226431","US","United States of America","Mesa County Valley School District No. 51"
"281473600344000","281473600344031","CA","Canada","VIP Tel"
"281473600538544","281473600538591","US","United States of America","Roland Machinery"
"281473600676608","281473600676863","US","United States of America","Cablevision Infrastructure"
"281473600812744","281473600812751","US","United States of America","Urban GIS Inc"
"281473600954368","281473600955327","US","United States of America","NETPR NYC CV"
"281473603927528","281473603927551","US","United States of America","Optimum Online"
"281473606892728","281473606892735","CA","Canada","Cooper Equipment Rentals Limited"
"281473607505392","281473607505399","US","United States of America","Loflin Concrete"
"281473607518896","281473607518903","US","United States of America","Charter Communications Inc"
"281473608093048","281473608093055","US","United States of America","Britelife Hilton Head Island"
"281473609303172","281473609303175","US","United States of America","Sunpower Electric"
"281473609315016","281473609315023","US","United States of America","The Liberty Company Insurance Brokers Inc"
"281473609911904","281473609911907","US","United States of America","Desiree Scales"
"281473610021056","281473610021063","CA","Canada","MegaPath"
"281473610290848","281473610290855","CA","Canada","Avantage.visic.com"
"281473610302816","281473610302823","CA","Canada","Diffusion Solutions Integrees"
"281473610314304","281473610314335","CA","Canada","Mon Levier Inc"
"281473610326952","281473610326959","CA","Canada","Grupo Xmarts Sa De Cv"
"281473610341632","281473610341887","CA","Canada","Panelbox"
"281473620576020","281473620576043","CN","China","China Unicom Fujian Province Network"
"281473635128586","281473635128587","DE","Germany","Hetzner Online GmbH"
"281473635210301","281473635210301","DE","Germany","M247 Europe SRL"
"281473636574240","281473636574247","BE","Belgium","OVH SAS"
"281473637224447","281473637224447","TR","Turkiye","Superonline Iletisim Hizmetleri A.S."
"281473639444360","281473639444367","NL","Netherlands (Kingdom of the)","Bonte Installaties BV HEDEL"
"281473640330352","281473640330367","TR","Turkiye","Irem Net Telekomunikasyon Teknoloji Sanayi ve Ticaret Limited Sirketi"
"281473640356480","281473640356487","TR","Turkiye","Superonline Iletisim Hizmetleri A.S."
"281473640709904","281473640709919","DE","Germany","Betriebsgesellschaft der Multifunktions arena Mannheim mbH"
"281473640734040","281473640734047","DE","Germany","Zentrale Fur Krankenbeforderung und Notfallservice gGmbH"
"281473640749040","281473640749047","DE","Germany","GovConnect GmbH"
"281473640775440","281473640775455","DE","Germany","UFT Produkion GmbH"
"281473640930554","281473640930815","CY","Cyprus","Exinity works (CY) Ltd"
"281473642275328","281473642275583","GB","United Kingdom of Great Britain and Northern Ireland","Provizo IP BV"
"281473649462744","281473649462751","GB","United Kingdom of Great Britain and Northern Ireland","Dedicated Server Hosting"
"281473649978076","281473649978079","TR","Turkiye","Merampark Saglik Hizmetleri A.S"
"281473650008384","281473650008415","TR","Turkiye","Tellcom Iletisim Hizmetleri A.S."
"281473650027632","281473650027639","TR","Turkiye","Partnera Bilgi Sistemleri ve Danismanlikhizmetleri A.S."
"281473650041756","281473650041775","TR","Turkiye","Superonline Iletisim Hizmetleri A.S."
"281473650354624","281473650354639","UA","Ukraine","Standart Datagroup"
"281473652007620","281473652007623","BR","Brazil","Chapeco Tecnologia em TelEcomunicacoes Ltda."
"281473652131736","281473652131763","BR","Brazil","Smartlink Tecnologia em Internet Ltda ME"
"281473652860840","281473652860927","BR","Brazil","Edilson Santos Silva Sobrinho - ME"
"281473653706588","281473653706599","BR","Brazil","GSTN Telecomunicacoes Ltda"
"281473653809480","281473653809483","BR","Brazil","FRF Engenharia Ltda"
"281473653913688","281473653913691","BR","Brazil","LPS Brasil - Consultoria de Imoveis S/A"
"281473654440284","281473654440287","BR","Brazil","Coop.Consumo Moradores da Reg.dos Inconfidentes LT"
"281473654852408","281473654852415","BR","Brazil","Metalurgica Riosulense S.A."
"281473655675083","281473655675083","BR","Brazil","Servico Social da Construcao Civil do Estado de SP"
"281473655856882","281473655856882","BE","Belgium","Algar Telecom S/A"
"281473656188928","281473656190975","BR","Brazil","Rede Fibra Provedor de Internet Ltda"
"281473656839168","281473656840191","BR","Brazil","Adriano Telecomunicacoes Ltda ME"
"281473657008416","281473657008419","BR","Brazil","Lar Cooperativa Agroindustrial"
"281473657342072","281473657342075","BR","Brazil","Midas Consultoria de Telecomunicacoes Eireli ME"
"281473657368096","281473657368103","BR","Brazil","Hosting Now Net Ltda"
"281473657985056","281473657985059","BR","Brazil","Vogel Solucoes em Telecom e Informatica S/A"
"281473658328212","281473658328215","BR","Brazil","Bruno Agrelio Ribeiro"
"281473659478088","281473659478091","BR","Brazil","Gilvan Clevison dos Santos"
"281473659596940","281473659596943","BR","Brazil","Webfoco Telecomunicacoes Ltda"
"281473659768764","281473659768767","BR","Brazil","Condominio do Edificio le Monde Office"
"281473660233440","281473660233471","BR","Brazil","Jma Solucoes em Tecnologia E Seguranca"
"281473661492116","281473661492119","BR","Brazil","Prefeitura de Godoy"
"281473663800325","281473663800326","BR","Brazil","Security Solutions Comercio E Locacao de Equipamen"
"281473664473732","281473664473735","BR","Brazil","Trentocredi CCLA de Associados Nova Trento"
"281473665766844","281473665766847","BR","Brazil","Sipal Assessoria e Participacoes Ltda"
"281473665776899","281473665776899","BR","Brazil","Ligga Servicos em Telecom S.A."
"281473665791064","281473665791071","BR","Brazil","Viterra Agriculture Brasil S.A."
"281473665866160","281473665866163","BR","Brazil","Mega Rio Logistica E Distribuicao de Alimentos Ltd"
"281473667914480","281473667914487","CO","Colombia","Health Y Life IPS S A S"
"281473667924824","281473667924855","CO","Colombia","Fondo Rotatorio de la Registraduria Nal"
"281473667936584","281473667936615","CO","Colombia","Ranking Sport SAS"
"281473667945448","281473667945455","CO","Colombia","Internacional de Empaques"
"281473667954896","281473667954903","CO","Colombia","Asesorias Y Representaciones Agroindustr"
"281473669079712","281473669079743","DE","Germany","Stiftung Haus der Geschichte der Bundesrepublik Deutschland"
"281473669102208","281473669102215","DE","Germany","Vodafone GmbH"
"281473669126080","281473669126087","DE","Germany","Mandotec"
"281473669508058","281473669508058","GR","Greece","TDS"
"281473670231248","281473670231263","FR","France","OVH SAS"
"281473670287532","281473670287591","FR","France","OVH SAS"
"281473672228326","281473672228326","DE","Germany","5G Future Inc."
"281473673572608","281473673572863","FR","France","Internet Utilities Europe and Asia Limited"
"281473673921112","281473673921119","KZ","Kazakhstan","JSC Kazakhtelecom"
"281473673980684","281473673980687","KZ","Kazakhstan","Shymkent"
"281473674076440","281473674076447","KZ","Kazakhstan","Gu Ministerstvo Obrozovaniya I Nauki RK"
"281473674315008","281473674315263","BE","Belgium","JSC Ukrtelecom"
"281473676613119","281473676613121","RU","Russian Federation","Atomdata-Innopolis JSC"
"281473679375872","281473679376127","SI","Slovenia","Narodni muzej"
"281473680412780","281473680412782","AT","Austria","A1 Telekom Austria AG"
"281473680418164","281473680418167","AT","Austria","Karl Schober"
"281473680423656","281473680423659","AT","Austria","Hans Rettenbacher"
"281473680429239","281473680429239","AT","Austria","A1 Telekom Austria AG - Business Customer"
"281473680435186","281473680435188","AT","Austria","A1 Telekom Austria AG"
"281473680440896","281473680440911","AT","Austria","SL - Technik GmbH"
"281473680446760","281473680446763","AT","Austria","Franz Lima"
"281473680452128","281473680452135","AT","Austria","ITBinder GmbH"
"281473680457496","281473680457511","AT","Austria","A1 Telekom Austria AG"
"281473680463960","281473680463963","AT","Austria","ZAUNMAX e.U."
"281473680468825","281473680468825","AT","Austria","A1 Telekom Austria AG"
"281473680477432","281473680477435","AT","Austria","Reinhold Gilhofer"
"281473680487931","281473680487931","AT","Austria","Orthovital OG"
"281473680491744","281473680491747","AT","Austria","Ennstal-Classic GmbH"
"281473680497512","281473680497515","AT","Austria","Expeditors Speditionsges.m.b.H."
"281473681757376","281473681757379","RU","Russian Federation","JSC Comcor"
"281473682542224","281473682542227","RS","Serbia","Moravska 6"
"281473682581232","281473682581239","RS","Serbia","Gevekom Customer Services d.o.o. Beograd-Savski Venac"
"281473683778488","281473683778491","GB","United Kingdom of Great Britain and Northern Ireland","Integration Technology Ltd"
"281473684485792","281473684485823","GB","United Kingdom of Great Britain and Northern Ireland","iomart Managed Services Limited"
"281473684953616","281473684953631","CO","Colombia","Jimmy Salcedo Torres"
"281473687704256","281473687704263","PE","Peru","Wurth Peru S.A.C."
"281473688126464","281473688127487","BR","Brazil","Caio de Oliveira Lima - ME"
"281473689163776","281473689164287","PW","Palau","SpaceX Services Inc."
"281473691888904","281473691888951","BR","Brazil","Equinix Brasil"
"281473692994128","281473692994135","BR","Brazil","Sanesul Saneamento"
"281473697257392","281473697257395","BR","Brazil","Cerealista Gamelao Ltda"
"281473697832960","281473697837055","BR","Brazil","Hostinger Operations UAB"
"281473704414936","281473704414943","JP","Japan","NTT Docomo Business Inc."
"281473704508440","281473704508447","JP","Japan","TIS Inc."
"281473707863620","281473707863622","AU","Australia","VOCPhone Pty Ltd"
"281473712545104","281473712545759","CN","China","ChinaNet Shanghai Province Network"
"281473712655360","281473712655367","CN","China","Expo User"
"281473712665752","281473712665755","CN","China","ChinaNet Shanghai Province Network"
"281473712673508","281473712673511","CN","China","Shanghai Qi Bang Information Technology Co. Ltd."
"281473712692584","281473712692587","CN","China","Wei Shi Dun"
"281473712728936","281473712728943","CN","China","Chuang Zhi Fang 7-7 Block"
"281473714043784","281473714044927","JP","Japan","Equinix Japan"
"281473723538176","281473723538431","PY","Paraguay","Ufinet Colombia S. A."
"281473725829800","281473725829807","EC","Ecuador","Comando de Inteligencia Militar Conjunto"
"281473726189896","281473726189903","CO","Colombia","Redes Y Sistemas Integrados"
"281473729843096","281473729843103","GT","Guatemala","Administradora de SErvicios Maritimos y Terrestres"
"281473729872980","281473729872983","AR","Argentina","Ye Shujin"
"281473730792924","281473730792931","EC","Ecuador","Otecel S.A"
"281473730863568","281473730863575","HN","Honduras","Vestimoda Industrial Sa de CV"
"281473731987168","281473731987175","CO","Colombia","Institucion Educativa Tecnica Crisanto"
"281473732136352","281473732136359","AR","Argentina","Ruiz Sebastian Alejandro"
"281473732145016","281473732145023","AR","Argentina","Biteco U.T"
"281473732189648","281473732189679","HN","Honduras","Hondutel"
"281473733182144","281473733182159","CO","Colombia","Interplanet New"
"281473738490368","281473738490879","NP","Nepal","Indreni Heights"
"281473739548880","281473739548895","IN","India","Bharti Airtel Ltd."
"281473739578472","281473739578495","IN","India","Bharti Airtel Ltd."
"281473739852184","281473739852191","IN","India","Playbox Technology India Pvt Ltd"
"281473739861336","281473739861339","IN","India","Bharti Airtel Ltd."
"281473739869856","281473739869871","IN","India","Turbo Energy Pvt Ltd"
"281473739877824","281473739877827","IN","India","Sky Logic Technologies Pv"
"281473739884264","281473739884279","IN","India","Bharti Airtel Ltd."
"281473739890984","281473739890991","IN","India","Bharti Airtel Ltd."
"281473739899104","281473739899111","IN","India","SHV Energy Private Limite"
"281473739908464","281473739908471","IN","India","Roofscenterindiaprivat"
"281473739918888","281473739918935","IN","India","Bharti Airtel Ltd."
"281473739928016","281473739928023","IN","India","Convenient Hospitals Ltd"
"281473739936440","281473739936443","IN","India","Bharti Airtel Ltd."
"281473739943304","281473739943311","IN","India","Shri Ram Chits Pvt Ltdbha"
"281473739950324","281473739950327","IN","India","Gamma Process Hub India L"
"281473739956620","281473739956623","IN","India","Happiest Minds Technologi"
"281473739964180","281473739964187","IN","India","Bharti Airtel Ltd."
"281473739972760","281473739972763","IN","India","Kelnet Communication Services Pvt Ltd"
"281473739982376","281473739982383","IN","India","Fairchem Speciality Limit"
"281473739988344","281473739988351","IN","India","Vissco Rehabilitation Aids Private Limited"
"281473739996952","281473739996955","IN","India","Idc Centre for Consultanc"
"281473740003952","281473740003955","IN","India","All Nippon Airways"
"281473740011248","281473740011255","IN","India","Bharti Airtel Ltd."
"281473740018948","281473740018951","IN","India","Anshul Life Sciences"
"281473740027288","281473740027295","IN","India","Ic Companys Hong Kong Ltd"
"281473740034328","281473740034335","IN","India","ISSL CPG BPO Pvt Ltd."
"281473740042268","281473740042271","IN","India","Murata Machinery India PR"
"281473740048632","281473740048635","IN","India","Juwi India Renewable Ener"
"281473740054520","281473740054523","IN","India","Ecomexpresspvtltd"
"281473740062636","281473740062639","IN","India","Proalpha Systematic Capit"
"281473740070984","281473740070987","IN","India","Thegrand Academy Private Limited"
"281473740079176","281473740079199","IN","India","Bharti Airtel Ltd."
"281473740087376","281473740087415","IN","India","Bharti Airtel Ltd."
"281473740095468","281473740095471","IN","India","Weatherford Drilling and"
"281473740102864","281473740102867","IN","India","Capital India Finance Ltd"
"281473740110172","281473740110175","IN","India","India Cements Limited"
"281473740115773","281473740115773","IN","India","Powerica Ltd"
"281473740122768","281473740122771","IN","India","Embee Software Pvt Ltd"
"281473740129984","281473740129991","IN","India","Starlite Lighting Limited"
"281473740137412","281473740137415","IN","India","Kush Infosystems Pvt. Ltd"
"281473740144504","281473740144535","IN","India","Bharti Airtel Ltd."
"281473740151280","281473740151283","IN","India","Podar Charity Trustsachin"
"281473740157532","281473740157535","IN","India","Mro Tek Limited"
"281473740164452","281473740164455","IN","India","Civica Resource Private L"
"281473740170264","281473740170279","IN","India","Bharti Airtel Ltd."
"281473740177216","281473740177223","IN","India","Embassy of the State of Kuwait"
"281473740185088","281473740185095","IN","India","Vijay Sales - North"
"281473740194064","281473740194067","IN","India","Lohia Corp Limited"
"281473740200020","281473740200023","IN","India","Omc Power Pvt Ltdayush"
"281473740203495","281473740203495","IN","India","Entab Infotech Pvt Ltd"
"281473740212088","281473740212095","IN","India","Amara Raja Batteries Limited"
"281473740221592","281473740221599","IN","India","Chettinad Cement Corporat"
"281473740230216","281473740230223","IN","India","Titan Company Limited"
"281473740236190","281473740236190","IN","India","Mira Education Trust"
"281473740242068","281473740242071","IN","India","Millenium Synergy"
"281473740323616","281473740323623","IN","India","Itcube Solutions Pvt Ltd"
"281473740336508","281473740336515","IN","India","Tata Starbucks Private Li"
"281473740343181","281473740343181","IN","India","Juki India Pvt Ltd"
"281473740346288","281473740346291","IN","India","BDO India LLPAbhijit"
"281473740349088","281473740349091","IN","India","Arham Wealth Management P"
"281473740351980","281473740351980","IN","India","Safetix Protective Equipm"
"281473740355123","281473740355123","IN","India","Khimji Dayabhai Co."
"281473740361364","281473740361367","IN","India","Impulse Microelectronics"
"281473740372160","281473740372163","IN","India","Ntex Transportation Servi"
"281473740383656","281473740383663","IN","India","Orange Business Services"
"281473740394148","281473740394151","IN","India","Yusen Logistics India Pri"
"281473740403676","281473740403679","IN","India","Vindhyachal Expressway Private Limited"
"281473740427032","281473740427039","IN","India","Firepro Systems Pvt Ltd"
"281473746534400","281473746535423","TW","Taiwan (Province of China)","Taiwan Network Information Center"
"281473756104500","281473756104503","CN","China","Huizhoushihuichengqulongfengjiedaobanshichuyongliancunxuxinzengminfang1Louhuochexizhanzonghejifang"
"281473760925644","281473760925647","CN","China","Ruanzhu Telecomningbo Co.Ltd"
"281473768801632","281473768801695","US","United States of America","CenturyLink Communications LLC"
"281473772708412","281473772708415","US","United States of America","Encore Senior Living"
"281473772754872","281473772755287","US","United States of America","TDS Telecom"
"281473773602096","281473773602127","US","United States of America","Charter Communications Inc"
"281473773613860","281473773613863","US","United States of America","Charter Communications Inc"
"281473773628760","281473773628767","US","United States of America","Charter Communications Inc"
"281473773643816","281473773643823","US","United States of America","Charter Communications Inc"
"281473773657808","281473773657815","US","United States of America","Everest BBN Inc."
"281473773675800","281473773675815","US","United States of America","Charter Communications Inc"
"281473773693368","281473773693383","US","United States of America","Charter Communications Inc"
"281473774990872","281473774990943","US","United States of America","Secured Servers LLC"
"281473775618018","281473775618024","US","United States of America","Hurricane Electric LLC"
"281473775624993","281473775624993","AE","United Arab Emirates","Hurricane Electric LLC"
"281473775650528","281473775650559","US","United States of America","Hurricane Electric LLC"
"281473775766864","281473775766871","CA","Canada","CISC Networks"
"281473775779744","281473775779775","CA","Canada","World Wide Web Hosting LLC"
"281473775797736","281473775797743","CA","Canada","Kittikan Mekprasarn"
"281473775807552","281473775807559","CA","Canada","Jordan Patterson"
"281473775817952","281473775817959","CA","Canada","Raymond Schuytvlot"
"281473778554368","281473778554375","CA","Canada","Toronto Dominion Bank"
"281473778574096","281473778574103","CA","Canada","Bank of Montreal"
"281473780202280","281473780202287","US","United States of America","Praters Inc"
"281473785660672","281473785661183","IT","Italy","Register S.p.A."
"281473786016256","281473786016511","IT","Italy","Fastweb SpA"
"281473786259510","281473786259511","NL","Netherlands (Kingdom of the)","MTX Connect S. a r.l."
"281473786648576","281473786649599","GB","United Kingdom of Great Britain and Northern Ireland","UK Dedicated Servers Limited"
"281473787064064","281473787064319","TR","Turkiye","Extlikes Solutions Ltd"
"281473787444224","281473787444479","NL","Netherlands (Kingdom of the)","Today Concepts B.V."
"281473787875328","281473787876351","DE","Germany","SWU TeleNet GmbH"
"281473788286088","281473788286091","CO","Colombia","Vigia Plus Services S.A."
"281473788654656","281473788655615","IQ","Iraq","International Development Bank for Islamic Investment and Finance"
"281473789135870","281473789135871","SE","Sweden","LM Layer and Mesh AB"
"281473789550689","281473789550788","BE","Belgium","TripAdvisor Limited"
"281473790013440","281473790013695","GB","United Kingdom of Great Britain and Northern Ireland","Pulsant Limited"
"281473790586112","281473790586367","LI","Liechtenstein","Backbone Net45"
"281473791159552","281473791159807","TR","Turkiye","Ideal Hosting Teknoloji A.S."
"281473791575040","281473791576063","NL","Netherlands (Kingdom of the)","Netrebel B.V."
"281473792023240","281473792023243","GR","Greece","Truphone Greece Mobile Customers"
"281473792510976","281473792511999","NL","Netherlands (Kingdom of the)","Servers.com B.V."
"281473793036942","281473793036944","GB","United Kingdom of Great Britain and Northern Ireland","D1 Informacijske Tehnologije d.o.o."
"281473793552632","281473793552635","SE","Sweden","Alpha Domein Development Ltd"
"281473793979392","281473793980415","AT","Austria","Fonira Telekom GmbH"
"281473794425856","281473794426111","FR","France","CT Infra SAS"
"281473794787400","281473794787407","AU","Australia","Internet Vikings International AB"
"281473794925568","281473794926591","CH","Switzerland","Infomaniak Network SA"
"281473795377152","281473795378175","DK","Denmark","ITM8 A/S"
"281473795686400","281473795687423","FR","France","W3Tel SAS"
"281473796034560","281473796034815","ES","Spain","MODMC - Madrid - Spain"
"281473796215606","281473796215606","SE","Sweden","Miss Group Inc"
"281473796701952","281473796702207","SG","Singapore","ECCO Sko A/S"
"281473797315040","281473797315067","US","United States of America","D1 Informacijske Tehnologije d.o.o."
"281473797900288","281473797901311","DE","Germany","Daten- und Telekommunikations GmbH Dessau"
"281473798290384","281473798290399","PT","Portugal","Transatel SAS"
"281473798722455","281473798722559","BG","Bulgaria","M2M SERVICES Ltd."
"281473799198720","281473799198975","GB","United Kingdom of Great Britain and Northern Ireland","Wired ISP Inc."
"281473799691264","281473799691519","ES","Spain","Soltia Consulting Ltd"
"281473800110544","281473800110551","AT","Austria","Steiermarkische Landesdruckerei GmbH"
"281473800364800","281473800365055","DE","Germany","HSM IT Services GmbH"
"281473800827136","281473800827903","SA","Saudi Arabia","Alcon Telecom Ltd"
"281473801367552","281473801368575","RU","Russian Federation","Eneva Ltd"
"281473801802752","281473801803007","JP","Japan","xTom GmbH"
"281473802254592","281473802254847","KR","Korea (the Republic of)","TBISS Ltd"
"281473802633216","281473802633471","EC","Ecuador","Clientes DC Global"
"281473802678100","281473802678103","CR","Costa Rica","Asociacion Cristiana Impact Global"
"281473803890744","281473803890751","VE","Venezuela (Bolivarian Republic of)","Telefonica Venezolana C.A."
"281473804341976","281473804341983","CO","Colombia","Empresa de Telecomunicaciones de Bogota Etb S.A . ESP"
"281473805100880","281473805100887","EC","Ecuador","Ceippticepm Sin Nombres"
"281473805343904","281473805343911","EC","Ecuador","Honorable Consejo Provincial de Cotopaxi"
"281473805405504","281473805405519","EC","Ecuador","Ministerio del Interior-Comandancia General de la"
"281473806634232","281473806634239","EC","Ecuador","WM Courrier S.A."
"281473806932856","281473806932863","EC","Ecuador","Vallejo Rios Bella Cruz"
"281473810271548","281473810271551","CO","Colombia","Eurona Telecom Colombia S.A.S"
"281473812450400","281473812450403","CO","Colombia","Redp Secertaria de Educacion"
"281473812523176","281473812523183","CO","Colombia","Urbanizadora Marin Valencia S A"
"281473813253696","281473813253703","VE","Venezuela (Bolivarian Republic of)","Calox International C.A Sede Cerro Verd"
"281473813270944","281473813270951","VE","Venezuela (Bolivarian Republic of)","TV Zamora"
"281473815085120","281473815085259","BR","Brazil","Tux Net Servicos de Informatica Ltda"
"281473816154088","281473816154099","BR","Brazil","TIM S/A"
"281473816177040","281473816177047","BR","Brazil","BR.Digital Telecom"
"281473816190916","281473816190917","BR","Brazil","DB3 Servicos de Telecomunicacoes S.A"
"281473816691308","281473816691311","BR","Brazil","Segundo Tabelionato de Notas de Novo Hamburgo"
"281473817057460","281473817057463","BR","Brazil","Poapel Industria E Comercio de Embalagne"
"281473817116104","281473817116143","BR","Brazil","Unetvale Servicos e Equipamentos Ltda"
"281473817448224","281473817448255","BR","Brazil","CTIS Tecnologia S.A."
"281473817602612","281473817602615","BR","Brazil","Fante Nordeste Destilados Ltda"
"281473817791384","281473817791387","BR","Brazil","Seal Telecom Comercio E Servicos de Telecomunicaco"
"281473818587080","281473818587083","BR","Brazil","Nexnet Telecom Ltda"
"281473818685202","281473818685215","BR","Brazil","Century Telecom Ltda"
"281473819127356","281473819127359","BR","Brazil","Atos Origin Brasil Ltda"
"281473819196284","281473819196287","BR","Brazil","Cidade BH Transportes Ltda."
"281473820366728","281473820366729","BR","Brazil","Brisanet Servicos de Telecomunicacoes S.A"
"281473821254136","281473821254327","BR","Brazil","Vogel Solucoes em Telecom e Informatica S/A"
"281473821305532","281473821305535","BR","Brazil","Servico de Apoio As Micro E Pequenas"
"281473822009528","281473822009535","BR","Brazil","Sete Connect Tecnologia da Informacao"
"281473823063704","281473823063711","BR","Brazil","Belapan Ind. Com. Produtos Alimenticios Ltda"
"281473823272136","281473823272143","BR","Brazil","Rede Nacional de Ensino e Pesquisa"
"281473824642308","281473824642327","BR","Brazil","Vogel Solucoes em Telecom e Informatica S/A"
"281473824774784","281473824774791","BR","Brazil","Volkswagen do Brasil Ltda"
"281473825334940","281473825334943","BR","Brazil","Confederacao Nacional das Cooperativas do Sicoob"
"281473825340582","281473825340582","BR","Brazil","Conf. Nac. das Coop. Centr. de Cred. Eco. Fam Sol."
"281473825863812","281473825863815","BR","Brazil","Servico Nacional de Aprendizagem Industrial-Senai"
"281473826210078","281473826210078","BR","Brazil","Euvando Gomes de Andrade-ME"
"281473826258944","281473826267135","BR","Brazil","Desktop Sigmanet Comunicacao Multimidia SA"
"281473826950456","281473826950463","BR","Brazil","Buick Logistica E Transportes Ltda - EPP"
"281473837172876","281473837172879","AT","Austria","Aerztekammer Kaernten"
"281473837177940","281473837177943","AT","Austria","Peter Leber"
"281473837183136","281473837183143","AT","Austria","A1 Telekom Austria AG"
"281473837188504","281473837188507","AT","Austria","Bockerl GmbH"
"281473837193824","281473837193825","AT","Austria","A1 Telekom Austria AG"
"281473837199228","281473837199231","AT","Austria","Maria Schueller"
"281473837204432","281473837204435","AT","Austria","FELSOMAT GmbH & Co KG"
"281473837209884","281473837209887","AT","Austria","Proinform WirtschaftsinformationenGmbH"
"281473837214304","281473837214307","AT","Austria","Michael Lautischar"
"281473837219228","281473837219231","AT","Austria","A1 Telekom Austria AG"
"281473837224244","281473837224247","AT","Austria","Christoph Leithner"
"281473837229814","281473837229815","AT","Austria","A1 Telekom Austria AG"
"281473837235460","281473837235471","AT","Austria","A1 Telekom Austria AG"
"281473837244200","281473837244203","AT","Austria","Cihangir Karakoca"
"281473837249716","281473837249719","AT","Austria","A1 Telekom Austria AG"
"281473837254332","281473837254335","AT","Austria","Juwelier Breyer Gesellschaft m.b.H."
"281473837258620","281473837258623","AT","Austria","Helmut Lenk"
"281473837263032","281473837263035","AT","Austria","Ing. Friedrich Jordan Handelsgesellschaft m.b.H."
"281473837267281","281473837267282","AT","Austria","A1 Telekom Austria AG - Business Customer"
"281473837272676","281473837272679","AT","Austria","A1 Telekom Austria AG - Business Customer"
"281473837278620","281473837278623","AT","Austria","Hanna Kasapoglu"
"281473837283080","281473837283080","AT","Austria","A1 Telekom Austria AG - Business Customer"
"281473837287172","281473837287175","AT","Austria","A1 Telekom Austria AG - Business Customer"
"281473837291840","281473837291843","AT","Austria","Josef Kukula"
"281473837297068","281473837297071","AT","Austria","Brigitte Artner"
"281473838543824","281473838543839","DE","Germany","Tobias Walter"
"281473842016744","281473842016767","RU","Russian Federation","Smart Telecom Limited"
"281473843144920","281473843144959","DE","Germany","Vodafone GmbH"
"281473843689984","281473843690239","GB","United Kingdom of Great Britain and Northern Ireland","BlueVPS Ou"
"281473846669664","281473846669671","PL","Poland","GLOBITEL Sp. z o.o."
"281473847327136","281473847327143","DE","Germany","GYMNASIUM A.B. v. Stettensches Institut"
"281473848973072","281473848973075","NL","Netherlands (Kingdom of the)","Easy Tourist Services"
"281473848981312","281473848981315","NL","Netherlands (Kingdom of the)","Apollo"
"281473848989440","281473848989443","NL","Netherlands (Kingdom of the)","Zeeman Textielsupers BV"
"281473848998784","281473848998791","NL","Netherlands (Kingdom of the)","Tool Techniek"
"281473849007744","281473849007751","NL","Netherlands (Kingdom of the)","Stg kath prot christ primair onderwijs de linge"
"281473849016088","281473849016095","NL","Netherlands (Kingdom of the)","KPN B.V."
"281473849024336","281473849024339","NL","Netherlands (Kingdom of the)","Stichting Dimence Groep"
"281473849033000","281473849033015","NL","Netherlands (Kingdom of the)","KPN B.V."
"281473849041272","281473849041279","NL","Netherlands (Kingdom of the)","Pizzaria la Candela"
"281473849049736","281473849049751","NL","Netherlands (Kingdom of the)","KPN B.V."
"281473849058080","281473849058083","NL","Netherlands (Kingdom of the)","KPN B.V."
"281473849066768","281473849066775","NL","Netherlands (Kingdom of the)","Winkelreus"
"281473849075616","281473849075623","NL","Netherlands (Kingdom of the)","Beheermij Kwekerij Gooi en Eemlust BV"
"281473849084568","281473849084575","NL","Netherlands (Kingdom of the)","Gwenny's dames en kindermode"
"281473849092888","281473849092923","NL","Netherlands (Kingdom of the)","KPN B.V."
"281473849103728","281473849103735","NL","Netherlands (Kingdom of the)","Auto Graveland"
"281473849112356","281473849112359","NL","Netherlands (Kingdom of the)","Wilkens Light Trucks"
"281473849120784","281473849120787","NL","Netherlands (Kingdom of the)","Reinier van Arkel Groep"
"281473849128560","281473849128567","NL","Netherlands (Kingdom of the)","Sogo B.V."
"281473849137272","281473849137279","NL","Netherlands (Kingdom of the)","KPN B.V."
"281473849145496","281473849145503","NL","Netherlands (Kingdom of the)","KPN Bu Ims"
"281473849154040","281473849154047","NL","Netherlands (Kingdom of the)","KPN B.V."
"281473849161888","281473849161899","NL","Netherlands (Kingdom of the)","KPN B.V."
"281473849170748","281473849170759","NL","Netherlands (Kingdom of the)","KPN B.V."
"281473849180100","281473849180103","NL","Netherlands (Kingdom of the)","KPN B.V."
"281473849189264","281473849189271","NL","Netherlands (Kingdom of the)","Gemeente Breda"
"281473849199036","281473849199039","NL","Netherlands (Kingdom of the)","KPN B.V."
"281473849207124","281473849207127","NL","Netherlands (Kingdom of the)","KPN B.V."
"281473849215728","281473849215731","NL","Netherlands (Kingdom of the)","KPN B.V."
"281473849223776","281473849223791","NL","Netherlands (Kingdom of the)","KPN B.V."
"281473849232008","281473849232011","NL","Netherlands (Kingdom of the)","KPN B.V."
"281473849240400","281473849240407","NL","Netherlands (Kingdom of the)","Administratiekantoor Krijgsman"
"281473849248560","281473849248567","NL","Netherlands (Kingdom of the)","VOF De Vale Weide"
"281473849256872","281473849256879","NL","Netherlands (Kingdom of the)","Gemeente Steenwijkerland"
"281473849265760","281473849265763","NL","Netherlands (Kingdom of the)","Stichting Beheer Ryhal Sint Waldrik"
"281473849274856","281473849274919","NL","Netherlands (Kingdom of the)","KPN B.V."
"281473849284320","281473849284327","NL","Netherlands (Kingdom of the)","Provast Management BV"
"281473849293488","281473849293495","NL","Netherlands (Kingdom of the)","Soul Kitchen Cafe"
"281473849302912","281473849302919","NL","Netherlands (Kingdom of the)","Statenschool"
"281473849311556","281473849311559","NL","Netherlands (Kingdom of the)","Weghorst Fleetservice BV"
"281473849319896","281473849319911","NL","Netherlands (Kingdom of the)","KPN B.V."
"281473849329252","281473849329255","NL","Netherlands (Kingdom of the)","KPN B.V."
"281473849341848","281473849341851","NL","Netherlands (Kingdom of the)","KPN B.V."
"281473849350832","281473849350839","NL","Netherlands (Kingdom of the)","Coen Hagedoorn Bouw BV"
"281473849359600","281473849359607","NL","Netherlands (Kingdom of the)","Offsetdrukkerij C Chevalier BV"
"281473849466656","281473849466671","NL","Netherlands (Kingdom of the)","KPN B.V."
"281473849474812","281473849474815","NL","Netherlands (Kingdom of the)","KPN B.V."
"281473849480200","281473849480203","NL","Netherlands (Kingdom of the)","Nancy's Hair & Beauty"
"281473849485256","281473849485263","NL","Netherlands (Kingdom of the)","KPN B.V."
"281473849861008","281473849861023","IT","Italy","Managed Service Solution Net"
"281473850777808","281473850777815","GB","United Kingdom of Great Britain and Northern Ireland","iomart Managed Services Limited"
"281473852727384","281473852727391","BR","Brazil","Pwa Servicos de R. H. E Temporarios Ltda - EPP"
"281473853618404","281473853618407","BR","Brazil","C. H Maluza e Cialtda ME"
"281473855195536","281473855195551","BR","Brazil","IWS comunicacoes"
"281473855224372","281473855224375","BR","Brazil","Muniz E Muniz Servicos Hospitalares Ltda"
"281473855922176","281473855923199","BR","Brazil","Liker Telecomunicacoes Ltda"
"281473858171372","281473858171375","BR","Brazil","ACO Cearense Comercial Ltda"
"281473858550728","281473858550735","BR","Brazil","Next Connect Solucoes Digitais Ltda"
"281473860084720","281473860084727","BR","Brazil","MLF Info"
"281473860836516","281473860836523","BR","Brazil","KPMG Auditores Independentes"
"281473860867200","281473860867327","BR","Brazil","Cirion Technologies do Brasil Ltda."
"281473860943980","281473860943987","BR","Brazil","Vogel Solucoes em Telecom e Informatica S/A"
"281473860981364","281473860981367","BR","Brazil","Henrique Russowsky"
"281473866431024","281473866431039","MX","Mexico","Outlet de Refacciones Sa de CV"
"281473869594624","281473869598719","PY","Paraguay","Telecel S.A."
"281473869683808","281473869683823","HN","Honduras","Telecomunicaciones Futuras"
"281473869761960","281473869761975","HN","Honduras","Liberty Networks Honduras Sociedad de Responsabilidad Limitada"
"281473869891440","281473869891471","CL","Chile","Axesat S.A"
"281473869923832","281473869923839","CR","Costa Rica","Recibo Total S.A"
"281473869928076","281473869928079","CR","Costa Rica","American Data Networks"
"281473870140752","281473870140759","EC","Ecuador","Liger Bastidas Luis Arturo"
"281473870217848","281473870217855","PE","Peru","911 IT Group"
"281473870304936","281473870304943","CL","Chile","Servicios Educacionales Ingrid Carol Opazo C.E.I.R"
"281473870388096","281473870388895","PA","Panama","Shadwell International Inc"
"281473870393610","281473870393611","CO","Colombia","Integra Multisolutions S.A.S."
"281473870427872","281473870427887","BR","Brazil","Telecomunicacoes Brasileiras S. A. - Telebras"
"281473871093048","281473871093055","CO","Colombia","Big Soluciones Logisticas"
"281473871171960","281473871171967","CO","Colombia","Colegio Emilio Valenzuela"
"281473872856368","281473872856375","PY","Paraguay","Compania Paraguaya de Comunicaciones S.A."
"281473873146256","281473873146263","GT","Guatemala","Servicios Turisticos de Villa Nueva"
"281473873198232","281473873198239","EC","Ecuador","Geopetsa Servicios Petroleros S.A."
"281473874074128","281473874074135","CO","Colombia","Confiar Cooperativa Financiera"
"281473874087896","281473874087903","CO","Colombia","Fondo Rotatorio de la Registraduria Nal"
"281473874099384","281473874099391","CO","Colombia","E.S.E Assbasalud"
"281473874111448","281473874111455","CO","Colombia","Distrito Especial Industrial Y Portuario de Barranquilla"
"281473874122848","281473874122855","CO","Colombia","Magma Automotive S.A.S"
"281473874658136","281473874658143","GY","Guyana","Gbti Guyana"
"281473875095224","281473875095239","SV","El Salvador","CTE S.A. de C.V."
"281473875110608","281473875110623","SV","El Salvador","CTE S.A. de C.V."
"281473875455384","281473875455391","HN","Honduras","Grupo Delpin de Honduras S.A de C.V."
"281473875484901","281473875484901","US","United States of America","Northern Cable and Fiber LLC"
"281473875723008","281473875723015","CL","Chile","Entel S.A."
"281473875924992","281473875926015","CL","Chile","Indexa S A"
"281473876194248","281473876194251","CO","Colombia","Axesat S.A"
"281473876414316","281473876414323","GT","Guatemala","COMCEL Guatemala S.A."
"281473876465664","281473876466687","HN","Honduras","HFC TGU Sercom"
"281473876600192","281473876600575","CO","Colombia","UNE Epm Telecomunicaciones S.A."
"281473876694560","281473876694567","GT","Guatemala","Lubricantes E Importacion S.A."
"281473876953744","281473876953751","GT","Guatemala","Hidroaguna S.A."
"281473877285888","281473877285891","SV","El Salvador","Navega.com El Salvador"
"281473877378326","281473877378327","CO","Colombia","The Wala Ips Indigena Publica"
"281473877383454","281473877383455","CO","Colombia","Distribuciones Axa S.A.S"
"281473877437848","281473877437855","DO","Dominican Republic","Universidad Experimental Felix Adam"
"281473877863592","281473877863599","PY","Paraguay","TIGO"
"281473878061080","281473878061087","CO","Colombia","Liberty Networks de Colombia S.A.S"
"281473879454592","281473879454599","VE","Venezuela (Bolivarian Republic of)","Administradora Il Grillo"
"281473880324736","281473880324743","DO","Dominican Republic","Comunique IAP"
"281473880413760","281473880413767","DO","Dominican Republic","Bunker S. A."
"281473880680640","281473880680647","BO","Bolivia (Plurinational State of)","Conta Oil Gas Service SRL"
"281473881229296","281473881229303","BO","Bolivia (Plurinational State of)","Jorge Edgarbalcazarvasquez"
"281473881472380","281473881472383","AR","Argentina","Aero Club Parana"
"281473881639472","281473881639479","BO","Bolivia (Plurinational State of)","Zenobia Soto Orellana"
"281473881666352","281473881666367","BO","Bolivia (Plurinational State of)","STSR LACNIC"
"281473882277280","281473882277295","CL","Chile","Sigma S.A."
"281473883054040","281473883054159","CL","Chile","Telmex Servicios Empresariales S.A."
"281473883446832","281473883446839","EC","Ecuador","Garzon Diaz Mario Enrique"
"281473883594900","281473883594903","EC","Ecuador","Woni-Group Latam S.A.S."
"281473883604620","281473883604623","CO","Colombia","Colsubsidio"
"281473883615316","281473883615319","PE","Peru","Yobel Supply Chain Management S.A."
"281473883624668","281473883624671","EC","Ecuador","Easynet S.A."
"281473883639968","281473883640063","CO","Colombia","Cirion Technologies Argentina S.A."
"281473883651272","281473883651275","CO","Colombia","Sonda de Colombia S.A."
"281473883664512","281473883664513","CO","Colombia","Instituto Colombiano Agropecuario"
"281473883870368","281473883870399","AR","Argentina","Connectis ICT Services S.A."
"281473883942360","281473883942367","AR","Argentina","Capanone S.A"
"281473885300484","281473885300487","CO","Colombia","Operaciones Nacionales de Mercadeo Ltd."
"281473885677592","281473885677599","CO","Colombia","Supercerdo Paisa S.A.S"
"281473886704012","281473886704031","BR","Brazil","Online Telecomunicacoes Ltda"
"281473892518144","281473892518399","BR","Brazil","Wellington Esteves da Silva"
"281473892812807","281473892812808","NL","Netherlands (Kingdom of the)","Cyber Assets Fzco"
"281473901548555","281473901548555","US","United States of America","Microsoft 272945 Brasil LTDA"
"281473902011480","281473902011483","BR","Brazil","Karsten S.A."
"281473903179136","281473903179231","US","United States of America","RackNerd LLC"
"281473903375616","281473903375871","US","United States of America","DXC US Latin America Corporation"
"281473904986112","281473904986367","US","United States of America","GlaxoSmithKline"
"281473905366528","281473905366783","SE","Sweden","Stupi LLC"
"281473906073344","281473906073855","JP","Japan","JNIC"
"281473906819840","281473906820095","US","United States of America","E.I. Dupont Electronic Imaging"
"281473907392256","281473907392511","US","United States of America","DoD Network Information Center"
"281473907755264","281473907755519","US","United States of America","Parallax Graphics Inc."
"281473908334848","281473908334851","CA","Canada","Entertech Systems"
"281473908817696","281473908817759","FI","Finland","Oral Hammaslaakarit Oy"
"281473909065472","281473909065727","FR","France","CEDRAT Recherche"
"281473909476904","281473909476911","CA","Canada","LightSpeed Gaming LLC"
"281473909607424","281473909607679","US","United States of America","Center for Geometry Analysis Numerics and Graphics"
"281473910122792","281473910122799","UZ","Uzbekistan","TMN SA"
"281473910795895","281473910795896","US","United States of America","HostPapa"
"281473911497280","281473911497343","FI","Finland","Sinuhe Ky"
"281473911632896","281473911633151","US","United States of America","Photronics Inc."
"281473912137984","281473912138239","CA","Canada","Waterloo Maple Software Inc."
"281473912340480","281473912406015","ZA","South Africa","Axxess DSL (Pty) Ltd"
"281473912901776","281473912901783","US","United States of America","C"
"281473912996096","281473912996351","US","United States of America","Interlogic Software Inc."
"281473913277688","281473913277695","US","United States of America","MNJ Technology Services LLC"
"281473913799424","281473913799679","SE","Sweden","Iperweb Ltd"
"281473914468320","281473914468327","CA","Canada","Saeber Media"
"281473914644147","281473914644147","SG","Singapore","Google LLC"
"281473915249080","281473915249087","US","United States of America","Alfian Hardi"
"281473915318784","281473915319039","US","United States of America","Atari Games Corp."
"281473915726624","281473915726639","FI","Finland","Panvest Oy"
"281473915966488","281473915966495","BR","Brazil","AlphaServers AlphaServers"
"281473916298768","281473916298785","US","United States of America","EvolveIP LLC"
"281473916661040","281473916661043","US","United States of America","Rusnak Corporation"
"281473916846592","281473916846847","US","United States of America","China Southern Cargo"
"281473917916416","281473917919231","CA","Canada","CIRA Canadian Internet Registration Authority Autorit Canadienne pour les Enregistrements Internet"
"281473918475003","281473918475006","NL","Netherlands (Kingdom of the)","HostPapa"
"281473918484684","281473918484684","NL","Netherlands (Kingdom of the)","HostPapa"
"281473918498911","281473918498911","NL","Netherlands (Kingdom of the)","HostPapa"
"281473919415068","281473919415068","HK","Hong Kong","Federal Online Group LLC"
"281473919800579","281473919800579","GB","United Kingdom of Great Britain and Northern Ireland","Next Point Host Ltd"
"281473920085760","281473920085888","FR","France","HK Kwaifong Group Limited"
"281473921231360","281473921231615","SE","Sweden","OLiKA AB"
"281473921626112","281473921626367","GB","United Kingdom of Great Britain and Northern Ireland","OSG Cloud Limited"
"281473921993678","281473921993678","CA","Canada","Zhernoklov Valerii"
"281473922570068","281473922570101","PL","Poland","Evowise SRL"
"281473922988864","281473922988927","FR","France","Renater"
"281473923446784","281473923447039","KZ","Kazakhstan","Modern Server Solutions LLP"
"281473923947236","281473923947239","FI","Finland","ARKITEHTITYoHUONEOY"
"281473923992980","281473923993087","FI","Finland","Elisa Oyj"
"281473924007488","281473924007491","FI","Finland","Runeandbergdesign"
"281473924028456","281473924028459","FI","Finland","Elisa Oyj"
"281473924137904","281473924137911","NL","Netherlands (Kingdom of the)","Busland.nl"
"281473924197632","281473924197887","NL","Netherlands (Kingdom of the)","VzB Services Nijmegen"
"281473924926768","281473924926775","NL","Netherlands (Kingdom of the)","KPN B.V."
"281473925124016","281473925124039","JP","Japan","Colt Technology Services Co. Ltd."
"281473925325296","281473925325299","CZ","Czechia","T-Systems International GmbH"
"281473925376224","281473925376239","CZ","Czechia","DAGAZ CZ s.r.o."
"281473925401984","281473925402015","CZ","Czechia","T-Mobile Czech Republic A.S."
"281473925717304","281473925717311","PL","Poland","Zespol Szkol nr 14"
"281473926087672","281473926087679","DE","Germany","Boyden International GmbH"
"281473926573568","281473926573823","PL","Poland","Sewera Polska Chemia"
"281473926937359","281473926937621","PT","Portugal","Edgoo Networks Unipessoal Lda"
"281473927261381","281473927261385","GB","United Kingdom of Great Britain and Northern Ireland","Colt Technology Services Group Limited"
"281473927332792","281473927332799","GB","United Kingdom of Great Britain and Northern Ireland","Holidayin Shepperton Felix01"
"281473927339304","281473927339307","GB","United Kingdom of Great Britain and Northern Ireland","Tigers Global Logistics"
"281473927345624","281473927345631","GB","United Kingdom of Great Britain and Northern Ireland","Charlesstanley Edinburgh"
"281473927450520","281473927450523","GB","United Kingdom of Great Britain and Northern Ireland","Modalit Ltd"
"281473927457392","281473927457399","GB","United Kingdom of Great Britain and Northern Ireland","Ramsay Nottingham"
"281473927464352","281473927464359","GB","United Kingdom of Great Britain and Northern Ireland","Stonexfinancial Westbromwich"
"281473927471076","281473927471079","GB","United Kingdom of Great Britain and Northern Ireland","Sweldingproducts Haydock"
"281473927478304","281473927478311","GB","United Kingdom of Great Britain and Northern Ireland","Virtual1 Limited"
"281473927548871","281473927548872","SG","Singapore","China Telecom"
"281473928162480","281473928162495","GB","United Kingdom of Great Britain and Northern Ireland","Agilent Technology"
"281473928232748","281473928232751","GB","United Kingdom of Great Britain and Northern Ireland","Verizon UK Limited"
"281473928404384","281473928404415","GB","United Kingdom of Great Britain and Northern Ireland","Marshall Specialist Vehicle Ltd"
"281473928650752","281473928654847","CH","Switzerland","Swisscom AG"
"281473929017880","281473929017903","NL","Netherlands (Kingdom of the)","KPN B.V."
"281473929031152","281473929031183","NL","Netherlands (Kingdom of the)","KPN B.V."
"281473929549824","281473929550079","DK","Denmark","International N&H Denmark ApS"
"281473930121448","281473930121455","DE","Germany","Minderleinsmuehle GmbH & Co. KG"
"281473930210352","281473930210375","DE","Germany","Deutsche Telekom AG"
"281473930546176","281473930546687","RU","Russian Federation","Anextel LLC"
"281473931024176","281473931024191","NL","Netherlands (Kingdom of the)","Forms Facility Group"
"281473931079280","281473931079295","NL","Netherlands (Kingdom of the)","Rebo Vastgoed Management BV"
"281473931115112","281473931115119","NL","Netherlands (Kingdom of the)","Bu Con NS Is"
"281473931135536","281473931135543","NL","Netherlands (Kingdom of the)","MG Cars"
"281473931451392","281473931451903","CH","Switzerland","Helvetische Bank AG"
"281473931566336","281473931566591","SE","Sweden","Broadridge Trading and Connectivity Solutions AB"
"281473931817008","281473931817011","FI","Finland","Muodonvuoksioyteolmuotoilu"
"281473931914656","281473931914687","FI","Finland","Elisa Oyj"
"281473932228864","281473932229119","BE","Belgium","Cipal Schaubroeck"
"281473932728312","281473932728315","HR","Croatia","Dom zdravlja Zagreb - Istok - Borovje"
"281473932916480","281473932916735","SA","Saudi Arabia","Arab National Bank Saudi Stock Co."
"281473933474048","281473933474079","FI","Finland","Pelma Oy"
"281473933578800","281473933578815","FI","Finland","Yleisradio Oy"
"281473934456464","281473934456471","HU","Hungary","Kiss Jozsef Konyvtar Muvelodesi Haz Es Sportcsarnok E"
"281473934961032","281473934961032","RU","Russian Federation","OOO Netcom"
"281473935478528","281473935478863","GB","United Kingdom of Great Britain and Northern Ireland","Lumen Technologies UK Limited"
"281473935502720","281473935502723","FR","France","Lumen Technologies UK Limited"
"281473935538544","281473935538547","IE","Ireland","Lumen Technologies UK Limited"
"281473936246787","281473936246831","FR","France","Orange S.A."
"281473936579840","281473936580095","TR","Turkiye","Orbit Telekom Sanayi ve Ticaret Limited Sirketi"
"281473936682005","281473936682006","FR","France","Orange S.A."
"281473936730448","281473936730448","FR","France","Trans Bus Developpement"
"281473936763155","281473936763155","FR","France","Mairie du Tampon"
"281473936768056","281473936768063","FR","France","Prudence Creole"
"281473936976384","281473936976639","GB","United Kingdom of Great Britain and Northern Ireland","Bletchley Networks Limited"
"281473937572112","281473937572119","SE","Sweden","Parkeringsservice Svenska AB"
"281473937640500","281473937640503","SE","Sweden","Solor Bioenergi Fjarrvarme AB"
"281473937827136","281473937827199","LV","Latvia","BSW Latvia"
"281473938048608","281473938048615","SE","Sweden","LRF Media AB"
"281473938189824","281473938189831","DE","Germany","Deutsche Telekom AG"
"281473938223424","281473938223431","DE","Germany","S+S Separation and Sorting Technology GmbH"
"281473938682880","281473938683903","NL","Netherlands (Kingdom of the)","Authentic8 Inc"
"281473939177472","281473939193855","CH","Switzerland","Kanton Luzern Dienststelle Informatik"
"281473939489312","281473939489319","NL","Netherlands (Kingdom of the)","Kies Parket"
"281473939508296","281473939508303","NL","Netherlands (Kingdom of the)","EUR Account BV"
"281473939533736","281473939533783","NL","Netherlands (Kingdom of the)","KPN B.V."
"281473939866335","281473939866335","FR","France","Labo Interprof Prod Lip"
"281473939872520","281473939872527","FR","France","Dumont Boyer Riviere Lavergne Notaires"
"281473939876584","281473939876591","FR","France","Audigest Vienne"
"281473939879381","281473939879381","FR","France","Av de l'Europe"
"281473939881527","281473939881527","FR","France","GI - Customer Interconnexion With RAEI Backbone"
"281473939883968","281473939883975","FR","France","Mairie de Saint Heand"
"281473939886419","281473939886419","FR","France","GI - Customer Interconnexion With RAEI Backbone"
"281473939889463","281473939889463","FR","France","Metro France"
"281473939893785","281473939893785","FR","France","Sogesa Msyj1"
"281473939897968","281473939897983","FR","France","Orange S.A."
"281473939901019","281473939901019","FR","France","Residence Autonomie Arlysere"
"281473939903411","281473939903413","FR","France","CRCA CCF"
"281473939910065","281473939910065","FR","France","Orange S.A."
"281473939913742","281473939913743","FR","France","Orange S.A."
"281473939918992","281473939918999","FR","France","Leygatech"
"281473939923195","281473939923195","FR","France","Thyssenkrupp Materials France"
"281473939929660","281473939929663","FR","France","Auxapa Thiers"
"281473940334560","281473940334561","NL","Netherlands (Kingdom of the)","Baxet Group Inc."
"281473940797784","281473940797791","PT","Portugal","Escola Secundaria Jaime Moniz"
"281473941209120","281473941209151","SE","Sweden","KFS i Lund AB"
"281473941601752","281473941601759","BE","Belgium","Max Weishaupt GmbH"
"281473941646752","281473941646783","BE","Belgium","Delta Air Transport"
"281473941662320","281473941662327","BE","Belgium","Proximus NV"
"281473941689968","281473941689983","BE","Belgium","Floyd Software"
"281473941845760","281473941845775","GB","United Kingdom of Great Britain and Northern Ireland","JISC Services Limited"
"281473942239745","281473942239746","HK","Hong Kong","Baxet Group Inc."
"281473942561688","281473942561695","PL","Poland","Nask Spolka Akcyjna"
"281473942960720","281473942960735","FR","France","Chloe SAS"
"281473943086920","281473943086923","FI","Finland","Vakka-Suomen Puhelin Oy"
"281473943285760","281473943286015","SE","Sweden","Telia Company AB"
"281473943636480","281473943637503","CZ","Czechia","GTS Czech"
"281473943848704","281473943848707","FI","Finland","Pielisen Betoni Oy"
"281473944165376","281473944165887","SE","Sweden","Halmstad Internet AB"
"281473944397632","281473944397639","NL","Netherlands (Kingdom of the)","Yearcity publiccall office"
"281473944427248","281473944427255","NL","Netherlands (Kingdom of the)","KPN B.V."
"281473944460224","281473944460231","NL","Netherlands (Kingdom of the)","Geurts Vlechtersbedrijf"
"281473944478880","281473944478887","NL","Netherlands (Kingdom of the)","Metselbedrijf Kroon"
"281473944493184","281473944493207","NL","Netherlands (Kingdom of the)","KPN B.V."
"281473944508016","281473944508023","NL","Netherlands (Kingdom of the)","Maatschap Fhysio Oldenzaal"
"281473944524896","281473944524951","NL","Netherlands (Kingdom of the)","KPN B.V."
"281473944542032","281473944542039","NL","Netherlands (Kingdom of the)","Stichting Hogeschool Amsterdam"
"281473944557768","281473944557775","NL","Netherlands (Kingdom of the)","KPN B.V."
"281473944587792","281473944587799","NL","Netherlands (Kingdom of the)","KPN B.V."
"281473944602296","281473944602303","NL","Netherlands (Kingdom of the)","C.P. de Boer"
"281473944617744","281473944617767","NL","Netherlands (Kingdom of the)","KPN B.V."
"281473944631968","281473944631975","NL","Netherlands (Kingdom of the)","De Laat"
"281473944644920","281473944644927","NL","Netherlands (Kingdom of the)","Hagen Beton Amsterdam BV"
"281473944841984","281473944842239","DE","Germany","ScaleUp Technologies GmbH & Co. KG"
"281473945040928","281473945040943","GB","United Kingdom of Great Britain and Northern Ireland","Summit Corporate Services Ltd"
"281473945376672","281473945376672","RU","Russian Federation","Reliable Communications s.r.o."
"281473945469048","281473945469051","FI","Finland","Elisa Oyj"
"281473945485836","281473945485839","FI","Finland","Tmijaanamjokiaho"
"281473945525248","281473945526271","FI","Finland","Telia Finland Oyj"
"281473945870144","281473945870175","FI","Finland","Rinteenkulma Avoin Kiinteistoyhtio"
"281473946351104","281473946353663","DE","Germany","Ratiodata Se"
"281473946445792","281473946445807","NL","Netherlands (Kingdom of the)","Autobusfabriek BOVA BV"
"281473946464288","281473946464303","NL","Netherlands (Kingdom of the)","KPN One/Wolfson B.V."
"281473946544728","281473946544735","HR","Croatia","MS Net"
"281473946669368","281473946669375","LU","Luxembourg","Encevo"
"281473946821348","281473946821351","FI","Finland","Elisa Oyj"
"281473946837648","281473946837655","FI","Finland","Vertoanalyticsoy"
"281473946862608","281473946862611","FI","Finland","RoyalRavintolatOy"
"281473946886848","281473946886855","MT","Malta","UTV Electronicsolutions"
"281473947344384","281473947344895","RU","Russian Federation","Internet Ltd."
"281473947819080","281473947819103","DE","Germany","Verizon Deutschland GmbH"
"281473948038656","281473948038911","DE","Germany","MTC Antos Buckel + Partner"
"281473948250616","281473948250623","NL","Netherlands (Kingdom of the)","Karssenass.nl"
"281473948425120","281473948425127","PL","Poland","Shimizu Corporation SA"
"281473948585076","281473948585079","IT","Italy","Gfinance SRL"
"281473948599192","281473948599195","IT","Italy","Di Matteo Elisabetta"
"281473948618952","281473948618967","IT","Italy","Telecom Italia S.p.A."
"281473948632768","281473948632775","IT","Italy","Telecom Italia S.p.A."
"281473949297664","281473949298175","DE","Germany","AT&T Global Network Services Nederland B.V."
"281473949465856","281473949466111","FI","Finland","TeliaSonera Finland Oyj"
"281473949707008","281473949707039","GB","United Kingdom of Great Britain and Northern Ireland","Verizon UK Limited"
"281473949832032","281473949832039","GB","United Kingdom of Great Britain and Northern Ireland","Drug Development Solutions Limited"
"281473949941772","281473949941775","PT","Portugal","The Coca Cola Corporation"
"281473950025285","281473950025285","FR","France","Prezioso Technilor"
"281473950029169","281473950029169","FR","France","5 R du Theatre"
"281473950034568","281473950034575","FR","France","Totalenergies Global Information Tech"
"281473950040494","281473950040494","FR","France","1 et 3 RN 13"
"281473950045880","281473950045895","FR","France","Orange S.A."
"281473950049938","281473950049938","FR","France","Bat 2 - 11 Rue Newton"
"281473950055782","281473950055782","FR","France","Bes Massiani Mireille Claude Jeanne Lgys1"
"281473950060725","281473950060725","FR","France","40 R Louis Moreau"
"281473950063620","281473950063620","FR","France","Laboratoire Baudel Arcj4"
"281473950069215","281473950069215","FR","France","Cab D Etudes Juridiques et Judiciaires"
"281473950073400","281473950073407","FR","France","Mairie de Behoust"
"281473950077258","281473950077258","FR","France","Za la Mottais"
"281473950081416","281473950081416","FR","France","19 Av Aristide Briand"
"281473950221712","281473950221727","CH","Switzerland","AXA Versicherungen AG"
"281473950417500","281473950417503","CZ","Czechia","COFELY a.s."
"281473950496040","281473950496047","CZ","Czechia","PSP Specialni strojirna a.s."
"281473950629760","281473950629887","FI","Finland","Enontekion Kunta"
"281473950812592","281473950812639","SE","Sweden","Telia Company AB"
"281473950847208","281473950847215","SE","Sweden","Coop Sverige AB"
"281473951046912","281473951047039","DE","Germany","Vodafone Enterprise Equipment Limited"
"281473951470520","281473951470527","CZ","Czechia","SIROKA 16"
"281473951519384","281473951519391","CZ","Czechia","Namesti Miru 3"
"281473951593528","281473951593567","NL","Netherlands (Kingdom of the)","Verizon Nederland B.V."
"281473952036392","281473952036395","SE","Sweden","Telia Company AB"
"281473952086336","281473952086343","SE","Sweden","Orange Business Sweden AB"
"281473952118352","281473952118359","SE","Sweden","Linde Gas AB"
"281473952452568","281473952452575","IT","Italy","Federazione Italiana Reti Dei Servizi del Terziario Cisl Regione Liguria"
"281473952468840","281473952468847","IT","Italy","Euroflex S.p.A."
"281473952485736","281473952485743","IT","Italy","Civiscentroitalianodivigilanzainternaestradalespa"
"281473952502128","281473952502135","IT","Italy","Telecom Italia S.p.A."
"281473952769812","281473952769815","GB","United Kingdom of Great Britain and Northern Ireland","Gould & Swayne - Ba16 0By"
"281473952870912","281473952871023","SI","Slovenia","Osnovna Sola Trzin"
"281473952909856","281473952909863","FR","France","Airefsol Energies 3"
"281473952915817","281473952915817","FR","France","Commune de Breal Sous Vitre"
"281473952922448","281473952922455","FR","France","Commune de Lamasquere"
"281473952927520","281473952927520","FR","France","Salina Aubj4"
"281473952930569","281473952930572","FR","France","Orange S.A."
"281473952935440","281473952935447","FR","France","Ovinalp Transports"
"281473952939647","281473952939647","FR","France","Bewgp Hopital des Charmettes Aubs3"
"281473952945012","281473952945012","FR","France","LA Maison Auto Nettoyante Quimper"
"281473952950792","281473952950799","FR","France","Opale Pneus"
"281473952957808","281473952957815","FR","France","Cab Kibler Geo Expert Foncier"
"281473952964216","281473952964223","FR","France","Orange S.A."
"281473952969760","281473952969767","FR","France","Cie Finisterienne de Construction"
"281473953018416","281473953018431","FI","Finland","Toplift Finland Oy"
"281473953431816","281473953431816","JP","Japan","Vodafone Enterprise Equipment Limited"
"281473953436353","281473953436354","DE","Germany","Vodafone Enterprise Equipment Limited"
"281473953439653","281473953439654","GB","United Kingdom of Great Britain and Northern Ireland","Vodafone Enterprise Equipment Limited"
"281473953695369","281473953695369","FR","France","Centre Depart de Prevention Alcoolisme Arcj5"
"281473953701757","281473953701757","FR","France","22 Av des Nations"
"281473953707263","281473953707264","FR","France","Orange S.A."
"281473953730359","281473953730359","FR","France","Carter Cash Putj1"
"281473953754200","281473953754200","FR","France","Bewgp SCP Inter Barreaux Avocats Beauchard Lgys3"
"281473953800448","281473953800687","RU","Russian Federation","MTS PJSC"
"281473954092736","281473954092767","GB","United Kingdom of Great Britain and Northern Ireland","Simulation Systems Ltd"
"281473954197696","281473954197711","LV","Latvia","Latvijas Republikas Prokuratura"
"281473954224384","281473954224639","SE","Sweden","Mixterdata AB"
"281473954686792","281473954686807","DE","Germany","GTT DC"
"281473954949377","281473954949378","FR","France","Orange S.A."
"281473954956216","281473954956223","FR","France","Orange S.A."
"281473954964432","281473954964435","FR","France","Sogetrel"
"281473954976393","281473954976394","FR","France","Orange S.A."
"281473954988148","281473954988151","FR","France","JMN"
"281473954997952","281473954997959","FR","France","Siac Ste Informatique Appliquee Con"
"281473955212448","281473955212455","HR","Croatia","VUKO"
"281473955247292","281473955247295","HR","Croatia","Agria Network"
"281473955335360","281473955335367","IT","Italy","A.S.D.E. SRL"
"281473955360552","281473955360555","IT","Italy","The Guardian Global Service SRL"
"281473955378036","281473955378047","IT","Italy","Telecom Italia S.p.A."
"281473955393940","281473955393963","IT","Italy","Telecom Italia S.p.A."
"281473955552768","281473955553033","UA","Ukraine","TOV D.D"
"281473955867984","281473955868019","CZ","Czechia","T-Mobile Czech Republic A.S."
"281473956167680","281473956184063","SE","Sweden","Telenor Sverige AB"
"281473956395584","281473956395599","CZ","Czechia","T-Mobile Czech Republic A.S."
"281473956537856","281473956538111","CH","Switzerland","Green.CH AG"
"281473956620080","281473956620087","DE","Germany","Hans Becker GmbH"
"281473956737368","281473956737371","DE","Germany","Comulus AG"
"281473956882049","281473956882049","NL","Netherlands (Kingdom of the)","Rocketconnect Ou"
"281473957015584","281473957015591","HU","Hungary","Advanced MP Technology Hungary Ltd."
"281473957442216","281473957442219","DE","Germany","APM Holding GmbH"
"281473957571744","281473957571759","CH","Switzerland","Smurfit Kappa Swisswell AG"
"281473957691888","281473957691891","SE","Sweden","Dekra Automotive AB"
"281473957702008","281473957702015","SE","Sweden","KMCT Group AB"
"281473957712840","281473957712843","SE","Sweden","Kappahl Sverige AB"
"281473957724712","281473957724727","SE","Sweden","Herenco I T AB"
"281473957759448","281473957759455","FR","France","Powernext"
"281473957775464","281473957775471","FR","France","INEOS"
"281473957899696","281473957899711","HU","Hungary","Interware Inc."
"281473958038410","281473958038412","DE","Germany","GTT"
"281473958042833","281473958042833","GB","United Kingdom of Great Britain and Northern Ireland","GTT"
"281473958091176","281473958091183","NL","Netherlands (Kingdom of the)","KPN B.V."
"281473958104416","281473958104447","NL","Netherlands (Kingdom of the)","KPN B.V."
"281473958116688","281473958116695","NL","Netherlands (Kingdom of the)","Soundware BV"
"281473958129272","281473958129279","NL","Netherlands (Kingdom of the)","Drogisterij-Parfumerie Konny Knape"
"281473958142080","281473958142087","NL","Netherlands (Kingdom of the)","Installatiebedrijf W van Veldhuizen"
"281473958190944","281473958190951","GB","United Kingdom of Great Britain and Northern Ireland","Steel and Alloy Processing"
"281473958518784","281473958524511","NL","Netherlands (Kingdom of the)","AT&T Global Network Services Nederland B.V."
"281473958927104","281473958927359","UA","Ukraine","LLC Rivne Telecom"
"281473959431168","281473959431679","JP","Japan","TruView LLC"
"281473959919728","281473959919735","FR","France","De Souza Combles"
"281473959923730","281473959923730","FR","France","Sarl Wallyn"
"281473959930360","281473959930367","FR","France","Groupdigital"
"281473959938176","281473959938183","FR","France","Ass Pour Developpement de Lhemodialys"
"281473959945377","281473959945377","FR","France","Dassault Aviation Istres Base"
"281473959952340","281473959952343","FR","France","Alupharm"
"281473959960980","281473959960983","FR","France","Royal Velo France"
"281473959971720","281473959971727","FR","France","Ccas Louvroil"
"281473959978501","281473959978501","FR","France","Merlier Lequette Sarl"
"281473960052280","281473960052283","IT","Italy","Unifarm S.P.A. Unione Farmacisti Trentino-Alto Adige"
"281473960070024","281473960070027","IT","Italy","Asp Reggio Emilia - Citta' Delle Persone"
"281473960088480","281473960088487","IT","Italy","Tenuta il Palagio di Sting E Trudie Soc Agr A Resp Limitata"
"281473960105576","281473960105583","IT","Italy","Telecom Italia S.p.A."
"281473960458496","281473960459775","NL","Netherlands (Kingdom of the)","Verizon Nederland B.V."
"281473960531872","281473960531887","GB","United Kingdom of Great Britain and Northern Ireland","Caledonia Investments PLC"
"281473960789728","281473960789759","FR","France","Easynet SAS"
"281473961174924","281473961174927","IT","Italy","Salvadori Luca"
"281473961194260","281473961194263","IT","Italy","Unione di Comuni Lombarda Adda Martesana"
"281473961211184","281473961211191","IT","Italy","Idealogy SRL"
"281473961225944","281473961225947","IT","Italy","Bayer S.p.A."
"281473961515520","281473961516031","DE","Germany","Sommer Allibert-Lignotock GmbH"
"281473961618688","281473961618943","DE","Germany","Syskotec GmbH"
"281473961726720","281473961726975","FR","France","Free Pro SAS"
"281473962040651","281473962040651","NL","Netherlands (Kingdom of the)","Hostman Ltd"
"281473962531840","281473962532863","PL","Poland","SOFT PRO 2 Sp. z o.o."
"281473962753064","281473962753103","CH","Switzerland","Swisscom AG"
"281473962822816","281473962822839","DE","Germany","Deutsche Telekom AG"
"281473962854256","281473962854263","DE","Germany","Pinguin-System GmbH"
"281473963405501","281473963405551","FR","France","Scaleway SAS"
"281473963886080","281473963886591","RU","Russian Federation","Public Joint Stock Company Electrosvyaz"
"281473964258816","281473964259071","GR","Greece","21 klm Leoforou Marathonos"
"281473964994060","281473964994060","NL","Netherlands (Kingdom of the)","Techoff SRV Limited"
"281473965329884","281473965329907","ES","Spain","AT&T Global Network Services Nederland B.V."
"281473965466652","281473965466655","DE","Germany","Hochschule Fresenius gGmbH"
"281473965774368","281473965774383","FR","France","Intersystems SAS SL"
"281473966003968","281473966003975","NL","Netherlands (Kingdom of the)","Sphinx Sanitair BV"
"281473966243072","281473966243507","FI","Finland","Elisa Oyj"
"281473966286684","281473966286687","SE","Sweden","Axfood IT AB"
"281473966305608","281473966305611","SE","Sweden","Zoo Support Scandinavia AB"
"281473966332448","281473966332479","SE","Sweden","Fridhems folkhogskola"
"281473966368544","281473966368575","HU","Hungary","KIFU"
"281473966389176","281473966389183","HU","Hungary","Puspokhatvani Bene Jozsef Altalanos Iskola Acsai Petofi Sandor Tagiskolaja E"
"281473966398760","281473966398767","HU","Hungary","Makovecz Imre Altalanos Iskola E"
"281473966490859","281473966490859","DE","Germany","Ivanov Andrey"
"281473966809088","281473966817279","RU","Russian Federation","JSC ER-Telecom Holding"
"281473967106888","281473967106895","RU","Russian Federation","LLC Teploinzhstroj"
"281473967257248","281473967257251","NL","Netherlands (Kingdom of the)","AT&T Global Network Services Nederland B.V."
"281473967605160","281473967605543","FI","Finland","Elisa Oyj"
"281473967835136","281473967835391","FR","France","Centre ORSTOM de Montpellier"
"281473967921200","281473967921215","IT","Italy","NTT Data Italia S.p.A."
"281473967937848","281473967937855","IT","Italy","Sieengineeringsrl"
"281473967954564","281473967954567","IT","Italy","X-Pro S.r.l."
"281473967973320","281473967973323","IT","Italy","Gli Ipocriti Coop. S.p.A."
"281473968415104","281473968415111","AT","Austria","KP Busi Q5202A00"
"281473968795264","281473968797551","FI","Finland","Elisa Oyj"
"281473969247000","281473969247007","DE","Germany","Deutsche Telekom AG"
"281473969276456","281473969276463","DE","Germany","Lidl Dienstleistung GmbH & Co. KG"
"281473969699072","281473969699327","DE","Germany","Netto Marken-Discount AG & Co. KG"
"281473970184640","281473970184655","VC","Saint Vincent and The Grenadines","Customs & Excise Department"
"281473970937600","281473970950399","ZA","South Africa","DXC Technology South Africa (Pty) Ltd"
"281473972214928","281473972214943","PR","Puerto Rico","Info Providers"
"281473972862976","281473972895743","-","-","-"
"281473974121728","281473974122495","SC","Seychelles","IPTP Inc"
"281473984528384","281473984536575","NG","Nigeria","Federal University of Technology Akure"
"281473986547785","281473986547785","NL","Netherlands (Kingdom of the)","Internet Security Cheapyhost"
"281473995776512","281473995776767","KE","Kenya","KCA University Main Campus"
"281473997127696","281473997127703","NG","Nigeria","Easypay to FGT"
"281473997139968","281473997139983","NG","Nigeria","Huawei PIP"
"281473997309508","281473997309511","GH","Ghana","Gridco Ceo"
"281474001956880","281474001956895","MA","Morocco","Meditel"
"281474002201472","281474002201479","NG","Nigeria","Generation Network"
"281474003443908","281474003443911","NG","Nigeria","BGL"
"281474003648696","281474003648703","US","United States of America","Kensington Place Apts"
"281474003659376","281474003659391","US","United States of America","John Ball Zoo"
"281474003670272","281474003670279","US","United States of America","Ne Healthcare Foundation"
"281474003681216","281474003681223","US","United States of America","Barry Communications Inc"
"281474003692040","281474003692047","US","United States of America","21 Century"
"281474003778312","281474003778319","US","United States of America","Comm Pro"
"281474004422592","281474004422607","US","United States of America","DDoSDeflect.com"
"281474005113088","281474005113343","US","United States of America","Pegasystems Inc."
"281474005222304","281474005222335","US","United States of America","Six Continents Hotel - Holiday Inn Express - Winston Salem"
"281474005236360","281474005236367","US","United States of America","Charter Communications Inc"
"281474005262576","281474005262579","US","United States of America","TPx Communications"
"281474005429456","281474005429471","NI","Nicaragua","OVH Hosting Inc."
"281474006326592","281474006326655","CA","Canada","Rogers Communications Canada Inc."
"281474006676976","281474006676991","US","United States of America","Hudson Group (HG) Retail LLC"
"281474006885376","281474006885631","CR","Costa Rica","Oracle Corporation"
"281474006943684","281474006943743","CA","Canada","OVH Hosting Inc."
"281474007001088","281474007002111","CA","Canada","Xplore Inc."
"281474007665002","281474007665003","US","United States of America","Soluciones Globales S.A.S"
"281474008431360","281474008433663","CA","Canada","Unibase Telecom Ltd."
"281474009624800","281474009624807","US","United States of America","TPx Communications"
"281474010268824","281474010268831","US","United States of America","Extra Express Inc."
"281474010279008","281474010279015","US","United States of America","T Fetter and Co"
"281474010760192","281474010761215","US","United States of America","Northwestern Michigan College"
"281474012844800","281474012845055","US","United States of America","McCall Design"
"281474014204416","281474014204671","CA","Canada","Beta Systems Software of Canda Inc."
"281474014624896","281474014624959","US","United States of America","Integrilogic"
"281474015386584","281474015386591","US","United States of America","Jersey Mikes Subs"
"281474015611648","281474015611903","US","United States of America","Cplex Optimization Inc."
"281474016718336","281474016718591","US","United States of America","MGV International Inc."
"281474017062288","281474017062303","US","United States of America","Dedispec"
"281474017460224","281474017477375","US","United States of America","Amazon.com Inc."
"281474018935024","281474018935039","US","United States of America","CenturyLink Communications LLC"
"281474019038208","281474019039231","US","United States of America","Navy Federal Credit Union"
"281474020102144","281474020102239","US","United States of America","Frantech Solutions"
"281474021072416","281474021072431","CA","Canada","SAV Technology"
"281474021707200","281474021707215","US","United States of America","Mojohost"
"281474022153984","281474022154495","US","United States of America","NAC Reinsurance Corp."
"281474022814224","281474022814231","US","United States of America","Pea Soup Andersens Inn"
"281474023507968","281474023508775","US","United States of America","We Link Networks LLC"
"281474024302000","281474024302007","US","United States of America","Daniel Korus"
"281474025107456","281474025108479","US","United States of America","Mohawk Industries Inc."
"281474026173440","281474026174463","CA","Canada","PostageApp"
"281474026763595","281474026763597","US","United States of America","Sre- Sudderth Real Estate"
"281474027153346","281474027153349","US","United States of America","Anthony Gentner"
"281474028045936","281474028045937","US","United States of America","Comprehensive Fire Technologies"
"281474028134752","281474028134791","US","United States of America","CenturyLink Communications LLC"
"281474028302560","281474028302575","US","United States of America","Northeast Iowa Telephone Company"
"281474031364215","281474031364216","US","United States of America","Consumer Media Network"
"281474031475448","281474031475455","CA","Canada","Go Cube"
"281474032244000","281474032244007","US","United States of America","Edgewater Park Township BOE"
"281474032769696","281474032769703","US","United States of America","Mitel"
"281474033223680","281474033224703","US","United States of America","Trapp Online LLC"
"281474034814180","281474034814183","US","United States of America","Bayer AG"
"281474035289416","281474035289423","US","United States of America","Level 3 Communications Inc."
"281474035308752","281474035308759","US","United States of America","Ideal Ventures LLC"
"281474035328400","281474035328423","US","United States of America","Level 3 Communications Inc."
"281474035346544","281474035346551","US","United States of America","P.H. Acquisition DBA Pierce Equipment"
"281474035840768","281474035841023","SG","Singapore","Internet Utilities NA LLC"
"281474036357120","281474036357127","CA","Canada","Office de Tourisme de La Mrc Des Appalaches"
"281474036378984","281474036378991","CA","Canada","Binarium Corp"
"281474036451568","281474036451583","CA","Canada","Netrix LLC"
"281474037163956","281474037163959","US","United States of America","Central Illinois Regional Airport"
"281474037354256","281474037354351","HT","Haiti","Access Haiti S.A."
"281474037642392","281474037642407","GT","Guatemala","Telecomunicaciones de Guatemala Sociedad Anonima"
"281474038026856","281474038026863","PA","Panama","Jeseni Investments S.A"
"281474038793360","281474038793375","EC","Ecuador","Ecuafibra S.A."
"281474038914054","281474038914303","AR","Argentina","WANS"
"281474038988504","281474038988511","CL","Chile","Instituto Geografico Militar"
"281474039116256","281474039116271","CO","Colombia","Colegio Catolico"
"281474039148348","281474039148351","CO","Colombia","Construcciones CFC & Asociados S.A.S Bic"
"281474039220504","281474039220505","EC","Ecuador","Cooperativa de Ahorro Y Credito Cooprogreso Ltd."
"281474039236940","281474039236943","CO","Colombia","Diveo de Colombia"
"281474039302120","281474039302123","EC","Ecuador","Proveedora Ecuatoriana S.A. Proesa"
"281474039499360","281474039499367","VE","Venezuela (Bolivarian Republic of)","Osiris"
"281474039525800","281474039525807","GT","Guatemala","Telectro Chimaltenango"
"281474039664544","281474039664575","PE","Peru","Integratel Peru S.A.A."
"281474039887848","281474039887855","CL","Chile","Compara Online"
"281474040101456","281474040101463","VE","Venezuela (Bolivarian Republic of)","Cafe Madrid."
"281474040441332","281474040441335","GT","Guatemala","Osvaldo Enrique Berganza Portillo"
"281474040503296","281474040504319","PY","Paraguay","Norte Net E.A.S."
"281474040745072","281474040745087","CL","Chile","Forestal Comaco S.A."
"281474040840888","281474040840895","CL","Chile","Inversiones Newell Rubbermaid Chile Ltda."
"281474040920480","281474040920511","MX","Mexico","Optical Connections"
"281474041025896","281474041025903","UY","Uruguay","Stadium Casa Central"
"281474041122496","281474041122527","PE","Peru","MEEC"
"281474041151520","281474041151535","PE","Peru","Victor Toledo"
"281474041291192","281474041291199","PE","Peru","Despachos Aduaneros Universo"
"281474041646400","281474041646407","CL","Chile","Proveedores Integrales PRISA S.A."
"281474041714116","281474041714116","US","United States of America","A2 Hosting Inc."
"281474042061344","281474042068991","CL","Chile","VTR Banda Ancha S.A."
"281474042147684","281474042147685","BR","Brazil","Upstart Provedor de Internet Ltda"
"281474042482432","281474042482687","AR","Argentina","W3 Comunicacion SRL"
"281474042799976","281474042799979","NI","Nicaragua","Xerox de Nicaragua"
"281474043027456","281474043035647","CL","Chile","Telefonica Chile S.A."
"281474044126440","281474044126447","EC","Ecuador","Logistica Ecuatoriana"
"281474044260280","281474044260287","HN","Honduras","Flores & Flores"
"281474044581406","281474044581407","CO","Colombia","O I S Telecomunicaciones S.A.S"
"281474044845888","281474044845895","CO","Colombia","Mega Logistik ML SAS"
"281474045017432","281474045017439","CO","Colombia","FiberGroup S.A.S"
"281474045237008","281474045237015","CO","Colombia","Estudio de Moda S.A.S"
"281474045246936","281474045246943","CO","Colombia","Aig Seguros Colombia S.A."
"281474045427288","281474045427295","VE","Venezuela (Bolivarian Republic of)","Distribuidora Rower"
"281474046575794","281474046575795","BR","Brazil","Nanovetores Tecnologia S.A."
"281474046586814","281474046586815","BR","Brazil","Selfit Academias Holding S.A"
"281474047035744","281474047035747","BR","Brazil","Comercio de Medicamentos Brair Ltda"
"281474047048184","281474047048191","BR","Brazil","Ligga Servicos em Telecom S.A."
"281474047363648","281474047363711","BR","Brazil","Construtivo.com do Brasil Ltda"
"281474047607648","281474047607655","ES","Spain","Telefonica Brasil S.A"
"281474048262548","281474048262559","BR","Brazil","Century Telecom Ltda"
"281474049255680","281474049255743","BR","Brazil","B2W - Companhia Digital"
"281474049384264","281474049384271","BR","Brazil","Cirion Technologies do Brasil Ltda."
"281474049409792","281474049409831","BR","Brazil","Cirion Technologies do Brasil Ltda."
"281474049438092","281474049438095","BR","Brazil","Acqua Telecom"
"281474049810496","281474049810543","BR","Brazil","Scala Data Centers"
"281474050003392","281474050003423","BR","Brazil","Ligga Servicos em Telecom S.A."
"281474050009844","281474050009847","BR","Brazil","Unidade de Ultrasonografia Ltda"
"281474050024958","281474050024959","BR","Brazil","Tribunal de Justica do Distrito Federal"
"281474050030978","281474050030991","BR","Brazil","Tribunal Regional Eleitoral do Goias"
"281474050411040","281474050411047","BR","Brazil","Studica Brasil Software Ltda"
"281474051338218","281474051338222","BR","Brazil","CCS Brasil Servicos em Telecomunicacoes Ltda"
"281474051655816","281474051655823","BR","Brazil","ECO Sistemas e Editoracao"
"281474052764720","281474052764723","BR","Brazil","Micro Premium Informatica Ltda"
"281474055043248","281474055043249","BR","Brazil","Loomy Smart Solutions Ltda"
"281474055520268","281474055520271","BR","Brazil","Tech Cable do Brasil Sist. de Telec. Ltda"
"281474056985747","281474056985747","BR","Brazil","Outback Steakhouse Restaurantes Brasil S.A."
"281474057523696","281474057535487","BR","Brazil","Sercomtel S/A Telecomunicacoes"
"281474059059984","281474059059999","BR","Brazil","Techware Systems Comercio E Servicos Ltda"
"281474062574848","281474062575103","MX","Mexico","Electronica Steren S.A. de C.V."
"281474064304864","281474064304879","BR","Brazil","Carlos Sergio de Sousa Sacramento"
"281474064526664","281474064526671","MX","Mexico","HIR Compania de Seguros"
"281474068318208","281474068318463","EC","Ecuador","Corporacion Nacional de Telecomunicaciones - CNT EP"
"281474068544720","281474068544735","BO","Bolivia (Plurinational State of)","Fundacion Centro Multifuncional Adolfo Kolping"
"281474069316352","281474069316383","CO","Colombia","Cirion Technologies Argentina S.A."
"281474069345392","281474069345399","CO","Colombia","Cirion Technologies Argentina S.A."
"281474069355600","281474069355607","EC","Ecuador","Intaco Ecuador S.A."
"281474069614520","281474069614527","CL","Chile","Arysta Lifescience Chile S.A."
"281474069982112","281474069982127","CO","Colombia","ETB - Colombia"
"281474070195208","281474070195231","SV","El Salvador","CTE S.A. de C.V."
"281474070910248","281474070910271","AU","Australia","T.en Net SAS"
"281474070935576","281474070935583","IN","India","Bby Services India LLP"
"281474071335168","281474071339007","AU","Australia","Aussie Fibre Pty Ltd"
"281474072718592","281474072718847","KR","Korea (the Republic of)","Korea Internet Security Agency"
"281474073200640","281474073200895","NZ","New Zealand","One New Zealand Group Limited"
"281474073332680","281474073332683","TW","Taiwan (Province of China)","Qi Mei Electronic Co. Ltd."
"281474073484240","281474073484255","JP","Japan","Education Digital Transformation Promotion Division Board of Education"
"281474073542768","281474073542783","SG","Singapore","Premier Rent A Car Pte Ltd"
"281474073719152","281474073719155","AU","Australia","Freudenberg Pty Ltd"
"281474074049280","281474074049535","-","-","-"
"281474074578768","281474074578815","AU","Australia","PacketFabric (Hong Kong) Limited"
"281474075304200","281474075304200","SG","Singapore","ComClark Network & Technology Corp."
"281474075803648","281474075807743","VU","Vanuatu","Asia Pacific Regional Internet Governance Forum"
"281474076052176","281474076052179","JP","Japan","Bank of the Ryukyus Limited"
"281474076138544","281474076138559","HK","Hong Kong","Uniconcept Asia Limited"
"281474076157856","281474076157871","HK","Hong Kong","Wide Tech Shipping Ltd"
"281474076173568","281474076173583","HK","Hong Kong","Grande Technology"
"281474076282718","281474076282718","SG","Singapore","Telstra Global"
"281474076318640","281474076318655","HK","Hong Kong","Kishimoto Sangyo (HK) Co Ltd"
"281474076733512","281474076733951","JP","Japan","Nippon Information and Communication Corporation"
"281474076968846","281474076968846","HK","Hong Kong","RackIP Consultancy Pte. Ltd."
"281474077085600","281474077086335","CN","China","ChinaNet Shanghai Province Network"
"281474077401160","281474077401167","CN","China","Zhijianyuan Internet Bar"
"281474077524352","281474077524383","CN","China","Guangzhou Gdweatherbureau Government Bureau"
"281474077596192","281474077596223","CN","China","Zhongshan Qiandaida Electronic Co.Ltd"
"281474077680352","281474077680383","CN","China","Li Guang Ming"
"281474077811212","281474077811215","CN","China","Hangzhou Westlake District Sanrong Internet Bar"
"281474077913296","281474077913311","CN","China","ZF Shanghai Steering Co. Ltd."
"281474078015844","281474078015847","CN","China","GuoMao Hotel ZhangJiaGang"
"281474078902960","281474078902975","PH","Philippines","Unit 810 Alpap 2 Building"
"281474079244544","281474079244799","BD","Bangladesh","Coloasia Limited"
"281474079620936","281474079620943","TW","Taiwan (Province of China)","HP Inc"
"281474080050304","281474080050431","JP","Japan","Relation Co. Ltd."
"281474080533264","281474080533279","TH","Thailand","L.U.V Partnership Limited"
"281474080731112","281474080731119","JP","Japan","Asahi Comtec Co. Ltd"
"281474081323164","281474081323167","AU","Australia","AAPT Limited"
"281474081700096","281474081700351","SG","Singapore","Address Block2 Allocated by APNIC"
"281474082126112","281474082126119","AU","Australia","Omnibyte"
"281474082774488","281474082774495","TH","Thailand","AWN Customer"
"281474083184920","281474083185150","IN","India","IPs High Bandwidth Customer"
"281474084560576","281474084560631","JP","Japan","Arteria Networks Corporation"
"281474084692672","281474084692735","JP","Japan","Hitachi Systems Ltd."
"281474084832736","281474084832751","JP","Japan","Nanjo.City.Office"
"281474085084928","281474085085055","JP","Japan","Asobimo Inc."
"281474085315072","281474085315199","JP","Japan","Intec Inc."
"281474085586048","281474085586055","JP","Japan","Arteria Networks Corporation"
"281474085600680","281474085600703","JP","Japan","Arteria Networks Corporation"
"281474085919744","281474085919999","JP","Japan","Enecom Inc."
"281474085998592","281474085998847","JP","Japan","IIJNET"
"281474086433385","281474086433385","US","United States of America","Infosphere"
"281474087018920","281474087018975","JP","Japan","Fujitsu Limited"
"281474088060416","281474088060671","CN","China","ChinaNet Fujian Province Network"
"281474088687360","281474088687615","AU","Australia","State Library of Victoria"
"281474089182464","281474089182719","-","-","-"
"281474089602048","281474089602303","CN","China","ChinaNet Fujian Province Network"
"281474091318528","281474091319295","CN","China","ChinaNet Fujian Province Network"
"281474091698152","281474091698155","AU","Australia","Lanceroy Pty Ltd"
"281474091858296","281474091858296","TW","Taiwan (Province of China)","Chunghwa Telecom Co. Ltd."
"281474091884496","281474091884511","TW","Taiwan (Province of China)","Jyi Hwua Information Co. Ltd."
"281474092057248","281474092057279","TW","Taiwan (Province of China)","Chunghwa Telecom Co. Ltd."
"281474092091388","281474092091391","TW","Taiwan (Province of China)","Chunghwa Telecom Co. Ltd."
"281474092371692","281474092371695","TW","Taiwan (Province of China)","Taiwan Mold & Die Industry"
"281474092442432","281474092442463","TW","Taiwan (Province of China)","Chunghwa Telecom Co. Ltd."
"281474092496616","281474092496623","TW","Taiwan (Province of China)","Bao Li Li International Career Co. Ltd."
"281474092791172","281474092791179","HK","Hong Kong","Hong Kong Broadband Network Ltd"
"281474092826612","281474092826615","HK","Hong Kong","Mau I Business Centre Ltd - Eton Tower"
"281474093405300","281474093405303","AU","Australia","Eservices"
"281474093566784","281474093566799","SG","Singapore","DM Contract ID"
"281474093984576","281474093984583","HK","Hong Kong","NWT Broadband Service"
"281474094111724","281474094111725","JP","Japan","Telstra Global"
"281474094578776","281474094578783","TH","Thailand","Fresh Answer Co. Ltd."
"281474094825904","281474094825907","AU","Australia","The St Kilda Road Park View Hotel"
"281474094996032","281474094996095","JP","Japan","Arteria Networks Corporation"
"281474095391904","281474095391919","SG","Singapore","Singapore Computer Systems Ltd"
"281474095648641","281474095648649","HK","Hong Kong","Communilink Internet Service Provider Hong Kong"
"281474096203128","281474096203155","IN","India","Bharti Airtel Ltd."
"281474096710152","281474096710159","JP","Japan","Technonet Co. Ltd."
"281474096957696","281474096957715","AU","Australia","Network Technology (Aust) P/L"
"281474097069376","281474097069383","IN","India","Sshriram City Union Finance Co Limited"
"281474097126656","281474097126783","TH","Thailand","CS Loxinfo Public Company Limited"
"281474097529760","281474097529775","JP","Japan","Nihon Wide Communications. Co Ltd."
"281474097955840","281474097956863","TH","Thailand","BKNIX Co. Ltd."
"281474098173072","281474098173119","VN","Viet Nam","Vietnam Data Communication Company"
"281474098471664","281474098471679","JP","Japan","KVH Co. Ltd"
"281474098723584","281474098723631","TH","Thailand","CS Loxinfo Public Company Limited"
"281474098958660","281474098958663","AU","Australia","Vocus AAPT"
"281474099152640","281474099152895","PH","Philippines","Network IP"
"281474099271992","281474099271999","JP","Japan","Prince Electric Corporation"
"281474099643520","281474099643523","HK","Hong Kong","Hong Kong Broadband Network Ltd"
"281474099708616","281474099708619","HK","Hong Kong","Fujipoly Apcom Ltd - Kwai Tak Ind Centre"
"281474099726300","281474099726335","HK","Hong Kong","Hong Kong Broadband Network Ltd"
"281474099738826","281474099738828","HK","Hong Kong","HKBN - Corporate User"
"281474099746688","281474099746691","HK","Hong Kong","Hong Kong Broadband Network Ltd"
"281474099764652","281474099764655","HK","Hong Kong","Foreign Press Distributors Ltd - Wanda's Industrial Building"
"281474100141312","281474100141343","KR","Korea (the Republic of)","Telstra Global"
"281474100729568","281474100729743","AU","Australia","ECN Pty Ltd Corporate Client Fixed IP Ranges 1"
"281474101518336","281474101526527","JP","Japan","Oita Cable Television Broadcasting Inc."
"281474101915536","281474101915543","AU","Australia","QinetIQ"
"281474102075740","281474102075740","JP","Japan","SprintLink Asia Pacific Region"
"281474103689216","281474103689738","KR","Korea (the Republic of)","SamsungSDS Inc."
"281474104966912","281474104966935","US","United States of America","Xtel Communications Inc."
"281474105084744","281474105084751","US","United States of America","Long Consulting Services Inc."
"281474105102576","281474105102583","US","United States of America","Tennis Channel"
"281474105227264","281474105227551","US","United States of America","DTC Cable"
"281474105347744","281474105347751","US","United States of America","Gilmer School System"
"281474106030776","281474106030783","US","United States of America","Sawmill Private Management Inc"
"281474107605584","281474107605599","CA","Canada","Rogers Communications Canada Inc."
"281474108605440","281474108606975","US","United States of America","Sherman Independent School District"
"281474109380352","281474109380607","US","United States of America","Bennington College"
"281474109964800","281474109965311","US","United States of America","Choreograph"
"281474110328960","281474110329087","CA","Canada","DSM Data Marketing Systems Inc."
"281474110736824","281474110736831","US","United States of America","CenturyLink Communications LLC"
"281474110762936","281474110762943","US","United States of America","Select Galleriesinc/La Z Boy"
"281474110921664","281474110921695","CA","Canada","Bell Canada"
"281474110954304","281474110954335","CA","Canada","Delta Bingo Inc."
"281474111575064","281474111575119","US","United States of America","Shenandoah Cable Television LLC"
"281474112422621","281474112422625","US","United States of America","ElectriCiti Inc."
"281474112968200","281474112968207","US","United States of America","Consumer Credit of des Moines"
"281474113115024","281474113115039","US","United States of America","Virtual Marketing"
"281474113351724","281474113351727","US","United States of America","Sprint Nextel"
"281474114058716","281474114058779","US","United States of America","Verizon Business"
"281474115728384","281474115728895","CA","Canada","Pacific InterConnect Inc."
"281474116489892","281474116489899","US","United States of America","PenTeleData House Account"
"281474116545944","281474116545947","US","United States of America","Gilboy Ford"
"281474116814840","281474116814847","CA","Canada","At and T Global Services Canada Co"
"281474116865392","281474116865399","CA","Canada","Telus Communications Inc."
"281474117337576","281474117337587","AR","Argentina","Baker Hughes Argentina S.r.l."
"281474117361292","281474117361295","CO","Colombia","CTL LATAM"
"281474117368948","281474117368951","CO","Colombia","Cooperativa de Ahorro Y Credito - Cootraipi"
"281474117390200","281474117390231","MX","Mexico","CTL LATAM"
"281474118305024","281474118305279","US","United States of America","Agency.com"
"281474119870200","281474119870207","US","United States of America","MI Group"
"281474120301720","281474120301727","CA","Canada","No Limits Sportswear Inc"
"281474120844144","281474120844147","US","United States of America","Verizon Business"
"281474121062400","281474121062655","US","United States of America","MC Communications"
"281474130398256","281474130398263","US","United States of America","Moline Police Department"
"281474130946352","281474130946359","CA","Canada","Acceleron Incorporated"
"281474131823240","281474131823647","US","United States of America","Subnet Digital LLC"
"281474132104592","281474132104599","US","United States of America","CenturyLink Communications LLC"
"281474132180992","281474132181007","US","United States of America","Columbia Group LLLP"
"281474132262072","281474132262079","US","United States of America","Alter Trading Company"
"281474133049880","281474133049880","DE","Germany","Level 3 Communications Ltd"
"281474133945088","281474133945343","US","United States of America","Mohawk Trails ES"
"281474134455680","281474134455687","US","United States of America","Genesis PharmOptima LLC"
"281474134628160","281474134628175","CA","Canada","Enerflex ltd"
"281474135215592","281474135215599","US","United States of America","Starbase Minnesota Inc"
"281474135485632","281474135485639","US","United States of America","Silverleaf Resorts Inc."
"281474136447224","281474136447231","US","United States of America","RackNerd LLC"
"281474137162288","281474137163519","US","United States of America","Cogent Communications LLC"
"281474137569648","281474137569655","US","United States of America","University Prep Math and Science HS"
"281474139886760","281474139886767","US","United States of America","Bitfone"
"281474140952032","281474140952063","CA","Canada","Harry Rosen Inc"
"281474140977560","281474140977567","CA","Canada","Boscoville"
"281474141368320","281474141371199","BM","Bermuda","Telebermuda International Limited"
"281474142215424","281474142215679","US","United States of America","Cambridge Internet Ltd."
"281474142766536","281474142766543","CA","Canada","Sunco Communication & Installation Ltd."
"281474143078704","281474143078783","US","United States of America","CenturyLink Communications LLC"
"281474143338768","281474143338783","US","United States of America","Brazen Technology Inc"
"281474143992320","281474143992575","US","United States of America","Whittier Chrysler Plymouth"
"281474144961640","281474144961663","CA","Canada","Metafore Corporation"
"281474144988672","281474144988927","CA","Canada","MultiMail Communications Software Inc."
"281474145690888","281474145690888","HK","Hong Kong","Solustack Limited"
"281474146076056","281474146076071","US","United States of America","Geneseo Telephone Company"
"281474146786024","281474146786175","US","United States of America","Verizon Business"
"281474148027072","281474148027135","US","United States of America","CenturyLink Communications LLC"
"281474148512240","281474148512247","CA","Canada","Redpath Canada Limited"
"281474149127040","281474149127071","CA","Canada","Quincaillerie Richelieu Ltee"
"281474149437832","281474149437839","US","United States of America","Wisconsin Tool and Mold"
"281474150074328","281474150074335","CA","Canada","Omega Environmental Inc."
"281474150648432","281474150648439","US","United States of America","Burroughs and Chapin Company Inc."
"281474151510400","281474151510463","US","United States of America","IT Properties Inc."
"281474152182016","281474152182271","US","United States of America","Louisiana Community and Technical College System"
"281474152506128","281474152506135","CA","Canada","Beanfield Technologies Inc."
"281474153046784","281474153047039","US","United States of America","DCH Management Services"
"281474154210560","281474154210815","US","United States of America","Cogent Communications LLC"
"281474154973360","281474154973367","US","United States of America","Solvay"
"281474155138112","281474155138119","US","United States of America","Global POPs INC"
"281474155856376","281474155856495","US","United States of America","Verizon Business"
"281474156667968","281474156668415","US","United States of America","Santa Clara County Office of Education"
"281474156914560","281474156914575","CA","Canada","Telus Communications Inc."
"281474156943648","281474156943679","CA","Canada","ITI Inc."
"281474156973528","281474156973535","CA","Canada","Randstad Interim Inc"
"281474157413408","281474157413439","GB","United Kingdom of Great Britain and Northern Ireland","Cable and Wireless St Kitts"
"281474157652343","281474157652344","HK","Hong Kong","Microsoft Corporation"
"281474157716696","281474157716699","US","United States of America","GeoLinks"
"281474157737008","281474157737023","US","United States of America","Pacific Dualies"
"281474158477768","281474158477775","US","United States of America","Healthy Life Screening"
"281474158490176","281474158490183","US","United States of America","Worldwide Steel Unlimited"
"281474158682808","281474158682815","CA","Canada","Cineplex Entertainment Corporation"
"281474159599616","281474159599871","US","United States of America","Merit Network Inc."
"281474160285696","281474160287775","US","United States of America","Verizon Business"
"281474161095168","281474161095423","US","United States of America","Knology Inc."
"281474161343168","281474161343175","CA","Canada","First West Credit Union"
"281474161676768","281474161676775","CA","Canada","Rogers Communications Canada Inc."
"281474161755200","281474161755207","US","United States of America","Anthony Albano"
"281474161802704","281474161803263","US","United States of America","CenturyLink Communications LLC"
"281474162190592","281474162190607","CA","Canada","Association du Barreau Canadien"
"281474162452944","281474162452959","US","United States of America","CenturyLink Communications LLC"
"281474163427288","281474163427295","CA","Canada","Renouveau La Fontaine C-C SENC"
"281474163517176","281474163517183","US","United States of America","Federal Bakers USA"
"281474163745216","281474163745231","US","United States of America","Verizon Business"
"281474163896480","281474163896487","US","United States of America","Joa Corporation DBA John"
"281474164364208","281474164364255","CA","Canada","Interbaun"
"281474164948992","281474164981759","US","United States of America","Ventura County Office of Education"
"281474165382336","281474165382343","CA","Canada","SpringTel Communications Inc"
"281474165420944","281474165420951","CA","Canada","Mueller Canada"
"281474165633832","281474165633839","CA","Canada","Korn/Ferry Canada Inc."
"281474166241840","281474166241847","US","United States of America","Central Scott Telephone Company"
"281474166380144","281474166380159","US","United States of America","Sanilac County"
"281474166519328","281474166519359","CA","Canada","63/Luxx/000004/Ucn/001"
"281474166971993","281474166971993","CA","Canada","Aloe Systems"
"281474167101976","281474167101983","US","United States of America","Volk Field"
"281474167176976","281474167176983","US","United States of America","Cargo Trailer Sales Inc"
"281474167401816","281474167401823","CA","Canada","Telus Communications Inc."
"281474167786956","281474167786959","US","United States of America","Network Innovations LLC"
"281474167863824","281474167863831","US","United States of America","November Design Group"
"281474168380672","281474168381183","BE","Belgium","Terumo"
"281474169000584","281474169000591","CA","Canada","Rona Inc."
"281474169118720","281474169174015","US","United States of America","Level 3 Communications Inc."
"281474169372160","281474169372167","US","United States of America","Nexus Systems"
"281474169415504","281474169415511","US","United States of America","Chris Fernandez"
"281474169601992","281474169601999","US","United States of America","Telus Communications Inc."
"281474169788160","281474169788415","US","United States of America","Creative Computer Services Inc"
"281474170110656","281474170110671","CA","Canada","Bank of Nova Scotia"
"281474170138064","281474170138071","CA","Canada","The Corporation of the Town of Smiths Falls"
"281474170491144","281474170491151","US","United States of America","Zayo Group LLCzayo Group LLC"
"281474170579552","281474170579567","US","United States of America","Delta Community Credit Union"
"281474170752256","281474170752639","US","United States of America","Arizona Public Schools Computer Consortium"
"281474171114760","281474171114767","US","United States of America","Positive Impact Consulting"
"281474171890000","281474171890055","US","United States of America","Cogent Communications LLC"
"281474173376336","281474173381375","US","United States of America","Cogent Communications LLC"
"281474173908888","281474173908895","CA","Canada","Cordova Gas Resources Ltd"
"281474174304288","281474174304327","US","United States of America","CenturyLink Communications LLC"
"281474174361208","281474174361223","US","United States of America","Qwest Communications Company LLC"
"281474174422416","281474174422527","US","United States of America","CenturyLink Communications LLC"
"281474174469328","281474174469343","US","United States of America","Commerce Direct Solutions Inc"
"281474174546584","281474174546591","US","United States of America","Activelinxx"
"281474174665585","281474174665586","DE","Germany","Level 3 Communications Ltd"
"281474174892944","281474174892959","US","United States of America","C7 Data Centers Inc."
"281474175161008","281474175161015","US","United States of America","Lococo Sports Inc."
"281474175179240","281474175179247","US","United States of America","Affinity Painting Company Inc"
"281474175611904","281474175612415","US","United States of America","Executive Personal Computers Inc."
"281474175758080","281474175758335","DE","Germany","Internet Utilities NA LLC"
"281474175948272","281474175948275","US","United States of America","Custom Tel LLC"
"281474176148152","281474176148239","US","United States of America","Grid4 Communications Inc"
"281474176324210","281474176324210","US","United States of America","Synergy Broadband"
"281474176483928","281474176483931","US","United States of America","Martin Chevrolet"
"281474176606208","281474176607231","GP","Guadeloupe","Global Caribbean Network"
"281474176801584","281474176801584","CA","Canada","DDI Energy Inc."
"281474176845824","281474176845903","US","United States of America","Cyber Development Group International LLC"
"281474177044368","281474177044375","US","United States of America","Morehouse Parish Sheriff Narcotics"
"281474177221832","281474177221835","CA","Canada","Bristol Marine"
"281474177423424","281474177423439","US","United States of America","Healthstar Communications Inc."
"281474177590592","281474177590599","US","United States of America","Universal Distribution Center"
"281474177782632","281474177782639","CA","Canada","Foodland STORE 6296 PINE RIDGE"
"281474177790944","281474177790951","CA","Canada","Morel Benefits Group"
"281474177817856","281474177817863","US","United States of America","Masergy Communications LLC"
"281474177879936","281474177879943","CA","Canada","US Natural Resources"
"281474177973248","281474177973503","US","United States of America","Branzone Inc."
"281474178295624","281474178295631","US","United States of America","Apple Bank"
"281474178312480","281474178312487","US","United States of America","S2S Communications LLC Fiber"
"281474178324816","281474178324823","US","United States of America","Mega Mart II"
"281474178340360","281474178340383","US","United States of America","CIS"
"281474178703048","281474178703055","CA","Canada","Barreau de Quebec"
"281474179039741","281474179039741","CA","Canada","GTT"
"281474179052188","281474179052191","US","United States of America","Investors Bank"
"281474179061202","281474179061204","DE","Germany","GTT"
"281474179104508","281474179104511","US","United States of America","Ivins City/Sewer Lift Station"
"281474179482904","281474179482911","US","United States of America","Healthbenefitsdirect Offer.com"
"281474179568648","281474179568655","CA","Canada","Rogers Communications Canada Inc."
"281474179576976","281474179576983","CA","Canada","Fast Canadian Pine Ridge"
"281474179585368","281474179585375","CA","Canada","Advanced Knowledge Networks McNicoll"
"281474179591896","281474179591899","CA","Canada","Inrefinity Inc"
"281474179596036","281474179596039","CA","Canada","Scotish AND IRISH STORE FALLOWFIEL"
"281474179613008","281474179613015","US","United States of America","Baillie Lumber"
"281474179630312","281474179630319","US","United States of America","Hilton Garden Inn Buffalo"
"281474179648240","281474179648263","US","United States of America","Charter Communications Inc"
"281474179686912","281474179687167","US","United States of America","Spiral Communications"
"281474180032368","281474180032371","JM","Jamaica","Cable and Wireless Jamaica"
"281474182406568","281474182406575","US","United States of America","The Constant Company LLC"
"281474182937802","281474182937802","FR","France","Vodafone Americas"
"281474183270688","281474183270719","CA","Canada","FinancialCAD Corporation"
"281474183463608","281474183463611","US","United States of America","Marcum LLP"
"281474183494184","281474183494191","US","United States of America","Georgia Banking Company"
"281474183534600","281474183534603","CA","Canada","3V Geomatics Inc"
"281474183560832","281474183560895","US","United States of America","Zayo Bandwidth LLC"
"281474183579848","281474183579871","US","United States of America","Zayo Bandwidth LLC"
"281474184080768","281474184080863","US","United States of America","Verizon Business"
"281474184385024","281474184385279","US","United States of America","Arthur Andersen"
"281474184646912","281474184647167","US","United States of America","Verizon Business"
"281474184903680","281474184903935","US","United States of America","Medical Control Inc."
"281474185235088","281474185235095","US","United States of America","Verizon Business"
"281474185615808","281474185615999","US","United States of America","Verizon Business"
"281474185953808","281474185953975","US","United States of America","Verizon Business"
"281474186299136","281474186299391","US","United States of America","Stainless Inc."
"281474186637616","281474186637631","US","United States of America","Verizon Business"
"281474186956800","281474186957823","US","United States of America","Mid-Maine Communications Inc."
"281474187187328","281474187187391","US","United States of America","WorldCom/Syncor Inc. Grand"
"281474187397424","281474187397431","US","United States of America","Upper Marlboro Preferred Properties Limited Liability Company Upper Marlboro"
"281474187611264","281474187611295","US","United States of America","Coil & Coil Steel"
"281474187802200","281474187802215","US","United States of America","Verizon Business"
"281474187901280","281474187901311","US","United States of America","Carella Byrne & Baine"
"281474187947616","281474187949103","US","United States of America","Verizon Business"
"281474187999824","281474187999831","US","United States of America","DMS"
"281474188044316","281474188045119","US","United States of America","Verizon Business"
"281474188145984","281474188146015","US","United States of America","Extended Stay Hotels Inc."
"281474188411624","281474188411631","US","United States of America","Oregon Transfer Co."
"281474188865952","281474188865967","US","United States of America","Atex JRN Milwaukee"
"281474189013728","281474189013751","US","United States of America","Level 3 Communications Inc."
"281474189342240","281474189342255","CA","Canada","Sutton Group Broadway Realty"
"281474189621312","281474189621343","US","United States of America","Greater Lynn Mental Health Association"
"281474190048288","281474190048303","DE","Germany","Tecnomatix"
"281474190140896","281474190140903","CA","Canada","CineplexEntertainment Limited Partnership"
"281474190563056","281474190563095","US","United States of America","AT&T Enterprises LLC"
"281474190830717","281474190830717","IT","Italy","Fortinet Inc."
"281474191226368","281474191226879","US","United States of America","Precision Planting LLC"
"281474191498400","281474191498411","US","United States of America","Wilkes Barre Area School District"
"281474191625792","281474191625823","CA","Canada","District of Mission"
"281474191669592","281474191669599","CA","Canada","0898526 BC Ltd"
"281474191986688","281474191986943","CA","Canada","Tata Communications"
"281474192039792","281474192039795","US","United States of America","Rush Personnel Services"
"281474192220696","281474192220703","US","United States of America","Rackspace Inc."
"281474192539176","281474192539179","US","United States of America","Rockefeller Group International Inc.-ZNS"
"281474193002936","281474193002943","US","United States of America","Xmweiwang"
"281474193658576","281474193658591","US","United States of America","SignMeUp.com"
"281474194028564","281474194028567","CA","Canada","Pure Energy Services Ltd"
"281474194116464","281474194116479","CA","Canada","Primuscanada Dundas"
"281474194587728","281474194587743","CA","Canada","Data Anywhere.net"
"281474195054752","281474195054775","US","United States of America","DSCI Corporation"
"281474195111936","281474195111983","CA","Canada","Bell Canada"
"281474195803904","281474195804159","US","United States of America","Pac-12 Enterprises LLC"
"281474196092256","281474196092263","US","United States of America","Kaycan"
"281474196106016","281474196106023","US","United States of America","Postmates"
"281474196168560","281474196168567","CA","Canada","Wescana Healthcare Ltd"
"281474196600160","281474196600191","US","United States of America","Play Grounds Unlimited"
"281474196913372","281474196913373","US","United States of America","Interco ZG (USA) - Ethernet Product"
"281474197000560","281474197000567","US","United States of America","Asset Marketing Services LLC"
"281474197120192","281474197120199","US","United States of America","Bassco"
"281474197355712","281474197355775","CA","Canada","NASN Licensing Inc."
"281474197587478","281474197587488","US","United States of America","Iland Internet Solutions Corporation"
"281474197893584","281474197893595","US","United States of America","Zayo Bandwidth LLC"
"281474198175680","281474198175687","US","United States of America","Fenton Cooperative Telephone Company"
"281474198705584","281474198705591","US","United States of America","Committee for Public Counsel Services"
"281474198716620","281474198716623","US","United States of America","Investis Digital"
"281474198732000","281474198732007","US","United States of America","Dentsu Aegis Network"
"281474199139024","281474199139039","US","United States of America","Verizon Business"
"281474199339008","281474199339015","US","United States of America","WICOM Telefonica S de R.L. de C.V"
"281474199407760","281474199407775","CA","Canada","Brim Finacial Inc."
"281474199473928","281474199473935","US","United States of America","TelePacific Wireless"
"281474199560192","281474199560223","US","United States of America","COM Net Inc."
"281474200011840","281474200011895","US","United States of America","Chick-Fil-A Inc."
"281474200040280","281474200040287","US","United States of America","CenturyLink Communications LLC"
"281474200077256","281474200077263","US","United States of America","Mike Rapier"
"281474200225136","281474200225151","US","United States of America","Atlantech Online Inc."
"281474200633376","281474200633599","MY","Malaysia","ENet Inc."
"281474200857064","281474200857071","US","United States of America","Visionary Communications LLC"
"281474200943552","281474200943567","US","United States of America","Murphy Shipping and Commercial Services Inc"
"281474201208656","281474201208671","US","United States of America","Perimeter Business Solutions"
"281474201377917","281474201377917","CA","Canada","Qwest Communications Company LLC"
"281474201464920","281474201464927","US","United States of America","SNIF Labs"
"281474201722144","281474201722151","US","United States of America","Scott Gray"
"281474201864448","281474201864879","US","United States of America","Quality Technology Services LLC"
"281474202121888","281474202121903","US","United States of America","Village Developement"
"281474202459856","281474202459887","US","United States of America","Northland Communications"
"281474202975816","281474202976255","CA","Canada","Primus Telecommunications Canada Inc."
"281474203113568","281474203113583","IT","Italy","Dune SRL Net"
"281474203773248","281474203773279","US","United States of America","Affinity Circles"
"281474204500480","281474204500767","US","United States of America","Zayo Bandwidth LLC"
"281474204529240","281474204529247","US","United States of America","AllStream Business US LLC"
"281474204554848","281474204554863","US","United States of America","Nitel"
"281474204605536","281474204605543","CA","Canada","Wild Water Kingdom"
"281474205046400","281474205046415","PH","Philippines","Charoen Porphand Foods Philippines Corporation"
"281474205310008","281474205310011","PH","Philippines","Matterhorn"
"281474205369515","281474205369515","HK","Hong Kong","Chao Sheng Industrial Co - Kenning Industrial Bu"
"281474205414973","281474205414975","HK","Hong Kong","Hong Kong Broadband Network Ltd"
"281474205538052","281474205538055","AU","Australia","SMS Diesel"
"281474205575104","281474205575111","AU","Australia","Benelec Pty. Limited"
"281474205673072","281474205673079","AU","Australia","Toga Hotel Management Holdings Pty Limited"
"281474205762048","281474205762055","CN","China","Jitong Communications Co. Ltd"
"281474205992040","281474205992040","AU","Australia","Chandler Equipment"
"281474205995520","281474205995775","AU","Australia","MAINT-AU-IINET Online"
"281474206429528","281474206429531","CN","China","China Unicom IP Network"
"281474208164800","281474208164815","JP","Japan","Meiseikai Social medical corporation"
"281474208880308","281474208880311","TW","Taiwan (Province of China)","Changhua Telecom Co. Ltd."
"281474208959647","281474208959649","TW","Taiwan (Province of China)","Chunghwa Telecom Co. Ltd."
"281474208987023","281474208987023","TW","Taiwan (Province of China)","Yao Tai"
"281474209221479","281474209221479","TW","Taiwan (Province of China)","Chun-Yu Yen"
"281474209242432","281474209242439","TW","Taiwan (Province of China)","Chunghwa Telecom Co. Ltd."
"281474209645056","281474209645087","TW","Taiwan (Province of China)","Chunghwa Telecom Co. Ltd."
"281474209671255","281474209671257","TW","Taiwan (Province of China)","HINET NET"
"281474210202383","281474210202384","SG","Singapore","Verizon Asia Pte Limited"
"281474210360000","281474210360015","CN","China","China Unicom IP Network"
"281474210676540","281474210676543","AU","Australia","Western Australia Cricket Association"
"281474213373444","281474213373444","JP","Japan","Daizo Corporation"
"281474213560832","281474213561087","JP","Japan","Fujitsu Limited"
"281474214037504","281474214037519","JP","Japan","G.I.N Co. Ltd."
"281474214469696","281474214469703","JP","Japan","Thales Dis Japan K.K."
"281474214738944","281474214739199","JP","Japan","IIJ Internet"
"281474215053800","281474215057039","JP","Japan","NTT Docomo Business Inc."
"281474215459464","281474215459479","JP","Japan","NTT Docomo Business Inc."
"281474215589768","281474215589775","JP","Japan","NTT Docomo Business Inc."
"281474215783872","281474215783927","JP","Japan","NTT PC Communications Inc."
"281474216237040","281474216237047","JP","Japan","Matsuura Machinery Corporation"
"281474216486272","281474216486303","JP","Japan","American Engineering Corporation"
"281474216539672","281474216539679","HK","Hong Kong","KT Shipping Co Ltd"
"281474216571424","281474216571431","HK","Hong Kong","Red Apple Furniture (HK) Limited"
"281474216598520","281474216598527","HK","Hong Kong","Zhu Sheng Maritime (HK) Ltd"
"281474216889408","281474216889471","KR","Korea (the Republic of)","MyZone PC"
"281474217613200","281474217613203","SG","Singapore","I Nuovi Cosmetics (S) Pte Ltd"
"281474217651944","281474217651947","AU","Australia","Macquarie Technology Operations Pty Limited"
"281474217885736","281474217885743","JP","Japan","Credit Guarantee Corporation of Oita-ken"
"281474218593408","281474218593535","TW","Taiwan (Province of China)","I Ghi Internet Inc."
"281474218945264","281474218945271","PH","Philippines","Cagayan State University"
"281474218971079","281474218971084","PH","Philippines","Philippine Long Distance Telephone Company"
"281474219725600","281474219725615","JP","Japan","System Planning Department"
"281474219936032","281474219936047","JP","Japan","SoftBank Corp."
"281474220538800","281474220538807","JP","Japan","Settu-Seiyu.co. Ltd."
"281474220843928","281474220843935","TW","Taiwan (Province of China)","Tai TZ Jying Shre Develop Co. Ltd"
"281474220882900","281474220882903","TW","Taiwan (Province of China)","Tainan City Composite Agricultural Product Wholesale Market"
"281474221475440","281474221475447","JP","Japan","QTNet Inc."
"281474221909768","281474221909775","JP","Japan","Bunkado Printing Co. Ltd."
"281474222343936","281474222344063","JP","Japan","Smash Media"
"281474222728416","281474222728431","JP","Japan","Meiden Software Corporation"
"281474223061864","281474223061871","TW","Taiwan (Province of China)","Lai Nuo Si Asia Ltd."
"281474223097840","281474223097847","TW","Taiwan (Province of China)","Kwantex Research Co. Ltd"
"281474223129568","281474223129575","TW","Taiwan (Province of China)","Chunghwa Telecom Co. Ltd."
"281474223160352","281474223160359","TW","Taiwan (Province of China)","Lian Yang Semiconductor Co. Ltd."
"281474223199656","281474223199663","TW","Taiwan (Province of China)","Quan Qi Business Ltd."
"281474223241600","281474223241607","TW","Taiwan (Province of China)","Jia Lung Co. Ltd."
"281474223287376","281474223287383","TW","Taiwan (Province of China)","Jin You Hui Business Co. Ltd."
"281474225862400","281474225862463","KR","Korea (the Republic of)","Advie Protect Tech"
"281474226492944","281474226492959","TW","Taiwan (Province of China)","Eurotone Enterprise Co. Ltd."
"281474226659960","281474226660215","TW","Taiwan (Province of China)","Chunghwa Telecom Co. Ltd."
"281474226717952","281474226718207","TW","Taiwan (Province of China)","Tai Yuen Pextile Co. Ltd."
"281474229630944","281474229630983","JP","Japan","Tohknet Co. Inc."
"281474229981584","281474229981599","JP","Japan","Itami City"
"281474230263360","281474230264335","JP","Japan","NTT Docomo Business Inc."
"281474231818240","281474231818495","CN","China","The 54st Primary School in Beijing"
"281474232967680","281474232968447","KR","Korea (the Republic of)","Dacom Corp."
"281474238578352","281474238578359","NL","Netherlands (Kingdom of the)","GTT Communications Inc."
"281474238699832","281474238699839","TR","Turkiye","Doruk Iletisim ve Otomasyon Sanayi ve Ticaret A.S."
"281474238949920","281474238949927","DE","Germany","Claranet GmbH"
"281474239128320","281474239128575","GB","United Kingdom of Great Britain and Northern Ireland","Wifinity Limited"
"281474239417717","281474239417727","GB","United Kingdom of Great Britain and Northern Ireland","Jump Eastcoast"
"281474239522348","281474239522351","RU","Russian Federation","LLC Alimp-Stroy"
"281474239743952","281474239743967","DE","Germany","VSE NET GmbH"
"281474239796336","281474239796423","KZ","Kazakhstan","JSC Kazakhtelecom"
"281474240028168","281474240028175","GB","United Kingdom of Great Britain and Northern Ireland","All Action Pictures"
"281474240153728","281474240153791","CH","Switzerland","Interway Communication GmbH"
"281474240413504","281474240413567","LB","Lebanon","Deprague Soho"
"281474240798720","281474240806911","AM","Armenia","Ucom CJSC"
"281474240915392","281474240915399","DE","Germany","Valantic"
"281474241351140","281474241351143","DE","Germany","Zweckverband Abwasserverband Wagbach"
"281474241600112","281474241600127","CZ","Czechia","WEBCOM a.s. Praha"
"281474241822800","281474241822803","FI","Finland","Kansalaisrahoitus Oy"
"281474241900656","281474241900667","FR","France","Mairie de Herouville"
"281474242132764","281474242132767","FO","Faroe Islands","Vindrkt"
"281474242253200","281474242253211","TR","Turkiye","Eksen Holding A.S."
"281474242381616","281474242381631","LT","Lithuania","AB Orlen Lietuva"
"281474242537238","281474242537238","NL","Netherlands (Kingdom of the)","Claranet Benelux B.V."
"281474242691072","281474242693119","SE","Sweden","SpaceDump IT AB"
"281474242930512","281474242930519","GB","United Kingdom of Great Britain and Northern Ireland","Xexec Ltd"
"281474243169046","281474243169046","DE","Germany","EDPNET Belgium BV"
"281474243380545","281474243380546","ES","Spain","Colt Technology Services Group Limited"
"281474243385204","281474243385204","US","United States of America","Core 020"
"281474243670360","281474243670367","NL","Netherlands (Kingdom of the)","Elips Life AG"
"281474243844352","281474243844367","NL","Netherlands (Kingdom of the)","BMW AG"
"281474243985144","281474243985151","FI","Finland","Telia Finland Oyj"
"281474243996586","281474243996597","FR","France","Scaleway SAS"
"281474244059800","281474244059801","GB","United Kingdom of Great Britain and Northern Ireland","N7K1 to NorthNet1"
"281474244232432","281474244232447","GB","United Kingdom of Great Britain and Northern Ireland","Crown Travel"
"281474244338024","281474244338031","BE","Belgium","TELENET Customer PLAY"
"281474244846832","281474244846839","CZ","Czechia","Jiri Novotny Private"
"281474244963824","281474244963831","DK","Denmark","Carmo A/S"
"281474245101624","281474245101631","RU","Russian Federation","JSC Comcor"
"281474245461312","281474245461327","PL","Poland","Hemmersbach Central Support Spolka z Ograniczona Odpowiedzialnoscia Sp. k."
"281474246017576","281474246017583","DE","Germany","Bayerische Informationsstelle gegen Extremismus"
"281474246085536","281474246085551","CH","Switzerland","Withers LLP"
"281474246091924","281474246091927","RO","Romania","Mont Blanc Industri SRL Romania"
"281474246142976","281474246143999","RU","Russian Federation","Prometey Backbone Network"
"281474246299408","281474246299415","DE","Germany","LEW TelNet GmbH"
"281474246459392","281474246460415","IT","Italy","IPNext Srl"
"281474246574576","281474246574591","BE","Belgium","TELENET Customer Flanders Expo"
"281474246632760","281474246632767","NL","Netherlands (Kingdom of the)","Motifact"
"281474246786368","281474246786383","GB","United Kingdom of Great Britain and Northern Ireland","Viatel Network Engineering"
"281474247101612","281474247101639","IT","Italy","Telecom Italia S.p.A."
"281474247153260","281474247153263","IT","Italy","Inres Istituto Nazionale Consulenza Progettazione Ingegneria"
"281474247244800","281474247244820","IT","Italy","Lumen Technologies UK Limited"
"281474247478344","281474247478351","NL","Netherlands (Kingdom of the)","Verizon Nederland B.V."
"281474247877202","281474247877204","ES","Spain","Euskaltel S.A."
"281474248007576","281474248007583","DE","Germany","LMT Shared Servuces GmbH & Co.KG"
"281474248086368","281474248086375","FI","Finland","Decens Oy"
"281474248309208","281474248309215","FI","Finland","Peab Oy"
"281474248414676","281474248414746","SE","Sweden","Tele2 Sverige AB"
"281474248434514","281474248434514","IR","Iran (Islamic Republic of)","Tele2 Sverige AB"
"281474248459548","281474248459548","CA","Canada","Tele2 Sverige AB"
"281474248467518","281474248467518","PA","Panama","Tele2 Sverige AB"
"281474248580120","281474248580127","NL","Netherlands (Kingdom of the)","Rassers Jacobs & Spiegel Advocaten"
"281474248613720","281474248613759","TR","Turkiye","Entegres Bilgi Teknolojileri A.S."
"281474248651696","281474248651699","KZ","Kazakhstan","JSC Kazakhtelecom"
"281474248677632","281474248677887","FR","France","Verizon France SAS"
"281474248839680","281474248839711","FR","France","SIDEL"
"281474249080672","281474249080679","ES","Spain","Colt Telecom"
"281474249138001","281474249138002","BG","Bulgaria","Lumen Technologies UK Limited"
"281474249828268","281474249828271","DE","Germany","Grundstucksverwaltung"
"281474249934136","281474249934143","TR","Turkiye","Katipmustafa Celebi Mah. Siraselviler Cad. No: 26 Daire: 1 Beyoglu/Istanbul"
"281474249970048","281474249970431","TR","Turkiye","Turk Telekomunikasyon Anonim Sirketi"
"281474250014048","281474250014055","TR","Turkiye","Limonluk Mah. 2415 SK. No: 1 C Daire: 1 Yenisehir/Mersin"
"281474250323432","281474250323439","FR","France","Cram SA"
"281474250385648","281474250385663","SE","Sweden","TK Elevator Sweden AB"
"281474250400464","281474250400467","SE","Sweden","VDL Parts Sweden AB"
"281474250464216","281474250464219","PL","Poland","Lubman Gambit"
"281474250515120","281474250515127","AT","Austria","Omv AG"
"281474250581584","281474250581599","DE","Germany","Wincanton Trans European GmbH"
"281474250619800","281474250619823","DE","Germany","Deutsche Telekom AG"
"281474250656136","281474250656143","DE","Germany","Sparhandy GmbH"
"281474250680544","281474250680559","DE","Germany","Deutsche Telekom AG"
"281474250956029","281474250956029","JP","Japan","Consortium GARR"
"281474251485184","281474251485695","FR","France","Euronext Technologies SAS"
"281474251657360","281474251657367","RS","Serbia","POMPEA Serb"
"281474251840136","281474251840143","CH","Switzerland","CAGIP"
"281474251913420","281474251913423","DE","Germany","Drei Mohren AG"
"281474252063232","281474252063487","NL","Netherlands (Kingdom of the)","Sportkanaal Interactief B.V."
"281474252278844","281474252278847","IT","Italy","DRD Costruzioni S.r.l."
"281474252290104","281474252290111","IT","Italy","Soffass SpA"
"281474252302848","281474252302915","IT","Italy","Telecom Italia S.p.A."
"281474252318464","281474252318551","IT","Italy","Telecom Italia S.p.A."
"281474252332292","281474252332295","IT","Italy","Gssgeneralisharedservicesscarl"
"281474252503876","281474252503879","FI","Finland","Arvetes Oy"
"281474252737920","281474252738047","MA","Morocco","MTDS"
"281474252911584","281474252911615","GB","United Kingdom of Great Britain and Northern Ireland","Learning on Screen - British Universities Film & Video Council"
"281474252998656","281474252998656","GB","United Kingdom of Great Britain and Northern Ireland","GTT"
"281474253005640","281474253005647","DE","Germany","MAHLE International GmbH"
"281474253016373","281474253016373","ES","Spain","GTT"
"281474253020885","281474253020885","GB","United Kingdom of Great Britain and Northern Ireland","GTT"
"281474253062601","281474253062601","ES","Spain","GTT"
"281474253068713","281474253068713","GB","United Kingdom of Great Britain and Northern Ireland","GTT"
"281474253076614","281474253076616","CH","Switzerland","GTT"
"281474253082112","281474253082127","FR","France","Saica Paper France S.A.S"
"281474253090009","281474253090009","IE","Ireland","GTT"
"281474253095394","281474253095405","DE","Germany","GTT"
"281474253105088","281474253105095","GB","United Kingdom of Great Britain and Northern Ireland","Convergence Group"
"281474253114240","281474253114247","NL","Netherlands (Kingdom of the)","Rituals"
"281474253125448","281474253125451","GB","United Kingdom of Great Britain and Northern Ireland","Rexel"
"281474253347676","281474253347679","FI","Finland","Gasumoy"
"281474253365636","281474253365639","FI","Finland","Seteoy"
"281474253850488","281474253850488","FR","France","Commune de Kembs"
"281474253856544","281474253856559","FR","France","Orange S.A."
"281474253867240","281474253867247","FR","France","Campus Cockerill"
"281474253877256","281474253877263","FR","France","Earl Jardins Vitres Production"
"281474253887481","281474253887481","FR","France","Etablissement Molle"
"281474253890640","281474253890647","FR","France","Delphine Dissler Claude et Coudert Not"
"281474253899488","281474253899503","FR","France","Manpower France"
"281474253906522","281474253906522","FR","France","Flaktgroup France"
"281474253913184","281474253913184","FR","France","Credit Agricole"
"281474254319496","281474254319519","NL","Netherlands (Kingdom of the)","KPN B.V."
"281474254460592","281474254460599","CH","Switzerland","Swisscom AG"
"281474254776208","281474254776215","RU","Russian Federation","Joint Stock Company Sinara Transport Machines"
"281474254840648","281474254840655","CH","Switzerland","Saxobank"
"281474256027776","281474256027896","FR","France","Verizon France SAS"
"281474256227628","281474256227631","TR","Turkiye","Superonline Iletisim Hizmetleri A.S."
"281474256442928","281474256442959","PL","Poland","Netia SA"
"281474256464228","281474256464231","PL","Poland","Dentartis S.C. Maryla Kozicka - Czupkallo Lukasz Czupkallo"
"281474256585601","281474256585601","NL","Netherlands (Kingdom of the)","Lumen Technologies UK Limited"
"281474256802576","281474256802583","DE","Germany","Vodafone GmbH"
"281474256817488","281474256817503","DE","Germany","Fohrenbach GmbH"
"281474256835720","281474256835727","DE","Germany","Arcor AG & Co KG Network Operation Center"
"281474256849624","281474256849631","DE","Germany","Arcor AG & Co KG Network Operation Center"
"281474256879744","281474256879871","RU","Russian Federation","LLC New Telecommunication of Ingushetia"
"281474257007512","281474257007515","IT","Italy","Esea2Gsrl"
"281474257022464","281474257022471","IT","Italy","Base Blu SRL"
"281474257035848","281474257035855","IT","Italy","Formartsocconsarl"
"281474257048580","281474257048583","IT","Italy","Telecom Italia S.p.A."
"281474257098688","281474257098703","ES","Spain","Deister SA"
"281474257115888","281474257115903","ES","Spain","Colt Telecom CSC"
"281474257145376","281474257145391","FI","Finland","YIT Tietotekniikka Oy"
"281474257396072","281474257396079","DE","Germany","OVH SAS"
"281474257494745","281474257494745","NL","Netherlands (Kingdom of the)","PJSC Vimpelcom"
"281474257854245","281474257854245","FR","France","GTT"
"281474257863581","281474257863581","ES","Spain","Interoute Communications Limited"
"281474257869466","281474257869480","BE","Belgium","Interoute Communications Limited"
"281474257980848","281474257980851","FR","France","Colt Telecom"
"281474258001544","281474258001551","FR","France","Officexpress"
"281474258572255","281474258572525","SE","Sweden","Tele2 Sverige AB"
"281474258630737","281474258630737","US","United States of America","Tele2 Sverige AB"
"281474258800192","281474258800211","NL","Netherlands (Kingdom of the)","@Vision BV"
"281474258820784","281474258820791","NL","Netherlands (Kingdom of the)","Colorspan.com"
"281474258969876","281474258969876","FR","France","Dupont Raymond"
"281474258976703","281474258976705","FR","France","Orange S.A."
"281474258994458","281474258994460","FR","France","Orange S.A."
"281474259004108","281474259004108","FR","France","Si Gestion du Lac de Devesset"
"281474259011584","281474259011591","FR","France","Initial Expertise"
"281474259022401","281474259022401","FR","France","Communaute de Communes des Gorges de L"
"281474259140992","281474259141023","PT","Portugal","AMLEI - Associacao Municipios Regiao Leiria"
"281474259300160","281474259300167","DE","Germany","McMakler GmbH"
"281474259313272","281474259313279","DE","Germany","Givaudan"
"281474259327288","281474259327295","DE","Germany","The Cluster Company GmbH"
"281474259341128","281474259341135","DE","Germany","CRA International Germany GmbH"
"281474259384528","281474259384543","NL","Netherlands (Kingdom of the)","AT&T Global Network Services Nederland B.V."
"281474259845232","281474259845263","DE","Germany","Verizon Deutschland GmbH"
"281474259978088","281474259978095","DE","Germany","Buro Happold Ltd"
"281474260149464","281474260149467","TR","Turkiye","Unite Bilgi Teknolojileri A S"
"281474260178480","281474260178571","TR","Turkiye","Superonline Iletisim Hizmetleri A.S."
"281474260490604","281474260490607","RU","Russian Federation","JSC Comcor"
"281474260672824","281474260672827","IT","Italy","Domino S.r.l."
"281474260684748","281474260684759","IT","Italy","Telecom Italia S.p.A."
"281474260695032","281474260695035","IT","Italy","Telecom Italia S.p.A."
"281474260705056","281474260705063","IT","Italy","Lovimport SRL"
"281474260715460","281474260715471","IT","Italy","Calzedonia SpA"
"281474260727824","281474260727827","IT","Italy","De Clemente Conserve SpA"
"281474260752400","281474260752403","GB","United Kingdom of Great Britain and Northern Ireland","Notaro Homes - Aspen Court"
"281474260759496","281474260759499","GB","United Kingdom of Great Britain and Northern Ireland","Bam Nuttall"
"281474260789376","281474260789759","DK","Denmark","Telenor A/S"
"281474260899868","281474260899871","RU","Russian Federation","NPC Stroy Invest Proekt Dinamo"
"281474260932552","281474260932559","GB","United Kingdom of Great Britain and Northern Ireland","Elementis Ascot"
"281474260951552","281474260951567","DE","Germany","Condor"
"281474260966432","281474260966439","GB","United Kingdom of Great Britain and Northern Ireland","Ef Executive Language Institute"
"281474260988384","281474260988391","AT","Austria","DIETRICH Rechtsanwaltskanzlei"
"281474261528804","281474261528805","DE","Germany","noris Network AG"
"281474261567168","281474261567183","DE","Germany","rocket-media GmbH & Co. KG"
"281474263718896","281474263718911","DE","Germany","Yang Ming Line Europe GmbH"
"281474263922536","281474263922543","GB","United Kingdom of Great Britain and Northern Ireland","Williams and Co"
"281474264303888","281474264304399","BE","Belgium","Belgacom International Carrier Services SA"
"281474264445240","281474264445243","FI","Finland","Rengas-Vartti Oy"
"281474264526336","281474264526847","RU","Russian Federation","Vidnoe Netflow Pool"
"281474264756264","281474264756271","TR","Turkiye","Step Hali Net"
"281474264936336","281474264936399","RU","Russian Federation","MTS PJSC"
"281474265331280","281474265331311","AT","Austria","Salzburg AG Fur Energie Verkehr und Telekommunikation"
"281474265474304","281474265474367","TR","Turkiye","Doruk Iletisim ve Otomasyon Sanayi ve Ticaret A.S."
"281474265528048","281474265528207","IT","Italy","Fastweb SpA"
"281474265746541","281474265746541","PF","French Polynesia","Airnity SAS"
"281474266043024","281474266043027","AT","Austria","Spaces Vienna Leopold Square One"
"281474266165708","281474266165709","US","United States of America","InMotion Hosting Inc."
"281474266179432","281474266179439","LU","Luxembourg","Chart Industries Luxembourg S.A R.L."
"281474266508716","281474266508959","RU","Russian Federation","OJSC Comcor"
"281474266668992","281474266669007","FI","Finland","Shiptech Oy"
"281474266908112","281474266908127","BE","Belgium","Pharmacie Populaire de Verviers SCRL"
"281474267222704","281474267222711","DE","Germany","IDKOM Networks GmbH"
"281474267347536","281474267347551","RU","Russian Federation","The Trading House ANIR Ltd."
"281474267521924","281474267521927","JO","Jordan","Movenpick Aqaba"
"281474267569256","281474267569259","DE","Germany","e.artis GmbH"
"281474267829584","281474267829599","DE","Germany","Christian F. Ahrenkiel GmbH & Co. KG"
"281474268236736","281474268236743","LT","Lithuania","Ziniu Radijas UAB #3"
"281474268419870","281474268419870","US","United States of America","Tinet SpA"
"281474268428645","281474268428645","ES","Spain","GTT"
"281474268684544","281474268692479","LB","Lebanon","TerraNet sal"
"281474268887280","281474268887287","NL","Netherlands (Kingdom of the)","Kanteel BV"
"281474268983168","281474268983183","NL","Netherlands (Kingdom of the)","Ebury Partners"
"281474269415348","281474269415351","IT","Italy","Colt Technology Services Group Limited"
"281474269436752","281474269436767","IT","Italy","Gromart srl"
"281474269466896","281474269466903","PL","Poland","Promotion Print & Logistics Spolka Z Ograniczona Odpowiedzialnoscia"
"281474269632768","281474269632863","GB","United Kingdom of Great Britain and Northern Ireland","GCI Network Solutions Limited"
"281474270282272","281474270282279","DE","Germany","GTT - EMEA Ltd."
"281474270334584","281474270334591","ES","Spain","Colt Technology Services Group Limited"
"281474270592256","281474270592271","RO","Romania","Vodafone Romania S.A."
"281474270787584","281474270787679","NL","Netherlands (Kingdom of the)","British Telecommunications Limited"
"281474271087096","281474271087099","PL","Poland","Venezia Oganowska Nachilo Spolka Jawna"
"281474271104044","281474271104047","PL","Poland","RYWAL-RHC Sp. z o.o."
"281474271341568","281474271341695","RS","Serbia","Visa Elektrotehnicka Skola"
"281474271463208","281474271463215","BE","Belgium","Euronews"
"281474271476840","281474271476847","BE","Belgium","Colt Technology Services Group Limited"
"281474271561325","281474271561325","BE","Belgium","Arelion Sweden AB"
"281474271563164","281474271563164","BE","Belgium","Arelion Sweden AB"
"281474271565603","281474271565603","BE","Belgium","Arelion Sweden AB"
"281474271567262","281474271567262","GB","United Kingdom of Great Britain and Northern Ireland","Arelion Sweden AB"
"281474271568867","281474271568867","BE","Belgium","Arelion Sweden AB"
"281474271641234","281474271641245","PL","Poland","Lumen Technologies UK Limited"
"281474271746177","281474271746177","CZ","Czechia","Interoute Communications Limited"
"281474271843648","281474271843711","DE","Germany","Igzwr Net"
"281474271987382","281474271987384","DE","Germany","GTT"
"281474271992762","281474271992764","DE","Germany","GTT"
"281474271996231","281474271996232","DE","Germany","GTT"
"281474306016768","281474306018303","US","United States of America","Tata Communications (America) Inc"
"281474306338012","281474306338015","US","United States of America","The Boulevard Center Street Marketplace"
"281474306546432","281474306546687","US","United States of America","Human Assistance N Develoepment International"
"281474306555632","281474306555639","US","United States of America","Virtual Graffiti Inc"
"281474306729656","281474306729671","CA","Canada","Rogers Communications Canada Inc."
"281474306772968","281474306772975","US","United States of America","Rocky Mountain Pediatrics"
"281474306941952","281474306941967","US","United States of America","Westborough Public Schools"
"281474307013176","281474307013183","US","United States of America","Benchmark Medical - Hoffman Estates"
"281474307192400","281474307192407","US","United States of America","Pine Village Elementary School"
"281474307373008","281474307373055","US","United States of America","Erin Mann"
"281474307726752","281474307726847","US","United States of America","Linedata Service Inc"
"281474307973798","281474307973799","GB","United Kingdom of Great Britain and Northern Ireland","CenturyLink Communications LLC"
"281474308247340","281474308247343","US","United States of America","Toll Bros. Inc."
"281474308637160","281474308637167","CA","Canada","Stunner Media Inc"
"281474309032448","281474309032959","US","United States of America","JMP Securities"
"281474309189472","281474309189567","US","United States of America","Cox Communications LLC"
"281474309473353","281474309473355","MY","Malaysia","Google LLC"
"281474309476681","281474309476681","ES","Spain","Google LLC"
"281474309512320","281474309512343","US","United States of America","FirstLight Networks LLC"
"281474309948056","281474309948057","CA","Canada","Hurricane Electric LLC"
"281474309967724","281474309967727","US","United States of America","Hurricane Electric LLC"
"281474310004736","281474310012927","US","United States of America","Ultimate Internet Access Inc"
"281474310253680","281474310253695","US","United States of America","Los Angeles National Bank"
"281474310274960","281474310274967","US","United States of America","TPx Communications"
"281474310533612","281474310533615","US","United States of America","Kid Structures"
"281474311026512","281474311026519","US","United States of America","PerformancePeddler.com"
"281474311131264","281474311131271","US","United States of America","Spirit Architecture"
"281474311158936","281474311158951","US","United States of America","Level 3 Communications Inc."
"281474311223200","281474311223215","US","United States of America","Texas Stairs and Rails Inc."
"281474311306920","281474311306927","US","United States of America","Cal.net Inc."
"281474312000528","281474312000528","US","United States of America","Net Grinch"
"281474312575872","281474312575935","US","United States of America","Socket Holdings Corporation"
"281474312785648","281474312785663","US","United States of America","Skybitz Inc."
"281474312940920","281474312940927","US","United States of America","CenturyLink Communications LLC"
"281474313184480","281474313184480","GB","United Kingdom of Great Britain and Northern Ireland","Yahoo Holdings Inc."
"281474313455696","281474313455703","US","United States of America","MyChristianTeaching.com LLC"
"281474313743144","281474313743151","CA","Canada","Netrium Networks Inc"
"281474314006496","281474314006503","US","United States of America","The Myth"
"281474314311168","281474314311423","US","United States of America","GTT Americas LLC"
"281474314678272","281474314682367","US","United States of America","Egyptian Telephone"
"281474314804064","281474314804223","US","United States of America","Level 3 Communications Inc."
"281474314974592","281474314974975","US","United States of America","Level 3 Communications Inc."
"281474315102752","281474315102783","US","United States of America","Tuscarora Wayne Insurance Company"
"281474315488296","281474315488303","US","United States of America","InfoHedge Technologies LLC"
"281474315908176","281474315909375","US","United States of America","Verizon Business"
"281474316112048","281474316112055","US","United States of America","OmniStation"
"281474316144576","281474316144583","US","United States of America","CenturyLink Communications LLC"
"281474316187920","281474316187927","US","United States of America","Colorado Springs Convention & Visitor's Bureau"
"281474316314344","281474316314347","US","United States of America","ACD.NET"
"281474316617104","281474316617119","US","United States of America","Applied Innovations Corporation"
"281474316825956","281474316825959","US","United States of America","McCallmarket"
"281474316906232","281474316906235","CA","Canada","Dr. Stephen Reed Greensboro"
"281474317245056","281474317245183","US","United States of America","Instamed Communications LLC"
"281474317496224","281474317496231","CA","Canada","American Mortgage and Investment Services"
"281474317772544","281474317772799","SG","Singapore","Global Datacenter"
"281474318144336","281474318144343","CA","Canada","Amazon Development Centre Canada ULC"
"281474318584504","281474318584511","CA","Canada","Bralin Technology Solutions"
"281474318755152","281474318755167","US","United States of America","Education Service Center Region 20"
"281474318770336","281474318770351","US","United States of America","U.S. Chamber of Commerce"
"281474318807984","281474318807991","US","United States of America","TSC"
"281474318837124","281474318837127","US","United States of America","Westheimer Vision Associates"
"281474318847512","281474318847519","US","United States of America","McKinney Memorial Bible Church"
"281474318858616","281474318858619","US","United States of America","Banker's Financial Services"
"281474319143224","281474319143231","US","United States of America","Ronco Specialized Services"
"281474319226568","281474319226583","US","United States of America","CenturyLink Communications LLC"
"281474319275872","281474319275903","CA","Canada","Bell Canada"
"281474319324112","281474319324127","CA","Canada","Park Lawn Corporation"
"281474319732704","281474319732711","US","United States of America","Design Materials"
"281474319743600","281474319743607","US","United States of America","Freight Forwarders Inc."
"281474319949396","281474319949397","US","United States of America","Hashforest Technology LLC"
"281474319993120","281474319993183","US","United States of America","CenturyLink Communications LLC"
"281474320209464","281474320209471","US","United States of America","Fried Fixtures"
"281474320332626","281474320332634","US","United States of America","Internet Utilities NA LLC"
"281474320606268","281474320606271","US","United States of America","Crescent Electric"
"281474320900976","281474320900983","US","United States of America","Marriot Corporate HQ#1"
"281474320920720","281474320920735","US","United States of America","CTI"
"281474320938080","281474320938087","US","United States of America","Cactus Marketing Communication"
"281474320956088","281474320956095","US","United States of America","Pepin"
"281474321125048","281474321125055","US","United States of America","Everest BBN Inc."
"281474321183920","281474321183927","US","United States of America","Infortech Corporation"
"281474321431156","281474321431159","US","United States of America","RF Industries LTD"
"281474321652352","281474321652367","PE","Peru","Estudio de Trazegnies & Uria Abogados"
"281474321725952","281474321726079","US","United States of America","CORT"
"281474321904360","281474321904367","US","United States of America","Titonka-Burt Communications"
"281474322119687","281474322120127","US","United States of America","Fidium"
"281474322247112","281474322247119","US","United States of America","Roe Minor Realty Consultants"
"281474322302824","281474322302831","CA","Canada","Oxfam Canada"
"281474322766008","281474322766015","DE","Germany","Saechsisches Umschulungs- und Fortbildungswerk Dresden e.V."
"281474322790944","281474322790951","DE","Germany","Sympatec GmbH System-Partikel-Technik"
"281474322814632","281474322814711","DE","Germany","Deutsche Telekom AG"
"281474322838840","281474322838847","DE","Germany","Rohde & Grahl GmbH"
"281474322858400","281474322858407","DE","Germany","Micro Hybrid Electronic GmbH"
"281474322885864","281474322885871","DE","Germany","ZSH GmbH Finanzdienstleistungen"
"281474322906160","281474322906175","DE","Germany","Deutsche Telekom AG"
"281474323184364","281474323184367","CZ","Czechia","Transport Bau s.r.o."
"281474323288320","281474323288575","GB","United Kingdom of Great Britain and Northern Ireland","Spitfireuk.net are a UK ISP Based in London"
"281474323505284","281474323505287","CY","Cyprus","ADSL BUSINESS connection"
"281474323840040","281474323840047","NL","Netherlands (Kingdom of the)","Decor Son Son"
"281474324191048","281474324191087","IT","Italy","Telecom Italia S.p.A."
"281474326070592","281474326070595","IT","Italy","Digiesse SRL"
"281474326082288","281474326082291","IT","Italy","Magro Giuseppe"
"281474326095976","281474326095979","IT","Italy","Venchi S.p.A."
"281474326125192","281474326125199","IT","Italy","Mediawebviewsrl"
"281474326137048","281474326137055","IT","Italy","Telecom Italia S.p.A."
"281474326146560","281474326146563","IT","Italy","NNTSRL"
"281474326158168","281474326158175","IT","Italy","Telecom Italia S.p.A."
"281474326173484","281474326173487","IT","Italy","Valle del Cervino Soc. Coop."
"281474326185944","281474326185951","IT","Italy","Telecom Italia S.p.A."
"281474326198748","281474326198751","IT","Italy","Bitinformaticasasdisgnaolinwal"
"281474326210212","281474326210239","IT","Italy","Telecom Italia S.p.A."
"281474326221376","281474326221391","IT","Italy","Tratos Cavi S P A"
"281474326235016","281474326235043","IT","Italy","Telecom Italia S.p.A."
"281474326244960","281474326244967","IT","Italy","Site - S.p.A."
"281474326256536","281474326256543","IT","Italy","Auto Grifone Societa' a Responsabilita' Limitata in Forma A"
"281474326277416","281474326277423","IT","Italy","Claudio Coccoluto"
"281474326293312","281474326293327","IT","Italy","Laboratorio Analisi Cliniche S Marco SRL"
"281474326304600","281474326304607","IT","Italy","Impresa Verde Matera SRL"
"281474326315628","281474326315631","IT","Italy","CG Computers SRL"
"281474326411104","281474326411119","IT","Italy","Blade Informatica SRL Net"
"281474326759576","281474326759711","DE","Germany","NetCom BW GmbH"
"281474326982328","281474326982331","DE","Germany","Braun U Zwetkow Rechtsanwalte GBR"
"281474327108624","281474327108631","DE","Germany","Configo Systems Gesellschaft fuer Systemloesungen mbH"
"281474327514912","281474327514943","IE","Ireland","Digiweb Ltd."
"281474328245624","281474328245663","DE","Germany","Deutsche Telekom AG"
"281474328273904","281474328273919","DE","Germany","Jost Werke"
"281474329479672","281474329479807","FR","France","Orange S.A."
"281474329492544","281474329492575","FR","France","Orange S.A."
"281474329511408","281474329511415","FR","France","Flechard Laiterie du Pont Morin"
"281474329547064","281474329547071","FR","France","Boche"
"281474329580983","281474329580983","FR","France","Orange S.A."
"281474329586360","281474329586367","FR","France","Aldi Marche Cestas"
"281474329592156","281474329592159","FR","France","Cultura"
"281474329594881","281474329594881","FR","France","Jardiland"
"281474329596112","281474329596112","FR","France","Norauto France"
"281474329598747","281474329598747","FR","France","Manpower Group"
"281474329602072","281474329602079","FR","France","France Boissons Loire Sud Ouest"
"281474329605057","281474329605057","FR","France","Ma Sante Ma Region"
"281474329614648","281474329614655","DE","Germany","Colt Telecom"
"281474329630904","281474329630911","DE","Germany","Tricontes GmbH"
"281474329648000","281474329648007","DE","Germany","Peacf"
"281474329661840","281474329661855","DE","Germany","Colt Telecom"
"281474329679840","281474329679855","DE","Germany","Degussa Sonne Mond Goldhandel GmbH"
"281474329697032","281474329697039","DE","Germany","grandcentrix GmbH"
"281474329717096","281474329717103","IT","Italy","Thales Services numeriques"
"281474329728816","281474329728823","BE","Belgium","Switch"
"281474329800704","281474329801791","FI","Finland","TNNet Oy"
"281474330057728","281474330057791","DK","Denmark","Data-Link ApS"
"281474330192480","281474330192495","US","United States of America","Google Inc."
"281474331531696","281474331531711","EG","Egypt","The Noor Group"
"281474331652840","281474331652847","IT","Italy","Di Lonardo Luigi"
"281474331670120","281474331670127","IT","Italy","Montres & Bijoux S.r.l."
"281474331687100","281474331687103","IT","Italy","Telecom Italia S.p.A."
"281474331871360","281474331871487","DE","Germany","Internetagentur Kokusnuss OHG"
"281474332192256","281474332192767","BE","Belgium","MasterCard Technologies LLC"
"281474332545280","281474332545535","GB","United Kingdom of Great Britain and Northern Ireland","KCOM Group Limited"
"281474332697424","281474332697431","DK","Denmark","Telenor A/S"
"281474333281808","281474333281815","NL","Netherlands (Kingdom of the)","C W M Janssen"
"281474333297488","281474333297503","NL","Netherlands (Kingdom of the)","Spherion Recruitment Group BV"
"281474333310888","281474333310895","NL","Netherlands (Kingdom of the)","KPN B.V."
"281474333322880","281474333322887","NL","Netherlands (Kingdom of the)","Gebr Bouwens Im- Export BV"
"281474333334880","281474333334887","NL","Netherlands (Kingdom of the)","Autobedrijf Spanjer"
"281474333389123","281474333389123","FR","France","Le Claux"
"281474333500736","281474333500751","IT","Italy","webserver Mail Collector"
"281474333777920","281474333779199","PL","Poland","Sileman Sp. z o.o."
"281474334132632","281474334132639","GB","United Kingdom of Great Britain and Northern Ireland","St Dennis County Primary School"
"281474334157328","281474334157335","GB","United Kingdom of Great Britain and Northern Ireland","Somervale School"
"281474334728436","281474334728439","DE","Germany","Telefonica Deutschland GmbH"
"281474335073022","281474335073024","CH","Switzerland","Swisscom AG"
"281474335077421","281474335077421","CH","Switzerland","ARA Obersee Uznach Hinterstadt"
"281474335078575","281474335078575","CH","Switzerland","Deilly Linnet"
"281474335079835","281474335079835","CH","Switzerland","TAG AVIATION SA Sion"
"281474335223808","281474335224063","DK","Denmark","ActiveWebs.dk"
"281474335436800","281474335440895","DE","Germany","Johannes Gutenberg-Universitaet Mainz"
"281474336968128","281474336968135","IT","Italy","Telecom Italia S.p.A."
"281474336987608","281474336987615","IT","Italy","Exact Attrezzature Meccaniche - SRL"
"281474336999000","281474336999007","IT","Italy","Kronos SRL"
"281474337011968","281474337011975","IT","Italy","Event SRL"
"281474337031544","281474337031551","IT","Italy","Interactive SRL"
"281474337051248","281474337051255","IT","Italy","Serimar di Marconi Franco"
"281474337064852","281474337064855","IT","Italy","Abacus di Cancellotti Raffaella E C. snc"
"281474337079128","281474337079135","IT","Italy","Telecom Italia S.p.A."
"281474338078221","281474338078221","AT","Austria","Deutsche Telekom AG"
"281474338102624","281474338102631","DE","Germany","EKE Logistik"
"281474338110920","281474338110927","DE","Germany","Deutsche Telekom AG"
"281474338119296","281474338119303","DE","Germany","Hall Tabakwaren E.K."
"281474338127488","281474338127495","DE","Germany","Edeka-Miha Immobilien-Service"
"281474338385392","281474338385399","DE","Germany","Salus-Klinik GmbH & Co. Lindow KG"
"281474339258541","281474339258547","CN","China","Data Communication Division"
"281474339273372","281474339273375","CN","China","Shanghai Jiarong Computer Co. Ltd."
"281474339396032","281474339396047","CN","China","Danyang Enrollment Office"
"281474339426832","281474339426847","CN","China","XuZhou Daily Newspaper"
"281474339457540","281474339457543","CN","China","Taicang Daily"
"281474339475864","281474339475879","CN","China","Data Communication Division"
"281474339488552","281474339488555","CN","China","Changshu Yaohua Architectural Material Co. Ltd"
"281474339499264","281474339499271","CN","China","Kunshanyuquanmojugongyeco. Ltd"
"281474340166648","281474340166655","CN","China","Gaozhoucaihnggongsi"
"281474340222288","281474340222303","CN","China","Zhaoqing Eletric Power-Supply Co."
"281474340345220","281474340345223","CN","China","Jinglian Primary School"
"281474340564776","281474340564799","CN","China","CHINANET Network"
"281474341021680","281474341021683","CN","China","Fresh Age Net Bar"
"281474341031200","281474341031231","CN","China","Boom Drugstore"
"281474341039894","281474341039894","CN","China","Hualong Net Bar"
"281474341053092","281474341053439","CN","China","China Unicom Henan Province Network"
"281474341064288","281474341064295","CN","China","Liantong CM"
"281474341092896","281474341092896","CN","China","Wentiju Corp"
"281474341104752","281474341104759","CN","China","Liufengzhi Corp"
"281474341136920","281474341136923","CN","China","China Unicom Henan Province Network"
"281474342099624","281474342099631","JP","Japan","Gotsu Fire Department"
"281474342862232","281474342862239","CN","China","China Zhengquanjiandu Committeeshandong Province Jianguan Bureau"
"281474342888532","281474342888535","CN","China","Huaxin of Yanggu"
"281474342968324","281474342968327","CN","China","Dongying Yiwuinterbar"
"281474343012100","281474343012103","CN","China","Zibo Sunjichang"
"281474343102512","281474343102519","CN","China","Zaozhuang-Tengzhou Chaoyue Internet Bar"
"281474343864856","281474343864859","CN","China","Faming Strelt Offjq of Government in Jiangdong Disnct"
"281474344108576","281474344108583","CN","China","Zhejiang Shentong Express Co. Ltd"
"281474344114936","281474344114939","CN","China","Yongkang Hade Industry &Trade Co. Ltd"
"281474344123372","281474344123375","CN","China","Zhejiang Phone Number Company"
"281474344471304","281474344471307","CN","China","Shanghai Weiming Computer Science&Technology Co. Ltd."
"281474344478424","281474344478427","CN","China","New Century International Leasing Co. Ltd. Shanghai Branch"
"281474344714889","281474344714889","CN","China","Data Communication Division"
"281474345005724","281474345005795","CN","China","Data Communication Division"
"281474345113428","281474345113431","CN","China","wuxi jiangyin FOREVDRIAI GROUP"
"281474345121316","281474345121319","CN","China","Wuxi Jiangyin Huangtang High School"
"281474345135068","281474345135071","CN","China","Jingjiang Office of power administration"
"281474345181008","281474345181015","CN","China","Weisheng Bureau"
"281474345204104","281474345204107","CN","China","Haimen Sanxing Linchao Netbar"
"281474345211948","281474345211951","CN","China","LianYunGang JinPing Phosphorite CORP"
"281474345225856","281474345225859","CN","China","LianYunGang GY GuoHuaChenJiaDianChang CORP"
"281474345250204","281474345250207","CN","China","Xiangshui Shengya Logistics Ltd."
"281474345271588","281474345271591","CN","China","Indian White UK Parker limited company Changzhou representative office"
"281474345285088","281474345285103","CN","China","Data Communication Division"
"281474345332112","281474345332119","CN","China","Suqian SH Educationg Bureau"
"281474345365592","281474345365599","CN","China","Central Kindergarten"
"281474345376496","281474345376511","CN","China","Data Communication Division"
"281474345931272","281474345931279","HK","Hong Kong","K & P Far East Limited"
"281474345949696","281474345949703","HK","Hong Kong","Simple Symbol Ltd"
"281474346052297","281474346052304","CN","China","Fujian Fuzhou Branch of China Netcom"
"281474352828704","281474352828735","MY","Malaysia","Hakko Product Sdn Bhd"
"281474353569096","281474353569103","JP","Japan","Silk Laboratory Co. Ltd."
"281474355416800","281474355416991","CN","China","China Internet Network Information Center"
"281474362304296","281474362304303","JP","Japan","NTT-ME Service Kansai Corporation"
"281474362624256","281474362624287","JP","Japan","EMS Co. Ltd."
"281474363393320","281474363393335","JP","Japan","Arteria Networks Corporation"
"281474363408064","281474363408071","JP","Japan","Broadgate"
"281474363453160","281474363453167","JP","Japan","Yonekyu Co. Ltd."
"281474363728392","281474363728447","JP","Japan","Sony Biz Networks Corporation"
"281474363826312","281474363826319","JP","Japan","UCOM Corporation"
"281474363843608","281474363843615","JP","Japan","UCOM Corporation"
"281474363958712","281474363958719","JP","Japan","Johoku Senkoh Co. Ltd"
"281474364023160","281474364023167","JP","Japan","Broadgate"
"281474364040464","281474364040479","JP","Japan","Broadgate"
"281474364059304","281474364059311","JP","Japan","Arteria Networks Corporation"
"281474364074736","281474364074743","JP","Japan","UCOM Corporation"
"281474364329376","281474364329383","JP","Japan","GE Healthcare Japan Corporation"
"281474364508808","281474364508811","CN","China","Jiangmen Kaiping Xianyu Netbar"
"281474364730008","281474364730011","CN","China","Shenzhen City Industry and Business Administration Management Bureau South Mountain Branch Office"
"281474364915616","281474364915631","CN","China","Guangzhou Landianwangba"
"281474365453824","281474365455903","CN","China","Data Communication Division"
"281474365644048","281474365644055","CN","China","Data Communication Division"
"281474365734145","281474365734147","CN","China","ChinaNet Liaoning Province Network"
"281474365788776","281474365788779","CN","China","Jilin Telecom Corporation"
"281474366684880","281474366684887","JP","Japan","IMA Ltd."
"281474366879480","281474366879487","JP","Japan","Electric Engineering Center"
"281474379378032","281474379378047","US","United States of America","ATandTAustralia"
"281474379985056","281474379985063","JP","Japan","Wakuya Town Office"
"281474382652680","281474382652683","JP","Japan","Enworld"
"281474382681600","281474382681871","JP","Japan","Arteria Networks Corporation"
"281474383740928","281474383773695","CN","China","ChinaNet Hunan Province Network"
"281474385172468","281474385172471","CN","China","Hangzhou Long Industrial Co. Ltd"
"281474387022448","281474387022455","JP","Japan","Broadgate"
"281474387045232","281474387045247","JP","Japan","UCOM Corporation"
"281474387063280","281474387063287","JP","Japan","Broadgate"
"281474388517716","281474388517723","AU","Australia","AAPT Limited"
"281474388537344","281474388537351","HK","Hong Kong","Hong Kong Sheng Kung Hui Welfare Council"
"281474388550256","281474388550263","HK","Hong Kong","Hong Kong Breast Cancer Foundation Ltd"
"281474388569168","281474388569215","HK","Hong Kong","Hong Kong Telecommunications (HKT) Limited"
"281474388582056","281474388582063","HK","Hong Kong","Choi Kee Engineering (HK) Co Ltd"
"281474388757888","281474388757891","AU","Australia","AAPT Limited"
"281474388825548","281474388825551","AU","Australia","TPG Internet Pty Ltd."
"281474389006580","281474389006587","CN","China","China Unicom IP Network"
"281474389445448","281474389445455","SG","Singapore","SingNet Pte Ltd"
"281474389600624","281474389600625","CN","China","China Unicom Shandong Province Network"
"281474389649992","281474389650015","CN","China","China Unicom Shandong Province Network"
"281474389662152","281474389662163","CN","China","China Unicom Shandong Province Network"
"281474389693160","281474389693163","CN","China","Liangzhenzhen Net Bar of Liaocheng"
"281474389705106","281474389705106","CN","China","China Netcom (Group) Corporation Ltd. Qingdao Branch-100-Qingdao"
"281474390399058","281474390399058","CN","China","Hengtonghuagong Factory"
"281474396862576","281474396862591","JP","Japan","Broadgate"
"281474396880920","281474396880935","JP","Japan","Arteria Networks Corporation"
"281474396899232","281474396899239","JP","Japan","Broadgate"
"281474396981544","281474396981551","JP","Japan","UCOM Corporation"
"281474397000008","281474397000015","JP","Japan","UCOM Corporation"
"281474397018592","281474397018615","JP","Japan","Arteria Networks Corporation"
"281474397041824","281474397041855","JP","Japan","Arteria Networks Corporation"
"281474397061024","281474397061031","JP","Japan","Arteria Networks Corporation"
"281474397087768","281474397087775","JP","Japan","Arteria Networks Corporation"
"281474397108856","281474397108871","JP","Japan","Broadgate"
"281474397127824","281474397127831","JP","Japan","Broadgate"
"281474397147400","281474397147407","JP","Japan","Broadgate"
"281474397164928","281474397164935","JP","Japan","UCOM Corporation"
"281474397183848","281474397183855","JP","Japan","Broadgate"
"281474397206672","281474397206687","JP","Japan","Arteria Networks Corporation"
"281474397472768","281474397477623","AU","Australia","Servers Australia Pty Ltd"
"281474398374400","281474398375167","IN","India","BSTN"
"281474401737392","281474401737431","JP","Japan","NTT Docomo Business Inc."
"281474403538356","281474403538359","CN","China","Jinan Zhangxia Net Bar"
"281474403619248","281474403619251","CN","China","QD Rydcqdkjyxgs B"
"281474403653008","281474403653011","CN","China","QingDao-Qing Dao Yi Zhi Tong Xin Ji Shu You Xian Gong Si"
"281474404197208","281474404197211","CN","China","ChinaNet Jiangsu Province Network"
"281474404205632","281474404205639","CN","China","Suzhou Shizheng Project Second Co. Ltd"
"281474404217072","281474404217079","CN","China","Kunshan Xuri Netbar"
"281474404225888","281474404225895","CN","China","Changshu Zhonghui Electrical Co. Ltd"
"281474404238396","281474404238403","CN","China","ChinaNet Jiangsu Province Network"
"281474404251272","281474404251275","CN","China","Yongyi International Trade Baoshuiqu Zhangjiagang Co. Ltd"
"281474404327040","281474404327047","CN","China","Jiangsu Fengxing Telecommunication Co. Ltd."
"281474404547616","281474404547623","CN","China","Lichuang Corp"
"281474404584704","281474404584831","CN","China","Danyang Yinchun Netbar"
"281474404675576","281474404675583","CN","China","Yancheng Guangzhong Ltd"
"281474405263536","281474405263559","JP","Japan","Broadgate"
"281474405278064","281474405278071","JP","Japan","Broadgate"
"281474405296520","281474405296527","JP","Japan","Broadgate"
"281474405332140","281474405332143","JP","Japan","Systems Co. Ltd"
"281474405363692","281474405363711","JP","Japan","Arteria Networks Corporation"
"281474405387400","281474405387407","JP","Japan","Arteria Networks Corporation"
"281474405406816","281474405406847","JP","Japan","Broadgate"
"281474405431200","281474405431207","JP","Japan","Make Co. Ltd"
"281474405453952","281474405453959","JP","Japan","Hosoda"
"281474405477640","281474405477647","JP","Japan","UCOM Corporation"
"281474405504440","281474405504447","JP","Japan","Arteria Networks Corporation"
"281474405524736","281474405524743","JP","Japan","UCOM Corporation"
"281474405549560","281474405549567","JP","Japan","Broadgate"
"281474405571992","281474405572015","JP","Japan","Broadgate"
"281474405591640","281474405591647","JP","Japan","UCOM Corporation"
"281474405611600","281474405611759","JP","Japan","Arteria Networks Corporation"
"281474405628984","281474405628991","JP","Japan","Arteria Networks Corporation"
"281474405648168","281474405648175","JP","Japan","UCOM Corporation"
"281474405670600","281474405670607","JP","Japan","Broadgate03"
"281474405694120","281474405694135","JP","Japan","Broadgate"
"281474405717504","281474405717527","JP","Japan","Broadgate"
"281474405736544","281474405736559","JP","Japan","Arteria Networks Corporation"
"281474405767880","281474405767887","JP","Japan","UCOM Corporation"
"281474405807168","281474405807199","JP","Japan","Arteria Networks Corporation"
"281474405844128","281474405844135","JP","Japan","Broadgate02"
"281474405864832","281474405864839","JP","Japan","Soundcrew Co. Ltd."
"281474405886296","281474405886303","JP","Japan","Arteria Networks Corporation"
"281474405913240","281474405913303","JP","Japan","Arteria Networks Corporation"
"281474405935920","281474405935967","JP","Japan","Broadgate"
"281474405959128","281474405959151","JP","Japan","Broadgate"
"281474405987560","281474405987567","JP","Japan","UCOM Corporation"
"281474406011632","281474406011639","JP","Japan","Broadgate"
"281474406033136","281474406033143","JP","Japan","Broadgate03"
"281474406055824","281474406055847","JP","Japan","Arteria Networks Corporation"
"281474406076568","281474406076575","JP","Japan","Broadgate"
"281474406099968","281474406099983","JP","Japan","UCOM Corporation"
"281474406122056","281474406122079","JP","Japan","Broadgate"
"281474406149392","281474406149407","JP","Japan","Broadgate"
"281474406177448","281474406177503","JP","Japan","Arteria Networks Corporation"
"281474406205192","281474406205199","JP","Japan","Broadgate"
"281474406230896","281474406231039","JP","Japan","Arteria Networks Corporation"
"281474406259840","281474406259903","JP","Japan","Arteria Networks Corporation"
"281474410610768","281474410610775","CN","China","Shanghai Liangyou Group Co. Ltd."
"281474410617820","281474410617823","CN","China","Shanghai Yunxiang Internet Service Co. Ltd."
"281474410625080","281474410625087","CN","China","Shanghai Changdi Network Telecommunication Co. Ltd."
"281474410630472","281474410630479","CN","China","Shanghai Haojin Technology Development Co. Ltd."
"281474410638392","281474410638399","CN","China","Shanghai Ykk Zipper Co. Ltd."
"281474410650504","281474410650507","CN","China","Shanghai Eb&SFSC International Logistics Co. Ltd."
"281474410669544","281474410669547","CN","China","Shanghai Fuxin Estate Co. Ltd."
"281474410767524","281474410767527","CN","China","Meilongzhen Xin du hui"
"281474412315472","281474412315503","CN","China","Solectron Suzhou Co.ltd"
"281474412324104","281474412324111","CN","China","Sefar Filtration Solution Suzhou Co. Ltd."
"281474412333240","281474412333247","CN","China","Jiangsu Amsino Medicine Co. Ltd."
"281474412341748","281474412341751","CN","China","Zhangjiagang Nanguan Chemical Co. Ltd"
"281474412351752","281474412351759","CN","China","Suzhou Zhangquan Co. Ltd"
"281474412368100","281474412368103","CN","China","Wang Hai Xia"
"281474414451608","281474414451807","ID","Indonesia","PT. Telekomunikasi Indonesia"
"281474414949728","281474414949735","CN","China","Fangzi Xiaoshijie Internet Bar"
"281474414976592","281474414976595","CN","China","Taian Xinyu Internet Bar"
"281474415007372","281474415007375","CN","China","Dezhou-San Wan-Internet Bar"
"281474415077080","281474415077087","CN","China","Binzhou QQ Internet Bar"
"281474415087924","281474415087927","CN","China","Zibo Doingxing watch company"
"281474415121728","281474415121743","CN","China","Laiwu sangruisi Co."
"281474415396925","281474415396925","CN","China","Yucaiwuliu Ltd"
"281474416238200","281474416238271","JP","Japan","NTT Docomo Business Inc."
"281474418345120","281474418345123","CN","China","Huaian Huaiyinqu Menghuan Netbar"
"281474418405376","281474418405407","CN","China","Rugao BSP"
"281474418473248","281474418473255","CN","China","Changzhou Zhongtianjiaohua Co. Ltd"
"281474418531808","281474418531839","CN","China","Jurong Guozhuang Wuhua Netbar"
"281474418570216","281474418570219","CN","China","Xuzhou Dongrun Printing Company"
"281474418637584","281474418637587","CN","China","Yancheng Yandou Build Station"
"281474418769312","281474418769319","CN","China","Wenchang Network Service Centre"
"281474418867216","281474418867223","CN","China","ChinaNet Jiangsu Province Network"
"281474423017168","281474423017175","VN","Viet Nam","Vietnam Data Communication Company"
"281474430928434","281474430928434","CA","Canada","China Mobile International Limited"
"281474437733376","281474437734399","SG","Singapore","China Unicom (Singapore) Operations Pte Ltd"
"42540533797998290355784237979325693952","42540533797998290374230982053035245567","JP","Japan","Seirei Welfare Community"
"42540554139229385439997102078199595008","42540554159035217142743571847410876415","JP","Japan","Canon IT Solutions Inc."
"42540572480553843195469713500322922496","42540572480555052121289328129497628671","US","United States of America","Fibertech Networks LLC"
"42540578165168464277500155919578693635","42540578165168464295946899993288245249","US","United States of America","Hurricane Electric LLC"
"42540578165169700965669601481628581890","42540578165169700965669601481628581890","PL","Poland","Hurricane Electric LLC"
"42540578165174508463876371296422985728","42540578165174508482323115370132537343","VE","Venezuela (Bolivarian Republic of)","Hurricane Electric LLC"
"42540578165178133747148945213473423360","42540578165178133765595689287182974975","FR","France","Hurricane Electric LLC"
"42540578165181761096456855385993641984","42540578165181761114903599459703193599","CA","Canada","Hurricane Electric LLC"
"42540578165184178210226321695960989696","42540578165184178228673065769670541311","MX","Mexico","Hurricane Electric LLC"
"42540578165184204736644299690296213504","42540578165184204791984531911424868351","CN","China","Hurricane Electric LLC"
"42540578165184230598979491031087579136","42540578165184230617426235104797130751","CN","China","Hurricane Electric LLC"
"42540578165184259929302568229274648576","42540578165184259947749312302984200191","GA","Gabon","Hurricane Electric LLC"
"42540578165198690983212127874889809920","42540578165198691001658871948599361535","HK","Hong Kong","Hurricane Electric LLC"
"42540578165198723006759839834671415296","42540578165198723025206583908380966911","US","United States of America","Hurricane Electric LLC"
"42540578165198760841031935012961779712","42540578165198760859478679086671331327","GB","United Kingdom of Great Britain and Northern Ireland","Hurricane Electric LLC"
"42540578165203534341889376981052555264","42540578165203534378782865128471658495","CA","Canada","Hurricane Electric LLC"
"42540578165211992764342983169174142976","42540578165211992782789727242883694591","AU","Australia","Hurricane Electric LLC"
"42540578165212013996545412008868052992","42540578165212014014992156082577604607","KR","Korea (the Republic of)","Hurricane Electric LLC"
"42540578165214404879044805503853002752","42540578165214404897491549577562554367","GB","United Kingdom of Great Britain and Northern Ireland","Hurricane Electric LLC"
"42540578165214425982120025827580051456","42540578165214426000566769901289603071","DE","Germany","Hurricane Electric LLC"
"42540578165216824501571465838319370240","42540578165216824520018209912028921855","IT","Italy","Hurricane Electric LLC"
"42540578165216851046436187906364145664","42540578165216851064882931980073697279","KZ","Kazakhstan","Hurricane Electric LLC"
"42540578165216879196167644387139911680","42540578165216879214614388460849463295","ES","Spain","Hurricane Electric LLC"
"42540578165233746050398417010498207744","42540578165233746068845161084207759359","MY","Malaysia","Hurricane Electric LLC"
"42540578165233766858325732154872430592","42540578165233766876772476228581982207","ID","Indonesia","Hurricane Electric LLC"
"42540578165233812089742200890692993024","42540578165233812347996617922626715647","US","United States of America","Hurricane Electric LLC"
"42540578165292985924316727864557830144","42540578165292985942763471938267381759","BD","Bangladesh","Hurricane Electric LLC"
"42540578165300246636571116238912094208","42540578165300246655017860312621645823","RU","Russian Federation","Hurricane Electric LLC"
"42540578165300269233832606533112823808","42540578165300269252279350606822375423","RU","Russian Federation","Hurricane Electric LLC"
"42540578165302656242515744549091934208","42540578165302656260962488622801485823","RU","Russian Federation","Hurricane Electric LLC"
"42540578165302680112602575929251725312","42540578165302680131049320002961276927","CZ","Czechia","Hurricane Electric LLC"
"42540578165305083723355380283827290112","42540578165305083741802124357536841727","EE","Estonia","Hurricane Electric LLC"
"42540578165305106984699657231571877888","42540578165305107003146401305281429503","UA","Ukraine","Hurricane Electric LLC"
"42540578173146160448474800615113883648","42540578173147369374294415244288589823","GB","United Kingdom of Great Britain and Northern Ireland","Hurricane Electric LLC"
"42540578174768561403425402893222543360","42540578174768561643233075851446714367","US","United States of America","Hurricane Electric LLC"
"42540578174770973499680481154191851520","42540578174770973628807689670158712831","US","United States of America","Hurricane Electric LLC"
"42540578174773383105625109464371691520","42540578174773383124071853538081243135","RU","Russian Federation","Hurricane Electric LLC"
"42540578174775792932930666659066150912","42540578174775792951377410732775702527","DE","Germany","Hurricane Electric LLC"
"42540578174775814589408209194079748096","42540578174775814607854953267789299711","CN","China","Hurricane Electric LLC"
"42540578174775836024524822844578725888","42540578174775836042971566918288277503","GB","United Kingdom of Great Britain and Northern Ireland","Hurricane Electric LLC"
"42540578174775865963590454475180998656","42540578174775865982037198548890550271","UA","Ukraine","Hurricane Electric LLC"
"42540578174780645256725535588070981632","42540578174780645275172279661780533247","AD","Andorra","Hurricane Electric LLC"
"42540578174785468287090815466307846144","42540578174785468305537559540017397759","DE","Germany","Hurricane Electric LLC"
"42540578174785489224145339126648930304","42540578174785489242592083200358481919","ES","Spain","Hurricane Electric LLC"
"42540578174787889440697233918666997760","42540578174787889459143977992376549375","IQ","Iraq","Hurricane Electric LLC"
"42540578174787916963239391893318008832","42540578174787916981686135967027560447","RU","Russian Federation","Hurricane Electric LLC"
"42540578174792719001209915890085134336","42540578174792719038103404037504237567","US","United States of America","Hurricane Electric LLC"
"42540578174795144987863281654346809344","42540578174795145006310025728056360959","TR","Turkiye","Hurricane Electric LLC"
"42540578174795167419104075285161574400","42540578174795167437550819358871126015","NL","Netherlands (Kingdom of the)","Hurricane Electric LLC"
"42540578174797580714397518337251737600","42540578174797580732844262410961289215","GB","United Kingdom of Great Britain and Northern Ireland","Hurricane Electric LLC"
"42540578174804810694376279911493009408","42540578174804810897290464722298077183","US","United States of America","Hurricane Electric LLC"
"42540578174812077125121331135808274432","42540578174812077143568075209517826047","IN","India","Hurricane Electric LLC"
"42540578174816915503177680340392083456","42540578174816918768251381386982719487","US","United States of America","Hurricane Electric LLC"
"42540578177569620022444728765363781632","42540578177573246799903572652887900159","US","United States of America","Hurricane Electric LLC"
"42540578187780207494909886774932144128","42540578187782625346549116033281556479","US","United States of America","Hurricane Electric LLC"
"42540578191833735768077738397721952256","42540578191834944693897353026896658431","RU","Russian Federation","Hurricane Electric LLC"
"42540578195387977677744748171358109696","42540578195389186603564362800532815871","RU","Russian Federation","Hurricane Electric LLC"
"42540578198367979823094809087008833536","42540578198369188748914423716183539711","AE","United Arab Emirates","Hurricane Electric LLC"
"42540578201140046727471153784610095104","42540578201141255653290768413784801279","KZ","Kazakhstan","Hurricane Electric LLC"
"42540578202964315789269629209241714688","42540578202965524715089243838416420863","US","United States of America","Hurricane Electric LLC"
"42540578206114776475185352838526009344","42540578206138954991577645422020132863","US","United States of America","Hurricane Electric LLC"
"42540578220079078617553934435557048320","42540578220080287543373549064731754495","CA","Canada","Hurricane Electric LLC"
"42540578221908183382630868376887492608","42540578221909392308450483006062198783","RU","Russian Federation","Hurricane Electric LLC"
"42540578227505509927446601455777087488","42540578227506718853266216084951793663","IT","Italy","Hurricane Electric LLC"
"42540578232805440720637135757688963072","42540578232806649646456750386863669247","AR","Argentina","Hurricane Electric LLC"
"42540578235025028525449594922449502208","42540578235027446377088824180798914559","US","United States of America","Hurricane Electric LLC"
"42540578238580479360936219325260365824","42540578238581688286755833954435071999","ID","Indonesia","Hurricane Electric LLC"
"42540578240079547377258359501896024064","42540578240080756303077974131070730239","MO","Macao","Hurricane Electric LLC"
"42540578242083946386179414673558863872","42540578242085155311999029302733570047","DE","Germany","Hurricane Electric LLC"
"42540578243664012432415735004899835904","42540578243665221358235349634074542079","CA","Canada","Hurricane Electric LLC"
"42540595912276937717913209560505254953","42540595912276937717913209560505254954","AU","Australia","Cogent Communications LLC"
"42540595912276937717913209561981455722","42540595912276937717913209561981455722","CH","Switzerland","Cogent Communications LLC"
"42540595912276937717913209561983371634","42540595912276937717913209561983371634","GB","United Kingdom of Great Britain and Northern Ireland","Cogent Communications LLC"
"42540595912279280159262665493116485632","42540595912279280159262665493116747775","US","United States of America","Cogent Communications LLC"
"42540595940753109841072073855276679168","42540595940754318766891688484451385343","US","United States of America","Katalyst Partners LLC"
"42540602329738692447079960394627809280","42540602329739891928166609284512088063","US","United States of America","Tata Communications (America) Inc"
"42540617482770330243075771399910981632","42540617482771539168895386029085687807","FR","France","Institut National de l'Environnement Industriel et des Risques"
"42540619363925396483517571847329677312","42540619363929023260976415734853795839","-","-","-"
"42540619366488319221100585697706770432","42540619366491945998559429585230888959","-","-","-"
"42540619368915842266886761080516771840","42540619368919469044345604968040890367","-","-","-"
"42540619682095329392974136563199901696","42540619682098956170432980450724020223","-","-","-"
"42540619684566373768266438596299325440","42540619684570000545725282483823443967","-","-","-"
"42540619687250189087810915364147036160","42540619687253815865269759251671154687","-","-","-"
"42540619691465713420807127296347471872","42540619691466922346626741925522178047","CZ","Czechia","Mirnet s.r.o."
"42540619693989950532162473013133967360","42540619693991159457982087642308673535","DE","Germany","zooplus SE"
"42540632040937938997824765691625996288","42540632040937939016271509765335547903","CZ","Czechia","Zakladni Skola a Prakticka Skola"
"42540633307969946682135457369434363405","42540633307969946682135457369434363405","GB","United Kingdom of Great Britain and Northern Ireland","NTT United Kingdom Ltd"
"42540640280739375716898103917616824320","42540640280740584642717718546791530495","DE","Germany","Petra Eisen Personal Service"
"42540648560092039308811265215647711232","42540648560093238789897914105531990015","LU","Luxembourg","POST Luxembourg"
"42540649787826317380271874882611970048","42540649787827526306091489511786676223","NL","Netherlands (Kingdom of the)","Securebit Private Network Interconnect"
"42540673246416503759967163806031806464","42540673246417712685786778435206512639","DE","Germany","GKK Dialoggroup GmbH"
"42540673246648655296265035564737101824","42540673246648660018631518434382315519","DE","Germany","Klockner Shared GmbH"
"42540673246951009532697247469189201920","42540673246951014255063730338834415615","DE","Germany","Rat Fur Formgebung Service GmbH"
"42540673263724713608855741178880983040","42540673263724723053588706918171410431","PT","Portugal","McKinsey & Company Inc."
"42540673714333773430244204005891768320","42540673714333797042076618354117836799","JP","Japan","McKinsey & Company Inc."
"42540680211044195613219026129508302848","42540680211044195613219026129508499455","FR","France","Cogent Communications Group LLC"
"42540680211044195797686466866630623232","42540680211044195797686466866630688767","DE","Germany","Cogent Communications Group LLC"
"42540680211044196221961580561922457600","42540680211044196221961580561922654207","DE","Germany","Cogent Communications Group LLC"
"42540680211044197587020642016428621824","42540680211044197587020642016428687359","GR","Greece","Cogent Communications Group LLC"
"42540698636565500577296987357894934528","42540698636566709503116601987069640703","DE","Germany","VMM Wirtschaftsverlag GmbH & Co. KG"
"42540710040447429033131845099934711808","42540710040447438477864810839225139199","CZ","Czechia","Ministerstvo ZdravotnICTvi"
"42540761979752239559961536070707838976","42540761979757065818507028848116236287","JP","Japan","AT&T GNS"
"42540770849387094205643753023942426624","42540770849388303131463367653117132799","ID","Indonesia","PT Jovimaro Karya Agung"
"42540770892316050060159235017758736384","42540770892317258985978849646933442559","ID","Indonesia","Kementerian Ketenagakerjaan RI"
"42540770936728357895341867008939524096","42540770936804520221977588646946013183","-","-","-"
"42540770979281337819957199329422213120","42540770979282546745776813958596919295","SG","Singapore","EN Technologies Pte Ltd."
"42540771022765190625675796114428657664","42540771022841352952311517752435146751","-","-","-"
"42540771066710853094487181244172861440","42540771066712062020306795873347567615","ID","Indonesia","CV Atha Media Prima"
"42540771110580353236662844735910576128","42540771110581562162482459365085282303","HK","Hong Kong","CTG Server Limited"
"42540771153908254611651154357379923968","42540771153909463537470768986554630143","ID","Indonesia","PT Meetaza Prawira Media"
"42540771196539814714541437574218514432","42540771196541023640361052203393220607","SG","Singapore","80 Raffles Place # 25-01 Uob Plaza 1"
"42540771239094003564976384523875909632","42540771239095212490795999153050615807","IN","India","eMudhra Limited"
"42540771280719737385947296267358961664","42540771280720946311766910896533667839","ID","Indonesia","Universitas Negeri Makassar"
"42540771323661991424478539182097039360","42540771323738153751114260820103528447","-","-","-"
"42540771364900868983172769589674115072","42540771364977031309808491227680604159","-","-","-"
"42540771405675519027134982394164019200","42540771405751681353770704032170508287","-","-","-"
"42540771459912766998325705688181899264","42540771460066300577416763593369583615","-","-","-"
"42540863704951930205816929079338729472","42540863704953139131636543708513435647","BR","Brazil","Premium Com de Prod Eletro Eletrnico Ltda"
"42540863707985125087230033678676525056","42540863707986334013049648307851231231","BR","Brazil","Promil Promotora de Vendas Ltda"
"42540863710945784419466260527531950080","42540863710946993345285875156706656255","BR","Brazil","Auto Posto Avenida das Araucrias"
"42540902758148426550319676358859423744","42540902758149635476139290988034129919","SI","Slovenia","Vrtec Zelena Jama Ljubljana"
"42540902760392192871524428107114086400","42540902760393401797344042736288792575","SI","Slovenia","Osnovna Sola Ribnica Na Pohorju"
"42540936920582326907777053680858038272","42540936920605296498349731635177455615","CH","Switzerland","Init7 (Switzerland) Ltd."
"42540995222224396588388489731933995227","42540995222224396588388489731933995245","US","United States of America","Level 3 Communications Inc."
"42541014314965159950730934875947401410","42541014314965159950730934875947401410","US","United States of America","The Constant Company LLC"
"42541014314965159950730934875947794714","42541014314965159950730934875947794714","NL","Netherlands (Kingdom of the)","The Constant Company LLC"
"42541014314965159950730934875948253426","42541014314965159950730934875948253426","SG","Singapore","The Constant Company LLC"
"42541023744387080184602083770121584640","42541023744390706962060927657645703167","PL","Poland","ATM Systemy Informatyczne S.A."
"42541042125994160893944416772590403584","42541042125994160912391160846299955199","CH","Switzerland","Genotec AG"
"42541053539408416495285134010775240704","42541053539409625421104748639949946879","GB","United Kingdom of Great Britain and Northern Ireland","Merck Co Inc"
"42541141002078481628198253877740437504","42541141002079690554017868506915143679","NO","Norway","Arelion Sweden AB"
"42541141318959712969388333259089248256","42541141318959712969388333259089248257","US","United States of America","Arelion Sweden AB"
"42541141398175917049765495309026197506","42541141398175917935209210847084675072","SE","Sweden","Arelion Sweden AB"
"42541790039171291371816444639685115904","42541790039172500297636059268859822079","ES","Spain","JPC-Net6-01 IPv6 Network"
"42541847104154783080498880495696740352","42541847104155992006318495124871446527","EG","Egypt","Egyptian Research Institutes Network Internet2"
"42541869925928787052820316829637410816","42541869925928787071267060903346962431","TW","Taiwan (Province of China)","Government Service Network in Taiwan"
"42541874258679038909381383815520321536","42541874258679038927828127889229873151","PH","Philippines","Hotel 101 Management Corporation"
"42541874259357237199940362443721539584","42541874259358446125759977072896245759","PH","Philippines","Philippine Long Distance Telephone Company"
"42541874290460480686985541850562035712","42541874290624894598453131418322075647","PH","Philippines","Philippine Long Distance Telephone Company"
"42541958057723577122308253980104327168","42541958057724786048127868609279033343","CR","Costa Rica","Akamai Technologies Inc."
"42542022019202118918126167436178751488","42542022025148825117044248715106189311","DE","Germany","Wiit AG"
"42542044203722308967438373945205587968","42542044203723517893257988574380294143","NL","Netherlands (Kingdom of the)","Noki Lock Waalwijk"
"42542044204979591819837588286900011008","42542044204980800745657202916074717183","NL","Netherlands (Kingdom of the)","Industrial Auctions B.V. Eindhoven"
"42542110754744136388370542175876808707","42542110754744136425264030323295911937","FR","France","Vodafone Enterprise Equipment Limited"
"42550873389559316007789015558250299392","42550873389560524933608630187425005567","DE","Germany","Mod IT GmbH"
"42550877935265468857148467954436800512","42550877935266677782968082583611506687","DE","Germany","Deutsche Telekom AG"
"42550878301692093708162185437053452288","42550878301698138337260258582926983167","DE","Germany","Deutsche Telekom AG"
"42550878489924261673799177197154467840","42550878489925470599618791826329174015","DE","Germany","Biv Bau und Industriegeraete"
"42550878727559183257987990181623365632","42550878727560392183807604810798071807","DE","Germany","Lidl Dienstleistung GmbH & Co. KG"
"42550879034609416478629195748546183168","42550879034610625404448810377720889343","DE","Germany","Ochsner Waermepumpen GmbH"
"42550879391114387128065651594349248512","42550879391116804979704880852698660863","DE","Germany","Deutsche Telekom AG"
"42550879648608333151063978031716499456","42550879648610751002703207290065911807","DE","Germany","Deutsche Telekom AG"
"42550879876344570124248207333691228160","42550879876345779050067821962865934335","DE","Germany","Block Systems GmbH"
"42550880143883480782424487583692095488","42550880143885898634063716842041507839","DE","Germany","Badischer Landwirtschaftlicher Hauptverband E.V."
"42550880381528073773170217601558642688","42550880381529282698989832230733348863","DE","Germany","Deutsche Telekom AG"
"42550880609238923304142539690864541696","42550880609242550081601383578388660223","DE","Germany","Onyx Generation Management GmbH"
"42550880837068247565437095439291645952","42550880837070665417076324697641058303","DE","Germany","Deutsche Telekom AG"
"42550881045022831352267147555549216768","42550881045026458129725991443073335295","DE","Germany","Deutsche Telekom AG"
"42550881302474464971578961971801751552","42550881302475673897398576600976457727","DE","Germany","Deutsche Telekom AG"
"42550882312609358512056973705992994816","42550882312610567437876588335167700991","DE","Germany","Magna International Stanztechgmbh"
"42550887974953142832484424240460726272","42550887974954351758304038869635432447","DE","Germany","B.M.H Werbeagentur GmbH"
"42550888036902128606996867039929303040","42550888036903337532816481669104009215","DE","Germany","Sicherheitssysteme Wuensch GmbH"
"42550888103752099654227016513656717312","42550888103753308580046631142831423487","DE","Germany","Baufeld-Oel GmbH"
"42550888170553713668672580820395884544","42550888170554922594492195449570590719","DE","Germany","Adac Fahrsicherheitszentrum Hansa GmbH & Co. KG"
"42550888229986924812566980307300909056","42550888229988133738386594936475615231","DE","Germany","Sertronics GmbH"
"42550888296839313711436359039377735680","42550888296840522637255973668552441855","DE","Germany","G. C. Hahn & Co."
"42550888361215822531734977221656313856","42550888361217031457554591850831020031","DE","Germany","Fa. 8Com GmbH & Co.KG"
"42550888430569478951387023716200218624","42550888430570687877206638345374924799","DE","Germany","Deutsche Telekom AG"
"42550888504815658163019474480780017664","42550888504816867088839089109954723839","DE","Germany","Christof Fischer GmbH"
"42550888569200629464055395067281539072","42550888569201838389875009696456245247","DE","Germany","Iq Real Estate GmbH"
"42550888643460106859703606752783106048","42550888643461315785523221381957812223","DE","Germany","Stadt Buende"
"42550888700434362886501850498335768576","42550888700435571812321465127510474751","DE","Germany","Westhouse Consulting"
"42550888759836141959086269626698432512","42550888759837350884905884255873138687","DE","Germany","Volz Gruppe GmbH"
"42550888841509961406431002040672976896","42550888841511170332250616669847683071","DE","Germany","Alfons Wittrock Oel-GMBH"
"42550888925687466226197631475464011776","42550888925688675152017246104638717951","DE","Germany","Cyberdyne IT GmbH"
"42550889024728713998126126613267480576","42550889024729922923945741242442186751","DE","Germany","Egetuerk Wurst- und Fleisch- Warenfabrikation GmbH & Co. KG"
"42550889126250677551903840817568022528","42550889126251886477723455446742728703","DE","Germany","HBS Berga GmbH & Co. KG"
"42550889225276209288177345776100311040","42550889225277418213996960405275017215","DE","Germany","Alpenland Pflege- u. Altenheim"
"42550889319365696902964319814307282944","42550889319366905828783934443481989119","DE","Germany","EADS Airbus GmbH"
"42550889425822495652408950309758435328","42550889425823704578228564938933141503","DE","Germany","Meinlschmidt Raumkonzepte GmbH"
"42550889517432476411166319910643040256","42550889517433685336985934539817746431","DE","Germany","Grammer AG"
"42550889636272302330923597042609553408","42550889638738511002937440559010152447","DE","Germany","Deutsche Telekom AG"
"42550889762550648818769687486543167488","42550889762551857744589302115717873663","DE","Germany","Deutsche Telekom AG"
"42550889908631200231903403812163944448","42550889908632409157723018441338650623","DE","Germany","Ministerium des Innern des Landes Sachsen-Anhalt"
"42550890052222573382450598667064705024","42550890052223782308270213296239411199","DE","Germany","Deutsche Telekom AG"
"42550890188404440184579731310191312896","42550890188405649110399345939366019071","DE","Germany","Akg Klinik Hohwald GmbH"
"42550890289905851999423996818521849856","42550890289907060925243611447696556031","DE","Germany","Exklusiv Wohnbau GmbH"
"42550890386465175063683658260653539328","42550890386466383989503272889828245503","DE","Germany","Telekom Deutschland GmbH"
"42550890458283831229529933642423336960","42550890458286249081169162900772749311","DE","Germany","LGI Logistics Group International GmbH"
"42550890554839527516330751197030907904","42550890554840736442150365826205614079","DE","Germany","Caritasverband Fuer Den Bezirk Limburg E.V."
"42550890658826490816302694288557342720","42550890658827699742122308917732048895","DE","Germany","Kraftverkehr Nagel Se & Co. KG"
"42550890755384604954742741101514326016","42550890755385813880562355730689032191","DE","Germany","Deutsche Telekom AG"
"42550890856912613137618528451688398848","42550890856913822063438143080863105023","DE","Germany","Lekkerland Deutschland"
"42550890936105716803114041799165870080","42550890936106925728933656428340576255","DE","Germany","Quality Data UG"
"42550891017821848654145286234255130624","42550891017823057579964900863429836799","DE","Germany","Leitstelle Muelheim an der Ruhr"
"42550891109411277673969207139169730560","42550891109412486599788821768344436735","DE","Germany","STOCKO Contact GmbH Co KG"
"42550891198553840834893118594479030272","42550891198555049760712733223653736447","DE","Germany","Hydratight Injectaseal Deutschland GmbH"
"42550891290161403742011258937014222848","42550891290162612667830873566188929023","DE","Germany","Diebel SystemTransport GmbH"
"42550891386741278545204369075115917312","42550891386742487471023983704290623487","DE","Germany","Emsnet GmbH"
"42550891503076210166720134557091233792","42550891503077419092539749186265939967","DE","Germany","Herbert Haenchen GmbH & Co. KG"
"42550891599657293895732859324367634432","42550891599658502821552473953542340607","DE","Germany","Augustiner-Braeu Wagner KG"
"42550891701147825378200593170125815808","42550891701149034304020207799300521983","DE","Germany","ICU Profiles GmbH"
"42550891810119189832443652348965814272","42550891810120398758263266978140520447","DE","Germany","Bittl Schuhe + Sport GmbH"
"42550891924021762704894783931432304640","42550891924022971630714398560607010815","DE","Germany","Deutsche Telekom AG"
"42550892060154063548419716778395959296","42550892060155272474239331407570665471","DE","Germany","Dieteg Geraetebau GmbH & Co.KG"
"42550892156735147277432441545672359936","42550892156736356203252056174847066111","DE","Germany","Diamant Fahrradwerke GmbH"
"42550892258245021573014009458225840128","42550892258246230498833624087400546303","DE","Germany","Helmsauer IT-Solutions GmbH"
"42550892362234402724625181808101687296","42550892362235611650444796437276393471","DE","Germany","MVZ Labor Essen Nienkampstrasse GmbH"
"42550892488480108215341677264318234624","42550892488481317141161291893492940799","DE","Germany","Innstolz Kaesewerk"
"42550892572663657664206379844982800384","42550892572664866590025994474157506559","DE","Germany","Hka Bad Elster Hotel Betriebs GmbH"
"42550892661806220825130291300292100096","42550892664263967016406832412469755903","DE","Germany","Deutsche Telekom AG"
"42550892780661762780542558611529793536","42550892780662971706362173240704499711","DE","Germany","Bayerische Staatsforsten Aoer"
"42550892894549828543158314643899809792","42550892894551037468977929273074515967","DE","Germany","Autobahn Tank und Rast GmbH"
"42550893038129112435509363207053508608","42550893038130321361328977836228214783","DE","Germany","Stadtmobil Rhein-Neckar Aktiengesellschaft"
"42550893159452071988755088663866507264","42550893159453280914574703293041213439","DE","Germany","IWIS Motorsysteme GmbH & Co. KG"
"42550893265920959996395865451064721408","42550893265922168922215480080239427583","DE","Germany","Becker Buettner Held Rae Wi.-PR. STB Partgmbb"
"42550893439224103015611801532719169536","42550893439225311941431416161893875711","DE","Germany","Nehlsen AG"
"42550893629868077991379978496359006208","42550893629869286917199593125533712383","DE","Germany","Panorama Fachklinik GmbH"
"47852717523026425687020793438324916224","47852719979099463629215258838187376639","-","-","-"
"47853949679409847525999048233840541696","47853952135482885468193513633703002111","-","-","-"
"47854966285059494678199605973095546899","47854966285067957158936908377318490120","HK","Hong Kong","PCCW Global (HK) Limited"
"47855519030852930073998101152408797184","47855521486925968016192566552271257599","-","-","-"
"47856325178761718557421114766949089280","47856325178762927483240729396123795455","US","United States of America","CloudFlare Inc."
"47857007173429435501051120688427958272","47857007252657598015315458281971908607","VN","Viet Nam","VMon Cloud Company Limited"
"47858064394030025844371968938901241856","47858064473258188358636306532445192191","BD","Bangladesh","Zip Cyber Cafe & Technology"
"47858860502625907356539561311576522752","47858860502841096152430965304674222079","IN","India","Honesty Net Solutions (India) Pvt. Ltd."
"47860404556266209670111469446562316288","47860407012339247612305934846424776703","-","-","-"
"47861720377589246572230223024489496576","47861722833662284514424688424351956991","-","-","-"
"47862559562286597660094013842011455488","47862564553660836058747282235280326655","-","-","-"
"47863839889392828171789525512248885248","47863842345465866113983990912111345663","-","-","-"
"47864493917874383423896360217558908928","47864493997102545938160697811102859263","HK","Hong Kong","Infomove Limited"
"47866603288473163197620450731692654592","47866603367701325711884788325236604927","CN","China","China State Post Bureau"
"47868677164868434764937060259058417664","47868677164869643690756674888233123839","ZA","South Africa","CITIC Telecom International CPC Limited"
"47871313957331773812340750074347782144","47871318948706012210994018467616653311","-","-","-"
"47872490259417733717724092407335617048","47872490259417733717724092407335617087","SG","Singapore","Telstra Global"
"47873986085568892405654767531160764416","47873986164797054919919105124704714751","CN","China","ChinData (Huailai) Co. Ltd."
"47876384480504524215682399293625335808","47876384559732686729946736887169286143","IN","India","Bharti Airtel Ltd."
"47878818381110325926310174944298795008","47878818381110325926310174944298860543","SG","Singapore","Tata Communications Limited"
"47880861867938169578780044818684837888","47880861868247654588601389887409618943","CN","China","Zhuhai Fuyuanleyu Technology Limited"
"47883321143817135601231726847109103616","47883326135191373999884995240377974783","-","-","-"
"47884279428249786256961005159574405120","47884279428868756276603695297023967231","AU","Australia","SpaceX Services Inc."
"47886647458992134475181254196320010240","47886652450366372873834522589588881407","-","-","-"
"47887801580896724930749845519365832704","47887801585539000078070021550237548543","US","United States of America","Amazon.com Inc."
"47888300396147958851893268011737415680","47888300396147958870340012085446967295","SG","Singapore","Inal Solutions"
"47890719073491905033754524013471727616","47890719152720067548018861607015677951","ID","Indonesia","PT Industri Kreatif Digital"
"47893147892041942321287791696813228032","47893147971270104835552129290357178367","CN","China","Beijing Teletron Telecom Engineering Co. Ltd."
"50510826495669986843534097305879707648","50510826495671195769353711935054413823","US","United States of America","Motorola Solutions Inc."
"50511070363242625723298463973554257921","50511070363242625723298463973554257921","JP","Japan","Akamai Technologies Inc."
"50511070375003042150771056860674916352","50511070375003042150771056860674916352","JP","Japan","Akamai Technologies Inc."
"50511070430091246099927536433912348672","50511070430092455025747151063087054847","JP","Japan","Akamai Technologies Inc."
"50511070706771444915901257498161577985","50511070706771444915901257498161577985","IN","India","Akamai Technologies Inc."
"50511071169141449553299560548689510400","50511071169142658479119175177864216575","AU","Australia","Akamai Technologies Inc."
"50511071333787503204687754696692072449","50511071333787503204687754696692072449","HK","Hong Kong","Akamai Technologies Inc."
"50511071500290419617552214265752977410","50511071500290419635998958339462529024","US","United States of America","Akamai Technologies Inc."
"50511071500290584808145394334787698690","50511071500290584826592138408497250304","US","United States of America","Akamai Technologies Inc."
"50511080283166712707910104053941534738","50511080283166712707910104053941534754","US","United States of America","Akamai Technologies Inc."
"50511080293533251611105549227046993923","50511080293533251611105549227046993923","DE","Germany","Akamai Technologies Inc."
"50511311603093819599141931731495419904","50511311603403304608963276800220200959","CL","Chile","Amazon.com Inc."
"50512448693270651690636101603901308928","50512448693271860616455716233076015103","US","United States of America","Regus Management Group LLC"
"50512448695439464611024746343324188672","50512448695440673536844360972498894847","US","United States of America","Charter Communications Inc"
"50512448697692902338786415124976500736","50512448697694111264606029754151206911","US","United States of America","Quality Inn"
"50512448699104927696096302001033314304","50512448699106136621915916630208020479","US","United States of America","Charter Communications Inc"
"50512448700630592080449964019512508416","50512448700631801006269578648687214591","US","United States of America","American Tower Corporation"
"50512448702069213805791372737412857856","50512448702070422731610987366587564031","US","United States of America","City of Kannapolis Town Hall"
"50512448703304735993437523753962569728","50512448703305944919257138383137275903","US","United States of America","Hospice and Palliative Care Charlotte Region"
"50512448704540258181083674770512281600","50512448704541467106903289399686987775","US","United States of America","Camco Manufacturing"
"50512448705778198220369055045411405824","50512448705779407146188669674586111999","US","United States of America","Perkinson Law"
"50512448707045152479325186420503478272","50512448707046361405144801049678184447","US","United States of America","Spectrum Fiber Delivery MDU"
"50512448708400358323113185725349101568","50512448708401567248932800354523807743","US","United States of America","Nextgen Virtual LLC"
"50512448709907888820172628306207703040","50512448709909097745992242935382409215","US","United States of America","Stratus Global Logistics"
"50512448711338048064776734619885109248","50512448711339256990596349249059815423","US","United States of America","Martin Woodworking Machines"
"50512448768447703783371816833004863488","50512448768452539486650275349703688191","US","United States of America","Charter Communications Inc"
"50512448770504086602536301059180068864","50512448770507713379995144946704187391","US","United States of America","Charter Communications Inc"
"50512448791238373334746806034565693440","50512448791239582260566420663740399615","US","United States of America","Vector Fleet Management LLC"
"50512529827180201218016282267143372800","50512529827181410143835896896318078975","US","United States of America","APXnet"
"50512529829014141686371674725172641792","50512529829015350612191289354347347967","US","United States of America","Clientearth"
"50512529830914573074805871787810750464","50512529830918199852264715675334868991","US","United States of America","Charter Communications Inc"
"50512529832964911264872282868112424960","50512529832966120190691897497287131135","US","United States of America","Charter Communications Inc"
"50512529837677304109730107391117099008","50512529837679721961369336649466511359","US","United States of America","Charter Communications Inc"
"50512529839571690869066231307881676800","50512529839572899794885845937056382975","US","United States of America","Charter Communications Inc"
"50512529840918434232116928208504356864","50512529840919643157936542837679063039","US","United States of America","Laurence School"
"50512529842153956419763079225054068736","50512529842155165345582693854228774911","US","United States of America","Middle Ridge Inc"
"50512529843395523236507303387477311488","50512529843396732162326918016652017663","US","United States of America","Glatt Western Kosher Inc"
"50512529844640716830710371437424672768","50512529844641925756529986066599378943","US","United States of America","KLRC"
"50512529845884701499093824858197327872","50512529845885910424913439487372034047","US","United States of America","Sun Mar Health Care"
"50512529847135939722394966054018220032","50512529847137148648214580683192926207","US","United States of America","City Compassionate Caregivers"
"50512529848382342242417648733140287488","50512529848383551168237263362314993663","US","United States of America","Academy Securities Inc."
"50512529849614237652604955862165880832","50512529849615446578424570491340587007","US","United States of America","Blue Heron Systems LLC"
"50512529850870311579184555574685597696","50512529850871520505004170203860303871","US","United States of America","Fairplex"
"50512529852226726348792169508705927168","50512529852227935274611784137880633343","US","United States of America","RL Carriers"
"50512529896420218610624553619264897024","50512529896421427536444168248439603199","US","United States of America","Precise Aerospace Manufacturing"
"50512529898317023221599906794378887168","50512529898318232147419521423553593343","US","United States of America","Navie Inc"
"50512529900373406040764391020554092544","50512529900374614966584005649728798719","US","United States of America","Sherman Oaks Office"
"50512529902630470545984903689730523136","50512529902631679471804518318905229311","US","United States of America","Hims Inc"
"50512529904732792546294743824544563200","50512529904734001472114358453719269375","US","United States of America","Presque Isle Downs"
"50512529906883471579389169126346850304","50512529906884680505208783755521556479","US","United States of America","Nexus Engineering Group Inc"
"50512529909136909307150837907999162368","50512529909138118232970452537173868543","US","United States of America","Medical Transformation Center"
"50512529911454420103352082035910901760","50512529911456837954991311294260314111","US","United States of America","Charter Communications Inc"
"50512529913781602306110243197220290560","50512529913784020157749472455569702911","US","United States of America","Charter Communications Inc"
"50512529915839194051094342052570202112","50512529915840402976913956681744908287","US","United States of America","City of Heath"
"50512529917269353295698448366247608320","50512529917270562221518062995422314495","US","United States of America","Spectrum Fiber Delivery Retail Store Acct 2164660"
"50512529918675334023910262096430891008","50512529918676542949729876725605597183","US","United States of America","Appalachian Trailers"
"50512529920092195084498607489186529280","50512529920093404010318222118361235455","US","United States of America","Corpad Company Inc"
"50512529921349477936897821830880952320","50512529921350686862717436460055658495","US","United States of America","CWI Inc"
"50512529922609178640936265430924787712","50512529922610387566755880060099493887","US","United States of America","PBK Bank Inc"
"50512529923847118680221645705823911936","50512529923848327606041260334998618111","US","United States of America","Installed Building Products DBA Swan Freedom"
"50512529925106819384260089305867747328","50512529925108028310079703935042453503","US","United States of America","Merchants National Bank"
"50512529926408832491985044927026298880","50512529926410041417804659556201005055","US","United States of America","Mennel Milling Master Account"
"50512529928507527714836041174316220416","50512529928508736640655655803490926591","US","United States of America","Wood County Implement"
"50512529931161119888890152212796276736","50512529931164746666348996100320395263","US","United States of America","Wal Mart"
"50512529936082656900541307583025119232","50512529936083865826360922212199825407","US","United States of America","Glen Raven Inc"
"50512529971369992649272718563523690496","50512529971371201575092333192698396671","US","United States of America","Wheda Wisconsin Housing and Economic Development"
"50512529973161620713941599000438243328","50512529973162829639761213629612949503","US","United States of America","Sixteenth Street Community Health Center"
"50512529974430992824536959633879728128","50512529974432201750356574263054434303","US","United States of America","Camp Bow Wow Waukesha"
"50512529976423302575261868513795506176","50512529976425720426901097772144918527","US","United States of America","Charter Communications Inc"
"50512529978644099305893942307730751488","50512529978645308231713556936905457663","US","United States of America","Commercial Parts and Service"
"50512610951643204390927750559231377408","50512610951644413316747365188406083583","US","United States of America","Lido Advisors Inc"
"50512610952998410234715749864077000704","50512610952999619160535364493251706879","US","United States of America","Revcore Recovery Center"
"50512611026290746974672258209813626880","50512611026291955900491872838988333055","US","United States of America","Commandlink"
"50512611028390651123342869086278254592","50512611028393068974982098344627666943","US","United States of America","Charter Communications Inc"
"50512611030170189929815603231445745664","50512611030171398855635217860620451839","US","United States of America","Shanghai Commercial Bank Ltd"
"50512611032538475610440661784695144448","50512611032539684536260276413869850623","US","United States of America","Homans Associates"
"50512611034512651473871351226990329856","50512611034513860399690965856165036031","US","United States of America","AOC Connect LLC"
"50512611035904125092247789407077138432","50512611035905334018067404036251844607","US","United States of America","Nys TCS Erie County Medical Center"
"50512611037267793416773091116145704960","50512611037270211268412320374495117311","US","United States of America","Charter Communications Inc"
"50512611038580686856874578399876612096","50512611038581895782694193029051318271","US","United States of America","Erie County Sheriffs Office"
"50512611105066771232400724492017467392","50512611105067980158220339121192173567","US","United States of America","Hinman Howard and Katrell LLP"
"50512611107577710159740309287882194944","50512611107578919085559923917056901119","US","United States of America","Compass Federal Credit Union"
"50512854657388891312296393516542590976","50512854657390100238116008145717297151","US","United States of America","Commandlink CHTR Icoms"
"50512854819468367022210112340224901120","50512854819469575948029726969399607295","US","United States of America","Mesa Solutions LLC"
"50512854975575749183227563040858701824","50512854975576958109047177670033407999","US","United States of America","Lands Electric"
"50512854978639167210131033369564151808","50512854978640376135950647998738857983","US","United States of America","Loadmaster Corporation"
"50512855055100098523297484782205665280","50512855055101307449117099411380371455","US","United States of America","Markquart Toyota"
"50512855291154954061249977435333591040","50512855291156162987069592064508297215","US","United States of America","United Community Action Partnership Inc./Heartla"
"50512855295144409265978253711863971840","50512855295145618191797868341038678015","US","United States of America","UW Credit Union"
"50512855608987596667034060611460792320","50512855608988805592853675240635498495","US","United States of America","Mountain Empire Motel"
"50512855682617223710663050496940441600","50512855682618432636482665126115147775","US","United States of America","Asheville Christian Academy(K 12) Master"
"50512855690689221408229929496453578752","50512855690690430334049544125628284927","US","United States of America","USA Farm Labor"
"50512855845840343245932208519894794240","50512855845841552171751823149069500415","US","United States of America","Amazon Fulfillment"
"50512855928544167491588604990719000576","50512855928545376417408219619893706751","US","United States of America","Goodwill Industries of the Southern Piedmont Inc"
"50512856322007209372463889336464572416","50512856322008418298283503965639278591","US","United States of America","Quality Inn Durand"
"50512856401847088351453229292409847808","50512856401848297277272843921584553983","US","United States of America","Enlightened Recovery"
"50512856559928646375901369435338833920","50512856559929855301720984064513540095","US","United States of America","Country Inn and Suites Acct 15733402"
"50512856717008004895888981992436400128","50512856717009213821708596621611106303","US","United States of America","Sycamore Federal Credit Union"
"50512856720680721535878225425193762816","50512856720700064348992059491989061631","US","United States of America","Charter Communications LLC"
"50512856878498733731650376408036802560","50512856878499942657469991037211508735","US","United States of America","Holy Ground Baptist Academy"
"50512857033855372958687142391178067968","50512857033856581884506757020352774143","US","United States of America","Dularge Fire Station"
"50512857194310052367038799604055277568","50512857194311261292858414233229983743","US","United States of America","SJS Products Corporation"
"50512857352726482843520192028377874432","50512857352727691769339806657552580607","US","United States of America","Bristol Hotel Associates LP DBA Bristol Hampton"
"50512857400267490699865484323698245632","50512857400268699625685098952872951807","US","United States of America","The Kroger Company Master"
"50512857668659902986689692771041673216","50512857668661111912509307400216379391","US","United States of America","Best Western Hilltop Inn"
"50512857984818183332307514540200820736","50512857984819392258127129169375526911","US","United States of America","Telepacific Corp Legacy Charter"
"50512857988446169716971016693494054912","50512857988447378642790631322668761087","US","United States of America","Korean Community Service"
"50512858145498931868927107408748085248","50512858145500140794746722037922791423","US","United States of America","Auditmacs AHC Rebill"
"50512858382402453332249069742519746560","50512858382403662258068684371694452735","US","United States of America","Amazon Corporation Location (ACL) Acct 21525555"
"50512858539403231673961731403261411328","50512858539404440599781346032436117503","US","United States of America","Defense Technology"
"50512858777146956581915861013453864960","50512858777148165507735475642628571135","US","United States of America","Clayco Construction"
"50512858779142893110099613780893761536","50512858779144102035919228410068467711","US","United States of America","Amazon Fulfillment"
"50512858780650423607159056361752363008","50512858780651632532978670990927069183","US","United States of America","Meadowbrook Country Club"
"50512858857989035065365728555230560256","50512858857990243991185343184405266431","US","United States of America","Charter Communications LLC"
"50512859015230389645181701421738754048","50512859015231598571001316050913460223","US","United States of America","Stone Acres Tree Service LLC"
"50512955725664345653393331875001401344","50512955725665554579212946504176107519","AM","Armenia","Hurricane Electric LLC"
"50512955729936689499911431378413027328","50512955729937898425731046007587733503","US","United States of America","Hurricane Electric LLC"
"50512955747790106003980275030473834496","50512955747791314929799889659648540671","RO","Romania","Hurricane Electric LLC"
"50521106428558833267096847757483180032","50521106433510593424238368857079676927","US","United States of America","Tallahatchie Valley Internet Services LLC"
"50525979119319270562208870966241525760","50525979198237948066651863491060695039","-","-","-"
"50526015167823729542661130960014147584","50526015168133214552482476028738928639","US","United States of America","Enmode LLC"
"50526049478569858376260830064141139968","50526049552846260733383646558088593407","-","-","-"
"50526077203474978211637466704927260672","50526077208426738368778987804523757567","US","United States of America","Nebula Global LLC"
"50526106201291943442206371010737864704","50526106359438783460913701129100984319","-","-","-"
"50526121254700849591772015984474324992","50526121258666126280107999677510582271","US","United States of America","Pluxcon Network USA LLC"
"50526146448908358491782357529135153152","50526146448927701304896191595930451967","US","United States of America","SBA Connect - Westbank"
"50526179803964776997068484411138244608","50526179803974448403625401444535894015","GB","United Kingdom of Great Britain and Northern Ireland","VNP Digital Ltd."
"50526216838275706324073958627315023872","50526216838295049137187792694110322687","US","United States of America","Free Range Cloud Hosting Inc."
"50526236056385704013252525296839557120","50526236056388121864891754555188969471","IT","Italy","HostUS"
"50526571036325749739109828089067077632","50526571036635234748931173157791858687","IN","India","Microsoft Corporation"
"50526572943996868363116064889049710592","50526572943996903780864686411388813311","US","United States of America","Microsoft Corporation"
"50526573094756489242021236086224715776","50526573094756493964387718955869929471","SE","Sweden","Microsoft Corporation"
"50528203380523025567528290479903866880","50528203380524234493347905109078573055","US","United States of America","Benedict Center Inc"
"50530138013234085887411697202522750976","50530138023137606201694739401715744767","US","United States of America","Oracle Corporation"
"50531924875693831033866570996813660160","50531924954921993548130908590357610495","US","United States of America","Midwest Energy & Communications"
"50533501911341431361861949912145461248","50533501912268677465506370489145098239","US","United States of America","Psychz Networks"
"50535007801976635958574460688725704704","50535007801976640680940380586942398463","US","United States of America","Avago Technologies U.S. Inc."
"50535961075204957716280936499819577344","50535961154433120230545274093363527679","US","United States of America","SWC Telesolutions Inc"
"50537669888671508089032908950118334464","50537669888672717014852523579293040639","US","United States of America","Carter Ledyard and Milburn LLP"
"50538410176164599098206485899441602560","50538410176164599116653229973151154175","US","United States of America","Akamai Technologies Inc."
"50539951758211673354649461520657809408","50539951758215300132108305408181927935","US","United States of America","Charter Communications Inc"
"50539951760346636352088896643188916224","50539951760347845277908511272363622399","US","United States of America","Adventhealth Daytona Beach"
"50539951761727229638088803160703369216","50539951761728438563908417789878075391","US","United States of America","Automation Personnel Services Inc"
"50539951762967587529013412693951905792","50539951762968796454833027323126611967","US","United States of America","Charter Communications Inc"
"50539951958045902411128049470413996032","50539951958047111336947664099588702207","US","United States of America","Charter Communications Inc"
"50539951959434958177865258392151392256","50539951959437376029504487650500804607","US","United States of America","Charter Communications Inc"
"50539951960672898217150638667050516480","50539951960674107142970253296225222655","US","United States of America","Spectrum Fiber Delivery MDU"
"50539951962066789687166306105486737408","50539951962067998612985920734661443583","US","United States of America","AMSCOT"
"50539951964038547698957766289432510464","50539951964039756624777380918607216639","US","United States of America","Charter Communications Inc"
"50539951966803361048416423211985534976","50539951966804569974236037841160241151","US","United States of America","Florida Family Medicine Individually Billed 212"
"50539951968138015153270973820861153280","50539951968139224079090588450035859455","US","United States of America","Florida Coach Inc"
"50539951969531906623286641259297374208","50539951969533115549106255888472080383","US","United States of America","Progen"
"50539952275664565146840343282618204160","50539952275665774072659957911792910335","US","United States of America","Scripps Media DBA Kero TV"
"50539952748826041685810055970868428800","50539952748827250611629670600043134975","US","United States of America","Apmg Awning Partners MFG Group"
"50540879559533843246358743708256436224","50540879638762005760623081301800386559","US","United States of America","Pa House of Representatives - Democratic Caucus"
"50541432256452825606777010612548403200","50541432256454034532596625241723109375","US","United States of America","Meriplex Communications Ltd."
"50541432261286111033596298053023694848","50541432261287319959415912682198401023","US","United States of America","Austin Telco FCU"
"50541432263422282956855347804729507840","50541432263423491882674962433904214015","US","United States of America","Charter Communications Inc"
"50541432270221281766368022283277041664","50541432270222490692187636912451747839","US","United States of America","Austin Retina Associates"
"50541432272103579267507999908294557696","50541432272110832822425687683342794751","US","United States of America","Charter Communications Inc"
"50541432273965325029714528837342068736","50541432273966533955534143466516774911","US","United States of America","Heb Stores"
"50541432275833115421019130912263110656","50541432275834324346838745541437816831","US","United States of America","Dr Norma Iglesias MD"
"50541432277743218216010245008298868736","50541432277744427141829859637473574911","US","United States of America","Land Rover Dallas"
"50541432279757288631488217213359357952","50541432279758497557307831842534064127","US","United States of America","Charter Communications Inc"
"50541432286093268852088488717994426368","50541432286095686703727717976343838719","US","United States of America","Charter Communications Inc"
"50541432287384401627436912676580622336","50541432287385610553256527305755328511","US","United States of America","Staples Fiber Services"
"50541432288628386295820366097353277440","50541432288629595221639980726527983615","US","United States of America","Dallas Housing Authority"
"50541432289872370964203819518125932544","50541432289873579890023434147300638719","US","United States of America","NE OB/GYN"
"50541432291155041258814941072489185280","50541432291156250184634555701663891455","US","United States of America","Cross Church"
"50541432292477606105473345389617741824","50541432292478815031292960018792447999","US","United States of America","SDVS Technologies LLC"
"50541432293823140542704427661065715712","50541432293824349468524042290240421887","US","United States of America","Charter Communications Inc"
"50541432295125153650429383282224267264","50541432295126362576248997911398973439","US","United States of America","Worth Finance Corporation"
"50541432296525089749543123866534019072","50541432296528716527001967754058137599","US","United States of America","Charter Communications Inc"
"50541432325100469347774113669063901184","50541432325101678273593728298238607359","US","United States of America","St. Joseph School 600 S Jupiter Rd"
"50541432326350498645255640235710087168","50541432326351707571075254864884793343","US","United States of America","San Antonio Hotels LLC DBA Super 8"
"50541432327605363646015625319055097856","50541432327606572571835239948229804031","US","United States of America","Zettalync LLC"
"50541432328852975091857922627351871488","50541432328854184017677537256526577663","US","United States of America","Dark Matter Cannabis"
"50541432330625260343412968997471125504","50541432330628887120871812884995244031","US","United States of America","Charter Communications Inc"
"50541432332618779019957492506561609728","50541432332622405797416336394085728255","US","United States of America","Charter Communications Inc"
"50541513464062119875323829653403074560","50541523526038759186894704033484767231","-","-","-"
"50541822701820033630635297843783401472","50541822701820165856896818193849384959","US","United States of America","VPN by Google"
"50541822701958890094697596891646918656","50541822701958908984163528370227773439","MX","Mexico","VPN by Google"
"50541822702043080444354196926516690944","50541822702043212670615717276582674431","US","United States of America","VPN by Google"
"50541822702198257406981293468238741504","50541822702198276296447224946819596287","FR","France","VPN by Google"
"50541822702308893008941963516305211392","50541822702309025235203483866371194879","US","United States of America","VPN by Google"
"50541822702422059799337451694206222336","50541822702422078688803383172787077119","LT","Lithuania","VPN by Google"
"50541822704363197986853985098586390528","50541822704363216876319916577167245311","GB","United Kingdom of Great Britain and Northern Ireland","VPN by Google"
"50543536572784210142216364548499177472","50543536572813224361887115648692125695","GT","Guatemala","iCloud Private Relay"
"50543536792876432179513897568327172096","50543536792876432234854129789455826943","US","United States of America","iCloud Private Relay"
"50543536792876459941863728501202354176","50543536792876459960310472574911905791","PT","Portugal","iCloud Private Relay"
"50543536792876488128488673129397223424","50543536792876488146935417203106775039","IL","Israel","iCloud Private Relay"
"50543536792876515042288276671633031168","50543536792876515060735020745342582783","US","United States of America","iCloud Private Relay"
"50544266801165815589583880492765151232","50544271792540053988237148886034022399","-","-","-"
"50546158056633193593586575980403621888","50546158135861356107850913573947572223","US","United States of America","Chi Networks"
"50546781796571207342091063196408348672","50546781796590550155204897263203647487","IT","Italy","Palo Alto Networks Inc"
"50548248412472969943869644043989286912","50548252215424770628557848534098903039","-","-","-"
"50550092844096302017648821747153108992","50550092903830535690627263898559971327","US","United States of America","Immedion LLC"
"50551903682978728043348859787681988608","50551903762206890557613197381225938943","US","United States of America","Connectria"
"50552026031088033509166022684722593792","50552026031089242434985637313897299967","US","United States of America","Pavlov Media Inc"
"50552137564831430667637163646521442304","50552137564831435390003646516166655999","US","United States of America","HostUS"
"50676817344391913206674462257050550272","50676817344393122132494076886225256447","IE","Ireland","Google LLC"
"50676817347965498759558789414411829384","50676817347965498759558789414411829384","US","United States of America","Facebook Inc."
"50676817347965499940150410131823132818","50676817347965499940150410131823132820","US","United States of America","Facebook Inc."
"50676817348274825583861173736662109759","50676817348274825583861173736662109759","ES","Spain","Facebook Inc."
"50676817348274825583861173736662114580","50676817348274825583861173736662114585","US","United States of America","Facebook Inc."
"50676817348274825583861173736662119879","50676817348274825583861173736662119879","CA","Canada","Facebook Inc."
"50676817348274825583861173736662125110","50676817348274825583861173736662125110","US","United States of America","Facebook Inc."
"50676817348274825583861173736662131153","50676817348274825583861173736662131153","US","United States of America","Facebook Inc."
"50676817348274825583861173736662138801","50676817348274825583861173736662138801","DE","Germany","Facebook Inc."
"50676817348274825583861173736662147873","50676817348274825583861173736662147873","ZA","South Africa","Facebook Inc."
"50676817883994743865844579757977501696","50676817893897055254308007327995789311","-","-","-"
"50676824152921893881190677217967865856","50676824152923102807010291847142572031","US","United States of America","Schoolcraft College"
"50676830213877535148232117753254772736","50676830223779846536695545323273060351","-","-","-"
"50676836611551658175077378431928762368","50676836631357489877823848201140043775","-","-","-"
"50676840023313197519765801424740417536","50676840023622682529587146493465198591","US","United States of America","County of San Luis Obispo"
"50676842311026390119148549438321983488","50676842311335875128969894507046764543","US","United States of America","Intuitive Surgical Operations Inc."
"53169181950307813707807744047315943424","53169181950309022633627358676490649599","CO","Colombia","Kira ISP SAS"
"53169212389698521681357941651590348800","53169212389698526403724424521235562495","CO","Colombia","Vision Satelital Comunicaciones S.A.S."
"53169212410742520096980969438671011840","53169212410742524819347452308316225535","CO","Colombia","Collect Center S.A.S"
"53169351890684639196397093901444317184","53169353079107076910362157804603572223","-","-","-"
"53174314393685441636026715972940333056","53174314393686650561846330602115039231","CO","Colombia","Instituto de Investigaciones Marinas y Costeras Jose Benito Vives de Andreis. Invemar."
"53174322286018628520877600687119138816","53174322286056105221285654191535030271","-","-","-"
"53184804472273258798537001119973900288","53184804551501421312801338713517850623","DO","Dominican Republic","DLD Servicio SRL"
"53185646192271810342859594930902269952","53185646271499972857123932524446220287","CR","Costa Rica","Cable Vision de Occidente Sociedad Anonima"
"53186491715222162571870393231940255744","53186491794450325086134730825484206079","AR","Argentina","Velonet"
"53187308161436872065869294702348468224","53187309349859309779834358605507723263","-","-","-"
"53188091490279650597375082071385440256","53188091569507813111639419664929390591","CO","Colombia","World Connection"
"53188850892217349821050916190149410816","53188852080639787535015980093308665855","-","-","-"
"53189631685758927896097900565779972096","53189631764987090410362238159323922431","DO","Dominican Republic","Conectividad del Caribe Conecar SRL"
"53189913742989790573214703377809670144","53189913743074415380587727420039102463","BR","Brazil","Telium Telecomunicaes Ltda"
"53189985439504530050257727695972466688","53189985439504530068704471769682018303","BR","Brazil","RF TV Cabo Mix Ltda"
"53190017368454047334893305937730207744","53190017447682209849157643531274158079","BR","Brazil","Alto Vale Net Ltda"
"53190102617956912683320556591020769280","53190102697185075197584894184564719615","BR","Brazil","Maikol Campanini Informatica ME"
"53190235087444636533293012996505731072","53190235166672799047557350590049681407","BR","Brazil","Vcnet Provedora de Internet Ltda."
"53190346640697456617480344706387804160","53190346719925619131744682299931754495","BR","Brazil","L E M Telecomunicaes Ltda -ME"
"53190455662054620279063283808010764288","53190455662060664908161356953884295167","BR","Brazil","Top Net Servios Ltda"
"53190627474993467282273649935746334720","53190627474994676208093264564921040895","BR","Brazil","LGW Conect"
"53190772016701995702708884443857158144","53190772571299133302559247598664810495","-","-","-"
"53190889828979654413778886043711307776","53190889908207816928043223637255258111","BR","Brazil","T.I Connect Ltda"
"53191046107891464273070861759872499712","53191046107892673198890476389047205887","BR","Brazil","GM Fibra"
"53191207137770524042450948187232403456","53191207375455011585243960967864254463","-","-","-"
"53191380488990105252821602861395738624","53191380726674592795614615642027589631","-","-","-"
"53191537994577183610324738826769006592","53191538232261671153117751607400857599","-","-","-"
"53191680605269709286132407205879611392","53191680842954196828925419986511462399","-","-","-"
"53191849500446747836321426113464107008","53191849500524119088776762380645302271","BR","Brazil","Veloweb Internet & Informatica Eireli"
"53192009481372305997397758006817456128","53192009560600468511662095600361406463","BR","Brazil","Evolution Provedores E Informtica Ltda-ME"
"53192179346552736580137558565046976512","53192179425780899094401896158590926847","BR","Brazil","Ilaildo Silva do Nascimento"
"53192330196974163739436336672728416256","53192330276202326253700674266272366591","BR","Brazil","Maxxlink Telecomunicaes Ltda ME"
"53192493169304455581178766592634257408","53192493723901593181029129747441909759","-","-","-"
"53192677216325976217234996395230887936","53192677295554138731499333988774838271","BR","Brazil","Walknet Telecomunicacoes Eireli"
"53192851914424320170099390159641378816","53192852152108807712892402940273229823","-","-","-"
"53193007756219985728051436660591689728","53193007835448148242315774254135640063","BR","Brazil","Ernane de J Cabral"
"55827855339947995502935219138325381120","55827855339949204428754833767500087295","NL","Netherlands (Kingdom of the)","Totaalnet LAN"
"55827935835894137177756756566274473984","55827935835894167983819359661225672703","AT","Austria","Anexia Cloud Solutions GmbH"
"55828098174241923206737650767039037440","55828098728839060806588013921846689791","-","-","-"
"55828156409726744100837374893215449088","55828156409726744119284118966925000703","DE","Germany","MLK Umspannwerk Blausee GmbH & Co. KG"
"55828156413440564126459795349365063680","55828156413440564144906539423074615295","DE","Germany","Bantleon GmbH Avia Schmierstoffe"
"55828162190597234732322426350550908928","55828162745194372332172789505358561279","-","-","-"
"55829325290163884844146034857243312138","55829325290163884844146034857243312138","FR","France","Init7 (Germany) GmbH"
"55830047754022356731244690997889728512","55830047754023565657064305627064434687","DE","Germany","Google Switzerland GmbH"
"55830047820830964570451385249190379520","55830047820830969292817868118835593215","JP","Japan","Google Switzerland GmbH"
"55830047833245367143676217808505536512","55830047833245371866042700678150750207","UA","Ukraine","Google Switzerland GmbH"
"55830308877977297289288556267658280960","55830308877982132992567014784357105663","US","United States of America","Netflix Inc"
"55831183635802878717100893742640922624","55831186091875916659295359142503383039","-","-","-"
"55832375148140139664293577679284731904","55832375227367093252738300643653976063","FI","Finland","Regional Internet Provider"
"55832789759117389601524064054233006080","55832789759117394323890546923878219775","CH","Switzerland","Microsoft Limited"
"55832789824628783991346341172610072576","55832789824628784028239829320029175807","IE","Ireland","Microsoft Limited"
"55832789824631877381200293748449214464","55832789824631877399647037822158766079","IT","Italy","Microsoft Limited"
"55832799817048802597097459795229671424","55832799817050011486023586276985274367","AT","Austria","Next Layer Telekommunikationsdienstleistungs- und Beratungs GmbH"
"55832806862396168825628326982349488128","55832806862396168844075071056059039743","DE","Germany","Kulturhaus Osterfeld"
"55832851230167478952878562655707594752","55832851784764616552728925810515247103","-","-","-"
"55832868898241457190649279087980314624","55832868898241457209096023161689866239","DE","Germany","Hetzner Online GmbH"
"55832868898241772316378290268250570752","55832868898241772334825034341960122367","DE","Germany","Recruiterweb Limited"
"55832868898280006108056616960083886080","55832868898280006126503361033793437695","DE","Germany","AVA"
"55832868898301466552049880662276046848","55832868898301490163882295010502115327","DE","Germany","Hetzner Online GmbH"
"55832868898369309987404169651209371648","55832868898369310061191145946047578111","DE","Germany","Hetzner Online GmbH"
"55832868898369375436452143172698505216","55832868898369375454898887246408056831","DE","Germany","Axisrooms Travel Distribution Solutions Pvt. Ltd"
"55832868898369445386505670679318233088","55832868898369445404952414753027784703","DE","Germany","Alien Gaming Intelligence"
"55832868898369514082180601173688451072","55832868898369514100627345247398002687","DE","Germany","Telcast Networks"
"55832868898369595727469871412163903488","55832868898369596151744985107483590655","DE","Germany","Hetzner Online GmbH"
"55832868898370550272688709586621825024","55832868898370550291135453660331376639","DE","Germany","Eduard Mehrtens E.K."
"55832868898370638300551429328602136576","55832868898370638964634215982145994751","DE","Germany","Hetzner Online GmbH"
"55832868898370716108917932235490852864","55832868898370716809894207036453814271","DE","Germany","Hetzner Online GmbH"
"55832868898370822472844261244765470720","55832868898370822491291005318475022335","DE","Germany","Hot-Chilli - Kirst & Sebald GBR"
"55832868898376931850014033111165173760","55832868898376931868460777184874725375","DE","Germany","Hetzner Online GmbH"
"55832868898396132955239892941184958464","55832868898396132973686637014894510079","DE","Germany","Timme Hosting GmbH & Co. KG"
"55832868898396365550235918344921284608","55832868898396365587129406492340387839","DE","Germany","Hetzner Online GmbH"
"55832868898397101593771203429740314624","55832868898397101612217947503449866239","DE","Germany","Zyte Group Ltd"
"55832868898397333008175608116065337344","55832868898397333081962584410903543807","DE","Germany","Hetzner Online GmbH"
"55832868898415618601493089741038419968","55832868898415618859747506772972142591","DE","Germany","Hetzner Online GmbH"
"55832868898427386166919334611914850304","55832868898427386277599799054172159999","DE","Germany","Hetzner Online GmbH"
"55832868898427465746173268594920521728","55832868898427465764620012668630073343","DE","Germany","Burmester Audiosysteme GmbH"
"55832868898428555764280584092325511168","55832868898428556096321977419097440255","DE","Germany","Hetzner Online GmbH"
"55832868898428633056138252935346782208","55832868898428633111478485156475437055","DE","Germany","Hetzner Online GmbH"
"55832868898428712727625907286900211712","55832868898428712746072651360609763327","DE","Germany","Benjamin Lochmann New Media GmbH"
"55832868898428780777664795201436123136","55832868898428780796111539275145674751","DE","Germany","Stylescape Ltd"
"55832868898434664071539199683571220480","55832868898434664089985943757280772095","DE","Germany","DataforSEO OU"
"55832868898434890025707358551868964864","55832868898434890062600846699288068095","DE","Germany","Hetzner Online GmbH"
"55832868898435279399581266413084475392","55832868898435279418028010486794027007","DE","Germany","Resen & Co"
"55832868898436017324684447016277770240","55832868898436017380024679237406425087","DE","Germany","Hetzner Online GmbH"
"55832868898436248222580017638735347712","55832868898436248241026761712444899327","DE","Germany","Mystery Machine s.r.o."
"55832868898454296553875223211455545344","55832868898454296922810104685646577663","DE","Germany","Hetzner Online GmbH"
"55832868898455130383600843030607691776","55832868898455130475834563399155449855","DE","Germany","Hetzner Online GmbH"
"55832868898455508523407610002706268160","55832868898455508541854354076415819775","DE","Germany","Hetzner Online GmbH"
"55832868898473354973535672898093580288","55832868898473354991982416971803131903","DE","Germany","Vlmedia Yazilim Tanitim Bilisim Danismanlik Ic ve Dis Tic. A.S."
"55832868898473807877996170615004856320","55832868898473807914889658762423959551","DE","Germany","Hetzner Online GmbH"
"55832868898474707212109996176774791168","55832868898474707230556740250484342783","DE","Germany","Neopoly Development GmbH"
"55832868898474939677978813064544256000","55832868898474940360508343791797665791","DE","Germany","Hetzner Online GmbH"
"55832868898475692729412134109569875968","55832868898475692821645854478117634047","DE","Germany","Hetzner Online GmbH"
"55832868898475996123011914410565304320","55832868898475996141458658484274855935","DE","Germany","Ist Planbar GmbH"
"55832868898476230396661650521870827520","55832868898476230415108394595580379135","DE","Germany","IT-Group LLC"
"55832868898493890866715962277558747136","55832868898493891198757355604330676223","DE","Germany","Hetzner Online GmbH"
"55832868898493954655556969165188235264","55832868898493954987598362491960164351","DE","Germany","Hetzner Online GmbH"
"55832868898494015419131947964451258368","55832868898494015437578692038160809983","DE","Germany","Hetzner Online GmbH"
"55832868898494937184486567157035958272","55832868898494951351586015765971599359","DE","Germany","Hetzner Online GmbH"
"55832868898495134066586065859080355840","55832868898495134398627459185852284927","DE","Germany","Hetzner Online GmbH"
"55832868898495210085618393616142565376","55832868898495210104065137689852116991","DE","Germany","Fusoft"
"55832868898495285938630024709818810368","55832868898495285957076768783528361983","DE","Germany","Telcast Networks"
"55832868898496341184624761264719003648","55832868898496341203071505338428555263","DE","Germany","Aluy"
"55832868898496422387192173734165217280","55832868898496422405638917807874768895","DE","Germany","Xneelo (Pty) Ltd"
"55832868898531526725631883747985981440","55832868898531526744078627821695533055","DE","Germany","X-Cart Holdings LLC"
"55832868898531822777427522712579866624","55832868898531823017235195670804037631","DE","Germany","Hetzner Online GmbH"
"55832868898532656920747791784794390528","55832868898532656939194535858503942143","DE","Germany","Thera Pharmaceuticals Ltd"
"55832868898532965405648936429626064896","55832868898532965608563121240431132671","DE","Germany","Hetzner Online GmbH"
"55832868898533198240452634791586562048","55832868898533198258899378865296113663","DE","Germany","Timme Hosting GmbH & Co. KG"
"55832868898533944724845065596011806720","55832868898533944743291809669721358335","DE","Germany","Marco Schmidt"
"55832868898534183794648260871800750080","55832868898534183813095004945510301695","DE","Germany","Threadstone Cyber Security BV"
"55832868898666785576537719443126484992","55832868898666785668771439811674243071","DE","Germany","Hetzner Online GmbH"
"55832868898667085446809381665597554688","55832868898667085465256125739307106303","DE","Germany","Smartly.io Solutions OY"
"55832868898667384302510119834043285504","55832868898667384320956863907752837119","DE","Germany","Trackport Business Ltd"
"55832868898668127853870242918649823232","55832868898668127872316986992359374847","DE","Germany","Cointa SRL"
"55832868898668354490567932514200977408","55832868898668354527461420661620080639","DE","Germany","Hetzner Online GmbH"
"55832868898668584134084906124409044992","55832868898668584152531650198118596607","DE","Germany","Hetzner Online GmbH"
"55832868898669273710271869534867554304","55832868898669273728718613608577105919","DE","Germany","DataforSEO OU"
"55832868898669504977102321631516164096","55832868898669504995549065705225715711","DE","Germany","A+S Dialoggroup GmbH"
"55832868898686127596441558340411064320","55832868898686127614888302414120615935","DE","Germany","Yedynka DGTL"
"55832868898686428001668798700459130880","55832868898686428020115542774168682495","DE","Germany","Werk21 GmbH"
"55832868898687338717423717741022412800","55832868898687338735870461814731964415","DE","Germany","Codifont S.L."
"55832868898687428202579219306057302016","55832868898687428239472707453476405247","DE","Germany","Hetzner Online GmbH"
"55832868898688510011885422002711822336","55832868898688510104119142371259580415","DE","Germany","Hetzner Online GmbH"
"55832868898688627572985403753684271104","55832868898688627702112612269651132415","DE","Germany","Hetzner Online GmbH"
"55832868898688717556202995308877053952","55832868898688717574649739382586605567","DE","Germany","Webeffects GmbH"
"55832868898706630543736932074617044992","55832868898706630562183676148326596607","DE","Germany","Skalio GmbH"
"55832868898706706544322515757969702912","55832868898706706562769259831679254527","DE","Germany","Timme Hosting GmbH & Co. KG"
"55832868898706792561490131465608888320","55832868898706792690617339981575749631","DE","Germany","Hetzner Online GmbH"
"55832868898706886898139324416255852544","55832868898706887045713277005932265471","DE","Germany","Hetzner Online GmbH"
"55832868898707853802676691976113356800","55832868898707853821123436049822908415","DE","Germany","Phlegx Systems Og"
"55832868898707942328601501708251561984","55832868898707942347048245781961113599","DE","Germany","Linuxwerkstatt GmbH"
"55832868898708032809881183253602238464","55832868898708032828327927327311790079","DE","Germany","Nils Unterweger"
"55832868898726000436671066347034116096","55832868898726000455117810420743667711","DE","Germany","Cong Ty TNHH Giai Phap May Chu Vietnam"
"55832868898726097097610012585084583936","55832868898726097245183965174760996863","DE","Germany","Hetzner Online GmbH"
"55832868898726201247927052749213007872","55832868898726201266373796822922559487","DE","Germany","X-Cart Holdings LLC"
"55832868898745271252142780725449457664","55832868898745271307483012946578112511","DE","Germany","Hetzner Online GmbH"
"55832868898745336664297266099519488000","55832868898745337236146332384515588095","DE","Germany","Hetzner Online GmbH"
"55832868898745614804304409492138754048","55832868898745614822751153565848305663","DE","Germany","Hetzner Online GmbH"
"55832868898746592223485899066440679424","55832868898746592278826131287569334271","DE","Germany","Hetzner Online GmbH"
"55832868898746808732921092195447996416","55832868898746808751367836269157548031","DE","Germany","Direx NV"
"55832868898746893846198248291319152640","55832868898746893864644992365028704255","DE","Germany","Comu GmbH"
"55832868898764723030173858194566152192","55832868898764723122407578563113910271","DE","Germany","Hetzner Online GmbH"
"55832868898764998753657527931234156544","55832868898764999141039153479134740479","DE","Germany","Hetzner Online GmbH"
"55832868898765928192857681786992328704","55832868898765928303538146229249638399","DE","Germany","Hetzner Online GmbH"
"55832868898766109653479134867851575296","55832868898766109671925878941561126911","DE","Germany","Alien Gain O"
"55832868898784062190832365666870231040","55832868898784062412193294551384850431","DE","Germany","Hetzner Online GmbH"
"55832868898784258925357911779238215680","55832868898784258943804655852947767295","DE","Germany","Bda Research Limited"
"55832868898785303933409687425337262080","55832868898785303951856431499046813695","DE","Germany","Owncloud GmbH"
"55832868898785516366114440264533671936","55832868898785516569028625075338739711","DE","Germany","Hetzner Online GmbH"
"55832868898803415776844738780043673600","55832868898803415795291482853753225215","DE","Germany","Zyte Group Ltd"
"55832868898803592884034590465448738816","55832868898803592902481334539158290431","DE","Germany","TFI GmbH"
"55832868898804705610083860699311767552","55832868898804705665424092920440422399","DE","Germany","Hetzner Online GmbH"
"55832868898804893508618995504804528128","55832868898804893527065739578514079743","DE","Germany","Andriy Kovnir"
"55832868902097778369581338051492184064","55832868902097778388028082125201735679","DE","Germany","Christian Modrow"
"55832868908434947833325297537210384384","55832868908434948460514596043335139327","DE","Germany","Hetzner Online GmbH"
"55832868908436259157021265328106110976","55832868908436259230808241622944317439","DE","Germany","Hetzner Online GmbH"
"55832868908570427399523975167135973376","55832868908570427583991415904231489535","DE","Germany","Hetzner Online GmbH"
"55832868908571731971711611980335808512","55832868908571732045498588275174014975","DE","Germany","Hetzner Online GmbH"
"55832868908589739646382879097204244480","55832868908589739664829623170913796095","DE","Germany","Ilya Ovsishcher"
"55832868908609049716525982329545424896","55832868908609049734972726403254976511","DE","Germany","Hetzner Online GmbH"
"55832868908647705625048947717048369152","55832868908647705643495691790757920767","DE","Germany","Telcast Networks"
"55832868911356895437190991953459675136","55832868911356895455637736027169226751","DE","Germany","DataforSEO OU"
"55832868911359270713744899090163957760","55832868911359270990446060195807231999","DE","Germany","Hetzner Online GmbH"
"55832868977308017353944021555073777664","55832868977308017446177741923621535743","FI","Finland","Hetzner Online GmbH"
"55832868977308113129439252255065767936","55832868977308113147885996328775319551","FI","Finland","Affiliate Networks Group Fze LLC"
"55832868977326685016224757852279930880","55832868977326685034671501925989482495","FI","Finland","Informap Technology Center"
"55832868977326741260347438592702808064","55832868977326741278794182666412359679","FI","Finland","Hetzner Online GmbH"
"55832868977326792505402475357837197312","55832868977326792523849219431546748927","FI","Finland","Hetzner Online GmbH"
"55832868977326842053357057341692837888","55832868977326842108697289562821492735","FI","Finland","Hetzner Online GmbH"
"55832868977326895161533245551491940352","55832868977326895179979989625201491967","DE","Germany","Hetzner Online GmbH"
"55832868977327906393596622235401977856","55832868977327906485830342603949735935","FI","Finland","Hetzner Online GmbH"
"55832868977327957712438635295374573568","55832868977327957767778867516503228415","FI","Finland","Hetzner Online GmbH"
"55832868977328006743884383215362768896","55832868977328006762331127289072320511","DE","Germany","Hetzner Online GmbH"
"55832868977328056679220590747118993408","55832868977328056771454311115666751487","FI","Finland","Hetzner Online GmbH"
"55832868977346081454023614192741777408","55832868977346081490917102340160880639","FI","Finland","Hetzner Online GmbH"
"55832868977346139764181631188634435584","55832868977346139782628375262343987199","DE","Germany","Hetzner Online GmbH"
"55832868977346192780124099029885779968","55832868977346192853911075324723986431","FI","Finland","Hetzner Online GmbH"
"55832868977346295233340684412735455232","55832868977346295251787428486445006847","DE","Germany","Hetzner Online GmbH"
"55832868977347333360756920565171748864","55832868977347333379203664638881300479","DE","Germany","Hetzner Online GmbH"
"55832868977347398237955827801664782336","55832868977347398256402571875374333951","FI","Finland","Axium"
"55832868977347501816423801680797106176","55832868977347501927104266123054415871","DE","Germany","Hetzner Online GmbH"
"55832868977347551641079544770296020992","55832868977347551696419776991424675839","FI","Finland","Hetzner Online GmbH"
"55832868977347599750188089004806635520","55832868977347599805528321225935290367","FI","Finland","Hetzner Online GmbH"
"55832868977365450111025895526618890240","55832868977365450129472639600328441855","FI","Finland","Hetzner Online GmbH"
"55832868977365508845459026217831235584","55832868977365509140606931397184061439","DE","Germany","Hetzner Online GmbH"
"55832868977365567745912853572429545472","55832868977365567801253085793558200319","FI","Finland","Hetzner Online GmbH"
"55832868977365668022413638257552130048","55832868977365668059307126404971233279","FI","Finland","Hetzner Online GmbH"
"55832868977365736681195080604503244800","55832868977365736699641824678212796415","FI","Finland","Hetzner Online GmbH"
"55832868977366674458323555776978747392","55832868977366674476770299850688299007","FI","Finland","Hetzner Online GmbH"
"55832868977366730757786468738530279424","55832868977366731052934373917883105279","DE","Germany","Hetzner Online GmbH"
"55832868977366869956917248950806773760","55832868977366869975363993024516325375","FI","Finland","Hetzner Online GmbH"
"55832868977366921866055072369485021184","55832868977366921921395304590613676031","DE","Germany","Hetzner Online GmbH"
"55832868977384782796877233126870351872","55832868977384782815323977200579903487","FI","Finland","Qualtie Inc."
"55832868977384878793733392711376961536","55832868977384879088881297890729787391","DE","Germany","Hetzner Online GmbH"
"55832868977404107034119784968147173376","55832868977404107052566529041856724991","DE","Germany","Hetzner Online GmbH"
"55832868977404165399618034185168486400","55832868977404165418064778258878038015","FI","Finland","Cong Ty TNHH Giai Phap May Chu Vietnam"
"55832868977404373478891185628910714880","55832868977404373497337929702620266495","FI","Finland","Hetzner Online GmbH"
"55832868977405313469628949646532411392","55832868977405313524969181867661066239","FI","Finland","Hetzner Online GmbH"
"55832868977405365175852588254405591040","55832868977405365452553749360048865279","FI","Finland","Hetzner Online GmbH"
"55832868977405421659782941953052639232","55832868977405421678229686026762190847","DE","Germany","Hetzner Online GmbH"
"55832868977405475081553779415914119168","55832868977405475210680987931880980479","DE","Germany","Hetzner Online GmbH"
"55832868977405603341765323918426505216","55832868977405603433999044286974263295","FI","Finland","Hetzner Online GmbH"
"55832868992229194317566358241880834048","55832868992229194446693566757847695359","FI","Finland","Hetzner Online GmbH"
"55832868992229399814295339366285836288","55832868992229399832742083439995387903","FI","Finland","Overform Limited Partnership"
"55832868992266640507059713830698352640","55832868992266640580846690125536559103","FI","Finland","Hetzner Online GmbH"
"55832868992266724384405016988029550592","55832868992266724402851761061739102207","FI","Finland","Vizor Apps Ltd"
"55832868992266802856854306548462125056","55832868992266803152002211727814950911","DE","Germany","Hetzner Online GmbH"
"55832868992267899146854607107114663936","55832868992267899220641583401952870399","FI","Finland","Hetzner Online GmbH"
"55832868992267963765799097311673974784","55832868992267963784245841385383526399","FI","Finland","Bits N Bytes Soft Private Limited"
"55832868992285989389152348147936133120","55832868992285989426045836295355236351","FI","Finland","Hetzner Online GmbH"
"55832868992286101840504221481362784256","55832868992286101858950965555072335871","FI","Finland","Stockpulse GmbH"
"55832868992286172805128673042007851008","55832868992286172823575417115717402623","DE","Germany","Hetzner Online GmbH"
"55832868992286280220519414252726910976","55832868992286280238966158326436462591","DE","Germany","Hetzner Online GmbH"
"55832868992287399790310735832833589248","55832868992287399808757479906543140863","FI","Finland","Vitalii Chernichenko"
"55832868992287515506736310212850876416","55832868992287515580523286507689082879","FI","Finland","Hetzner Online GmbH"
"55832868992305421558294475263799459840","55832868992305421595187963411218563071","FI","Finland","Hetzner Online GmbH"
"55832868992440740527139247178368679936","55832868992440740545585991252078231551","FI","Finland","Hetzner Online GmbH"
"55832868992440821213197825583947448320","55832868992440821231644569657656999935","FI","Finland","Hetzner Online GmbH"
"55832868992440910606119606780434579456","55832868992440910901267511959787405311","DE","Germany","Hetzner Online GmbH"
"55832869452955248956309009285131538432","55832869452955248956309009285131539199","US","United States of America","Hetzner Online GmbH"
"55833417255971148263331259219598901248","55833417256277006495693760400799563775","IT","Italy","Telecom Italia S.p.A."
"55834705169170312738378251584145457152","55834707625243350680572716984007917567","-","-","-"
"55835511378381311682819881389686521856","55835511378382520608639496018861228031","BG","Bulgaria","Telehouse AD"
"55836484871422559865093398000352362496","55836484871422564587459880869997576191","SE","Sweden","Apple Distribution International Ltd."
"55837362640197366192789814235327627264","55837362719425528707054151828871577599","US","United States of America","Cogent Communications Inc."
"55837988948725567669619636986504544256","55837988948725567688066381060214095871","CH","Switzerland","WORB"
"55837989150509788170178518208005275648","55837989151128758189821208345454837759","CH","Switzerland","Mnnedorf"
"55838018094791211309979265541391515648","55838018094791216032345748411036729343","TW","Taiwan (Province of China)","RETN Limited"
"55838069475550041383982996029664395264","55838069475556086013081069175537926143","DE","Germany","htp GmbH"
"55838103027685551725212453841913511936","55838103032327822223953123297978220543","DE","Germany","Ratiokontakt GmbH"
"55838109380868782016233648763405598720","55838109380869990942053263392580304895","AT","Austria","5G Citycom Telekommunikation GmbH"
"55838195565869892599509454887298531328","55838195565869892673296431182136737791","DE","Germany","BSB-Film Medienproduktion"
"55838239299815586527685286799138095104","55838239379043749041949624392682045439","FR","France","Organisation for Economic Co-operation and Development"
"55838419940292134750508506358715777024","55838419940292134768955250432425328639","AT","Austria","Stefan Schoerghofer"
"55838700090808769489072730850753249280","55838700170236305593877341995574231039","DE","Germany","IONOS SE"
"55838750164709669706877390344161329153","55838750164709669706877390344161329153","DE","Germany","Akamai Technologies Inc."
"55838750167185616544214953648826875906","55838750167185620676285626159766437888","NL","Netherlands (Kingdom of the)","Akamai International BV"
"55838750167804543398476511305925656577","55838750167804543398476511305925656577","SE","Sweden","Akamai Technologies Inc."
"55838750167804954797762843176345796609","55838750167804954797762843176345796609","SE","Sweden","Akamai Technologies Inc."
"55838750172137428296899648914039242753","55838750172137428296899648914039242753","GB","United Kingdom of Great Britain and Northern Ireland","Akamai Technologies Inc."
"55838750176779987413398095629748535297","55838750176779987413398095629748535297","FR","France","Akamai Technologies Inc."
"55838750192408615920159869173319598081","55838750192408615920159869173319598081","GB","United Kingdom of Great Britain and Northern Ireland","Akamai Technologies Inc."
"55838750206025998964277862466274197505","55838750206025998964277862466274197505","IT","Italy","Akamai Technologies Inc."
"55838750207263953096875715055270756353","55838750207263953096875715055270756353","FR","France","Akamai Technologies Inc."
"55838750220572899256723887382513844224","55838750220881175340725617822063919103","NL","Netherlands (Kingdom of the)","Akamai International BV"
"55838750717781119273648188984844615680","55838750717781119273648188984844615680","NL","Netherlands (Kingdom of the)","Akamai International BV"
"55838750773175611485665016056349982720","55838750773175611504111760130059534335","US","United States of America","iCloud Private Relay"
"55838750775058060453020582910495817728","55838750775058063441393122851443179519","JP","Japan","iCloud Private Relay"
"55838750777054778477517018383089926144","55838750777055054440808361077982101503","NL","Netherlands (Kingdom of the)","Akamai International BV"
"55838750778966063930164186145898889216","55838750778966082819630117624479743999","TH","Thailand","iCloud Private Relay"
"55838750781136633570884458393341263872","55838750781136642499108590068764246015","US","United States of America","iCloud Private Relay"
"55838750783215740436011255425994326016","55838750783216429292775199961780322303","NL","Netherlands (Kingdom of the)","Akamai International BV"
"55838750785928569956779739220325433344","55838750785928569975226483294034984959","RO","Romania","iCloud Private Relay"
"55838750788642608440261325791250350080","55838750788709099341893386322149638143","NL","Netherlands (Kingdom of the)","Akamai International BV"
"55838750791494464430285491940672667648","55838750791494464448732236014382219263","ES","Spain","iCloud Private Relay"
"55838750792201167164742744705607925760","55838750792201167367656929516412993535","AO","Angola","iCloud Private Relay"
"55838750794062222871146964307748585472","55838750794062222889593708381458137087","TT","Trinidad and Tobago","iCloud Private Relay"
"55838785682351808073694143348197031936","55838785682351808092140887421906583551","-","-","-"
"55839456323619968142175061227759206400","55839458779693006084369526627621666815","-","-","-"
"55840204158247149319757685760538443937","55840204158247149319757685760538443938","US","United States of America","DataCamp Limited"
"55841991625207280863254735970075934720","55841991625208489789074350599250640895","KZ","Kazakhstan","3NT Solutions LLP"
"55843467135457980594624150634046750720","55843467135457980594624150634047733759","AT","Austria","EDIS GmbH"
"55843974225560954955264788209864802574","55843974225560954955264788209864802582","IE","Ireland","Meta Platforms Ireland Limited"
"55844491352575912155093468539347009536","55844491669488562212150818913522810879","NO","Norway","Statens Graderte Plattformtjenester"
"55845353553073818497449756529942069248","55845353553073818571236732824780275711","FR","France","Equinix Customer - Kering"
"55846088639868371877206188164007329792","55846088639869580803025802793182035967","LU","Luxembourg","G-Core Labs S.A."
"55847518502209257166904242666601447424","55847518581437419681168580260145397759","IT","Italy","Trenove s.r.l."
"55849070265000261548220349818412728320","55849070344228424062484687411956678655","HR","Croatia","Bamboozle Web Services MEA FZ-LLC"
"55849932194992929012796094954134831104","55849932194993004570659820868458250239","NG","Nigeria","iCloud Private Relay"
"55849932208051519042682141556340686848","55849932208051594600545867470664105983","GI","Gibraltar","Fastly Inc."
"55849932208128890295137477823521882112","55849932208128965853001203737845301247","GI","Gibraltar","Fastly Inc."
"55849932222842802003530855423194169344","55849932222842877561394581337517588479","JM","Jamaica","iCloud Private Relay"
"55849932302082827102400161565514924032","55849932302088871731498234711388454911","US","United States of America","Fastly Inc."
"55850039225427811001069118860925337600","55850043662204911799872024099386556415","-","-","-"
"55852087114973688631486851414128328704","55852087114978524334765309930827153407","US","United States of America","M.F. Winfor S.L.U."
"55853699566535970013465940591430860800","55853700200361270127580641339782463487","TR","Turkiye","TTM Telekomunikasyon ve Iletisim Hizmetleri A.S."
"55855651748460321486744245514367139840","55855652382285621600858946262718742527","RU","Russian Federation","Antares LLC"
"55857406176892246337395763801906741248","55857406176892246355842507875616292863","DE","Germany","ACTIVE-VPS"
"55857765558312082137842001816760352768","55857765558621567147663346885485133823","IL","Israel","Amazon Data Services Ireland Limited"
"55858076109807247327265833423411871744","55858076130233257975474607959247421439","NL","Netherlands (Kingdom of the)","Zappie Host LLC"
"55859398923634596132855069769042231296","55859399240547246189912420143218032639","GB","United Kingdom of Great Britain and Northern Ireland","TTP Cloud Group Ltd"
"55861437305799763181072908688925130752","55861437939625063239847377216148078591","IT","Italy","B.B.Bell SPA"
"55861964755222995383347362435554082816","55861964755235084641543508727301144575","NZ","New Zealand","Cong Zhang"
"55862786086038405961815868960006995968","55862786719863706075930569708358598655","FR","France","Capital Fund Management S.A."
"55863977677602620497453275861020049408","55863978311427920611567976609371652095","IT","Italy","Sailweb SRL"
"55865128704347627729749834867530530816","55865128704348836655569449496705236991","IL","Israel","O.M.C. Computers & Communications Ltd"
"55866649885067901605031630911376982016","55866650518893201719146331659728584703","FR","France","Onexti Sarl"
"55868465160766114055762242323957678080","55868465160785456868876076390752976895","NL","Netherlands (Kingdom of the)","LIRbee Ou"
"55874402848479612222677319363581706240","55874402848498955035791153430377005055","NL","Netherlands (Kingdom of the)","Securebit Tunnelbroker Benin"
"55874402895881593609766929303810867200","55874402895882802535586543932985573375","NL","Netherlands (Kingdom of the)","Securebit Customers Paraguay"
"55875827754641716500162804636127854592","55875832746015954898816073029396725759","-","-","-"
"55877622672377297276587127199020089344","55877622672686782286408472267744870399","IN","India","Mega Privacy Kft."
"55878094239638531348348180733739663360","55878094239638531366794924807449214975","FR","France","CloudFlare Inc."
"55878094239638557579618253548722061312","55878094239638557598064997622431612927","JP","Japan","CloudFlare Inc."
"55878094239638584548758089312086523904","55878094239638584567204833385796075519","CL","Chile","CloudFlare Inc."
"55878094239638630259789903964355428352","55878094239638630278236648038064979967","GB","United Kingdom of Great Britain and Northern Ireland","CloudFlare Inc."
"55878094239639749073264718522370490368","55878094239639749091711462596080041983","CA","Canada","CloudFlare Inc."
"55878094316390877868030669844467679232","55878094316390878735027641308816605183","US","United States of America","CloudFlare Inc."
"55878094318441142861416596445268541440","55878094318479828469197520505149587455","US","United States of America","CloudFlare Inc."
"55878094319214958687736771890569543680","55878094319214958816863980406536404991","US","United States of America","CloudFlare Inc."
"55878094319254196535695030593297317888","55878094319254200354171053851174502399","US","United States of America","CloudFlare Inc."
"55878094320259397104055421838662041600","55878094320259399004070061430745858047","US","United States of America","CloudFlare Inc."
"55878094320298152532762664889195954176","55878094320298152661889873405162815487","US","United States of America","CloudFlare Inc."
"55878094320337032661459846216298790912","55878094320337033528456817680647716863","US","United States of America","CloudFlare Inc."
"55878094320375787057149421139097812992","55878094320375787481424534834417500159","US","United States of America","CloudFlare Inc."
"55878094321808066644304335923476168704","55878094321808071053076169540059004927","US","United States of America","CloudFlare Inc."
"55878094321885448522084258647359094784","55878094321885454259021665571029647359","US","United States of America","CloudFlare Inc."
"55878094323199503959488437043165396992","55878094323199504236189598148808671231","US","United States of America","CloudFlare Inc."
"55878094323276853223424837448561065984","55878094323276855123439477040644882431","US","United States of America","CloudFlare Inc."
"55878094323392903018558117544865038336","55878094323431588626339041604746084351","US","United States of America","CloudFlare Inc."
"55878094326178395758419213233485250560","55878094326178396182694326928804937727","US","United States of America","CloudFlare Inc."
"55878094326526443908087577004377899008","55878094326526444037214785520344760319","US","United States of America","CloudFlare Inc."
"55878094330782047555719713974212624384","55878094330782050341178069104354918399","US","United States of America","CloudFlare Inc."
"55878094330897915539743403589175869440","55878094330897915668870612105142730751","US","United States of America","CloudFlare Inc."
"55878094332174603333890492251435433984","55878094332174607004792562919636205567","US","United States of America","CloudFlare Inc."
"55878094333489853825162741846833627136","55878094333489854101863902952476901375","US","United States of America","CloudFlare Inc."
"55878094338905841644610233139193708544","55878094338905841773737441655160569855","US","United States of America","CloudFlare Inc."
"55878094341536462752352140326590218240","55878094341536462881479348842557079551","US","United States of America","CloudFlare Inc."
"55878094345018330263598500276386922496","55878094345018334229648476123940519935","US","United States of America","CloudFlare Inc."
"55878094348306448375211731832679694336","55878094348306449094634750707352207359","US","United States of America","CloudFlare Inc."
"55878094352484494089338506594670870528","55878094352484494218465715110637731839","US","United States of America","CloudFlare Inc."
"55878094556686571966064053089254506496","55878094556696243372620970122652155903","AX","Aland Islands","CloudFlare Inc."
"55878165239929279436836631008409288704","55878165239930488362656245637583994879","US","United States of America","SAS Ranxplorer"
"55879671192035863829083034305052016640","55879671192037072754902648934226722815","PL","Poland","SAS Armatis France"
"55881450996688902208118197103892627456","55881450996688977950449363755311562751","US","United States of America","Cloudie Networks LLC"
"55882434675329971449269027834528006144","55882434675371074927135925226468016127","US","United States of America","Societe Internationale de Telecommunications Aeronautiques"
"55883849371816133329585933936440115200","55883849447639960735815475774011473919","CN","China","Ningbo Dahuamao Information Technology Co Ltd"
"55885446767031818820335829245470179328","55885446767049952707630048683090771967","NL","Netherlands (Kingdom of the)","Hoshi Network"
"55886273670960281024593646779413561344","55886273670960281319741551958766387199","EE","Estonia","OFFICE-KH"
"55886886659259616465754041314745253888","55886886659260825391573655943919960063","DE","Germany","AMA Networx GmbH"
"55889188712739959523790242294368567296","55889189346565259637904943042720169983","CZ","Czechia","AmigoNet s.r.o."
"55891450201410766685042512412886958080","55891450835236066799157213161238560767","DE","Germany","Stadtwerke Hilden GmbH"
"55893011987666869468285866955339988992","55893011987668078394105481584514695167","NL","Netherlands (Kingdom of the)","Jeroen Klaver"
"55893579934789747524237189037913276416","55893579934789752246603671907558490111","DE","Germany","Prefix Dedicated to Selfhosting in Liege"
"55894893774266286670211678207144361984","55894898211043387469014583445605580799","-","-","-"
"55896115309743141460269864505623707648","55896115310052626470091209574348488703","PS","Palestine, State of","SpaceX Services Inc."
"55897525416912360474449185362998722560","55897529853689461273252090601459941375","-","-","-"
"55899482045549974057943146406791264959","55899482045549974057943148447230967534","RU","Russian Federation","Eduard Alekseevich Ilin"
"55901398723321357829385458539642748928","55901398802549520343649796133186699263","AT","Austria","Limes Security GmbH"
"55902808828633666784636708984669077504","55902808828943151794458054053393858559","NA","Namibia","Navice Communications - North-American Infrastructure"
"55903345838533631677266034159970680832","55903345838542094158003336564193624063","NL","Netherlands (Kingdom of the)","Swiss Voip Core CH"
"55903858521206030280696715801970868224","55903858521213283835614403577019105279","NL","Netherlands (Kingdom of the)","Amdexa Research Network"
"55903858528765443430746992031408586752","55903858528767861282386221289757999103","NL","Netherlands (Kingdom of the)","Saru Network - Sbip6 - Anyc"
"55904938637622495159989138083343761408","55904943074399595958792043321804980223","-","-","-"
"55906043796278448784634941502937628672","55906043796290538042831087794684690431","US","United States of America","LCNET-HK"
"55906697502830311828283714759041220608","55906698136655611942398415507392823295","CH","Switzerland","Patrick Velder"
"55907458717589754264504049854131994624","55907458717590963190323664483306700799","NL","Netherlands (Kingdom of the)","Imput LLC"
"55908173130904128356320716513704148992","55908173130905337282140331142878855167","GB","United Kingdom of Great Britain and Northern Ireland","Servercim Internet Hizmetleri Ltd"
"55909075932268990043698272948430307328","55909075932617160679747286150745686015","NL","Netherlands (Kingdom of the)","GoCodeIt"
"55909831214342238525628552202908860416","55909836205716476924281820596177731583","-","-","-"
"55911397959296523729161363175497531392","55911397959369059278338240925979901951","DE","Germany","Fiber Telecom s.r.o."
"55911520279538880127041708966386073600","55911524716315980925844614204847292415","-","-","-"
"55912189123686825546579673664414810112","55912189202914988060844011257958760447","SG","Singapore","MB Serverita"
"55913999779368632867878806569969778688","55913999804112926543751036517855789055","CH","Switzerland","iFog GmbH"
"55914871398753877804395772644761272320","55914871398757504581854616532285390847","GR","Greece","Information Society SA"
"55915733403193028377341367416447303680","55915733403194237303160982045622009855","RS","Serbia","DreamServer S.R.L."
"55916971097891698999203807196625240064","55916971177119861513468144790169190399","PK","Pakistan","Pakistan IPv6 Network"
"55918756029164982860465452148282359808","55918760465942083659268357386743578623","-","-","-"
"55920768424495263026279557422970306560","55920768424496471952099172052145012735","GB","United Kingdom of Great Britain and Northern Ireland","BunnyWay Informacijske Storitve d.o.o."
"55922330402147292645091388275730415616","55922330402148501570911002904905121791","IT","Italy","ZH Network Next Administration Network - Italy ML"
"55924216434125465958612399197339516928","55924216434126674884432013826514223103","NL","Netherlands (Kingdom of the)","Hosting Provider Virterion LLC"
"55925159650663861294153545764738957312","55925159650665070219973160393913663487","JP","Japan","Alue Network (As25085) @ JP"
"55926447499181867642359033394980978688","55926448133007167756473734143332581375","IS","Iceland","Samaritans Purse International Limited"
"55928389539901417289802126344291614720","55928390173726717403916827092643217407","US","United States of America","SC ITNS. Net SRL"
"55929423942791203524993747654107201536","55929423942792412450813362283281907711","DE","Germany","Niels Dettenbach"
"55929890999003761012969221486888878080","55929890999004969938788836116063584255","LU","Luxembourg","NAGAEKI-NET-LUX"
"55931578948869619954317794249942237184","55931578948869620249465699429295063039","DE","Germany","James Freeman"
"55932790822785409702284122897820680192","55932791456610709816398823646172282879","US","United States of America","IPv4Center.com Partition - Order"
"55933628106006860447803811470287831040","55933632542783961246606716708749049855","-","-","-"
"55933805037473554630914527957713158144","55933805037523120589518727753876111359","NL","Netherlands (Kingdom of the)","https://geofeed.nyalo.li/geofeed.csv"
"55934423557475396672784725752149966848","55934423558738724154282013239717920767","TR","Turkiye","AE Olfe Teknoloji ve Ticaret Limited Sirketi"
"58564010073558737711171178853310660608","58564010152786900225435516446854610943","KE","Kenya","HTG Clouds Limited"
"58566056140855668587689532125828087808","58566061132229906986342800519096958975","-","-","-"
"58568818985338866013670094190464204800","58568819539936003613520457345271857151","-","-","-"
"58569081943611459819719669939429180030","58569081943611459819719669939429180030","GB","United Kingdom of Great Britain and Northern Ireland","SEACOM Limited"
