"0","16777215","-","-","Broadcast RFC1700"
"34696991","34696997","BE","Belgium","Akamai International BV"
"35135488","35143679","FR","France","Hostinger Operations UAB"
"37416961","37416961","GB","United Kingdom of Great Britain and Northern Ireland","Hosting Inside Ltd."
"40911460","40911463","IT","Italy","Venturato Achille"
"40919284","40919287","IT","Italy","Peloso Giulio"
"40945344","40945347","IT","Italy","Spedimec SRL"
"40976736","40976743","IT","Italy","Telecom Italia S.p.A."
"41005608","41005611","IT","Italy","Utensilviteria SRL"
"41027956","41027959","IT","Italy","Frantoio Bartolini SRL"
"41047696","41047703","IT","Italy","Dmttelemarketingsrl"
"41062400","41062407","IT","Italy","Papini E Benvenuti snc di Papini Luciano E Benvenuti Enrico"
"41078956","41078963","IT","Italy","Telecom Italia S.p.A."
"41107472","41107475","IT","Italy","DK"
"41125480","41125495","IT","Italy","Telecom Italia S.p.A."
"41157248","41157255","IT","Italy","RT Radio Trevisan Elettronica Industriale SpA"
"41174136","41174143","IT","Italy","Soprin - S.r.l."
"41190856","41190863","IT","Italy","Staamp - S.r.l."
"41209952","41209959","IT","Italy","Telecom Italia S.p.A."
"41223280","41223287","IT","Italy","Icaimpostecomunaliaffinisrl"
"41250944","41250951","IT","Italy","Telecom Italia S.p.A."
"41276112","41276117","IT","Italy","DK"
"41295140","41295143","IT","Italy","F.lli Ferretti E. & E. SRL"
"41309664","41309671","IT","Italy","Telecom Italia S.p.A."
"41331792","41331799","IT","Italy","Safi snc di Raffaele Guariniello & C"
"41349792","41349807","IT","Italy","Toyota Motor Italia S.p.A."
"41361188","41361199","IT","Italy","DK"
"41379392","41379407","IT","Italy","Telecom Italia S.p.A."
"41411320","41411327","IT","Italy","RTL 102 500 Hit Radio S.r.l."
"42307656","42307667","KZ","Kazakhstan","Taldykorgan"
"42458084","42458087","KZ","Kazakhstan","GU Akimat selo Kyelitas"
"47155776","47155783","DE","Germany","Landgericht Monchengladbach"
"47171824","47171831","DE","Germany","Kommunalverband Fur Jugend und Soziales Baden-Wurttemberg"
"48496832","48496835","IT","Italy","Farmacia Villa"
"48506232","48506239","IT","Italy","Prima Assicurazioni"
"48515912","48515919","IT","Italy","Fastweb SpA"
"48525328","48525335","IT","Italy","Adiatek"
"48534888","48534895","IT","Italy","CSO"
"48554308","48554311","IT","Italy","Casa di Cura Villa del Rosario"
"48561152","48561155","IT","Italy","Data Ins SRL"
"48576852","48576855","IT","Italy","Fastweb SpA"
"48582128","48582131","IT","Italy","MDD"
"50330994","50330994","DK","Denmark","Arelion Sweden AB"
"67110150","67110150","AT","Austria","Level 3 Communications Inc."
"68170709","68170710","CA","Canada","Level 3 Communications Inc."
"68561408","68561663","US","United States of America","Cheetahmail"
"69478529","69478529","CA","Canada","Level 3 Communications Inc."
"71021063","71021065","US","United States of America","Level 3 Communications Inc."
"71598001","71598002","NL","Netherlands (Kingdom of the)","Level 3 Communications Inc."
"71692368","71692370","SG","Singapore","Level 3 Communications Inc."
"84381968","84381975","DE","Germany","Servier Deutschland GmbH"
"84398208","84398215","DE","Germany","Autohaus Ullrich GmbH"
"84484658","84484658","DE","Germany","Timme Hosting GmbH & Co. KG"
"84539472","84539487","DE","Germany","Hetzner Online GmbH"
"86446640","86446655","IT","Italy","OVH SAS"
"86505024","86505027","DE","Germany","Dilax Intelcom GmbH"
"87594544","87594559","DK","Denmark","TechPeople A/S"
"88040924","88040927","KZ","Kazakhstan","ScMZhumabayeva"
"90183208","90183239","IT","Italy","Telecom Italia S.p.A."
"90197856","90197859","IT","Italy","Calzedonia S.p.A."
"90214268","90214271","IT","Italy","Briotech SRL"
"90225832","90225855","IT","Italy","Telecom Italia S.p.A."
"90266908","90266915","IT","Italy","Telecom Italia S.p.A."
"90301888","90301903","IT","Italy","Ente Regionale per il Diritto Allo Studio Universitario"
"90318928","90318943","IT","Italy","Cantieri Italiani SRL"
"90335372","90335503","IT","Italy","Telecom Italia S.p.A."
"90357832","90357835","IT","Italy","Servizi E Gestioni Zenit SRL"
"90375480","90375487","IT","Italy","Telecom Italia S.p.A."
"90396816","90396823","IT","Italy","Calco Nunzio Antonino"
"90412480","90412483","IT","Italy","Telecom Italia S.p.A."
"90436248","90436251","IT","Italy","LF Vigilanza S.r.l."
"90615072","90615103","GB","United Kingdom of Great Britain and Northern Ireland","CDC ID"
"92657632","92657633","NL","Netherlands (Kingdom of the)","Internet Vikings International AB"
"92744928","92745063","FR","France","OVH SAS"
"92790464","92790511","FR","France","OVH SAS"
"94029864","94029867","IT","Italy","Sicom S.A.S di Battistelli S. E C."
"94295355","94295359","GH","Ghana","NTT United Kingdom Ltd"
"95577856","95578111","TR","Turkiye","VDS Global Yazilim Arge Gelistirme Limited Sirketi"
"95896576","95897599","RU","Russian Federation","Kozlova Larisa Petrovna"
"96755968","96755999","PT","Portugal","OVH SAS"
"96783216","96783231","FR","France","OVH SAS"
"98717212","98717215","PL","Poland","Rhenus Delivery Services Sp. z o. o."
"98729072","98729075","PL","Poland","HBH Sp.z o.o.Spolka Komandytowa"
"100305296","100305299","KZ","Kazakhstan","Taldykorgan"
"100635314","100635623","ES","Spain","Telefonica Global Solutions SL"
"135475456","135475711","US","United States of America","Zeus Industrial Products Inc."
"136146371","136146371","CA","Canada","CloudFlare Inc."
"136526080","136526335","NG","Nigeria","CloudFlare Inc."
"137261312","137261567","MX","Mexico","CloudFlare Inc."
"150108308","150108311","CO","Colombia","Inversiones en Recreacion Deporte Y Salud S A"
"150121072","150121079","CO","Colombia","Coomeva"
"150136960","150136983","VE","Venezuela (Bolivarian Republic of)","Patriacell C.A"
"150169968","150169975","PE","Peru","Swiss Holding AG Sac"
"150188928","150188959","CL","Chile","Sociedad de Telecomunicaciones Y Servicios SpA"
"150207012","150207023","VE","Venezuela (Bolivarian Republic of)","Comunicaciones Migtel C.A."
"162744476","162744479","US","United States of America","Windstream Communications Inc"
"201811712","201811759","US","United States of America","AT&T Enterprises LLC"
"202104512","202104543","US","United States of America","AT&T Enterprises LLC"
"203205864","203205871","US","United States of America","Kentucky Elderlaw PLLC"
"204156160","204156231","US","United States of America","AT&T Enterprises LLC"
"205006056","205006063","US","United States of America","Centier Bank"
"205062816","205062823","US","United States of America","Ohio Police Fire Pension Fund"
"206479964","206484183","US","United States of America","AT&T Enterprises LLC"
"208344640","208344647","US","United States of America","Owens Valley Carrier Development"
"210438320","210438359","US","United States of America","AT&T Enterprises LLC"
"210478808","210478823","US","United States of America","AT&T Enterprises LLC"
"210967904","210967911","US","United States of America","City Furniture Inc"
"211413640","211413647","US","United States of America","Regan Distributors Inc"
"211960120","211960127","US","United States of America","Jeff Schmitt Auto Group Inc."
"212097136","212097143","US","United States of America","Airespring-Gastro One"
"212347800","212347807","US","United States of America","Bellarmine University"
"212512664","212512671","US","United States of America","Five Point Operating Comp"
"212797808","212797823","US","United States of America","General Beverage Sales"
"212901152","212901159","US","United States of America","AT&T Enterprises LLC"
"213175176","213175183","US","United States of America","Nitel Inc-Family Allergy Mso"
"214296656","214296727","US","United States of America","AT&T Enterprises LLC"
"214589400","214589407","US","United States of America","Sukut Construction Inc"
"214618440","214618447","US","United States of America","The Connor Group"
"214645416","214645431","US","United States of America","AT&T Enterprises LLC"
"214664256","214666303","US","United States of America","AT&T Enterprises LLC"
"214765568","214765575","US","United States of America","Apxnet-Ferrara Candy"
"214805392","214805399","US","United States of America","California Maritime Academy"
"214838544","214838559","US","United States of America","San Diego Hilton Garden Inn"
"214860456","214860503","US","United States of America","AT&T Enterprises LLC"
"214888160","214888167","US","United States of America","Pacific Energy Sales"
"214977856","214977887","US","United States of America","250 Fourth St Development"
"214994744","214994751","US","United States of America","Preston Pipeline"
"215021408","215021415","US","United States of America","Shipcube LLC"
"215242056","215242143","US","United States of America","AT&T Enterprises LLC"
"215420936","215420943","US","United States of America","Acxiom"
"215450992","215450999","US","United States of America","Infinity Energy Services L.L."
"215464152","215464159","US","United States of America","AT&T Enterprises LLC"
"215476760","215476767","US","United States of America","Praxair PDI Inc"
"215504432","215504439","US","United States of America","Industrial Steel Construction"
"215528768","215528895","US","United States of America","AT&T Enterprises LLC"
"215686016","215686023","US","United States of America","Missouri Historical Society"
"215714432","215714439","US","United States of America","AT&T Enterprises LLC"
"215740552","215740567","US","United States of America","AT&T Enterprises LLC"
"216144224","216144231","US","United States of America","Best Buy Co. Inc."
"216174440","216174447","US","United States of America","Coburn Company of Beaumont in"
"216203264","216204287","US","United States of America","AT&T Enterprises LLC"
"216234224","216234231","US","United States of America","Compass Group"
"216257520","216257523","US","United States of America","AT&T Enterprises LLC"
"219229729","219229803","US","United States of America","Xerox Corporation"
"220412160","220413439","DE","Germany","Amazon.com Inc."
"225042244","225042251","CA","Canada","Microsoft Corporation"
"232984576","232984831","US","United States of America","Amazon.com Inc."
"244014768","244014783","IN","India","Central Tobacco Research Institute"
"244044752","244044767","IN","India","Gaurbanga University"
"247997296","247997311","AU","Australia","TPG Internet Pty Ltd."
"248020612","248020615","AU","Australia","AAPT Limited"
"248045536","248045539","AU","Australia","TPG Internet Pty Ltd."
"248108524","248108803","AU","Australia","TPG Internet Pty Ltd."
"248157908","248157911","AU","Australia","TPG Internet Pty Ltd."
"248202624","248202627","AU","Australia","National Australia Bank - Internet"
"260131840","260132351","BR","Brazil","Amazon Technologies Inc."
"267098832","267098847","SG","Singapore","HTTVServer"
"285259625","285259625","SG","Singapore","Apple Inc."
"290399616","290399679","PT","Portugal","Apple Inc."
"306399744","306403071","US","United States of America","Amazon.com Inc."
"338039040","338039295","PL","Poland","Microsoft Corporation"
"345890816","345891071","JP","Japan","Microsoft Corporation"
"387450024","387450031","US","United States of America","Upper Mainline YMCA"
"387461016","387461023","US","United States of America","Comcast Cable Communications LLC"
"387472184","387472191","US","United States of America","Barnegat TWP Camera"
"387483352","387483359","US","United States of America","Graner School Music Inc"
"387494272","387494279","US","United States of America","Tropic Garden Invest"
"387505752","387505767","US","United States of America","Comcast Cable Communications LLC"
"387518160","387518167","US","United States of America","Comcast Cable Communications LLC"
"387530080","387530095","US","United States of America","Comcast Cable Communications LLC"
"387542672","387542679","US","United States of America","Boy Scouts"
"387553808","387553815","US","United States of America","Vital Systems Inc"
"387566568","387566575","US","United States of America","International Stone Inc"
"387577248","387577255","US","United States of America","Element Productions"
"387804480","387804623","US","United States of America","Verizon Business"
"387852672","387852679","US","United States of America","Country Club Mortgage"
"387862784","387862791","US","United States of America","Zachry- Odebrecht"
"387873400","387873407","US","United States of America","Comcast Cable Communications LLC"
"387883856","387883871","US","United States of America","Comcast Cable Communications LLC"
"387896744","387896751","US","United States of America","Coin Wra Inc"
"387907024","387907031","US","United States of America","Lamettry's Maplewood"
"387916952","387916959","US","United States of America","Primary of Palm Beach"
"387927872","387927887","US","United States of America","Comcast Cable Communications LLC"
"387938432","387938471","US","United States of America","Comcast Cable Communications LLC"
"387951896","387951903","US","United States of America","Cassidy Turley"
"387963912","387963919","US","United States of America","Columbia Real Estate F"
"387989987","387989987","CA","Canada","Akamai Technologies Inc."
"388906752","388907007","TW","Taiwan (Province of China)","Akamai Technologies Inc."
"390279168","390280447","US","United States of America","Akamai Technologies Inc."
"392041524","392041527","US","United States of America","RackNerd LLC"
"392094848","392094867","US","United States of America","HostPapa"
"392150020","392150023","US","United States of America","HostPapa"
"394485760","394486015","US","United States of America","Lawton Information Services LLC"
"394942464","394942719","PR","Puerto Rico","Alphanet Corp"
"395491328","395491583","US","United States of America","Sparked Host LLC"
"396044288","396044543","US","United States of America","EOC Networks LLC"
"396685568","396687359","-","-","-"
"397760512","397760767","US","United States of America","Apexlogic Tech LLC"
"398888960","398897151","US","United States of America","Akamai Technologies Inc."
"399733523","399733523","BR","Brazil","Akamai Technologies Inc."
"400810240","400810495","US","United States of America","Two Turnberry Place"
"401234920","401234927","US","United States of America","Hsu Clarence"
"402018216","402018247","US","United States of America","Charter Communications Inc"
"402087936","402088447","US","United States of America","Randal Burns"
"402380808","402380815","US","United States of America","Frankel Family Trust"
"402588304","402588311","US","United States of America","Foku Sistemas"
"402597392","402597399","US","United States of America","ChipDorman.Com"
"402606408","402606415","US","United States of America","Tzulo Inc."
"402615456","402615463","US","United States of America","StreamingPulse"
"405151400","405151471","US","United States of America","CableVision Systems Corp."
"405173564","405173567","US","United States of America","New Horizons Communications Corp."
"405223496","405223519","US","United States of America","Charter Communications Inc"
"405242304","405242311","US","United States of America","Advantages Printing Inc"
"405257384","405257391","US","United States of America","Charter Communications Inc"
"405269888","405269895","US","United States of America","Lakeland Equipment"
"405480208","405480215","US","United States of America","Holiday Inn Express"
"405497392","405497399","US","United States of America","Charter Communications Inc"
"405513928","405513935","US","United States of America","Soo Raa Thai American Chic"
"406064024","406064031","US","United States of America","Jefferson Montessori Acad"
"406360272","406360279","US","United States of America","Tom Kraemer Inc"
"407498656","407499815","US","United States of America","Charter Communications Inc"
"408522528","408522535","US","United States of America","The Mobile Icu"
"408530768","408530775","US","United States of America","Sonitrol Security Sys"
"408705424","408705439","US","United States of America","Charter Communications Inc"
"409012232","409012239","US","United States of America","Albany Water"
"409024912","409024919","US","United States of America","Charter Communications Inc"
"409039352","409039359","US","United States of America","Thermal Environment"
"409051920","409051927","US","United States of America","Charter Communications Inc"
"409065992","409065999","US","United States of America","Charter Communications Inc"
"409407048","409407079","US","United States of America","Charter Communications Inc"
"409422280","409422287","US","United States of America","Fastener Dimensions"
"409436632","409436639","US","United States of America","Duez in & Out"
"409449472","409449727","US","United States of America","Atypica Inc"
"409462576","409462583","US","United States of America","FABKOM"
"409571608","409571615","US","United States of America","Turbine Airfoil"
"409603176","409603191","US","United States of America","Charter Communications Inc"
"409623112","409623151","US","United States of America","Charter Communications Inc"
"409646720","409646735","US","United States of America","Charter Communications Inc"
"409710512","409710519","US","United States of America","St Francis School"
"410714640","410714655","US","United States of America","Butler County Engineer"
"410736408","410736439","US","United States of America","Charter Communications Inc"
"410756316","410756343","US","United States of America","Charter Communications Inc"
"410778568","410778571","US","United States of America","Charter Communications Inc"
"411598760","411598775","US","United States of America","Charter Communications Inc"
"411684000","411684007","CA","Canada","Hilton Garden Inn"
"412006528","412006543","US","United States of America","Reliance Medical"
"412024232","412024239","US","United States of America","Starbucks"
"412723576","412723583","US","United States of America","Isle Mail & More"
"412740616","412740623","US","United States of America","Oxford Senior Living"
"412956576","412956583","US","United States of America","CableVision Systems Corp."
"413745984","413745999","US","United States of America","Charter Communications Inc"
"413907736","413907759","US","United States of America","Charter Communications Inc"
"413946920","413947019","US","United States of America","Charter Communications Inc"
"413964896","413964903","US","United States of America","J-Ron Manufacturing Inc"
"413989288","413989291","US","United States of America","NC Farm Bureau"
"414006928","414006935","US","United States of America","Charter Communications Inc"
"414037140","414037143","US","United States of America","Sam's Club"
"414054344","414054383","US","United States of America","Charter Communications Inc"
"414365464","414365471","US","United States of America","Sycamore Federal Credit Union"
"414577184","414577215","US","United States of America","Hilton Garden Inn - Hickory"
"414960288","414960295","US","United States of America","European Wax Center"
"414968576","414968583","US","United States of America","Martin Perlin"
"415538112","415538127","US","United States of America","Micro Precision"
"415700664","415700671","US","United States of America","EPIC Management LP"
"415734808","415734815","US","United States of America","Charter Communications Inc"
"415753000","415753007","US","United States of America","Amazon Fulfillment"
"416206848","416207871","US","United States of America","Ville Platte Customers"
"416658968","416658983","US","United States of America","Charter Communications Inc"
"416673944","416673951","US","United States of America","BAFS Inc"
"416873616","416873623","US","United States of America","FastBlue Communications Inc."
"417567032","417567047","US","United States of America","Charter Communications Inc"
"417584376","417584383","US","United States of America","Franklin Collins and Brunson LLP"
"417669664","417669695","US","United States of America","Columbia Montour Area Agency"
"417852304","417852311","US","United States of America","City of Harbor Springs"
"418086768","418086775","CA","Canada","Community Head Injur McNicoll"
"418485424","418485439","US","United States of America","Woodlands at Furman"
"418803656","418803663","US","United States of America","CableVision Systems Corp."
"455101776","455101799","AU","Australia","TPG Internet Pty Ltd."
"455148412","455148415","AU","Australia","Nec Australia"
"455194176","455194183","AU","Australia","GTT"
"458652795","458652796","JP","Japan","KDDI Corporation"
"460234264","460234279","PH","Philippines","Philippine Long Distance Telephone Company"
"460322304","460322335","AU","Australia","Treasury Wine Estates"
"469681808","469681823","TH","Thailand","Thai Gypsum Products PLC."
"520428800","520429055","RO","Romania","UPC Romania Calarasi"
"521002392","521002399","BG","Bulgaria","Neterra Flatexdegiro Net"
"522134029","522134029","US","United States of America","Leaseweb Network B.V."
"523812781","523812790","GB","United Kingdom of Great Britain and Northern Ireland","Gold IP L.L.C-FZ"
"525165824","525166079","NL","Netherlands (Kingdom of the)","Internet Utilities Europe and Asia Limited"
"529787584","529787591","HR","Croatia","Croatian Academic and Research Network"
"529865344","529865351","NL","Netherlands (Kingdom of the)","Bouwkundig Bureau Beltman"
"529871968","529871975","NL","Netherlands (Kingdom of the)","Bcn-Drachten BV"
"529879088","529879091","NL","Netherlands (Kingdom of the)","Stichting Lievegoed"
"529886384","529886399","NL","Netherlands (Kingdom of the)","KPN B.V."
"529893700","529893703","NL","Netherlands (Kingdom of the)","KPN B.V."
"529901464","529901471","NL","Netherlands (Kingdom of the)","Abswoude BV"
"529909704","529909711","NL","Netherlands (Kingdom of the)","W. van Rijn en zoon Automaterialen bv."
"529917736","529917743","NL","Netherlands (Kingdom of the)","Powertower Grens Zuid-Oost BV"
"530581304","530581311","NL","Netherlands (Kingdom of the)","Advanced Travel Partners Nederland BV"
"530588648","530588651","NL","Netherlands (Kingdom of the)","KPN B.V."
"530595708","530595711","NL","Netherlands (Kingdom of the)","Boogh Harmelen"
"530602808","530602811","NL","Netherlands (Kingdom of the)","Altec Lichtstraten"
"530610392","530610399","NL","Netherlands (Kingdom of the)","KPN B.V."
"530617564","530617567","NL","Netherlands (Kingdom of the)","G. Benedictus"
"530626040","530626043","NL","Netherlands (Kingdom of the)","De keizer onderhoud en beheer"
"530633576","530633583","NL","Netherlands (Kingdom of the)","Bella Con Venetia"
"530641096","530641099","NL","Netherlands (Kingdom of the)","KPN B.V."
"530648800","530648807","NL","Netherlands (Kingdom of the)","Managed Value"
"530657276","530657279","NL","Netherlands (Kingdom of the)","Dubbelglas Nu BV"
"530666476","530666479","NL","Netherlands (Kingdom of the)","Landustrie Sneek BV"
"530674912","530674923","NL","Netherlands (Kingdom of the)","KPN B.V."
"531174328","531174331","KZ","Kazakhstan","Aktau"
"532808184","532808187","IT","Italy","Italservizi SRL"
"532825676","532825679","IT","Italy","Infrastrutture E Telecomunicazioni Per l'Italia S.p.A."
"532850076","532850079","IT","Italy","Dolciaria Salomoni SRL"
"532871152","532871155","IT","Italy","Coopscaterinadasienasocietacoopsocarlonlus"
"532891340","532891347","IT","Italy","Gssgeneralisharedservicesscarl"
"532907672","532907675","IT","Italy","Telecom Italia S.p.A."
"532925312","532925315","IT","Italy","DK"
"532944584","532944587","IT","Italy","Rossi Elia di Rossi Alberto"
"532963440","532963443","IT","Italy","Da Pino S.r.l."
"532988484","532988487","IT","Italy","Ferrero Commerciale Italia S.R.L. Con Unico Socio"
"533015352","533015359","IT","Italy","Calzedonia S.p.A."
"533042904","533042907","IT","Italy","Lepida S.c.p.A."
"533060168","533060175","IT","Italy","Ti Sparkle S.p.A."
"533077984","533077987","IT","Italy","Telecom Italia S.p.A."
"533095232","533095295","IT","Italy","F.A. S.r.l."
"533133752","533133755","IT","Italy","Autotrasporti Pigliacelli S.P.A"
"533168192","533168203","IT","Italy","DK"
"533483512","533483519","NO","Norway","Nufi ISP Uvdal Kraftforsyning"
"534580960","534580967","GB","United Kingdom of Great Britain and Northern Ireland","Exponential-E Ltd."
"540747200","540747207","MX","Mexico","Hilti AG"
"540820328","540820335","CA","Canada","Xylem Canada Company"
"543764480","543765503","DK","Denmark","AT&T Enterprises LLC"
"577219467","577219476","ES","Spain","Google LLC"
"582491648","582491903","CA","Canada","Google LLC"
"595732696","595732703","US","United States of America","John Louis Home"
"595743728","595743735","US","United States of America","The Bar"
"595753372","595753375","US","United States of America","Charter Communications LLC"
"595771496","595771503","US","United States of America","Allstar Liquors"
"595791744","595791751","US","United States of America","Charter Communications LLC"
"595801864","595801871","US","United States of America","Holland and Hart"
"595814224","595814239","US","United States of America","Charter Communications LLC"
"595825240","595825243","US","United States of America","Bestway Rent to Own"
"595835584","595835619","US","United States of America","Charter Communications LLC"
"595847136","595847151","US","United States of America","Charter Communications LLC"
"596022336","596022343","US","United States of America","Ridgecrest Baptist Church"
"596031904","596031911","US","United States of America","Rush Enterprises Direct National"
"620330912","620330923","CN","China","Quanzhou City Fujian Provincial Network of Unicom"
"621963776","621964031","RU","Russian Federation","LeaderTelecom Ltd."
"624593760","624593767","FR","France","Clairsienne"
"624614464","624614495","FR","France","Edokial"
"624670768","624670775","BE","Belgium","OVH SAS"
"625608768","625608771","NL","Netherlands (Kingdom of the)","Pluimveebedrijf Dijkerpeel B.V."
"625613576","625613579","NL","Netherlands (Kingdom of the)","Bakkerij Berghuis"
"625618920","625618927","NL","Netherlands (Kingdom of the)","Cecl Holding BV"
"625624228","625624231","NL","Netherlands (Kingdom of the)","Gemeente Groningen"
"625629496","625629499","NL","Netherlands (Kingdom of the)","Martiis Design"
"625634568","625634579","NL","Netherlands (Kingdom of the)","KPN B.V."
"625639740","625639743","NL","Netherlands (Kingdom of the)","Oftavinci BV"
"625645232","625645235","NL","Netherlands (Kingdom of the)","Haarstudio 85"
"625650920","625650927","NL","Netherlands (Kingdom of the)","Tromp Drukkerij BV"
"625656980","625656983","NL","Netherlands (Kingdom of the)","Energy Quest Consultancy BV"
"625663056","625663059","NL","Netherlands (Kingdom of the)","Grando Keukens Delft VOF"
"627906492","627906495","PL","Poland","MORAWIEC TRANSPORT Sp. z o.o."
"629163392","629163399","PL","Poland","Hdrey Group Sp. z o.o."
"629175184","629175199","PL","Poland","XXXXX S. z o.o."
"630130029","630130029","SG","Singapore","WeePee NV"
"630632388","630632395","KZ","Kazakhstan","JSC Kazakhtelecom"
"630664524","630664527","KZ","Kazakhstan","Fastinvestgroup"
"630729328","630729335","GB","United Kingdom of Great Britain and Northern Ireland","The Mentor Group"
"632998728","632998731","IT","Italy","Fastweb SpA"
"633007008","633007015","IT","Italy","Cristiano di Thiene"
"634222648","634222655","DK","Denmark","Boligselskabet Lejerbo"
"634237956","634237967","IT","Italy","Telecom Italia S.p.A."
"634255948","634255951","IT","Italy","Eurospin Tirrenica S.p.A."
"634280944","634280951","IT","Italy","Intesa Sanpaolo S.p.A."
"634300288","634300295","IT","Italy","Telecom Italia S.p.A."
"634328472","634328475","IT","Italy","Rigon Riccardo"
"634349640","634349643","IT","Italy","Emiliafiori S.r.l."
"634372272","634372280","IT","Italy","Litografia Artistica Cartografia L.A.C. SRL"
"635179152","635179159","GB","United Kingdom of Great Britain and Northern Ireland","Custom Managed Hosting"
"636763604","636763604","FR","France","Blizzard Entertainment Inc"
"637330272","637330275","AT","Austria","Anexia Cloud Solutions GmbH"
"638648320","638652415","AR","Argentina","Cooperativa de Electricidad Servicio Y Obras Publicas"
"639369493","639369493","PL","Poland","Cogent Communications LLC"
"639636936","639636943","US","United States of America","Cogent Communications LLC"
"639660392","639660447","US","United States of America","Cogent Communications LLC"
"640370176","640370431","BR","Brazil","Cogent Communications LLC"
"641434880","641437695","CA","Canada","Velocom S.A de C.V."
"642056704","642056959","RO","Romania","Torlandia Trading SRL"
"642523136","642523391","US","United States of America","Pico Quantitative Trading LLC"
"643074432","643074495","US","United States of America","Cogent Communications LLC"
"643336240","643336247","US","United States of America","Applus Technologies"
"643353504","643353527","US","United States of America","Cogent Communications LLC"
"643385601","643385603","GB","United Kingdom of Great Britain and Northern Ireland","ThinkHuge"
"643389050","643389050","GB","United Kingdom of Great Britain and Northern Ireland","ThinkHuge"
"643778560","643779071","US","United States of America","Netlab"
"643961816","643961823","US","United States of America","Hill Farrer & Burrill LLP"
"644043778","644044031","NL","Netherlands (Kingdom of the)","Webmedia - Nijmegen B.V."
"644088832","644089087","US","United States of America","TCB Inc."
"644203584","644203615","US","United States of America","Coca-Cola Consolidated Inc"
"644351984","644351987","US","United States of America","BOX Options Market LLC"
"644368480","644368487","US","United States of America","One Investment Management"
"644382952","644382955","US","United States of America","Kilpatrick Townsend & Stockton LLP"
"644398208","644398211","US","United States of America","Newfields Companies LLC"
"644410960","644410967","US","United States of America","Cogent Communications LLC"
"644516224","644516239","US","United States of America","3E"
"644694528","644694655","MT","Malta","Blue Sky Ltd."
"644876101","644876101","CA","Canada","Cogent Communications Inc."
"645252992","645253135","US","United States of America","Cogent Communications Inc."
"645535968","645535975","US","United States of America","Addison Group LLC"
"645552476","645552479","US","United States of America","McCarthy Cook - 1850 N Cenrtal Avenue"
"645576776","645576783","CA","Canada","College of Occupational Therapists of Ontario"
"645620736","645621247","US","United States of America","CDS Global Cloud Co. Ltd"
"645886024","645886031","US","United States of America","Minto Communities LLC"
"646564608","646564863","PE","Peru","Corporacion Luan Pro Sac"
"646721904","646721911","US","United States of America","Naes Corporation"
"646743304","646743311","US","United States of America","Cogent Communications LLC"
"646757704","646757711","US","United States of America","The Sterling Group L.P."
"646774696","646774703","US","United States of America","Qny Creative Corp"
"646851072","646851079","US","United States of America","Logix Care LLC"
"646869296","646869303","US","United States of America","Louisiana Internet Technology LLC"
"646886408","646886415","US","United States of America","Crossbar Inc."
"646905304","646905311","US","United States of America","Matrix Applications LLC"
"649352704","649353215","BE","Belgium","3NT Solutions LLP"
"651150754","651150756","VE","Venezuela (Bolivarian Republic of)","Thunder Services and Solutions Corp"
"651161255","651161260","VE","Venezuela (Bolivarian Republic of)","Thunder Services and Solutions Corp"
"653702912","653703167","US","United States of America","Hong Kong Bridge Info-Tech Limited"
"677003551","677003551","DE","Germany","Microsoft Corporation"
"677625936","677625951","GB","United Kingdom of Great Britain and Northern Ireland","Microsoft Corporation"
"678918144","678920191","IN","India","Microsoft Corporation"
"692292104","692292111","NG","Nigeria","Ma0028-Sa010 (Nglanc1325)Dana VSL/Lagos DML VSL"
"692641792","692649983","-","-","-"
"692956412","692956415","NG","Nigeria","Jason David"
"693036411","693036411","ZA","South Africa","Jhholtzhausen@Gmail.com"
"693098072","693098111","ZA","South Africa","FirstNet - Customer"
"699213824","699249663","ZA","South Africa","Liquid Telecommunications Operations Limited"
"699791188","699791195","ZA","South Africa","MTN SA"
"700406408","700406415","ZA","South Africa","FAW"
"701398795","701398808","UG","Uganda","Assignment Made to CDN's."
"702064400","702064407","NG","Nigeria","Cus Lapo Nnebisi Asaba"
"702357896","702357903","TZ","Tanzania, the United Republic of","International Organisation for Migration (IOM) - Moshi"
"703764760","703764767","TD","Chad","Miracle Telecoms"
"731418624","731418879","TH","Thailand","Tencent Cloud Computing (Beijing) Co. Ltd."
"732880325","732880325","CA","Canada","Aceville Pte.Ltd."
"732947573","732947578","SG","Singapore","Aceville Pte.Ltd."
"736527872","736528383","IN","India","Netstra Communications Pvt Ltd"
"736662216","736662223","JP","Japan","UCOM Corporation"
"736759072","736759079","JP","Japan","UCOM Corporation"
"736796784","736796791","JP","Japan","UCOM Corporation"
"737075200","737076223","CN","China","Shanghai Yitu Wangluo Technology Co. Ltd."
"737786880","737787903","IN","India","Strad Solutions"
"742195281","742195281","TH","Thailand","Amateur Radio Digital Communications"
"750843328","750843391","US","United States of America","Prometheus Group"
"755367936","755368191","BR","Brazil","A Marin - Brasil Turbonet"
"755680553","755680565","US","United States of America","HostRoyale Technologies Pvt Ltd"
"755996701","755996703","CA","Canada","WorkTitans B.V."
"757621248","757621503","US","United States of America","Colocation America Corporation"
"757984256","757985279","US","United States of America","Infraly LLC"
"758897200","758897207","US","United States of America","Same Day Insurance"
"758979044","758979047","US","United States of America","NIT"
"759570538","759570538","BR","Brazil","Signet Internet Ltda - EPP"
"760086528","760090623","US","United States of America","IT7 Networks Inc"
"760535067","760535070","GB","United Kingdom of Great Britain and Northern Ireland","Panq B.V."
"760833024","760834047","RU","Russian Federation","IP Moshonkin Ilia Sergeevich"
"761254999","761254999","JP","Japan","MB Ipumanija"
"762667008","762668031","HK","Hong Kong","Nova Net"
"763382276","763382276","CY","Cyprus","LVNET Ltd"
"763728896","763729919","RU","Russian Federation","JSC Selectel"
"764138477","764138477","NL","Netherlands (Kingdom of the)","Coredeluxe"
"764598272","764599295","AT","Austria","Fritz Egger GmbH & Co. OG"
"764974592","764975103","NL","Netherlands (Kingdom of the)","Van Veen Beheer B.V."
"765233792","765233792","CY","Cyprus","AdGuard Software Limited"
"765613312","765613567","CO","Colombia","Ministerio de Justicia y del Derecho"
"766095932","766095935","BR","Brazil","Ford Connect Telecom"
"766507824","766507831","BR","Brazil","Vivit Telecomunicacoes Ltda"
"766863344","766863351","BR","Brazil","Veloweb Internet & Informatica Eireli"
"767283712","767284223","SV","El Salvador","Blue Fusion S.A. de C.V"
"767769856","767770111","HK","Hong Kong","Hong Kong Zhian Network Company Limited"
"768327252","768327270","SG","Singapore","Cloud Innovation Ltd"
"769828864","769829887","CL","Chile","Grupo Z"
"770281216","770281471","CL","Chile","Alkon SAS"
"770591472","770591479","BR","Brazil","Conexao Link Provedor de Internet"
"772032128","772032130","DE","Germany","Hetzner Online GmbH"
"772607832","772607835","CZ","Czechia","Country Life s.r.o. - Praha 8"
"773106272","773106279","FR","France","Cebiphar"
"773708784","773708799","NO","Norway","OneProvider"
"773933310","773934448","DE","Germany","GTT Communications Inc."
"773937321","773937321","GB","United Kingdom of Great Britain and Northern Ireland","GTT Communications Inc."
"774279936","774280191","IR","Iran (Islamic Republic of)","Azma"
"778126400","778126407","RO","Romania","Fuoristrada SRL"
"778693764","778693855","FR","France","OVH SAS"
"781195816","781195831","NL","Netherlands (Kingdom of the)","KPN B.V."
"781204504","781204507","NL","Netherlands (Kingdom of the)","KPN B.V."
"781213160","781213175","NL","Netherlands (Kingdom of the)","KPN B.V."
"781221604","781221607","NL","Netherlands (Kingdom of the)","Blend Company BV"
"781230200","781230203","NL","Netherlands (Kingdom of the)","CSU Total Care BV"
"781238628","781238631","NL","Netherlands (Kingdom of the)","Charbeau Lingerie"
"781246936","781246943","NL","Netherlands (Kingdom of the)","KPNCOM"
"781255148","781255199","NL","Netherlands (Kingdom of the)","KPN B.V."
"781263760","781263767","NL","Netherlands (Kingdom of the)","Marc Pickee Vastgoed"
"781271592","781271599","NL","Netherlands (Kingdom of the)","KPN B.V."
"781279648","781279655","NL","Netherlands (Kingdom of the)","Autogaragebedrijf Ras"
"781287712","781287723","NL","Netherlands (Kingdom of the)","KPN B.V."
"781296120","781296127","NL","Netherlands (Kingdom of the)","Safe Home Security BV"
"781304628","781304639","NL","Netherlands (Kingdom of the)","KPN B.V."
"781312240","781312247","NL","Netherlands (Kingdom of the)","VVE de Venehof"
"781504669","781504678","NL","Netherlands (Kingdom of the)","IGRA-Service LLC"
"782607656","782607659","DE","Germany","Pfalzklinikum fuer Psychiatrie und Neurologie"
"785501440","785501695","IR","Iran (Islamic Republic of)","Saipa Yadak Co. PLC"
"786937728","786937839","BE","Belgium","Orange Business Digital Germany GmbH"
"788038584","788038591","US","United States of America","Open Systems Asset Management AG"
"789775404","789775435","US","United States of America","CableVision Systems Corp."
"789792840","789792847","US","United States of America","Concern for Independent Living"
"789808344","789808351","US","United States of America","Black Rock Congregational Church"
"789836488","789836491","US","United States of America","Shared Mutual Services LLC"
"789915536","789915543","US","United States of America","Sachem P Ublic Library"
"789926232","789926247","US","United States of America","Optimum Online"
"789942720","789942727","US","United States of America","Madison Financial Ser"
"789959568","789959575","US","United States of America","Zora Ste Fanovski DMD"
"789973536","789973551","US","United States of America","Ups # Njrar Lab"
"789985272","789985279","US","United States of America","Altomare Financial GR"
"790008840","790008847","US","United States of America","Prof Mar Keting SVCS"
"790019872","790019879","US","United States of America","Richman Real Estate"
"790044528","790044535","US","United States of America","Adultped Iatric der"
"790052920","790052927","US","United States of America","Chaim Me Dical Resourc"
"790061264","790061267","US","United States of America","Lucy Solutions"
"790069696","790069703","US","United States of America","Westport Resources"
"790078128","790078143","US","United States of America","Optimum Online"
"790099104","790099135","US","United States of America","Montefio Re-Ob"
"791426784","791426791","US","United States of America","Navicent Health"
"791440944","791440951","US","United States of America","Rockline Industries"
"791453888","791453903","US","United States of America","Vatech America"
"791465652","791465683","US","United States of America","Charter Communications LLC"
"791476384","791476399","US","United States of America","Bordertown Casino - Office"
"791614952","791614959","US","United States of America","Betz Jewelers"
"791742936","791742951","US","United States of America","Charter Communications LLC"
"791825728","791825735","US","United States of America","Gordon Food Service Fiber"
"791884664","791884671","US","United States of America","Kimley Horn and Associates"
"803327040","803327047","US","United States of America","Barricade Flasher Service Inc"
"803336816","803336823","US","United States of America","Hatch Building Supply"
"819236096","819236863","IN","India","Microsoft Limited"
"837223504","837223511","TH","Thailand","Bertram Chemical (1982) Co. Ltd."
"837280304","837280319","TH","Thailand","Kbank by Awn"
"839149312","839149567","US","United States of America","Wide Open West LLC"
"843645592","843645599","US","United States of America","Chapels Grace Funeral"
"843657792","843657799","US","United States of America","California Partnership T"
"843670416","843670423","US","United States of America","Gigi's Playhouse Inc"
"843680968","843680975","US","United States of America","Comcast Cable Communications LLC"
"843692432","843692439","US","United States of America","Town of McCandless Company"
"843702560","843702567","US","United States of America","Comcast Cable Communications LLC"
"843716416","843716423","US","United States of America","Carmines"
"843730088","843730095","US","United States of America","Gary's Loft Inc"
"843743368","843743375","US","United States of America","Charter Communications Inc"
"843757624","843757647","US","United States of America","Charter Communications Inc"
"843771088","843771095","US","United States of America","Charter Communications Inc"
"843784456","843784463","US","United States of America","Brooks Tire Auto"
"843802864","843802871","US","United States of America","Endodontics Specialists"
"843817176","843817183","US","United States of America","Charter Communications Inc"
"843831576","843831583","US","United States of America","Northeast Center for Rehabilitation and Brain Injury"
"843843640","843843647","US","United States of America","Persels & Associates"
"843854384","843854399","US","United States of America","Comcast Cable Communications LLC"
"843865240","843865247","US","United States of America","City of Blue Island"
"843877592","843877631","US","United States of America","Comcast Cable Communications LLC"
"843893224","843893239","US","United States of America","Comcast Cable Communications LLC"
"843907840","843907847","US","United States of America","Kidney Specialist of"
"843919920","843919927","US","United States of America","St Paul Eye Clinic"
"843931288","843931295","US","United States of America","ATRIS"
"843943432","843943455","US","United States of America","Comcast Cable Communications LLC"
"843956120","843956127","US","United States of America","Champaign Quality Suites"
"843969496","843969503","US","United States of America","Big Rays Express Lube"
"843980936","843980943","US","United States of America","The Alternative Board"
"843991528","843991535","US","United States of America","The Hamilton"
"844002288","844002295","US","United States of America","GL Staffing"
"844014064","844014071","US","United States of America","Comcast Cable Communications LLC"
"844025392","844025399","US","United States of America","Comcast Cable Communications LLC"
"844036568","844036575","US","United States of America","M/R Rockett Management Co"
"844048384","844048391","US","United States of America","Bizmacs"
"844059672","844059687","US","United States of America","Comcast Cable Communications LLC"
"844072480","844072495","US","United States of America","Comcast Cable Communications LLC"
"844082808","844082815","US","United States of America","Comcast Cable Communications LLC"
"844093328","844093335","US","United States of America","Comcast Cable Communications LLC"
"844368544","844368615","US","United States of America","Charter Communications Inc"
"844385984","844385987","US","United States of America","Charter Communications Inc"
"844401776","844401783","US","United States of America","Cardinal Capital Partners Inc."
"844419032","844419039","US","United States of America","Charter Communications Inc"
"844859912","844859919","US","United States of America","Goodwill of South Central California"
"845222873","845222888","US","United States of America","IBM Cloud"
"846435072","846435327","US","United States of America","Laharpe Telephone Company Inc."
"851447520","851447527","US","United States of America","Cheese Say"
"851462096","851462103","US","United States of America","Sutra Jewels Inc"
"851473160","851473167","US","United States of America","Comcast Cable Communications LLC"
"851490848","851490855","US","United States of America","Prime Transfer of FL"
"851505632","851505679","US","United States of America","Comcast Cable Communications LLC"
"851524320","851524327","US","United States of America","MegaPath Pacific Pulmonary"
"851545376","851545383","US","United States of America","Band Wave Aac FVC"
"851564456","851564463","US","United States of America","Don Larsen"
"851578944","851578951","US","United States of America","Ipech Dr Pollard and Dang"
"851594624","851594631","US","United States of America","Centro De Salud Esperanza"
"851607352","851607359","US","United States of America","West Wind Express"
"851619008","851619015","US","United States of America","Prudent Inc"
"851630504","851630519","US","United States of America","Comcast Cable Communications LLC"
"851643608","851643615","US","United States of America","Comcast Cable Communications LLC"
"851654224","851654231","US","United States of America","Comcast Cable Communications LLC"
"851665392","851665407","US","United States of America","Dunkin Donuts"
"851679072","851679087","US","United States of America","Montgome Sheriffs Dept"
"851720240","851720247","US","United States of America","First Sa Bank of Perka"
"851732360","851732367","US","United States of America","Court Repor St. Augustine"
"851748800","851748807","US","United States of America","Comcast Cable Communications LLC"
"851760904","851760927","US","United States of America","Comcast Cable Communications LLC"
"851779888","851779895","US","United States of America","SOBA"
"851797552","851797559","US","United States of America","Apartmen Franklin Terr"
"851810456","851810463","US","United States of America","Solutions Logical"
"851821768","851821799","US","United States of America","Comcast Cable Communications LLC"
"851845984","851845991","US","United States of America","Dunkin Donuts-National"
"852205520","852205575","US","United States of America","Comcast Cable Communications LLC"
"852721068","852721071","US","United States of America","Bank of America National Association"
"853874744","853874751","US","United States of America","Ben E. Keith"
"854609960","854609991","US","United States of America","Comcast Cable Communications LLC"
"854693480","854694903","US","United States of America","Comcast Cable Communications LLC"
"854809488","854809543","US","United States of America","Comcast Cable Communications LLC"
"856295622","856295623","IE","Ireland","Microsoft Limited"
"856299376","856299377","DE","Germany","Microsoft Limited"
"856303922","856303923","SE","Sweden","Microsoft Limited"
"856660905","856660905","NL","Netherlands (Kingdom of the)","Scaleway SAS"
"860614072","860614079","ES","Spain","OVH SAS"
"860849432","860849439","SG","Singapore","Ezhilarasi Sivathapandian"
"860987932","860988199","US","United States of America","OVH US LLC"
"861478208","861478239","FR","France","OVH SAS"
"861514480","861514535","FR","France","OVH SAS"
"865340080","865340087","GB","United Kingdom of Great Britain and Northern Ireland","Albacore Systems Ltd"
"865800496","865800503","GB","United Kingdom of Great Britain and Northern Ireland","JC-IT Solutions Ltd"
"865811592","865811599","GB","United Kingdom of Great Britain and Northern Ireland","Zen Internet Ltd"
"866198784","866199039","SG","Singapore","Dmytro Ahrefs Pte Ltd"
"866332496","866332499","FR","France","Equinix Customer - ACMI"
"868407040","868408063","GB","United Kingdom of Great Britain and Northern Ireland","SKY UK Limited"
"868454120","868454127","FI","Finland","OVH SAS"
"870192528","870192575","CA","Canada","OVH Hosting Inc."
"872297144","872297147","PL","Poland","OVH SAS"
"872374684","872374687","ES","Spain","OVH SAS"
"877982464","877982719","IN","India","Amazon.com Inc."
"878831808","878831871","CH","Switzerland","Microsoft Corporation"
"879103912","879103919","IE","Ireland","Microsoft Corporation"
"879818752","879819007","JP","Japan","Microsoft Corporation"
"885718912","885719039","US","United States of America","ProQuest LLC"
"887081695","887081698","DE","Germany","Twitch Interactive Inc."
"908329008","908329011","CZ","Czechia","OVH SAS"
"908419984","908419987","FR","France","OVH SAS"
"908497448","908497451","GB","United Kingdom of Great Britain and Northern Ireland","OVH SAS"
"910360576","910376743","US","United States of America","Amazon Technologies Inc."
"922419168","922419183","JP","Japan","NTTDocomo"
"961693184","961693439","US","United States of America","Orange Business Communications Technology Limited"
"965020560","965020567","ES","Spain","Deutsche Telekom Global Business Solutions Iberia S.L."
"965045760","965045887","ES","Spain","Teyame 360 SL"
"965785088","965786111","PH","Philippines","Meta Platforms Ireland Limited"
"969427712","969428479","US","United States of America","Orange Business Communications Technology Limited"
"970029824","970030079","DK","Denmark","Orange Business Communications Technology Limited"
"970419200","970419711","US","United States of America","Orange Business Communications Technology Limited"
"970713227","970713413","US","United States of America","Orange Business Communications Technology Limited"
"973352192","973352447","JP","Japan","Arteria Networks Corporation"
"973389688","973389695","JP","Japan","Broadgate"
"973446744","973446815","JP","Japan","Arteria Networks Corporation"
"973880248","973880271","JP","Japan","Arteria Networks Corporation"
"973919176","973919183","JP","Japan","Arteria Networks Corporation"
"973971296","973971455","JP","Japan","Arteria Networks Corporation"
"974428488","974428511","CN","China","CNC Group HuNan YueYang Network"
"974610789","974610791","CN","China","China Unicom Fujian Province Network"
"974855008","974855039","MY","Malaysia","Bayu Emas Maritime Sdn. Bhd."
"975740197","975740245","CN","China","ChinaNet Shanghai Province Network"
"977541004","977541007","IN","India","Software Devolopment"
"977563672","977563679","IN","India","DWL Flashl Pun"
"977609792","977609807","PH","Philippines","Philippine Long Distance Telephone Company"
"977637817","977637817","PH","Philippines","United Candelaria Doctors Inc."
"977647051","977647051","PH","Philippines","58.69.181.203 Enterprise Client"
"977756000","977756031","PH","Philippines","Waltermart Supermarket Inc"
"978356800","978356803","JP","Japan","Marubeni OKI Network Solutions Inc."
"978394080","978394095","JP","Japan","Arteria Networks Corporation"
"978421328","978421335","JP","Japan","UCOM Corporation"
"978443840","978443847","JP","Japan","Arteria Networks Corporation"
"982065856","982065887","TH","Thailand","CS Loxinfo Public Company Limited"
"982098512","982098527","TH","Thailand","Lucy Switchgear Eastern Seaboard Ltd."
"982147933","982147934","US","United States of America","IIJ Internet"
"983331280","983331287","JP","Japan","Ooedo Onsen Monogatari Hotels & Resorts Co. Ltd."
"983371848","983371903","JP","Japan","Arteria Networks Corporation"
"983406120","983406135","JP","Japan","Arteria Networks Corporation"
"983442080","983442111","JP","Japan","UCOM Corporation"
"983466368","983466375","JP","Japan","Tsunagu Network Communications Inc."
"983511760","983511775","JP","Japan","Broadgate"
"984694792","984694792","HK","Hong Kong","HKBN - Corporate User"
"984731207","984731207","HK","Hong Kong","Willtech (PRC) Ltd - TWR II Metroplaza"
"984735888","984735891","HK","Hong Kong","Hiller Pharma Co Ltd - Hing Wai Industrial Centre"
"984973512","984973519","TH","Thailand","KSC Internet Commercial Co. Ltd."
"986844872","986844875","CN","China","Suzhou Advanced Rare Metal Co. Ltd."
"986860404","986860407","CN","China","Suzhou Xiandai Yuyie Manage Centre"
"986880376","986880383","CN","China","Kunshanshishunliqichexiupeichang"
"986891232","986891235","CN","China","Changshu Hongyu Printing Co. Ltd."
"986904560","986904567","CN","China","Zhangjiagang Xinyuan Netbar"
"986920372","986920375","CN","China","Shanghaizhongnanjingmijixieco. Ltd"
"986931808","986931815","CN","China","Suzhou Dingxiu Fangshi Co. Ltd"
"986943624","986943631","CN","China","JiangNan NetBar"
"986951720","986951727","CN","China","Suzhou Tongdahongtai Technology Co. Ltd."
"986960448","986960451","CN","China","Kunshan Jiarui Gongyi Co. Ltd"
"987061368","987066399","CN","China","ChinaNet Jiangsu Province Network"
"987106368","987106375","CN","China","ChinaNet Jiangsu Province Network"
"987112552","987112559","CN","China","ChinaNet Jiangsu Province Network"
"987167888","987167903","CN","China","Wuxi Industrial and Commercial Bureau"
"987271960","987271963","CN","China","ChinaNet Jiangsu Province Network"
"987278612","987278615","CN","China","Changzhou qingyi Netbar"
"987286816","987286819","CN","China","Changzhou Zhuoyuan Rubber Products Corp"
"987293456","987293459","CN","China","ChangZhou HongLianZhiYe CORP"
"987402312","987402319","CN","China","ChinaNet Jiangsu Province Network"
"987429644","987429647","CN","China","XuZhou XinFang JiXie Corporation"
"987611260","987611263","CN","China","Nantong QD Tonghui Corp"
"987621508","987621547","CN","China","ChinaNet Jiangsu Province Network"
"987630256","987630259","CN","China","ChinaNet Jiangsu Province Network"
"987686668","987686671","CN","China","Suzhong Zhifen Factory"
"989033678","989033678","CN","China","Anhui Unicom IP"
"992083428","992083539","CN","China","ChinaNet Guangdong Province Network"
"992355280","992355287","CN","China","ChinaNet Guangdong Province Network"
"995563224","995563263","JP","Japan","UCOM Corporation"
"995597600","995597631","JP","Japan","UCOM Corporation"
"996430392","996430407","AU","Australia","AAPT Limited"
"996446384","996446391","AU","Australia","Private Universe Wholesale"
"996455868","996455871","AU","Australia","Secom Technology Pty Limited"
"997737904","997737919","TW","Taiwan (Province of China)","You Bi Su Wu Liu Co. Ltd."
"997774096","997774111","TW","Taiwan (Province of China)","Taiwan Hao Zhi Co. Ltd."
"998020000","998020007","TW","Taiwan (Province of China)","Sino-French Xin Industry Co. Ltd."
"998071056","998071071","TW","Taiwan (Province of China)","Chunghwa Telecom Co. Ltd."
"999323664","999323667","IN","India","Plansee India High Performance Materials Pvt Ltd"
"999602583","999602583","HK","Hong Kong","HKBN - Corporate User"
"999609116","999609135","HK","Hong Kong","Hong Kong Broadband Network Ltd"
"999614884","999614887","HK","Hong Kong","B & S Equipment Development Ltd - Wing Cheong Industrial Building"
"999617703","999617703","HK","Hong Kong","ChinaNet Intl Ltd - Goodluck Industrial Centre"
"999620232","999620235","HK","Hong Kong","Dickson Industrial Co Ltd - Wing Hin Factory Building"
"999988136","999988143","AU","Australia","Halagons Pty Ltd"
"1000222272","1000222399","JP","Japan","Arteria Networks Corporation"
"1000254392","1000254463","JP","Japan","UCOM Corporation"
"1000305552","1000305567","JP","Japan","Broadgate"
"1000340584","1000340599","JP","Japan","Arteria Networks Corporation"
"1008732024","1008732031","JP","Japan","Miracle Solution Inc."
"1008769600","1008769607","JP","Japan","Kimitsu Education Network"
"1010361680","1010361695","JP","Japan","Kubota Corporation"
"1019092548","1019092551","CN","China","Ningbo Yisitesai Co. Ltd"
"1019150992","1019150999","CN","China","Chen Wei"
"1019159308","1019159311","CN","China","Hangzhou million permanent motor Co. Ltd."
"1019168300","1019168303","CN","China","ChinaNet Zhejiang Province Network"
"1019180168","1019180175","CN","China","zhejiang guofu Environmental protection science and technology center"
"1019203788","1019203791","CN","China","Zhejiang Rose Umbrella Industry Co. Ltd"
"1019209352","1019209355","CN","China","Panan County Hong da Style Supplies Co. Ltd"
"1020274784","1020274815","CN","China","Jinan Jingji Net Bar"
"1020356928","1020356991","CN","China","QingDao-Sui Jun Ji"
"1020438716","1020438717","CN","China","China Unicom Shandong Province Network"
"1020595964","1020595967","CN","China","China Unicom Shandong Province Network"
"1020641040","1020641043","CN","China","Taian Daiyin Jituan"
"1020813800","1020813807","CN","China","Qiaolei"
"1022389496","1022389499","AU","Australia","AAPT Limited"
"1022445456","1022445459","AU","Australia","Terafi Pty Ltd"
"1022489820","1022489823","AU","Australia","AAPT Limited"
"1022524292","1022524303","AU","Australia","AAPT Limited"
"1022697800","1022697807","TW","Taiwan (Province of China)","Mican Longfong Food Co . Ltd."
"1022937552","1022937583","TW","Taiwan (Province of China)","Chunghwa Telecom Co. Ltd."
"1022995808","1022995839","TW","Taiwan (Province of China)","Lee Chang Yung Chemical Industry Co. Ltd."
"1023086656","1023086671","TW","Taiwan (Province of China)","Cardinal Tien Hospital"
"1023870384","1023870391","JP","Japan","Saga AD Corporation."
"1025313392","1025313407","AU","Australia","Powertel Limited"
"1025520512","1025520639","KR","Korea (the Republic of)","Youngranbyun"
"1025753312","1025753343","KR","Korea (the Republic of)","LG Dacom Corporation"
"1025950112","1025950335","KR","Korea (the Republic of)","LG Dacom Corporation"
"1027235840","1027239935","TW","Taiwan (Province of China)","Union Cable TV Co. Ltd."
"1027685504","1027685631","TW","Taiwan (Province of China)","Virtual City-Wanshou"
"1027771880","1027771887","TW","Taiwan (Province of China)","Pro QC International Ltd."
"1027964272","1027964279","AU","Australia","Aquion Pty Limited"
"1029448488","1029448491","HK","Hong Kong","Pakkamentco"
"1029476492","1029476495","HK","Hong Kong","Hong Kong Broadband Network Ltd"
"1029498112","1029498115","HK","Hong Kong","Hongs Intl Ltd - Hi Tech Industrial Centre"
"1029534362","1029534362","HK","Hong Kong","Tak Wah Precision Industry Co Ltd - BLK I Golden Dragon Industrial Centre"
"1029559884","1029559895","HK","Hong Kong","Hong Kong Broadband Network Ltd"
"1029566708","1029566711","HK","Hong Kong","Globaldeve"
"1029649568","1029649599","AU","Australia","DataFX Online"
"1030945088","1030945103","JP","Japan","Regus Japan KK"
"1031521208","1031521215","JP","Japan","MEC Information Development Co. Ltd."
"1031863910","1031863927","CN","China","ChinaNet Chongqing Province Network"
"1031958988","1031958991","CN","China","Kohsoosian"
"1032072480","1032072487","CN","China","Starway chunlan chained store"
"1032149872","1032149887","CN","China","Zibo zhangdian district government"
"1032502984","1032503015","CN","China","Changchun City Wenxin Netbar Yiqi Jilin Province. China."
"1032770436","1032770463","CN","China","ChinaNet Guangdong Province Network"
"1032822043","1032822058","CN","China","Puningliushahuanchengnanlu"
"1032897436","1032897439","CN","China","Haojun Electronic Technology Development Co. Ltd."
"1032931728","1032931731","CN","China","Foshansanshuixinan"
"1033008616","1033008623","CN","China","Heyuan Lcxinyidai Netbar"
"1033402668","1033402671","CN","China","Shanghai Lida Yingxiao Guanlizixun Youxiangongsi"
"1033474224","1033474239","CN","China","Aj Securities Co. Ltd."
"1033502620","1033502623","CN","China","Pujiang Meige Internet Bar"
"1033596012","1033596015","CN","China","Data Communication Division"
"1033914676","1033914735","CN","China","Data Communication Division"
"1033923988","1033923991","CN","China","Wuxi Yixing Post Express Co.Ltd"
"1033992442","1033992444","CN","China","Data Communication Division"
"1034118740","1034118743","CN","China","JZWWSZ Corp"
"1034170484","1034170487","CN","China","HANGZHOU FUWODE Fine Chemicals LTD."
"1034177704","1034177707","CN","China","Ninghai Shanmuluying"
"1034182440","1034182455","CN","China","ChinaNet Zhejiang Province Network"
"1034204368","1034204375","CN","China","ChinaNet Zhejiang Province Network"
"1034745435","1034745437","CN","China","ZSYX"
"1034821628","1034821631","CN","China","Ningbo Baosuiqu Yongrun Guoji Maoyi Youxian Gongsi"
"1034936912","1034936915","CN","China","China People Library Army Zhejiang Jinhua Subarea Rest House"
"1035018352","1035018359","CN","China","Kunshanlianzhongguanggaochuanmeico. Ltd"
"1035024080","1035024087","CN","China","Tezhongyayunzhongxin"
"1035046816","1035046823","CN","China","Wuxi Xishan Customs"
"1035070192","1035070199","CN","China","Taixing Local Taxation Bureau"
"1035337582","1035337582","CN","China","China Unicom Tianjin Province Network"
"1035662800","1035662807","CN","China","ChongQingJiaoTongKongGu"
"1036227736","1036227743","JP","Japan","Miyakawa Electric Works Ltd."
"1036366064","1036366071","JP","Japan","Over Rise"
"1036540160","1036540415","JP","Japan","NTT Docomo Business Inc."
"1036952552","1036952559","JP","Japan","Nidec Elesys Corporation"
"1037299960","1037300135","JP","Japan","Freebit Co. Ltd."
"1037706768","1037706783","TW","Taiwan (Province of China)","Chunghwa Telecom Co. Ltd."
"1037730072","1037730087","TW","Taiwan (Province of China)","Chunghwa Telecom Co. Ltd."
"1037748960","1037748975","TW","Taiwan (Province of China)","Chunghwa Telecom Co. Ltd."
"1037789432","1037789439","TW","Taiwan (Province of China)","Chunghwa Telecom Co. Ltd."
"1037846896","1037846919","TW","Taiwan (Province of China)","Chunghwa Telecom Co. Ltd."
"1037887192","1037887199","TW","Taiwan (Province of China)","Jhong WAN Yin"
"1037923304","1037923311","TW","Taiwan (Province of China)","Bau Shiung Fish Tools Co. Ltd."
"1037956652","1037956655","TW","Taiwan (Province of China)","Cheng Yang Information Store"
"1037994176","1037994183","TW","Taiwan (Province of China)","Taipei City Travel Business Association"
"1038663168","1038664191","CN","China","China Mobile Communications Group Co. Ltd."
"1039136219","1039136219","HK","Hong Kong","Hong Kong Broadband Network Ltd"
"1039413357","1039413357","HK","Hong Kong","Star Light Metal Manufactory - Vigor Industrial"
"1039462009","1039462009","HK","Hong Kong","HKBN - Corporate User"
"1039584588","1039584591","IN","India","Bharti Airtel Ltd."
"1040554992","1040555011","RU","Russian Federation","MTS PJSC"
"1040570936","1040570939","RU","Russian Federation","OOO Galaks 1"
"1040738552","1040738559","GB","United Kingdom of Great Britain and Northern Ireland","CRL Management"
"1041365104","1041365151","IE","Ireland","Verizon Ireland Limited"
"1041511012","1041511023","SE","Sweden","Axfood IT AB"
"1041524136","1041524143","SE","Sweden","Bevego Byggplat Ventilation AB"
"1041603928","1041603943","NL","Netherlands (Kingdom of the)","KPN B.V."
"1041616752","1041616759","NL","Netherlands (Kingdom of the)","Axess Liften BV"
"1041698792","1041698799","FR","France","VMANE"
"1041711376","1041711383","FR","France","TNS"
"1041723200","1041723207","FR","France","Kallisto"
"1041737440","1041737447","FR","France","Siview"
"1041750704","1041750711","FR","France","Kodak"
"1041827112","1041827151","NL","Netherlands (Kingdom of the)","KPN B.V."
"1041839840","1041839847","NL","Netherlands (Kingdom of the)","Betonboringsbedrijf de Jong BV"
"1041930416","1041930419","DE","Germany","Granitwerk Kronach Glasel + Weber"
"1041948826","1041948826","DE","Germany","Lux Projektmanagement GmbH + Co. KG"
"1041949954","1041949954","DE","Germany","Campana + Schott"
"1041951007","1041951007","DE","Germany","Arbeiterwohlfahrt Bezirksverband"
"1041953544","1041953547","DE","Germany","Cansativa GmbH"
"1041984716","1041984716","DE","Germany","Ecotel Communication AG"
"1042059408","1042059415","PT","Portugal","Raw Culture Bairro Alto Lda"
"1042833475","1042833475","LT","Lithuania","GEANT Vereniging"
"1042886592","1042886599","NL","Netherlands (Kingdom of the)","Avia Selfservice Te Morsche"
"1042909424","1042909431","NL","Netherlands (Kingdom of the)","Tabak en Gemak t beukeltje"
"1042925296","1042925335","NL","Netherlands (Kingdom of the)","KPN B.V."
"1042937784","1042937791","NL","Netherlands (Kingdom of the)","Raaij"
"1043381152","1043381167","PT","Portugal","Retail 4 People"
"1043665650","1043665680","DE","Germany","Telefonica Germany GmbH & Co. OHG"
"1043780520","1043780527","DE","Germany","Accu Vertrieb Sued GmbH"
"1043790824","1043790831","DE","Germany","Telefonica Germany GmbH & Co. OHG"
"1043851040","1043851047","DE","Germany","digital ZEIT GmbH"
"1044341752","1044341759","RU","Russian Federation","Tsentropttorg Ltd."
"1044423820","1044423823","GB","United Kingdom of Great Britain and Northern Ireland","Aggrekouk Fareham"
"1044430420","1044430421","GB","United Kingdom of Great Britain and Northern Ireland","Archers Hillington"
"1044435828","1044435831","GB","United Kingdom of Great Britain and Northern Ireland","Kurt Geiger"
"1044441408","1044441409","GB","United Kingdom of Great Britain and Northern Ireland","Brilliant Outhall"
"1044579483","1044579484","GB","United Kingdom of Great Britain and Northern Ireland","Lumen Technologies UK Limited"
"1044664252","1044664252","CH","Switzerland","IT Business Solutions MB"
"1044938360","1044938367","NL","Netherlands (Kingdom of the)","Redevco BV"
"1045256688","1045256691","CZ","Czechia","EUC a.s."
"1045435488","1045435547","DE","Germany","Claranet GmbH"
"1045744712","1045744719","SE","Sweden","Continental Bakeries Deutschland GmbH"
"1045887744","1045889023","IT","Italy","InterBusiness Infrastructural"
"1046039552","1046039559","PL","Poland","Multi Event Comunications"
"1046483440","1046483447","DE","Germany","Marks and Lewandowski Steuerberatungsgesellschaft mbH"
"1046496168","1046496175","DE","Germany","Yons Film und Video Produktions GmbH"
"1046511960","1046511967","DE","Germany","Raufeld Medien GmbH"
"1046528744","1046528751","DE","Germany","Herrn Sebastian Claus Franz Eble"
"1046567768","1046567775","ES","Spain","Exide Technologies SLU"
"1046693691","1046693691","ES","Spain","Grupo Corporativo Gfi Norte S.L."
"1046833360","1046833375","IT","Italy","Tecom"
"1046959296","1046959311","GR","Greece","Thessaloniki"
"1047293440","1047293695","RS","Serbia","VeratNet IT V.R.F."
"1047407808","1047407823","IT","Italy","Telecom Italia S.p.A."
"1047420008","1047420019","IT","Italy","Telecom Italia S.p.A."
"1047436256","1047436263","IT","Italy","Cerri S.r.l."
"1047498112","1047498127","PL","Poland","Netia SA"
"1047540904","1047540911","DE","Germany","Housing KVZ CO"
"1047727277","1047727277","US","United States of America","Arelion Sweden AB"
"1047729370","1047729370","US","United States of America","Arelion Sweden AB"
"1047732831","1047732837","BE","Belgium","Arelion Sweden AB"
"1047734778","1047734778","PL","Poland","Arelion Sweden AB"
"1047736278","1047736278","US","United States of America","Arelion Sweden AB"
"1047739244","1047739244","US","United States of America","Arelion Sweden AB"
"1047744202","1047744204","BE","Belgium","Arelion Sweden AB"
"1047752541","1047752543","BE","Belgium","Arelion Sweden AB"
"1047757239","1047757239","SE","Sweden","Arelion Sweden AB"
"1047760362","1047760365","IT","Italy","Arelion Sweden AB"
"1047761850","1047761850","US","United States of America","Arelion Sweden AB"
"1047763401","1047763401","BE","Belgium","Arelion Sweden AB"
"1047765372","1047765372","DK","Denmark","Arelion Sweden AB"
"1047767234","1047767234","US","United States of America","Arelion Sweden AB"
"1047768795","1047768795","US","United States of America","Arelion Sweden AB"
"1047770176","1047770176","DE","Germany","Arelion Sweden AB"
"1047771606","1047771606","DE","Germany","Arelion Sweden AB"
"1047772976","1047772976","DE","Germany","Arelion Sweden AB"
"1047774784","1047774784","NO","Norway","Arelion Sweden AB"
"1047776093","1047776096","SE","Sweden","Arelion Sweden AB"
"1047777410","1047777410","US","United States of America","Arelion Sweden AB"
"1047778837","1047778837","SE","Sweden","Arelion Sweden AB"
"1047839056","1047839071","DK","Denmark","Holstebro Pejsecenter K/S"
"1047943680","1047943935","RU","Russian Federation","The Executive Board of the UralTEK Project"
"1047973980","1047973987","RU","Russian Federation","OOO Taun Veb"
"1048128231","1048128231","FI","Finland","Lounea Palvelut Oy"
"1048847632","1048847639","NL","Netherlands (Kingdom of the)","W. van der Zwan B.V."
"1048862472","1048862479","NL","Netherlands (Kingdom of the)","Prins Hendrik stichting"
"1048879728","1048879735","NL","Netherlands (Kingdom of the)","KPN B.V."
"1048895824","1048895863","NL","Netherlands (Kingdom of the)","KPN B.V."
"1048908036","1048908039","GB","United Kingdom of Great Britain and Northern Ireland","Mha Advisory Ltd LAN"
"1049498432","1049498495","FI","Finland","Elisa"
"1049679172","1049679175","DE","Germany","DSV A/S"
"1049994512","1049994527","IT","Italy","NPO Sistemi SRL Net"
"1050228776","1050228783","DE","Germany","Mammoet Deutschland GmbH"
"1050240256","1050240271","DE","Germany","CreaLog Software-Entwicklung und Beratung GmbH"
"1050256400","1050256407","DE","Germany","Mekra Lang GmbH & Co. KG"
"1050276672","1050276679","DE","Germany","OWL Logistik GmbH"
"1050332184","1050332191","DE","Germany","Guenther Droste"
"1050454472","1050454479","DE","Germany","Deutsche Telekom AG"
"1050506200","1050506207","DE","Germany","Wisag Dienstleistungsholding GmbH"
"1050530712","1050530735","DE","Germany","Deutsche Telekom AG"
"1050621696","1050621759","DE","Germany","Ashampoo GmbH & Co. KG"
"1050643408","1050643423","DE","Germany","Landratsamt Schwarzwald-Baar-Kreis"
"1050669000","1050669023","DE","Germany","Deutsche Telekom AG"
"1050712792","1050712799","FR","France","Lohmann France"
"1050801696","1050801703","FR","France","Centre Ludique de Boulogne Billancourt"
"1051200072","1051200095","CZ","Czechia","T-Mobile Czech Republic A.S."
"1051443648","1051443711","GB","United Kingdom of Great Britain and Northern Ireland","Greenwich Education Inspectorate"
"1052008624","1052008671","GB","United Kingdom of Great Britain and Northern Ireland","British Telecommunications Limited"
"1052228920","1052228923","FI","Finland","Line Carrier Oy"
"1052458496","1052458847","NL","Netherlands (Kingdom of the)","AT&T Global Network Services Nederland B.V."
"1052610064","1052610071","GB","United Kingdom of Great Britain and Northern Ireland","Verizon UK Limited"
"1052661760","1052662271","GB","United Kingdom of Great Britain and Northern Ireland","P2P Nets for Verizon End Customers in the United Kingdom"
"1052777800","1052777807","CH","Switzerland","Tesla Switzerland"
"1053350640","1053350655","NL","Netherlands (Kingdom of the)","AT&T Global Network Services Nederland B.V."
"1053759024","1053759031","NL","Netherlands (Kingdom of the)","Van Halm Gouda h/o Praxis DHZ Center"
"1053772440","1053772455","NL","Netherlands (Kingdom of the)","KPN B.V."
"1053784456","1053784463","NL","Netherlands (Kingdom of the)","R Eindhoven"
"1053794832","1053794839","NL","Netherlands (Kingdom of the)","Restaurant Mozaik"
"1053806280","1053806287","NL","Netherlands (Kingdom of the)","KPN B.V."
"1053816656","1053816663","NL","Netherlands (Kingdom of the)","Staatsbosbeheer"
"1053942592","1053942595","CZ","Czechia","Amazing Media s.r.o."
"1054380918","1054380924","GB","United Kingdom of Great Britain and Northern Ireland","Flag Telecom UK Limited"
"1054952672","1054952679","DE","Germany","St. Paulusstift"
"1054977336","1054977343","DE","Germany","EgeTrans Internationale Spedition GmbH"
"1055504544","1055504551","PL","Poland","Connected Through Futuro Poland"
"1055730504","1055730511","FI","Finland","One-Pro Oy"
"1056032038","1056032040","FI","Finland","DNA Palvelut Oy"
"1056287072","1056287079","DE","Germany","Logic Logistik + Services GmbH"
"1056323117","1056323121","DE","Germany","Ecotel Communication AG"
"1056331376","1056331447","DE","Germany","Ecotel Communication AG"
"1056345281","1056345281","DE","Germany","Ecotel Communication AG"
"1056468588","1056468591","TR","Turkiye","Bildem Ltd"
"1061163168","1061163199","US","United States of America","Blair Technology Gro"
"1061268928","1061268991","US","United States of America","Dental Once"
"1061389120","1061389183","US","United States of America","Worldcom/Watson Wyatt Worldwide"
"1061519900","1061519903","US","United States of America","Granite Telecommunications LLC"
"1061681024","1061681039","US","United States of America","Verizon Business"
"1061805920","1061805951","US","United States of America","Verizon Business"
"1061946512","1061946527","US","United States of America","Uiciadmi"
"1062023168","1062023423","US","United States of America","Intermountain Internet"
"1062145536","1062145791","US","United States of America","Webnet Broadband Inc"
"1062251648","1062251663","US","United States of America","Online Resources Communications Corp."
"1062352896","1062354943","US","United States of America","Verizon Business"
"1062479616","1062479871","US","United States of America","Allstate"
"1062574496","1062574567","US","United States of America","Verizon Business"
"1062640176","1062640183","US","United States of America","Kerber Rose and Asscociates"
"1062709168","1062709175","US","United States of America","Verizon Business"
"1062785376","1062785391","US","United States of America","LA Fitness"
"1062907776","1062907839","US","United States of America","Trebor Inc."
"1063086408","1063086415","US","United States of America","Bellbridge Inc"
"1063252320","1063252335","US","United States of America","Verizon Business"
"1063346272","1063346287","US","United States of America","Microsoft Corporation"
"1063419040","1063419047","US","United States of America","Touchstone Strategies DBA the Heights of Gonzalez"
"1063469920","1063469927","US","United States of America","Verizon Business"
"1063577248","1063577431","US","United States of America","Verizon Business"
"1063729576","1063729583","US","United States of America","Gaffneyk"
"1063875712","1063875743","US","United States of America","Verizon Business"
"1064051424","1064051439","US","United States of America","Netigyco"
"1064187768","1064187775","US","United States of America","WS/BT Americas Incorporated/Nestle"
"1064234880","1064234887","US","United States of America","Hillknow"
"1064308768","1064308799","US","United States of America","Verizon Business"
"1064326200","1064326215","US","United States of America","Verizon Business"
"1064404912","1064404991","US","United States of America","Verizon Business"
"1064528600","1064528607","US","United States of America","Code Street"
"1064605744","1064605751","US","United States of America","Trans World Gaming Corp"
"1064693272","1064693279","US","United States of America","Ibrite Inc."
"1064756736","1064756991","US","United States of America","Loomis Sayles & Company L P"
"1064830012","1064830015","US","United States of America","Homegoods"
"1064981256","1064981263","US","United States of America","Mercuryc"
"1065055632","1065055639","US","United States of America","Towson State University"
"1065161984","1065162047","US","United States of America","San Manuel School District"
"1065264000","1065264015","US","United States of America","Bumble and Bumble"
"1065380240","1065380271","US","United States of America","CenturyLink Communications LLC"
"1065990144","1065992479","US","United States of America","CenturyLink Communications LLC"
"1066268192","1066268199","US","United States of America","Naveen"
"1066435912","1066435919","US","United States of America","Realogy Services Group LLC"
"1066492464","1066492471","US","United States of America","FirstService ResidentialInc."
"1066548160","1066548167","US","United States of America","Coach USA"
"1066590161","1066590161","KR","Korea (the Republic of)","Qwest Communications Company LLC"
"1066649576","1066649583","US","United States of America","Westfield Gas & Electric"
"1066713738","1066714111","US","United States of America","Qwest Communications Company LLC"
"1066774784","1066774847","US","United States of America","CenturyLink Communications LLC"
"1066831789","1066831789","JP","Japan","CenturyLink Communications LLC"
"1066916288","1066916295","US","United States of America","Oaktree Capital Management LLC"
"1067254072","1067254079","US","United States of America","CenturyLink Communications LLC"
"1067300776","1067300783","US","United States of America","Amazon Corporate"
"1067323840","1067323903","US","United States of America","CenturyLink Communications LLC"
"1067363104","1067363135","US","United States of America","CenturyLink Communications LLC"
"1067429736","1067429807","US","United States of America","CenturyLink Communications LLC"
"1067788776","1067788783","US","United States of America","BWI Companies Inc"
"1068424608","1068424639","US","United States of America","Continental Press Inc."
"1071181833","1071181834","GR","Greece","PCCW Global (HK) Limited"
"1071259247","1071259248","HK","Hong Kong","PCCW Global (HK) Limited"
"1071281739","1071281740","HK","Hong Kong","PCCW Global (HK) Limited"
"1071294015","1071294017","HK","Hong Kong","PCCW Global (HK) Limited"
"1071308545","1071308546","FR","France","PCCW Global (HK) Limited"
"1071330514","1071330516","AU","Australia","PCCWG Internal"
"1071433736","1071433751","HK","Hong Kong","PCCWG Internal"
"1071550528","1071550528","SG","Singapore","PCCW Global (HK) Limited"
"1071585065","1071585065","IE","Ireland","PCCW Global (HK) Limited"
"1071589918","1071589918","US","United States of America","PCCW Global (HK) Limited"
"1071617297","1071617298","PA","Panama","PCCW Global (HK) Limited"
"1071669520","1071669527","US","United States of America","Utah Bankers Association"
"1071706120","1071706127","US","United States of America","Nortel Networks"
"1071737768","1071737775","US","United States of America","Gill Foundation"
"1071758552","1071758559","US","United States of America","Yeager Jungbauer Barczak Roe & Vucinovich"
"1071788544","1071790591","US","United States of America","CenturyLink Communications LLC"
"1071833776","1071833783","US","United States of America","Velobike"
"1071857072","1071857135","US","United States of America","CenturyLink Communications LLC"
"1071898444","1071898447","US","United States of America","GBD Architects"
"1071955584","1071955591","US","United States of America","CenturyLink Communications LLC"
"1072013840","1072014735","US","United States of America","CenturyLink Communications LLC"
"1072054448","1072054495","US","United States of America","CenturyLink Communications LLC"
"1072092248","1072092255","US","United States of America","Travelbridge"
"1072162280","1072163287","US","United States of America","CenturyLink Communications LLC"
"1072223880","1072223911","US","United States of America","CenturyLink Communications LLC"
"1072269640","1072269655","US","United States of America","CenturyLink Communications LLC"
"1072328904","1072328911","US","United States of America","Expeditors Intl of WA"
"1072367616","1072367871","US","United States of America","CenturyLink Communications LLC"
"1072411192","1072411199","US","United States of America","Mack Energy Corp."
"1072490240","1072490495","US","United States of America","Northpointe Bank"
"1072540888","1072540895","US","United States of America","Nextologies"
"1072597072","1072597079","US","United States of America","USG Corp B- USG & CGC Plants"
"1072630240","1072630247","US","United States of America","CenturyLink Communications LLC"
"1072663032","1072663103","US","United States of America","CenturyLink Communications LLC"
"1073087360","1073087487","US","United States of America","XIO Managed"
"1073375920","1073375927","CA","Canada","Computer Supply Express"
"1073448832","1073448863","US","United States of America","PF IPv4 Borrower LLC"
"1074281760","1074281823","US","United States of America","Diamond Drug"
"1074675328","1074675391","US","United States of America","Saddle River Capital"
"1074761180","1074761183","CA","Canada","Meridium"
"1074919992","1074919995","US","United States of America","LAX"
"1075033296","1075033311","US","United States of America","American Truck and Trailer"
"1075105192","1075105199","US","United States of America","Drake Dental"
"1075174880","1075174895","US","United States of America","TPx Communications"
"1075479968","1075479975","CA","Canada","Managed Services Test Account - Magma Communications Ltd."
"1075558912","1075560447","US","United States of America","Communications Technologies Inc."
"1075800704","1075800711","US","United States of America","Alpine Stars"
"1075860856","1075860863","DO","Dominican Republic","Sky High Aviation Services Srl"
"1075993024","1075993055","US","United States of America","Latitude.sh"
"1076102432","1076102439","US","United States of America","Automatika"
"1076117472","1076117479","US","United States of America","Ed Rose Of Indiana"
"1076147296","1076147327","US","United States of America","Zayda Internet"
"1076284864","1076284895","US","United States of America","CWIE LLC"
"1076559520","1076559528","CA","Canada","Standard Parking"
"1076780288","1076780319","US","United States of America","Cybercom"
"1076832720","1076832763","US","United States of America","Masergy Communications LLC"
"1076842720","1076842727","US","United States of America","RTKL Associates Inc."
"1076852144","1076852151","US","United States of America","SanMar Corporation"
"1076863320","1076863323","US","United States of America","Laurus Strategies"
"1076877584","1076877591","US","United States of America","Nexteer Automotive Corporatio"
"1077002832","1077002847","US","United States of America","Eurisko"
"1077036928","1077036991","US","United States of America","Moneytree Mortgage"
"1077349264","1077349279","US","United States of America","Heater Advertising"
"1077378512","1077378527","US","United States of America","Merry Christmas Shop"
"1077665792","1077673983","US","United States of America","Pacific University"
"1077686904","1077686911","US","United States of America","TPx Communications"
"1077699580","1077699583","US","United States of America","Hope Chapel"
"1077713072","1077713079","US","United States of America","TPx Communications"
"1077724200","1077724207","US","United States of America","Calimmune Inc"
"1077736988","1077736991","US","United States of America","Fresno Oxygen and Welding Suppliers Inc"
"1077870080","1077870335","US","United States of America","Silicon Data Corp."
"1077915360","1077915391","US","United States of America","Network Innovations LLC"
"1077973568","1077973839","US","United States of America","Great Plains Communications LLC"
"1078339008","1078339039","US","United States of America","Ingram Micro Corporation"
"1078453936","1078454079","US","United States of America","Webhosting.net Inc."
"1078590464","1078590471","US","United States of America","TPx Communications"
"1078740192","1078740195","PE","Peru","Win Empresas S.A.C."
"1078797408","1078797415","US","United States of America","Wired Matrix Interactive"
"1079224560","1079224567","US","United States of America","TDS Telecom"
"1079398400","1079398534","US","United States of America","Tata Communications (America) Inc"
"1079626824","1079626831","PR","Puerto Rico","Adfan Adm Familias y Ninos"
"1079737376","1079737383","US","United States of America","Western Fireworks"
"1080015958","1080015959","GB","United Kingdom of Great Britain and Northern Ireland","SiteSpect"
"1081086976","1081087999","US","United States of America","Mechanicsville Telephone Company"
"1081247800","1081247807","CA","Canada","Teck Resources Limited"
"1081463840","1081463871","BR","Brazil","Apple Inc."
"1081576784","1081576791","US","United States of America","Nokia II"
"1081880800","1081880815","US","United States of America","Zayo Bandwidth LLC"
"1081902336","1081902351","US","United States of America","Expereo USA Inc."
"1081919824","1081919827","US","United States of America","Sirius XM Radio LLC"
"1081940576","1081940576","GB","United Kingdom of Great Britain and Northern Ireland","Zayo Bandwidth LLC"
"1081959680","1081959683","US","United States of America","Walmart Inc"
"1081984496","1081984503","US","United States of America","Picture Head"
"1082067808","1082067815","US","United States of America","Duffys on Potomac"
"1082619320","1082619327","US","United States of America","Ear Nose Throat Consultants PC"
"1082718872","1082718879","US","United States of America","Hoekstra Roofing"
"1082806624","1082806639","US","United States of America","Delta T Group"
"1082968104","1082968111","US","United States of America","Great Falls Regional Credit Union"
"1082998208","1082998215","CA","Canada","Archer Exploration Corp"
"1083356160","1083356287","US","United States of America","Clallam PUD"
"1083867328","1083867375","US","United States of America","Giglinx Inc"
"1085630328","1085630335","US","United States of America","Moundsville Water Treatment"
"1085740360","1085740375","US","United States of America","Charter Communications Inc"
"1085756048","1085756055","US","United States of America","Phunware"
"1085776872","1085776879","US","United States of America","Jamestown Container Corp"
"1085792440","1085792447","US","United States of America","Hir Networking and Invoicing"
"1085972696","1085972699","US","United States of America","Covad Wireless"
"1086276156","1086276159","US","United States of America","Cal Fire Grass Valley Nevada Yuba Placer Unit"
"1086286056","1086286059","US","United States of America","Houston Wire and Cable Company"
"1086906560","1086906623","US","United States of America","MKY Telecommunications Inc."
"1086961760","1086961775","CA","Canada","Eurofase Inc"
"1087368796","1087368799","US","United States of America","ABS Communications Inc"
"1087407104","1087407215","US","United States of America","Key Developments LLC"
"1087509489","1087509489","DE","Germany","Level 3 Communications Ltd"
"1087586509","1087586510","DE","Germany","Level 3 Communications Ltd"
"1087650816","1087651071","US","United States of America","GeniSys Global"
"1087782217","1087782218","DE","Germany","Level 3 Communications Ltd"
"1087838287","1087838360","US","United States of America","Level 3 Communications Inc."
"1087879961","1087879962","GB","United Kingdom of Great Britain and Northern Ireland","Level 3 Communications Ltd"
"1088835420","1088835536","CA","Canada","Bell Canada"
"1089283200","1089283207","US","United States of America","Actovia"
"1089374032","1089374039","US","United States of America","Friedland Properties"
"1089462275","1089462275","US","United States of America","Bob's Septic"
"1090184296","1090184303","US","United States of America","Focus Point Solutions"
"1090343871","1090343872","SG","Singapore","Treasure Island Colocation LLC"
"1090506668","1090506671","US","United States of America","First National Bankers Bank"
"1091048960","1091049215","MX","Mexico","Amazon.com Inc."
"1091807684","1091807687","US","United States of America","Roundabout Entertainment Inc"
"1092507600","1092507607","US","United States of America","Aryaka Networks Inc."
"1092893952","1092894207","US","United States of America","City of Cedar Park"
"1093130496","1093130559","CA","Canada","Peer1 Networks"
"1093758349","1093758350","KR","Korea (the Republic of)","Hurricane Electric LLC"
"1093894368","1093894383","US","United States of America","Edison Metuchen Orthopedic Group"
"1093923264","1093923271","US","United States of America","P.C. Richard and Son"
"1094476864","1094476871","US","United States of America","Total Education Solutions"
"1095407872","1095407903","US","United States of America","Quality Technology Services LLC"
"1096307968","1096308223","US","United States of America","Family Dollar Management LLC"
"1096468992","1096469247","US","United States of America","IBM/Campbell"
"1096675152","1096675159","CA","Canada","Masergy Communications Inc"
"1096988388","1096988391","US","United States of America","RailPros Inc"
"1097076098","1097076100","US","United States of America","CenturyLink Communications LLC"
"1097116224","1097116231","US","United States of America","Jason Neef"
"1097181424","1097181431","US","United States of America","The Weitz Company"
"1097208288","1097208295","US","United States of America","CenturyLink Communications LLC"
"1097239744","1097239751","US","United States of America","Paul Ward"
"1097260288","1097260295","US","United States of America","Team ATE"
"1097304768","1097304775","US","United States of America","Amerifresh Yakima"
"1097334232","1097334239","US","United States of America","CenturyLink Communications LLC"
"1097886952","1097886959","US","United States of America","JW Hicks Inc"
"1097932800","1097933311","US","United States of America","Qwest Communications Company LLC"
"1097987720","1097987727","US","United States of America","Sumitomo Forestry Seattle"
"1098033664","1098033919","US","United States of America","Winthrop Systems LLC"
"1098079264","1098079327","US","United States of America","CenturyLink Communications LLC"
"1098128976","1098128983","US","United States of America","Advantage Title"
"1098184000","1098184047","US","United States of America","CenturyLink Communications LLC"
"1098225920","1098225927","US","United States of America","CenturyLink Communications LLC"
"1098276512","1098276519","US","United States of America","Crexendo Inc"
"1098349153","1098349153","PR","Puerto Rico","CenturyLink Communications LLC"
"1098390495","1098390496","US","United States of America","CenturyLink Communications LLC"
"1098442160","1098442167","US","United States of America","Subway Sandwiches"
"1098474600","1098474607","US","United States of America","CenturyLink Communications LLC"
"1098515488","1098515495","US","United States of America","Bank of America Corporatin"
"1098564040","1098564079","US","United States of America","CenturyLink Communications LLC"
"1098617856","1098617863","US","United States of America","Infinite Interest LLC"
"1098665184","1098665191","US","United States of America","Darling International"
"1098707992","1098708015","US","United States of America","CenturyLink Communications LLC"
"1098758624","1098758655","US","United States of America","FastBlue Communications Inc."
"1098802520","1098802527","US","United States of America","Hampton Inn Green River Woming"
"1098858192","1098858199","US","United States of America","The Boat House at FSV LLC"
"1098902816","1098902823","US","United States of America","iHeart Media"
"1099191624","1099191631","US","United States of America","Kings Equine"
"1099208200","1099208215","US","United States of America","Ladah Law"
"1099226136","1099226143","US","United States of America","Wexfor Health Sources Inc"
"1099699864","1099699871","US","United States of America","CenturyLink Communications LLC"
"1099714784","1099714799","US","United States of America","NF Development LLC"
"1099732840","1099732847","US","United States of America","Hinds and Hinds Family Law P."
"1099957928","1099957967","US","United States of America","CenturyLink Communications LLC"
"1099975550","1099975556","US","United States of America","CenturyLink Communications LLC"
"1099995544","1099995551","US","United States of America","CenturyLink Communications LLC"
"1100014160","1100014167","US","United States of America","BCN Telecom"
"1100499160","1100499191","US","United States of America","CenturyLink Communications LLC"
"1100529241","1100529241","GB","United Kingdom of Great Britain and Northern Ireland","Qwest Communications Company LLC"
"1100558768","1100558775","US","United States of America","GFA Wealth Design"
"1100588552","1100588559","US","United States of America","CenturyLink Communications LLC"
"1100620120","1100620127","US","United States of America","CenturyLink Communications LLC"
"1100659424","1100659455","US","United States of America","Qwest Broadband"
"1100691816","1100691823","US","United States of America","Cognizant Technology Solutions"
"1100713928","1100713935","US","United States of America","Melao Bakery"
"1100738232","1100738239","US","United States of America","A-Mark Precious Metals Inc"
"1100796992","1100796999","US","United States of America","Dentaquest Ventures LLC"
"1100835328","1100835583","US","United States of America","Qwest Communications Company LLC"
"1100923464","1100923471","US","United States of America","Vein Vascular Aesthetic Associ"
"1101790496","1101790511","US","United States of America","ARINC Inc."
"1101998464","1101998479","US","United States of America","Needham & Company LLC"
"1102995936","1102995983","US","United States of America","Charter Communications Inc"
"1103120720","1103120727","US","United States of America","Masergy Communications LLC"
"1103205536","1103205551","US","United States of America","CNTCorp"
"1103267312","1103267319","US","United States of America","Granite Telecommunications LLC"
"1103370392","1103370399","US","United States of America","New England Industrial Supply Co. Inc."
"1103425040","1103425047","US","United States of America","WS/Virtela Communications/Mondelez International"
"1103494056","1103494063","US","United States of America","Parsons"
"1103576368","1103576375","US","United States of America","A Rifkin Company"
"1103635688","1103635695","US","United States of America","CHECKNGO409GROUPINC"
"1103704184","1103704191","US","United States of America","Fastenal Co-Fort Morgan Co"
"1103750664","1103750671","US","United States of America","Wilton Industries"
"1103791744","1103791871","US","United States of America","Verizon Business"
"1103837376","1103838207","US","United States of America","Verizon Business"
"1103889864","1103889871","US","United States of America","Cardinal Systems Inc"
"1103929536","1103929551","US","United States of America","Northrop Grumman Systems Corporation"
"1103985936","1103985943","US","United States of America","Brownwood Bulletin"
"1104032544","1104032551","US","United States of America","Air Cartage Express Inc"
"1104092352","1104092359","US","United States of America","Love and Pride LLC"
"1104128600","1104128607","US","United States of America","Verizon Business"
"1104186176","1104186239","US","United States of America","First Command Financial Planning"
"1104231248","1104231263","US","United States of America","Ims Technology Services Inc"
"1104283088","1104283103","US","United States of America","Cyronmil"
"1104316672","1104316935","US","United States of America","Verizon Business"
"1104365624","1104365631","US","United States of America","The Marcus Group LL"
"1104433136","1104433143","US","United States of America","The Palms Hotel"
"1104495376","1104495391","US","United States of America","Verizon Business"
"1104542912","1104542919","US","United States of America","Marathon Engineering & Environmental Services Inc."
"1104612312","1104612607","US","United States of America","Verizon Business"
"1104689272","1104689279","US","United States of America","Spirit of the West"
"1104745712","1104745719","US","United States of America","ADP"
"1104823608","1104823615","US","United States of America","Bathbodyworks"
"1104884736","1104885671","US","United States of America","Verizon Business"
"1104948360","1104948367","US","United States of America","Sparks Personnel Services"
"1105085472","1105085479","US","United States of America","Verizon Business"
"1105124112","1105124119","US","United States of America","DPS Holdings Inc"
"1105176512","1105176519","US","United States of America","Van Dyke Manor"
"1106291432","1106291455","US","United States of America","Verizon Business"
"1106382640","1106382655","US","United States of America","The TJX Companies Inc."
"1106406704","1106406711","US","United States of America","Park Montgomery Limited Partnership"
"1106445216","1106445223","US","United States of America","Allstateinsurancestevepollock"
"1106529600","1106529607","US","United States of America","Kozuskolaheyharrisllp"
"1106592000","1106592023","US","United States of America","Verizon Business"
"1106688856","1106688863","US","United States of America","CRC Healthcare"
"1106834464","1106834471","US","United States of America","Verizon Business"
"1107280976","1107280979","US","United States of America","LAX"
"1107788580","1107788583","US","United States of America","Jones Lang Lasalle Inc."
"1107801104","1107801111","CA","Canada","Open Systems AG"
"1108033664","1108033671","CA","Canada","Advanced Presentation Products"
"1108464792","1108464799","CA","Canada","Landmark Cinemas Canada Limited Partnership"
"1108513968","1108513999","US","United States of America","MPower Communications Corp."
"1109075704","1109075711","US","United States of America","New Horizon Fiber Subgroup"
"1109464714","1109464714","US","United States of America","Railway"
"1109754248","1109754255","US","United States of America","Hyatt Regency Tech Center"
"1109964041","1109964041","US","United States of America","Blizzard Entertainment"
"1110234968","1110234975","US","United States of America","Morgan Kinder"
"1110343680","1110344099","US","United States of America","Zayo Bandwidth LLC"
"1110870832","1110870839","US","United States of America","Conifer Health Solutions"
"1110886664","1110886671","US","United States of America","Apptronik Inc."
"1110910496","1110910503","US","United States of America","Colortech Printing Inc."
"1111036216","1111036223","US","United States of America","Rural Health Group"
"1111049944","1111049951","US","United States of America","Beacon Insurance Group"
"1111065624","1111065631","US","United States of America","Netwolves Fiber Subgroup"
"1111082288","1111082295","US","United States of America","Johnstone Supply LLC"
"1111095680","1111095687","US","United States of America","St. Philips Episcopal Church"
"1111210536","1111210543","CA","Canada","The Synod of the Dio"
"1111345912","1111345919","US","United States of America","Coldwell Banker"
"1111492224","1111492231","US","United States of America","FR MC Cauley and Associates"
"1111503024","1111503039","US","United States of America","Sono Shipping LLC"
"1111889162","1111889171","US","United States of America","Joyong Ha"
"1111918592","1111918599","CA","Canada","OVH Hosting Inc."
"1112350896","1112350911","US","United States of America","Cornerstone Hospice Inc"
"1112608992","1112608999","US","United States of America","Masonry Concepts"
"1112892492","1112892519","US","United States of America","TPx Communications"
"1113235808","1113235823","US","United States of America","Superior Communications"
"1113473644","1113473663","US","United States of America","Ohio Presbyterian Retirement System"
"1113733536","1113733539","BO","Bolivia (Plurinational State of)","Compania Dominicana de Telefonos S. A."
"1114170048","1114170095","US","United States of America","Tech Solutions"
"1114644432","1114644439","US","United States of America","Service Ledger Inc"
"1114724576","1114724607","US","United States of America","IX2 Wilshire LLC"
"1114930880","1114930895","US","United States of America","iHerb Inc"
"1115138480","1115138487","CA","Canada","Commercial Body Builders"
"1115769984","1115770015","US","United States of America","Technekes"
"1116897344","1116897359","CA","Canada","Hill Supplies Inc."
"1117252992","1117253055","US","United States of America","Pacific Northwest Net Inc"
"1117685312","1117685319","CA","Canada","Setym International Inc"
"1117802976","1117803007","US","United States of America","Hello Inc. - M"
"1117982464","1117982471","CA","Canada","Goco Technology Limited Partnership"
"1118154544","1118154559","US","United States of America","Ministerio Internaciona El Re"
"1118563221","1118563221","US","United States of America","GTT"
"1118968304","1118968319","AE","United Arab Emirates","New Skies Satellites Inc."
"1119155080","1119155111","US","United States of America","TPx Communications"
"1119381896","1119381927","US","United States of America","Amazon.com Inc."
"1119598056","1119598207","US","United States of America","One Ring Networks Inc."
"1119842440","1119842583","US","United States of America","Charter Communications LLC"
"1120158352","1120158352","NL","Netherlands (Kingdom of the)","Yahoo Holdings Inc."
"1120201568","1120201575","US","United States of America","E-Document Services"
"1120347392","1120347407","CA","Canada","UseMyServices"
"1120621784","1120621791","US","United States of America","Western Tool and Supply"
"1120891684","1120891687","CA","Canada","Grandview Massage Therapy"
"1120919808","1120919871","US","United States of America","Bladen County Government"
"1120988648","1120988655","US","United States of America","Underwoo Hospital Para"
"1121196544","1121196799","US","United States of America","HostPapa"
"1121367752","1121367839","US","United States of America","Charter Communications LLC"
"1121655504","1121655511","US","United States of America","MCIC Vermont Inc"
"1121857384","1121857387","US","United States of America","Newstatpllc"
"1122057112","1122057119","US","United States of America","Fuji Electric"
"1122166104","1122166127","US","United States of America","Airband Communications Inc"
"1122517872","1122517879","US","United States of America","Mudlake Telephone"
"1123330096","1123330103","US","United States of America","Napleton Lincoln Mercury"
"1123352488","1123352495","CA","Canada","Algoma District School Board"
"1123663144","1123663147","US","United States of America","Goodwald Company LLC"
"1123951872","1123952127","CA","Canada","EBOX"
"1125016757","1125016758","NL","Netherlands (Kingdom of the)","CenturyLink Communications LLC"
"1125157593","1125157595","DE","Germany","Level 3 Communications Ltd"
"1125165070","1125165070","SG","Singapore","Level 3 Communications Inc."
"1125202498","1125202498","DE","Germany","Level 3 Communications Ltd"
"1125211202","1125211209","US","United States of America","Level 3 Communications Inc."
"1125230663","1125230664","US","United States of America","Level 3 Communications Inc."
"1125461804","1125461843","US","United States of America","TPx Communications"
"1125643219","1125643222","US","United States of America","Spider Monkey Marketing"
"1126841048","1126841055","US","United States of America","Eric Tam"
"1127232792","1127232799","US","United States of America","Casa Montessori Child de"
"1127491100","1127491103","US","United States of America","Lifestance Health Inc Aurora"
"1127508600","1127508607","US","United States of America","Charter Communications Inc"
"1127527728","1127527759","US","United States of America","Charter Communications Inc"
"1127543776","1127543791","US","United States of America","Charter Communications Inc"
"1127561080","1127561087","US","United States of America","Haleakala Solar"
"1127580968","1127580975","US","United States of America","Urban Manufacturing"
"1127594928","1127594935","US","United States of America","Charter Communications Inc"
"1127709440","1127710719","US","United States of America","Webair Internet Development Company Inc."
"1128213480","1128213483","US","United States of America","Ctrading LLC"
"1128600464","1128600471","CA","Canada","Phoenix Petrolium Ltd"
"1128630344","1128630351","CA","Canada","Fonds de Solidarite des Travailleurs"
"1128719392","1128719399","CA","Canada","1429481 Ontario Inc o/a Pathway Communications Inc"
"1128783008","1128783015","CA","Canada","Level 3 Communications Inc."
"1128920208","1128920223","CO","Colombia","CTL LATAM"
"1129208312","1129208319","US","United States of America","Eagle Pass Nursing and Rehab"
"1129250960","1129250967","US","United States of America","Charter Communications Inc"
"1129266496","1129266503","US","United States of America","PMG Family Office LLC"
"1129286736","1129286831","US","United States of America","Charter Communications Inc"
"1129311948","1129311951","US","United States of America","Charter Communications Inc"
"1130419584","1130419599","US","United States of America","Equity One"
"1130513408","1130513535","US","United States of America","Visual Concepts Entertainment"
"1132471120","1132471127","US","United States of America","A-Link Network Services Inc."
"1132523808","1132523839","US","United States of America","Great Lakes Aviation"
"1132571472","1132571487","US","United States of America","Chemical Addictions Recovery E"
"1132612608","1132613263","US","United States of America","CenturyLink Communications LLC"
"1132670736","1132670799","US","United States of America","CenturyLink Communications LLC"
"1132732904","1132732911","US","United States of America","Svu-Shoppers Food"
"1132784056","1132784063","US","United States of America","Townley Engineering & Manufacturing"
"1132835712","1132835727","US","United States of America","One Source Networks Inc."
"1132904832","1132904863","US","United States of America","Verizon"
"1132949696","1132949703","US","United States of America","Haas Automation"
"1133784832","1133784839","US","United States of America","Wizni Inc"
"1134206464","1134206719","US","United States of America","Post Logic Studios Inc."
"1137148089","1137148089","AU","Australia","GTT"
"1137155356","1137155359","GB","United Kingdom of Great Britain and Northern Ireland","PacketExchange Inc"
"1137222732","1137222735","US","United States of America","Sam J Adams CPA PC"
"1137232016","1137232023","US","United States of America","Hamment Mikysa & Dennis CPA's"
"1137242336","1137242351","US","United States of America","Fleet Maintenance of Texas"
"1137395944","1137395959","US","United States of America","TPx Communications"
"1137418288","1137418303","US","United States of America","GeoLinks"
"1137490016","1137490019","US","United States of America","Expressemploymentpros"
"1137536176","1137536183","CA","Canada","Espace Courbe"
"1137711648","1137711655","CA","Canada","Reliance Globalcom"
"1137752820","1137752823","US","United States of America","Manatt Phelps & Phillips LLP."
"1137903472","1137903479","US","United States of America","National Rural Electric Cooperative Association"
"1138077602","1138077607","US","United States of America","Dish Wireless LLC"
"1138157056","1138157311","US","United States of America","Inside Sales"
"1138305976","1138306015","US","United States of America","Gamma Partners"
"1138513746","1138513748","GB","United Kingdom of Great Britain and Northern Ireland","NohaVPS LLC"
"1138529814","1138529816","US","United States of America","GTT"
"1138660218","1138660233","US","United States of America","DFW Datacenter"
"1138779376","1138779391","US","United States of America","Malificent"
"1138968832","1138970111","US","United States of America","Colocation America Corporation"
"1139776384","1139776391","US","United States of America","International Union"
"1145127844","1145127847","US","United States of America","Westamerica Bank"
"1145150028","1145150031","US","United States of America","Primeritus Financial Services"
"1145397760","1145398015","US","United States of America","Infosystems Management"
"1145486432","1145486527","US","United States of America","CISP"
"1148280816","1148281343","US","United States of America","Charter Communications LLC"
"1148447648","1148447663","US","United States of America","SRHS"
"1148674452","1148674455","US","United States of America","IHG - LBACS-2"
"1150037592","1150037599","US","United States of America","Verizon Business"
"1151843840","1151844351","PH","Philippines","GTT Communications Inc."
"1152106920","1152106927","US","United States of America","Zayo Bandwidth LLC"
"1152507648","1152507775","US","United States of America","CenturyLink Communications LLC"
"1152585864","1152585871","CA","Canada","Pollard Banknote Limited"
"1152603416","1152603423","CA","Canada","Distech Control Inc."
"1153002976","1153002991","US","United States of America","Juan Jose Pineda MD"
"1153268872","1153268879","US","United States of America","Anritsu"
"1153681720","1153681727","US","United States of America","Bais Reu Ven Kamenitz"
"1153690072","1153690079","US","United States of America","Trans Na Trans Nationa"
"1156118104","1156118111","US","United States of America","Fidium"
"1156234240","1156234495","US","United States of America","Point at SIU"
"1157768640","1157768647","US","United States of America","General Informatics"
"1158127744","1158127751","US","United States of America","Schlumberger"
"1158301768","1158301775","US","United States of America","MVMC Transcom"
"1158393576","1158393583","US","United States of America","Refuel Pantry"
"1158410636","1158410639","US","United States of America","Understory Inc."
"1158784144","1158784151","CA","Canada","Electronic Systems Software Sol Inc."
"1159011684","1159011687","US","United States of America","Kurt Burrill Logging"
"1159035192","1159035199","US","United States of America","Moreyairplaneco"
"1159105505","1159105505","NL","Netherlands (Kingdom of the)","NLayer Communications Internal/Backbone"
"1159362584","1159362591","US","United States of America","Aubuchon Hardware"
"1159480336","1159480351","US","United States of America","Gooch & Housego LLC"
"1159543848","1159543855","US","United States of America","Quik Cash"
"1159670672","1159670679","US","United States of America","GTT Americas LLC"
"1159683000","1159683003","CA","Canada","NetFortris"
"1159821312","1159821823","NL","Netherlands (Kingdom of the)","code200"
"1160162080","1160162087","US","United States of America","Natural Wireless LLC"
"1160217944","1160217951","US","United States of America","Pinnacle Mortgage Funding"
"1160611136","1160611199","US","United States of America","C 3"
"1160809322","1160809322","SG","Singapore","A2 Hosting Inc."
"1161186848","1161186855","US","United States of America","Falkor Group"
"1161421152","1161421167","MS","Montserrat","Cable & Wireless Antigua and Barbuda Ltd"
"1161631120","1161631127","US","United States of America","Red Dot Security"
"1161814304","1161814311","US","United States of America","ACD - Metroix"
"1161873792","1161873807","US","United States of America","Bank of China New York Branch"
"1162081584","1162082623","US","United States of America","WCS"
"1162484512","1162484515","US","United States of America","CableVision Systems Corp."
"1162510840","1162510847","US","United States of America","ENT and Allergy Associates LLP"
"1162542464","1162542467","US","United States of America","Packaging and Distribution Resources LLC"
"1162556312","1162556351","US","United States of America","Charter Communications Inc"
"1162571512","1162571519","US","United States of America","Charter Communications Inc"
"1162586904","1162586911","US","United States of America","The Chapel"
"1162602000","1162602007","US","United States of America","BFC Transportation Inc"
"1163139832","1163139839","US","United States of America","The Computer Store"
"1163491984","1163491999","US","United States of America","ACD.NET"
"1163582720","1163582975","CA","Canada","Host Papa Inc."
"1166032672","1166032679","US","United States of America","Moultonbellinghampc"
"1166074536","1166074575","US","United States of America","TDS Telecom"
"1166136372","1166136375","US","United States of America","Chilson Funeral Home"
"1166207028","1166207031","US","United States of America","Westphalcompany"
"1166479320","1166479327","US","United States of America","Warrick Veterinary Clinic"
"1166493544","1166493575","US","United States of America","Charter Communications Inc"
"1167115200","1167115207","US","United States of America","Vector Security Networks Fiber Subgrup"
"1167318592","1167318607","US","United States of America","Siren Telephone Company"
"1168322780","1168322783","US","United States of America","Pacific Institute of Medical Research"
"1168560807","1168560807","US","United States of America","Treasure Island Colocation LLC"
"1168570376","1168570376","SG","Singapore","Treasure Island Colocation LLC"
"1168598768","1168598775","US","United States of America","Kering - Bottega Veneta"
"1168772032","1168772071","US","United States of America","TPx Communications"
"1168782016","1168782019","US","United States of America","Sonoma County Library"
"1168953120","1168953151","CA","Canada","Softroute Corporation"
"1169061888","1169062143","US","United States of America","IPNetZone"
"1169329776","1169329791","US","United States of America","Inland Cosmetic Surgery"
"1169341564","1169341567","US","United States of America","TPx Communications"
"1170283256","1170283263","US","United States of America","Center for Urology"
"1170299488","1170299495","US","United States of America","Charter Communications Inc"
"1170313104","1170313111","US","United States of America","Charter Communications Inc"
"1170325888","1170325895","US","United States of America","Jesselson Capital"
"1170479248","1170479263","CA","Canada","Omnimedia Internet"
"1176073704","1176073711","CA","Canada","Tremblay Auto Groupe Inc."
"1176269992","1176269999","CA","Canada","Over the Road Logistics Inc."
"1176676776","1176676783","US","United States of America","Rocket Fiber LLC"
"1176900856","1176900863","CA","Canada","Ormuco"
"1176912328","1176912335","CA","Canada","Greenview Data Inc."
"1176923400","1176923407","CA","Canada","Mientorno.com.mx"
"1177997904","1177997911","CA","Canada","National Exhaust Systems Inc."
"1178337768","1178337775","US","United States of America","Wausau Paper"
"1178355664","1178355671","US","United States of America","SHO"
"1178369072","1178369079","US","United States of America","Horizon"
"1178384752","1178384759","US","United States of America","Sheetz Store 389"
"1178407760","1178407767","US","United States of America","Charter Communications Inc"
"1178424440","1178424447","US","United States of America","Courtyard Marriot"
"1178443008","1178443519","US","United States of America","Hilton Netherlands"
"1178461048","1178461055","US","United States of America","Charter Communications Inc"
"1178478224","1178478239","US","United States of America","Tru by Hilton"
"1178498220","1178498223","US","United States of America","Resto Pros"
"1178513344","1178513359","US","United States of America","Charter Communications Inc"
"1178531488","1178531495","US","United States of America","Lanesville Community Schools"
"1178551040","1178551047","US","United States of America","Countryside Bowling"
"1178568056","1178568063","US","United States of America","Chadwell Supply"
"1178586064","1178586071","US","United States of America","CFS Business Services Inc"
"1180175336","1180175343","US","United States of America","Vittles Company Inc"
"1180191376","1180191383","US","United States of America","NW Electrical Supply"
"1180206224","1180206231","US","United States of America","Comcast Cable Communications LLC"
"1180220224","1180220231","US","United States of America","Holiday Inn Express"
"1180233136","1180233143","US","United States of America","Associat Beacon"
"1180246152","1180246159","US","United States of America","Assumpti Regional Cath"
"1180262384","1180262423","US","United States of America","Comcast Cable Communications LLC"
"1180274200","1180274207","US","United States of America","International Conservation"
"1180286128","1180286135","US","United States of America","NW Asthma and Allergy"
"1180299120","1180299135","US","United States of America","Comcast Cable Communications LLC"
"1180313448","1180313455","US","United States of America","Gestamp Stamp Company"
"1180326552","1180326559","US","United States of America","Trumbell Mech Ser"
"1180338056","1180338063","US","United States of America","The Pool and Spa House"
"1180350856","1180350879","US","United States of America","Comcast Cable Communications LLC"
"1180363376","1180363383","US","United States of America","Mailing Speicialists Inc"
"1180378448","1180378455","US","United States of America","The Goddard School"
"1180392328","1180392343","US","United States of America","Comcast Cable Communications LLC"
"1180404744","1180404751","US","United States of America","New Haven Masonry"
"1180417976","1180417983","US","United States of America","Comcast Cable Communications LLC"
"1180430960","1180430967","US","United States of America","Winnetka Comm House"
"1181353568","1181353575","US","United States of America","FEMA"
"1182042344","1182042351","US","United States of America","Mannhummel Lse Americas"
"1182055968","1182055975","US","United States of America","Evo Entertainment"
"1182070304","1182070319","US","United States of America","Halari Development Corp 4 Points Sheraton Abia"
"1182140896","1182140903","US","United States of America","Charter Communications Inc"
"1182153080","1182153087","US","United States of America","S&I Services LLC"
"1182165688","1182165703","US","United States of America","Unite Tech"
"1182656568","1182656575","US","United States of America","Shambaugh and Son LP"
"1191537564","1191537564","US","United States of America","Atomic Data LLC"
"1191587240","1191587247","US","United States of America","National Real Estate"
"1191600512","1191600527","US","United States of America","Wine Group"
"1191779760","1191779775","US","United States of America","Charter Communications LLC"
"1192035168","1192035223","US","United States of America","Charter Communications LLC"
"1192137184","1192137191","US","United States of America","Implants and Oral Surgery"
"1192159264","1192159279","US","United States of America","Karpel Computer Systems"
"1192448000","1192452095","CA","Canada","Cable Cable Inc"
"1193744544","1193744551","US","United States of America","Lonniece Ketchum"
"1193805592","1193805599","US","United States of America","Charter Communications Inc"
"1193822736","1193822743","US","United States of America","Baylor Scott White Health"
"1193851000","1193851007","US","United States of America","Foot Care Ctr of Lakeland"
"1193870296","1193870303","US","United States of America","Charter Communications Inc"
"1193898776","1193898783","US","United States of America","SBC Office Center LLC"
"1193917888","1193917895","US","United States of America","Emma Long Metro Park"
"1193952088","1193952095","US","United States of America","Charter Communications Inc"
"1193969680","1193969695","US","United States of America","Charter Communications Inc"
"1193993576","1193993583","US","United States of America","Cook Childrens 1"
"1194093088","1194093119","US","United States of America","IHG Connect"
"1194260392","1194260423","US","United States of America","Charter Communications Inc"
"1195552856","1195552863","US","United States of America","Grade A Auto"
"1195612240","1195612283","US","United States of America","Charter Communications Inc"
"1196299776","1196299807","US","United States of America","Charter Communications Inc"
"1196312200","1196312215","US","United States of America","Charter Communications Inc"
"1196324680","1196324695","US","United States of America","Charter Communications Inc"
"1196337304","1196337327","US","United States of America","Charter Communications Inc"
"1196350752","1196350867","US","United States of America","Charter Communications Inc"
"1196771076","1196771079","US","United States of America","Cookout"
"1197048968","1197049015","US","United States of America","Charter Communications LLC"
"1197257488","1197257503","US","United States of America","City of Sparks"
"1197599248","1197599263","US","United States of America","Craft Craft Enterprise"
"1198838696","1198838703","US","United States of America","Lou Franks"
"1199236176","1199236183","US","United States of America","Loren Apsey"
"1199518064","1199518071","US","United States of America","Ryan Arrington"
"1201839512","1201839519","US","United States of America","Nephcure Foundation"
"1202072752","1202072759","US","United States of America","Murtech Inc"
"1202415144","1202415151","US","United States of America","Zulewski.com"
"1202814216","1202814223","US","United States of America","Chen Erik"
"1203203912","1203203919","US","United States of America","Cook & Company"
"1203573368","1203573375","US","United States of America","Aileen Kelcher"
"1206910976","1206954239","US","United States of America","Verizon Business"
"1207315248","1207315255","US","United States of America","Greg Apostolou"
"1207687848","1207687855","US","United States of America","W B Engineering"
"1207997816","1207997823","US","United States of America","Care Design NY"
"1208105440","1208105447","CA","Canada","Crown Metal Packaging Canada LP"
"1208586912","1208586995","US","United States of America","DFW Datacenter"
"1208720687","1208720687","IE","Ireland","TradingVPS"
"1208784444","1208784471","CA","Canada","Rogers Communications Canada Inc."
"1208900608","1208901631","US","United States of America","Blazing SEO LLC"
"1208942016","1208942150","US","United States of America","Google LLC"
"1209090296","1209090303","US","United States of America","Charter Communications Inc"
"1209242576","1209242583","US","United States of America","Kevin Zupan"
"1209445184","1209445215","US","United States of America","Barry Communications Inc"
"1209904944","1209904959","US","United States of America","McMillan Study Guides"
"1210270144","1210270175","US","United States of America","AppLink"
"1210483848","1210483855","CA","Canada","Bis Inc."
"1210783584","1210783591","US","United States of America","Dunkin Donuts Northeast Distribu"
"1210798048","1210798055","US","United States of America","NYS TCS Bmha"
"1210815432","1210815439","US","United States of America","Charter Communications Inc"
"1210829792","1210829807","US","United States of America","Comfort Inn & Suites"
"1210895040","1210895063","US","United States of America","Iron Mountain Data Center"
"1210951032","1210951039","US","United States of America","HP Hood Inc."
"1210963144","1210963151","US","United States of America","Endeavor Health Services"
"1211020328","1211020343","US","United States of America","Premier Communications"
"1211296064","1211296079","US","United States of America","ImOn Routing"
"1211597564","1211597831","CA","Canada","Leaseweb Canada Inc."
"1211610180","1211610183","CA","Canada","SyriaNobles"
"1212313256","1212313263","US","United States of America","E Alex Jupiter"
"1212616272","1212616279","US","United States of America","Stater Bros. Markets"
"1213135608","1213206527","US","United States of America","Verizon Business"
"1213781128","1213781135","US","United States of America","Verizon Business"
"1214127648","1214127655","US","United States of America","Precision Systms Inc"
"1216417669","1216417669","JP","Japan","Charter Communications Inc"
"1216973104","1216973111","CA","Canada","Rogers Communications Canada Inc."
"1216982892","1216982895","CA","Canada","The UPS STORE NEWKIRK"
"1217024976","1217024999","CA","Canada","Rogers Communications Canada Inc."
"1217049680","1217049703","CA","Canada","Rogers Communications Canada Inc."
"1217072248","1217072251","CA","Canada","Legal Aid ONTARIO PINE RIDGE"
"1217080316","1217080355","CA","Canada","Rogers Communications Canada Inc."
"1217091472","1217091511","CA","Canada","Rogers Communications Canada Inc."
"1217192737","1217192737","CA","Canada","thehealthline.caInformationNetwork"
"1217331208","1217331215","CA","Canada","Rogers Communications Canada Inc."
"1217335692","1217335695","CA","Canada","Tangles HAIR SALON NEWMARKET"
"1217339836","1217339839","CA","Canada","Carbonfree TECHNOLOGY INC DUPONT"
"1217343928","1217343931","CA","Canada","Rogers Communications Canada Inc."
"1217349852","1217349855","CA","Canada","Dr Schep Newmarket"
"1217354020","1217354027","CA","Canada","Rogers Communications Canada Inc."
"1217358328","1217358331","CA","Canada","Lyric Find Inc. Dupont"
"1218723752","1218723759","US","United States of America","Kalmar Industires"
"1218775552","1218776063","US","United States of America","Cochise Community College"
"1218828880","1218828887","US","United States of America","Comfort Systems-Data"
"1218882888","1218882895","US","United States of America","Tawani Enterprises Inc."
"1219712212","1219712215","US","United States of America","Charter Communications Inc"
"1224056832","1224058879","US","United States of America","IPNetZone"
"1241612288","1241612543","NL","Netherlands (Kingdom of the)","Internet Utilities NA LLC"
"1241906784","1241906791","US","United States of America","Cape Cement and Supply"
"1244911824","1244911847","US","United States of America","Unite Private Networks LLC"
"1245591968","1245591975","US","United States of America","Range Media Partners"
"1245608432","1245608447","US","United States of America","Graceland College Ctr for Prof. Devel."
"1245626936","1245626943","US","United States of America","Kayne LLC"
"1245641992","1245641999","US","United States of America","Martinez Architects I"
"1247072896","1247072959","US","United States of America","Flexential Corp."
"1247221592","1247221599","US","United States of America","Bryant Rubber Corporation"
"1247240584","1247240591","US","United States of America","Lund Vand Dyke"
"1247259696","1247259703","US","United States of America","Charter Communications Inc"
"1247482104","1247482111","US","United States of America","William William"
"1247549136","1247549143","US","United States of America","Comcast Cable Communications LLC"
"1247561928","1247561935","US","United States of America","Acfm Corp"
"1247575328","1247575343","US","United States of America","The Town of Hammonton"
"1247587432","1247587439","US","United States of America","Barrett Business Services"
"1247599480","1247599487","US","United States of America","Bluff Lake Apts"
"1247611216","1247611223","US","United States of America","Comcast Cable Communications LLC"
"1247624000","1247624007","US","United States of America","Comcast Cable Communications LLC"
"1247636128","1247636143","US","United States of America","Comcast Cable Communications LLC"
"1247650880","1247650887","US","United States of America","Aquarium Wharf"
"1247663272","1247663279","US","United States of America","St Agnes Stephens"
"1247675352","1247675359","US","United States of America","Terry Levitt"
"1247689144","1247689151","US","United States of America","Tunnell Consulting"
"1247701400","1247701407","US","United States of America","Hirsch Associate LLC"
"1247713728","1247713767","US","United States of America","Comcast Cable Communications LLC"
"1247726488","1247726495","US","United States of America","USB Medical Solutions"
"1247739968","1247739975","US","United States of America","Comcast Cable Communications LLC"
"1247751928","1247751935","US","United States of America","AOP"
"1247764384","1247764391","US","United States of America","Secure Information S"
"1247776640","1247776647","US","United States of America","Comcast Cable Communications LLC"
"1247790048","1247790055","US","United States of America","Technic Color"
"1247803544","1247803551","US","United States of America","Comcast Cable Communications LLC"
"1248446056","1248446063","US","United States of America","D W Direct Inc"
"1248976800","1248976815","US","United States of America","BLS Limousine"
"1249160192","1249161215","US","United States of America","Milliman Inc."
"1249279128","1249279135","MM","Myanmar","Proton AG"
"1249552526","1249552551","US","United States of America","C2Hosting LLC"
"1249768808","1249768811","US","United States of America","Google LLC"
"1250832832","1250832839","US","United States of America","Maximus Auto Group"
"1250851864","1250851919","US","United States of America","Charter Communications Inc"
"1250867968","1250867975","US","United States of America","Belfor USA"
"1250883112","1250883143","US","United States of America","Charter Communications Inc"
"1250900528","1250900535","US","United States of America","Molina Healthcare Inc."
"1250916720","1250916727","US","United States of America","H B Molding Inc"
"1250936224","1250936231","US","United States of America","Drbky LLC"
"1254589630","1254589632","CA","Canada","GTT"
"1254602976","1254602979","US","United States of America","GTT Americas LLC"
"1254615488","1254615495","US","United States of America","Marvell Semiconductor Inc"
"1254778640","1254778655","US","United States of America","Cardinal Glass Industries Inc."
"1254969424","1254969431","US","United States of America","CGarchitect.com"
"1255019536","1255019551","US","United States of America","Publishers Creative Systems"
"1255348332","1255348335","US","United States of America","Smilesrestored"
"1255452784","1255452787","US","United States of America","FTW"
"1255468160","1255468203","US","United States of America","TPx Communications"
"1255479152","1255479159","US","United States of America","APR Acquisitions Inc DBA Aztec Tents"
"1255515128","1255515135","CA","Canada","Cover All Computer Services"
"1255805976","1255805983","US","United States of America","City of Columbus - W Oakland Ave"
"1255826440","1255826447","US","United States of America","Dr. Felix Gen"
"1255844280","1255844287","US","United States of America","JP Thomas Co Inc"
"1255863968","1255863975","US","United States of America","Cleveland County American Legion"
"1255880768","1255880791","US","United States of America","Charter Communications Inc"
"1255906128","1255906143","US","United States of America","Charter Communications Inc"
"1255925848","1255925855","US","United States of America","Everstory Partners"
"1256121064","1256121071","US","United States of America","Shoppa's Mid America"
"1263263664","1263263667","US","United States of America","Genesis Family Health Center PLC"
"1263999840","1263999855","US","United States of America","Charter Communications Inc"
"1264764968","1264764971","CA","Canada","Sobeys Capital Incorporated"
"1264786056","1264786063","US","United States of America","NAT Bank Bridgehampton"
"1264794336","1264794343","US","United States of America","Chsli- 4 5 Terry Smith"
"1264802664","1264802671","US","United States of America","New Canc Er and Blood"
"1264810880","1264810887","US","United States of America","Active C are Phy THRP"
"1264819256","1264819263","US","United States of America","T. Chanderlier"
"1264827760","1264827767","US","United States of America","Bell Glo Bal Solutions"
"1264836176","1264836183","US","United States of America","Eastches Volunteer Amb"
"1264844568","1264844575","US","United States of America","County Laser Fairfiel"
"1265647936","1265647943","US","United States of America","Greens Energy Service"
"1265676176","1265676183","US","United States of America","Skips Shoes and Western Boots"
"1266626668","1266626671","US","United States of America","Crews of Ca"
"1266652360","1266652367","US","United States of America","Giii - M Orris Goldfar"
"1266660804","1266660807","US","United States of America","Optimum Online"
"1266669288","1266669295","US","United States of America","Energy Spectrum"
"1266677608","1266677615","US","United States of America","St Pauls Lutheran CHR"
"1266889632","1266889639","US","United States of America","Vector Security Networks Fiber Subgrup"
"1267502592","1267502623","US","United States of America","Road Atlanta"
"1267736280","1267736287","US","United States of America","Comcast Cable Communications LLC"
"1267752992","1267752999","US","United States of America","Digistream Investigations"
"1267769368","1267769375","US","United States of America","Vanguard Networks"
"1267784032","1267784039","US","United States of America","Ocasa Logistics Solution"
"1267799616","1267799647","US","United States of America","Comcast Cable Communications LLC"
"1267814624","1267814639","US","United States of America","Comcast Cable Communications LLC"
"1267829256","1267829263","US","United States of America","Classic Closets Inc"
"1267848960","1267848967","US","United States of America","Stapleto Technology PA"
"1267865216","1267865231","US","United States of America","Comcast Cable Communications LLC"
"1267880464","1267880471","US","United States of America","The Taylor Compan"
"1267895660","1267895663","US","United States of America","Bank of America National Association"
"1267907232","1267907239","US","United States of America","Comcast Cable Communications LLC"
"1267926424","1267926431","US","United States of America","Davidson Insurance"
"1267941816","1267941823","US","United States of America","Comcast Cable Communications LLC"
"1267957912","1267957919","US","United States of America","Comcast Cable Communications LLC"
"1267974536","1267974631","US","United States of America","Comcast Cable Communications LLC"
"1267990656","1267990663","US","United States of America","Software Engineering"
"1268004384","1268004391","US","United States of America","Comcast Cable Communications LLC"
"1268020304","1268020311","US","United States of America","Autosearch"
"1268035472","1268035535","US","United States of America","Comcast Cable Communications LLC"
"1268047216","1268047231","US","United States of America","Comcast Cable Communications LLC"
"1268059672","1268059679","US","United States of America","Western-PA Thrift Inc"
"1268073048","1268073055","US","United States of America","Comcast Cable Communications LLC"
"1268090568","1268090575","US","United States of America","Law Ofc of Richard Zayas"
"1268104520","1268104527","US","United States of America","City of Opa Locka"
"1268121424","1268121471","US","United States of America","Comcast Cable Communications LLC"
"1268138680","1268138687","US","United States of America","Sheraton Four Points"
"1268153128","1268153135","US","United States of America","Cerebral Palsy of Mass"
"1268172992","1268173015","US","United States of America","Comcast Cable Communications LLC"
"1268188296","1268188319","US","United States of America","Comcast Cable Communications LLC"
"1268206536","1268206543","US","United States of America","LK Cnty LK Board"
"1268220432","1268220447","US","United States of America","Comcast Cable Communications LLC"
"1268235600","1268235607","US","United States of America","Gretz Be Company"
"1268400128","1268400159","CA","Canada","RGT/SMP"
"1275612552","1275612559","US","United States of America","Brookfield Properties (USA II ) LLC 450 W 33rd St"
"1275712260","1275712263","CA","Canada","Bloom Finance Company Ltd"
"1275880432","1275880447","US","United States of America","Phoenix Life Insurance Company"
"1275904824","1275904831","NG","Nigeria","Tavia Technologies Limited"
"1278550592","1278550599","US","United States of America","Prairiegledhill Owner LLC"
"1278565984","1278565991","US","United States of America","Adat Ari El"
"1278580864","1278580871","US","United States of America","OSI Systems Inc"
"1278605352","1278605359","US","United States of America","New Horizon Fiber Subgroup"
"1279452608","1279452615","CA","Canada","NHC."
"1279923156","1279923159","US","United States of America","Marsh McLennan"
"1279938028","1279938031","US","United States of America","Get Well Networks"
"1279954920","1279954927","CA","Canada","WireIE Canada Inc"
"1280047224","1280047231","CA","Canada","Goco Technology Limited Partnership"
"1280154369","1280154369","CK","Cook Islands","Indeed Inc."
"1280264400","1280264407","US","United States of America","One Stop Part Source"
"1280279760","1280279767","US","United States of America","Charter Communications Inc"
"1280293800","1280293811","US","United States of America","Charter Communications Inc"
"1280308016","1280308023","US","United States of America","Aligator Laundry"
"1280323088","1280323095","US","United States of America","Christopher Morin"
"1280335680","1280335743","US","United States of America","Great Call"
"1280348728","1280348735","US","United States of America","Charter Communications Inc"
"1280362144","1280362151","US","United States of America","Charter Communications Inc"
"1280377440","1280377447","US","United States of America","Charter Communications Inc"
"1280391224","1280391231","US","United States of America","04315 Healthcare District Imperial Valley"
"1280408896","1280408927","US","United States of America","City of South Pasadena"
"1280424552","1280424559","US","United States of America","NBP Corp"
"1280436816","1280436831","US","United States of America","Charter Communications Inc"
"1280521320","1280521327","US","United States of America","Charter Communications Inc"
"1287528728","1287528735","US","United States of America","Daytronic"
"1287541552","1287541559","US","United States of America","Hocking Hills Winery"
"1287594640","1287594643","US","United States of America","SDI Industries - 195 Stryker Rd."
"1294159168","1294159183","RU","Russian Federation","World's Star Ltd"
"1294895275","1294895275","RS","Serbia","Nis Nis ALEKSANDRA MEDVEDEVA 2A"
"1294899162","1294899162","RS","Serbia","Telekom Srbija"
"1294965730","1294965733","GB","United Kingdom of Great Britain and Northern Ireland","URAN Network"
"1295781648","1295781651","NL","Netherlands (Kingdom of the)","Stichting Mooizooi"
"1295788936","1295788939","NL","Netherlands (Kingdom of the)","Mustache Barbershop"
"1295796440","1295796447","NL","Netherlands (Kingdom of the)","KPN B.V."
"1295803916","1295803919","NL","Netherlands (Kingdom of the)","Deko Bakkerij"
"1295811488","1295811495","NL","Netherlands (Kingdom of the)","Blok Industriele Services B.V."
"1295818992","1295818995","NL","Netherlands (Kingdom of the)","KPN B.V."
"1295826216","1295826223","NL","Netherlands (Kingdom of the)","Brandweerkarzerne Schiekerk"
"1295833560","1295833563","NL","Netherlands (Kingdom of the)","Vos car-sound"
"1295841016","1295841023","NL","Netherlands (Kingdom of the)","KPN B.V."
"1295848608","1295848611","NL","Netherlands (Kingdom of the)","H.J. Schuiling"
"1295856208","1295856231","NL","Netherlands (Kingdom of the)","KPN B.V."
"1295864168","1295864191","NL","Netherlands (Kingdom of the)","KPN B.V."
"1295871712","1295871719","NL","Netherlands (Kingdom of the)","Tennisver Avanti 55"
"1295878972","1295878975","NL","Netherlands (Kingdom of the)","KPN B.V."
"1295886664","1295886687","NL","Netherlands (Kingdom of the)","KPN B.V."
"1295894456","1295894463","NL","Netherlands (Kingdom of the)","Plot design"
"1295902312","1295902319","NL","Netherlands (Kingdom of the)","Firat Supermarkten"
"1296252352","1296252359","DE","Germany","GTT Communications Inc."
"1296255207","1296255208","BE","Belgium","GTT Communications Inc."
"1296257565","1296257566","FR","France","GTT Communications Inc."
"1296267505","1296267506","NL","Netherlands (Kingdom of the)","GTT Communications Inc."
"1296771072","1296773119","LT","Lithuania","ACC Distribution UAB"
"1296974568","1296974571","CZ","Czechia","Smarty CZ a.s."
"1297747833","1297747843","DE","Germany","Threatoff"
"1297920000","1297921023","SA","Saudi Arabia","Kalaam Telecom Bahrain B.S.C."
"1298946120","1298946127","RU","Russian Federation","OJSC Comcor"
"1299176928","1299176943","GB","United Kingdom of Great Britain and Northern Ireland","Callminer Inc"
"1306431248","1306431255","UA","Ukraine","BMFN Ltd Dnepr Libnehta STR. 4D"
"1307446400","1307446455","IT","Italy","Telecom Italia S.p.A."
"1307700968","1307700975","NL","Netherlands (Kingdom of the)","Duetsche Lufthansa"
"1307900568","1307900575","AT","Austria","Helmut Adrigan"
"1308367716","1308367719","PL","Poland","Netia SA"
"1308397484","1308397487","PL","Poland","Customer Connected by Netia"
"1309197112","1309197119","PL","Poland","RONAL-POLSKA Sp. z o.o."
"1309289472","1309289475","PL","Poland","Cuprum-Med Spolka Z Ograniczona Odpowiedzialnoscia"
"1309351972","1309351975","PL","Poland","Tedi Siec Handlowa Spolka Z Ograniczona Odpowiedzialnoscia"
"1309362140","1309362143","PL","Poland","Eisberg Spolka Z O.O"
"1309374216","1309374219","PL","Poland","Netia SA"
"1311074320","1311074327","RU","Russian Federation","Education Department of Pskov region"
"1311717288","1311717295","DE","Germany","Jan Gleitsmann"
"1314943232","1314943263","RO","Romania","UPC Romania Albesti E320"
"1315866624","1315866879","CH","Switzerland","Unite Informatique Departem. Uid"
"1317268560","1317268563","PL","Poland","TSP Warszawa2"
"1317814280","1317814527","DE","Germany","Telekom Deutschland GmbH"
"1318033024","1318033027","IE","Ireland","Temp/30 Test Subnet"
"1318706928","1318706943","IE","Ireland","Blacknight Internet Solutions Limited"
"1322758400","1322759167","IT","Italy","Iliad Italia S.p.A"
"1331928217","1331928218","NL","Netherlands (Kingdom of the)","Equinix (Finland) Oy"
"1332026464","1332026471","RS","Serbia","Telekom Srbija"
"1332030414","1332030414","RS","Serbia","TIS"
"1332035148","1332035163","RS","Serbia","TIS"
"1333526528","1333526783","BG","Bulgaria","Hostway"
"1334383616","1334383679","DE","Germany","OVH SAS"
"1336579072","1336580095","ES","Spain","Avatel Telecom SA"
"1342964048","1342964063","FR","France","IAS Gate SEGMA Lyon"
"1343238228","1343238255","IT","Italy","Telecom Italia S.p.A."
"1343253336","1343253359","IT","Italy","Telecom Italia S.p.A."
"1343273632","1343273647","IT","Italy","Tecnodigital"
"1343296400","1343296407","IT","Italy","Associazione Centro Astalli"
"1343313648","1343313655","IT","Italy","Edizioni Moderna Societa' Cooperativa"
"1343328400","1343328411","IT","Italy","Telecom Italia S.p.A."
"1343348760","1343348763","IT","Italy","Feder S.r.l."
"1343364244","1343364247","IT","Italy","Giovanni Clerici & Figli S.p.A."
"1343376496","1343376503","IT","Italy","Demservice SRL"
"1343388408","1343388411","IT","Italy","Gantel SRL"
"1343403200","1343403215","IT","Italy","Telecom Italia S.p.A."
"1343420624","1343420631","IT","Italy","Valleandrea CSNC"
"1343437328","1343437343","IT","Italy","Gespac S.r.l."
"1343453744","1343453759","IT","Italy","Cartiani SRL"
"1343467280","1343467283","IT","Italy","Capone Profumi SRL"
"1343479952","1343479959","IT","Italy","Temporanei Clienti Esteri C/O Sparkle SpA"
"1343499736","1343499739","IT","Italy","Abbattista Societa' Per Azioni"
"1343513008","1343513023","IT","Italy","Telecom Italia S.p.A."
"1343528792","1343528795","IT","Italy","Consorzio Intercomunale Dei Servizi Socio Assistenziali"
"1343543280","1343543295","IT","Italy","Gesta SpA"
"1343565468","1343565475","IT","Italy","Telecom Italia S.p.A."
"1343579032","1343579035","IT","Italy","Proni E Zaccherini S.r.l."
"1343593752","1343593755","IT","Italy","Telecom Italia S.p.A."
"1343607296","1343607315","IT","Italy","Telecom Italia S.p.A."
"1343631928","1343631935","IT","Italy","Telecom Italia S.p.A."
"1343647324","1343647327","IT","Italy","Telecom Italia S.p.A."
"1343662136","1343662143","IT","Italy","Associazione Sportiva I Roveri"
"1343680032","1343680047","IT","Italy","Telecom Italia S.p.A."
"1343699236","1343699239","IT","Italy","Hitachi Rail STS S.p.A."
"1343713056","1343713071","IT","Italy","Platypus S.r.l."
"1343731656","1343731663","IT","Italy","Agostinoromeosrl"
"1343746400","1343746403","IT","Italy","Calzedonia SpA"
"1346508888","1346508895","DE","Germany","Swo Speicherpark Aurich GmbH Extumer Weg 46 D-26605 Aurich"
"1346887168","1346887679","RU","Russian Federation","JSC Uralsviazinform Tyumen Branch"
"1347228320","1347228351","DE","Germany","Homelab Hosting"
"1347492728","1347492735","DE","Germany","Ludwig Dorr Staedtereinigung GmbH Co.KG"
"1347742208","1347742335","NL","Netherlands (Kingdom of the)","Proserve Customer ID 445"
"1348189168","1348189175","UA","Ukraine","Gluschenko Datagroup"
"1348433504","1348433507","CZ","Czechia","Comdata Czech a.s."
"1349090016","1349090039","IT","Italy","Telecom Italia S.p.A."
"1350047984","1350047996","AT","Austria","A1 Telekom Austria AG - Business Customer"
"1350052288","1350052291","AT","Austria","Gerhard Feiersinger"
"1350060345","1350060345","AT","Austria","Egon Schoepf"
"1350064356","1350064359","AT","Austria","Hotel Die Alpbacherin GmbH"
"1350068304","1350068311","AT","Austria","Robinson Austria GmbH"
"1350072496","1350072503","AT","Austria","Wuerth Hochenburger GmbH"
"1350082512","1350082515","AT","Austria","Simon Hochleitner"
"1350090627","1350090627","AT","Austria","A1 Telekom Austria AG"
"1350098736","1350098739","AT","Austria","Franz Wolf Gesellschaft m.b.H."
"1350102659","1350102659","AT","Austria","A1 Telekom Austria AG"
"1350151916","1350151919","AT","Austria","Robert Kovacs"
"1350158760","1350158767","AT","Austria","Andritz AG"
"1350164636","1350164639","AT","Austria","Botschaft von Japan"
"1350168778","1350168778","AT","Austria","Kurt Matis"
"1350172799","1350172800","AT","Austria","A1 Telekom Austria AG"
"1350176784","1350176795","AT","Austria","A1 Telekom Austria AG - Business Customer"
"1350181080","1350181083","AT","Austria","Erhard Meindl"
"1350185556","1350185559","AT","Austria","A1 Telekom Austria AG - Business Customer"
"1350189948","1350189948","AT","Austria","Florian Satzinger GmbH"
"1350194320","1350194323","AT","Austria","Carl Hochstoeger"
"1350198789","1350198789","AT","Austria","A1 Telekom Austria AG"
"1350202932","1350202936","AT","Austria","A1 Telekom Austria AG - Business Customer"
"1350206992","1350206999","AT","Austria","A1 Telekom Austria AG - Business Customer"
"1350211264","1350211267","AT","Austria","Reinhard Kartusch"
"1350219713","1350219719","AT","Austria","A1 Telekom Austria AG - Business Customer"
"1350225660","1350225660","AT","Austria","A1 Telekom Austria AG - Business Customer"
"1350228940","1350228941","AT","Austria","A1 Telekom Austria AG - Business Customer"
"1350232712","1350232715","AT","Austria","Nessling Wirtschaftstreuhand & Steuerberatungs GmbH"
"1350236060","1350236063","AT","Austria","Wolfgang Farkas"
"1350256380","1350256380","AT","Austria","A1 Telekom Austria AG - Business Customer"
"1350260308","1350260309","AT","Austria","A1 Telekom Austria AG - Business Customer"
"1350263888","1350263891","AT","Austria","Wisam Al-Shami-Haery"
"1350267436","1350267439","AT","Austria","Telekom Austria TA Aktiengesellschaft"
"1350271788","1350271791","AT","Austria","AWW Handels GmbH"
"1350276400","1350276403","AT","Austria","A1 Telekom Austria AG - Business Customer"
"1350286440","1350286443","AT","Austria","Kiendler Gesellschaft M.B.H."
"1350290576","1350290579","AT","Austria","A1 Telekom Austria AG"
"1350294781","1350294781","AT","Austria","EZOR Bau GmbH"
"1350303017","1350303018","AT","Austria","A1 Telekom Austria AG - Business Customer"
"1351801984","1351801991","DE","Germany","Itmediaconsult"
"1351959792","1351959807","DE","Germany","KNOTT"
"1351984096","1351984103","DE","Germany","Neovii Biotech"
"1352006960","1352006967","DE","Germany","Deutsche Telekom AG"
"1352042928","1352042943","DE","Germany","Deutsche Telekom AG"
"1352062328","1352062335","DE","Germany","Roemheld GmbH Friedrichshuette"
"1352148964","1352148967","DE","Germany","Alcoa Automotive GmbH"
"1352291764","1352291767","DE","Germany","XXXLutz Friedrichshafen"
"1352322744","1352322751","DE","Germany","Electrisize GmbH"
"1352343736","1352343743","DE","Germany","Spitzke SE"
"1352369544","1352369551","DE","Germany","Schuett Ingenieurbau GmbH Co KG"
"1352378432","1352378439","DE","Germany","Rampf Dosiertechnik GmbH"
"1352409472","1352410111","DE","Germany","Airbus Group S.A.S."
"1352457088","1352457115","DE","Germany","Deutsche Telekom AG"
"1352515312","1352515319","DE","Germany","DWB Holding GmbH"
"1353258208","1353258219","SE","Sweden","Colt Technology Services Group Limited"
"1353271272","1353271279","IT","Italy","COMDATA Spa"
"1353282344","1353282351","IT","Italy","Colt Technology Services Group Limited"
"1353296728","1353296735","GB","United Kingdom of Great Britain and Northern Ireland","BFI"
"1353310392","1353310399","GB","United Kingdom of Great Britain and Northern Ireland","360 Treasury Systems AG"
"1353660336","1353660339","GB","United Kingdom of Great Britain and Northern Ireland","Cloud Business - LEF"
"1353705808","1353705822","GB","United Kingdom of Great Britain and Northern Ireland","King's School"
"1354518328","1354518343","CZ","Czechia","Praha"
"1355732424","1355732431","IT","Italy","Maxima SRL Unipersonale"
"1357126816","1357126823","DE","Germany","Straschu Mackenstedter Strasse 9 D-28816 Stuhr"
"1357141600","1357141607","DE","Germany","Brueggen Herzlake Net"
"1357347616","1357347617","FR","France","Roquette Tatac"
"1357430064","1357430095","LV","Latvia","Links"
"1357873706","1357873707","BE","Belgium","Arelion Sweden AB"
"1357881986","1357882008","BE","Belgium","Arelion Sweden AB"
"1357890814","1357890823","BE","Belgium","Arelion Sweden AB"
"1358031128","1358031135","IT","Italy","webservers DIGITRONICITSRL"
"1358351232","1358351239","NL","Netherlands (Kingdom of the)","Aragorn Eindhoven"
"1358563520","1358563583","CZ","Czechia","WIA Spol. S R.O. Cheb Czech Republic"
"1358671736","1358671743","PT","Portugal","WeWork"
"1358788192","1358788207","ES","Spain","Toyota Materials Handling"
"1358934016","1358934783","RU","Russian Federation","PPPoE and PPTP Clients"
"1359098432","1359098447","RU","Russian Federation","Studio Pavla Gordeeva Ltd"
"1359317064","1359317071","GB","United Kingdom of Great Britain and Northern Ireland","KCOM Group plc"
"1359793888","1359793919","RO","Romania","Institutul National de Neurologie"
"1359916136","1359916143","DE","Germany","Diakovere gGmbH"
"1359978512","1359978519","PL","Poland","ATM SA"
"1360229088","1360229119","FI","Finland","Seclan Oy"
"1360547840","1360551935","RU","Russian Federation","Subnet LLC"
"1360932096","1360932351","NL","Netherlands (Kingdom of the)","Signet B.V. Amsterdam"
"1363712472","1363712479","IT","Italy","Business srl"
"1363728560","1363728567","IT","Italy","Radio Stereo Centotre SRL"
"1363743032","1363743039","IT","Italy","Telecom Italia S.p.A."
"1363759936","1363759943","IT","Italy","Telecom Italia S.p.A."
"1363844816","1363844823","IT","Italy","Mori Metello snc"
"1363870264","1363870271","IT","Italy","Archimede Gruden SRL"
"1363895848","1363895855","IT","Italy","De Guglielmostefano"
"1364207265","1364207265","FR","France","Dgddi Raei"
"1364214051","1364214051","FR","France","Credit Agricole Technologies"
"1364219660","1364219662","FR","France","Gie Pichet Fonctions Support"
"1364225431","1364225431","FR","France","Carrefour"
"1364228956","1364228956","FR","France","Orange S.A."
"1364232374","1364232374","FR","France","Etablissements Masse SAS"
"1364241902","1364241902","FR","France","Orange S.A."
"1364246027","1364246028","FR","France","Orange S.A."
"1364253481","1364253481","FR","France","Zone Industrielle la Sabliere"
"1364256814","1364256814","FR","France","Av de la Foret"
"1364261339","1364261339","FR","France","Red Racing"
"1364827272","1364827279","SE","Sweden","Rely Sweden AB"
"1365165504","1365165535","GB","United Kingdom of Great Britain and Northern Ireland","Redstation Colocation Customer"
"1366316320","1366316327","IT","Italy","Consorzio Cooperativo Conserve Italia Soc. Coop. A R.L."
"1366337664","1366337679","IT","Italy","Camomilla di Biagini & C. S.N.C."
"1366368728","1366368735","IT","Italy","Intelcom SpA"
"1366400704","1366400719","IT","Italy","EDM SRL"
"1366425160","1366425167","IT","Italy","Appiadistribuz.Alimentaris.R.L"
"1366456480","1366456487","IT","Italy","Ascomservizisrl"
"1366486300","1366486303","IT","Italy","Prototipo SpA"
"1366527744","1366527747","IT","Italy","Amministrazionecomunaledicatan"
"1366544888","1366544895","IT","Italy","Comunedicicciano"
"1366579784","1366579791","IT","Italy","Cisco Photonics Italy SRL"
"1366597904","1366597911","IT","Italy","Telecom Italia S.p.A."
"1366621248","1366621263","IT","Italy","Debonaspa"
"1366644048","1366644055","IT","Italy","Eurekadimidavainemariedominiqu"
"1366667473","1366667473","IT","Italy","Telecom Italia S.p.A."
"1366714492","1366714492","IT","Italy","Telecom Italia S.p.A."
"1366775368","1366775375","IT","Italy","Regionetoscana"
"1366833520","1366833523","IT","Italy","Pubblicaassistenzavolontariabr"
"1366891920","1366891923","IT","Italy","Chelinispa"
"1366941336","1366941343","IT","Italy","Opticalservice97"
"1366968264","1366968271","IT","Italy","Gruppoautotrasportatoriimperie"
"1366976220","1366976223","IT","Italy","Soncinafabrizio"
"1366984632","1366984639","IT","Italy","Telecom Italia S.p.A."
"1367014164","1367014167","IT","Italy","Debeaumontmichele"
"1367033208","1367033215","IT","Italy","Studiovalentisncdivalentiurban"
"1367053432","1367053439","IT","Italy","Telecom Italia S.p.A."
"1367071504","1367071511","IT","Italy","Cedacsasdiclaudiorusso"
"1369965544","1369965551","GB","United Kingdom of Great Britain and Northern Ireland","KCOM Group plc"
"1370317732","1370317735","GB","United Kingdom of Great Britain and Northern Ireland","Sewan Nederland B.V."
"1370373448","1370373455","IT","Italy","M.C.& S. Marketing Consulting SRL"
"1370653140","1370653143","GB","United Kingdom of Great Britain and Northern Ireland","Barratt Highworth"
"1370658278","1370658279","GB","United Kingdom of Great Britain and Northern Ireland","Next PLC"
"1371555112","1371555115","FR","France","Mundo Emancipado"
"1371597900","1371597903","FR","France","Aref Souss Massa Draaaref Souss Massa Draa"
"1371750784","1371750847","RU","Russian Federation","OOO Intlajns"
"1371761884","1371761887","RU","Russian Federation","OOO Rest Servis 2"
"1371772220","1371772223","RU","Russian Federation","OOO Fermens"
"1371781104","1371781111","RU","Russian Federation","OOO Fortajt"
"1371791292","1371791295","RU","Russian Federation","Associacija Mezhdun-nih Avtomobilnih perevozchikov"
"1371945168","1371945175","LV","Latvia","Runway SIA"
"1372154625","1372154632","IE","Ireland","Equinix (EMEA) Acquisition Enterprises B.V."
"1372167176","1372167176","DE","Germany","Augustusburg Scharfenstein Lichtenwalde"
"1372604992","1372605023","IT","Italy","Datasiel"
"1372670804","1372670807","FI","Finland","Kokkolanlaakarikeskusoy"
"1372744208","1372744211","PL","Poland","CIRRUS Maria Pioro"
"1373311688","1373311695","PL","Poland","Douglas Polska Sp. z o.o."
"1373345404","1373345407","PL","Poland","Beta Security System Spolka Z Ograniczona Odpowiedzialnoscia"
"1373916738","1373916739","NL","Netherlands (Kingdom of the)","Telia Network Services"
"1375083192","1375083195","BE","Belgium","Familiehulp"
"1375092224","1375092239","BE","Belgium","Proximus NV"
"1375103984","1375103991","BE","Belgium","Multiprox"
"1375479073","1375479073","FR","France","Credit Lyonnais"
"1375489864","1375489871","FR","France","Sce Soins Inf A Domicile Giennois"
"1375506968","1375506975","FR","France","Orange S.A."
"1375521960","1375521967","FR","France","Q Park France"
"1375669356","1375669357","FR","France","Orange S.A."
"1375674652","1375674654","FR","France","Orange S.A."
"1375680838","1375680844","FR","France","Orange S.A."
"1375687000","1375687003","FR","France","Dardenne"
"1375695196","1375695199","FR","France","Abg Climatique"
"1375701194","1375701194","FR","France","Neoler"
"1375707312","1375707319","FR","France","Foselev Atlantique"
"1375713608","1375713615","FR","France","L O B S T"
"1375720920","1375720935","FR","France","Orange S.A."
"1377140955","1377140955","GB","United Kingdom of Great Britain and Northern Ireland","Internet Utilities Europe and Asia Limited"
"1377461760","1377462271","US","United States of America","Internet Utilities Europe and Asia Limited"
"1380188160","1380231191","GB","United Kingdom of Great Britain and Northern Ireland","Zen Internet Ltd"
"1380443368","1380443375","GB","United Kingdom of Great Britain and Northern Ireland","Atlas Computer Systems LTD"
"1381302272","1381302279","IT","Italy","Nsa Group S.r.l."
"1381333248","1381333279","IT","Italy","La piazzetta s.a.s."
"1381586616","1381586647","IT","Italy","Telecom Italia S.p.A."
"1382176064","1382176071","DE","Germany","Milch & Zucker AG"
"1382341520","1382341527","DE","Germany","Escha GmbH & Co. KG"
"1382436359","1382436736","CY","Cyprus","Primetel PLC"
"1383181328","1383181335","GB","United Kingdom of Great Britain and Northern Ireland","Internet Netblock Allocation for The Longhirst Group"
"1383296320","1383296327","DE","Germany","Picotronic GmbH"
"1384305664","1384305695","ES","Spain","Ayuntamiento de Donostia Centro Informatico Municipal"
"1384395008","1384395519","HR","Croatia","Croatian Academic and Research Network"
"1384408656","1384408663","HR","Croatia","Osnovna skola Runovic"
"1384590976","1384590983","DE","Germany","Martens Rechsanwaelte"
"1384656512","1384656639","GB","United Kingdom of Great Britain and Northern Ireland","Burstfire Networks Ltd"
"1384828224","1384828239","GB","United Kingdom of Great Britain and Northern Ireland","GTT - EMEA Ltd."
"1384994592","1384994595","FI","Finland","Tulikuumakumpuoy"
"1385001892","1385001895","FI","Finland","Solohealthoy"
"1385068932","1385068943","CZ","Czechia","Vodafone Czech Republic A.S."
"1385527440","1385527447","AT","Austria","KP-Busi-Dum Tel C00"
"1385694136","1385694151","GB","United Kingdom of Great Britain and Northern Ireland","KCOM Group plc"
"1385728968","1385728975","MX","Mexico","aAIM Limited"
"1386227252","1386227255","PL","Poland","TK Telekom Sp. z o.o."
"1386373424","1386373439","RU","Russian Federation","Torgovye Avtomaty"
"1386397696","1386398207","RU","Russian Federation","Artemovsky Unit of Electrical Communications"
"1387800184","1387800191","IT","Italy","Telecom Italia S.p.A."
"1387816236","1387816239","IT","Italy","Isco Clima S.r.l."
"1387834640","1387834647","IT","Italy","Consorzio Intercomunale di SE"
"1387857392","1387857399","IT","Italy","Telecom Italia S.p.A."
"1387879576","1387879583","IT","Italy","CONSIR"
"1387894800","1387894811","IT","Italy","Telecom Italia S.p.A."
"1387910144","1387910151","IT","Italy","Cifacentros.P.A."
"1387921208","1387921223","IT","Italy","Telecom Italia S.p.A."
"1387934552","1387934559","IT","Italy","Centro Edile Antonini-S.R.L."
"1387950052","1387950055","IT","Italy","LA Bella Giovanna"
"1387969176","1387969183","IT","Italy","Euroedil S.r.l."
"1387980480","1387980487","IT","Italy","Lepointveterinaireitaliesrl"
"1387992380","1387992383","IT","Italy","Esecuzioneimpiantipetroliferi9"
"1388002160","1388002167","IT","Italy","Telecom Italia S.p.A."
"1388014520","1388014527","IT","Italy","Consorzio Archimede Societa' Cooperativa"
"1388033984","1388033991","IT","Italy","Comunecollesannita"
"1388045136","1388045143","IT","Italy","Saeldipetriniec.snc"
"1388066928","1388066935","IT","Italy","Asmvogheraspa"
"1388089864","1388089871","IT","Italy","Cooperativasocialever.Coop.A.R"
"1388100056","1388100063","IT","Italy","Dyaguar S.r.l."
"1388111248","1388111263","IT","Italy","T.C.Datasrl"
"1388129236","1388129263","IT","Italy","Telecom Italia S.p.A."
"1388144600","1388144607","IT","Italy","Arduiniluciano"
"1388157664","1388157671","IT","Italy","Jolipeaudicasamentidanieleefre"
"1388181912","1388181919","IT","Italy","Imperialspa"
"1388206752","1388206767","IT","Italy","Telecom Italia S.p.A."
"1388223912","1388223919","IT","Italy","N.T.4Businesss.R.L."
"1388236776","1388236783","IT","Italy","Emme Pisrl"
"1388257856","1388257863","IT","Italy","Curiageneraliziaagostiniana"
"1388272908","1388272911","IT","Italy","Adria di Prosperi Pierino E C. S.N.C."
"1388287472","1388287479","IT","Italy","Coingas S.p.A."
"1388303176","1388303183","IT","Italy","Consorziouniversitarioperlapro"
"1388551680","1388551935","IE","Ireland","Sungardas Ireland"
"1388873128","1388873135","KZ","Kazakhstan","Colocation"
"1388882948","1388882951","KZ","Kazakhstan","Fyzkulzhyloi"
"1388888976","1388888979","KZ","Kazakhstan","Akmolinskaja oblast"
"1388895460","1388895463","KZ","Kazakhstan","Obraz Eskeldi"
"1388902536","1388902539","KZ","Kazakhstan","KZI"
"1389148352","1389148415","RU","Russian Federation","Cementum-Centr LLC"
"1389384320","1389384335","RU","Russian Federation","Private network for"
"1389493062","1389493063","BY","Belarus","Republican Unitary Telecommunication Enterprise Beltelecom"
"1390061312","1390061315","AT","Austria","KP Busi Y35896A00"
"1390324936","1390324943","TR","Turkiye","Acp Sigorta ve Reasurans Brokerligia.S."
"1399024688","1399024695","LU","Luxembourg","Fuchs Associes Finance SA"
"1399270048","1399270055","IT","Italy","Fastweb SpA"
"1399284564","1399284587","IT","Italy","Fastweb SpA"
"1399323080","1399323087","RO","Romania","Iordache Bogdan Nicusor"
"1401756416","1401756671","DE","Germany","DE - ITP-Solutions.de Nickenich"
"1402340736","1402340751","CH","Switzerland","Kromer Print AG"
"1403631616","1403632639","DE","Germany","Kabel Deutschland Breitband Customer 5"
"1406012124","1406012127","FR","France","Entreprise de Travaux Disolation"
"1406025288","1406025295","FR","France","Orange S.A."
"1406051216","1406051223","FR","France","Ass Res des Hautes Terres"
"1406070400","1406070431","FR","France","Air Liquide IT"
"1406836128","1406836135","GB","United Kingdom of Great Britain and Northern Ireland","EE IBA Ltd"
"1407050544","1407050547","DE","Germany","CBH Rechtsanwalte"
"1407734232","1407734255","NL","Netherlands (Kingdom of the)","KPN B.V."
"1407747232","1407747263","NL","Netherlands (Kingdom of the)","KPN B.V."
"1407760144","1407760151","NL","Netherlands (Kingdom of the)","Zeeland Logistiek bv"
"1407772928","1407772935","NL","Netherlands (Kingdom of the)","KPN B.V."
"1407925968","1407925999","GR","Greece","Thessaloniki"
"1408117312","1408117375","PL","Poland","Biuro Zarzadu Nieruchomosciami POSESJA"
"1408156640","1408156655","PL","Poland","Exalo Drilling S.A."
"1408409232","1408409239","RU","Russian Federation","MTS PJSC"
"1410209984","1410210047","ES","Spain","Union de Creditos Inmobiliarios SA"
"1410227256","1410227263","FR","France","Sanofi Pasteur SA"
"1410243384","1410243391","FR","France","Laboratoire d'Eylau"
"1410260400","1410260407","FR","France","Forsides Consulting Group"
"1410382400","1410382403","CH","Switzerland","Colt Technology Services Group Limited"
"1411561088","1411561119","FI","Finland","Espoon Elakekotisaatio"
"1412635280","1412635287","TR","Turkiye","Superonline Iletisim Hizmetleri A.S."
"1416921122","1416921122","IE","Ireland","Liberty Global Europe Holding B.V."
"1416923609","1416923610","FR","France","Liberty Global Europe Holding B.V."
"1416937073","1416937073","DE","Germany","Liberty Global Europe Holding B.V."
"1416949795","1416949796","GB","United Kingdom of Great Britain and Northern Ireland","Liberty Global Europe Holding B.V."
"1422355376","1422355391","BE","Belgium","TELENET Customer IMKSORI"
"1424592848","1424592863","FR","France","GTT Communications Inc."
"1425073460","1425073463","KZ","Kazakhstan","JSC Kazakhtelecom"
"1425126784","1425126799","NL","Netherlands (Kingdom of the)","Lucas IT BV - Cloud"
"1425854096","1425854099","GB","United Kingdom of Great Britain and Northern Ireland","Langley House Trust - HO"
"1425861272","1425861275","GB","United Kingdom of Great Britain and Northern Ireland","Hugo Boss - London"
"1426605104","1426605111","DE","Germany","Ipw Net"
"1426804216","1426804223","PL","Poland","Przedsiebiorstwo Uslugowo-Handlowe Alva 1 Dariusz Ostrowski"
"1427093504","1427094527","RU","Russian Federation","Comintel Ltd."
"1427258160","1427258175","IT","Italy","Link Idea Multimedia"
"1427275204","1427275207","IT","Italy","Concerto SRL"
"1427306060","1427306063","IT","Italy","Cmat Other"
"1427551432","1427551463","DE","Germany","DOKOM Gesellschaft fuer Telekommunikation mbH"
"1428170616","1428170623","IT","Italy","Solvay Chimica Italia SpA"
"1428186048","1428186055","IT","Italy","Conceriatolios.P.A."
"1428202812","1428202815","IT","Italy","Idro Clima Service di Fornaca Angelo snc"
"1428215088","1428215095","IT","Italy","IBMITALIASPA"
"1428234844","1428234847","IT","Italy","Lady Bugs SRLS"
"1428250224","1428250224","IT","Italy","Zonaterritorialen.7"
"1428265568","1428265575","IT","Italy","Tecniworkspa"
"1428281592","1428281599","IT","Italy","Satotravelsrl"
"1428301376","1428301383","IT","Italy","Veneto Arreda 3 SRL"
"1428316840","1428316847","IT","Italy","Ecochems.R.L."
"1428334392","1428334399","IT","Italy","Editricelavoces.R.L."
"1428351712","1428351719","IT","Italy","Francesco Pineider SpA"
"1428370616","1428370623","IT","Italy","Istitutodiricercheeconomichees"
"1428385040","1428385043","IT","Italy","Cup 2000 S.C.P.A."
"1428404456","1428404463","IT","Italy","Amministrazioneprovincialesale"
"1428420040","1428420047","IT","Italy","Dataopticalsrl"
"1428445704","1428445711","IT","Italy","Tecnosport SRL"
"1428462452","1428462455","IT","Italy","Liceo Scientifico Statale Antonelli Novara"
"1428477024","1428477031","IT","Italy","Arelle Componenti Oleodinamici SRL"
"1428497288","1428497295","IT","Italy","E M A Emporio Macchine Agricole snc di Carboni Marri C."
"1428512392","1428512399","IT","Italy","Cup 2000 SpA"
"1428527464","1428527471","IT","Italy","Parabellaspa"
"1428544992","1428544995","IT","Italy","Acetifici Italiani Modena SRL"
"1428569944","1428569951","IT","Italy","Mitutoyo Italiana SRL A Socio Unico"
"1428586296","1428586303","IT","Italy","Liceo Classico E Scientifico"
"1428606440","1428606447","IT","Italy","Albergo Ai Pini S.A.S. di Bal"
"1428647032","1428647063","IT","Italy","Telecom Italia S.p.A."
"1428667256","1428667263","IT","Italy","Falbomotor SRL"
"1428682968","1428682975","IT","Italy","S e A L di Germano Donato SAS"
"1428708032","1428708063","IT","Italy","Deutsche Bank S.p.A."
"1428723312","1428723319","IT","Italy","Img Service S.A.S di Allasia Andrea C."
"1428736408","1428736415","IT","Italy","Promark S.r.l."
"1428747004","1428747007","IT","Italy","Viola Antonio SRL"
"1428765772","1428765775","IT","Italy","Gestioni Alberghiere SRL"
"1428790792","1428790799","IT","Italy","Idee in Fiera SRL"
"1428811896","1428811903","IT","Italy","Ferrantinimanuela"
"1428831936","1428831943","IT","Italy","Rizzi Giorgio"
"1428848288","1428848295","IT","Italy","Gulliver Piccola Societa' Coo"
"1428866264","1428866271","IT","Italy","Lanificio Luigi Colombo SpA"
"1428876940","1428876943","IT","Italy","Telecom Italia S.p.A."
"1428903936","1428903943","IT","Italy","Industriafarmaceuticaseronos.P"
"1428919472","1428919479","IT","Italy","Telecom Italia S.p.A."
"1428935848","1428935855","IT","Italy","Studio Associato Tornelli-Fe"
"1428972632","1428972635","IT","Italy","Athena snc di Riccardi Ezio E Diemmi Pietro"
"1428985620","1428985623","IT","Italy","Remas Antincendio SRL"
"1429008800","1429008807","IT","Italy","Ferpoint SRL"
"1429035328","1429035335","IT","Italy","Mapei S.p.A."
"1429049520","1429049523","IT","Italy","Bonta' G. E C. snc di Bonta' Giancarlo E C."
"1429067824","1429067839","IT","Italy","Di Giacomo Raffaele"
"1429082432","1429082471","IT","Italy","Telecom Italia S.p.A."
"1429096204","1429096207","IT","Italy","Studio Associato Padoan di Rag.Gianfrancesco Padoan Rag.Ilaria Zaltron Dott.Eugenio Rigon"
"1429117088","1429117095","IT","Italy","Casellato Mario"
"1429137272","1429137279","IT","Italy","Davani Francesco di Davani Lid"
"1429149316","1429149319","IT","Italy","Supermarket S. Francesco snc"
"1429168136","1429168143","IT","Italy","Abiogen Pharma SpA"
"1429178352","1429178367","IT","Italy","S.D. Interregionale di Antoni"
"1429192500","1429192503","IT","Italy","Banca Popolare di Crotone S.P."
"1429204488","1429204495","IT","Italy","Tabu S.p.A."
"1431871072","1431871079","PT","Portugal","Colt Technology Services Group Limited"
"1433338024","1433338031","TR","Turkiye","Mithatpasa cad. No:3 Sihhiye Ankara"
"1433607776","1433607779","DE","Germany","TelemaxX Telekommunikation GmbH"
"1434464376","1434464379","PL","Poland","Sad Rejonowy w Swiebodzinie"
"1434479040","1434479047","PL","Poland","Centrum Ksztalcenia Ustawicznego"
"1435103232","1435105279","HK","Hong Kong","Vapeline Technology (HK). Limited"
"1435314672","1435314687","RU","Russian Federation","OOO Sinteh"
"1436530440","1436530447","IT","Italy","Tecnoworld c/o Capello SpA Cuneo"
"1438118784","1438118911","DE","Germany","Vattenfall Europe Information Services GmbH"
"1438316864","1438316879","RO","Romania","Lucian Adrian Lucian"
"1438354688","1438354688","US","United States of America","A2 Hosting LLC"
"1438859128","1438859135","SE","Sweden","Linknet; iponly stadsnat region Mitt3"
"1439567568","1439567575","LT","Lithuania","UAB Expereo International"
"1440519072","1440519103","DE","Germany","MK Netzdienste GmbH & Co. KG"
"1440537968","1440537975","DE","Germany","Gert Griehl GmbH Stefan Richter"
"1441546032","1441546111","DE","Germany","Internetx GmbH"
"1441758184","1441758191","DE","Germany","BBL Brockdorff Rechtsanwaltsgesellschaft mbH"
"1446100080","1446100095","CZ","Czechia","Vodafone Czech Republic A.S."
"1446632093","1446632093","BY","Belarus","Beltelecom"
"1449551456","1449551471","RU","Russian Federation","Automan Ltd"
"1449833478","1449833479","GB","United Kingdom of Great Britain and Northern Ireland","Dazoot Software SRL"
"1450172696","1450172696","NL","Netherlands (Kingdom of the)","Demenin B.V."
"1450737472","1450737479","RO","Romania","RCS & RDS S.A."
"1465252352","1465252607","BE","Belgium","GTT - EMEA Ltd."
"1466493288","1466493319","DK","Denmark","GlobalConnect A/S"
"1467225412","1467225415","DK","Denmark","Royal Consul Europa A/S"
"1467400228","1467400231","RU","Russian Federation","JSC Macomnet"
"1467441569","1467441569","SE","Sweden","GTT Communications Inc."
"1467511665","1467511666","FR","France","Lycatel Distribution UK Limited"
"1468050760","1468050767","DE","Germany","NEUWEG Fertigung GmbH"
"1468076752","1468076759","DE","Germany","Peri GmbH"
"1468085320","1468085327","DE","Germany","Gelsenwasser AG"
"1468109992","1468109999","DE","Germany","Mum Solution GmbH & Co. KG"
"1468118288","1468118295","DE","Germany","Condumex Incorporated Zweigniederlassung Deutschland"
"1468126496","1468126503","DE","Germany","DB Intermodal Services GmbH"
"1468134920","1468134927","DE","Germany","Krankenhaus Lindenbrunn"
"1468143408","1468143415","DE","Germany","Do & Co Muenchen GmbH"
"1468151776","1468151783","DE","Germany","Kommunales Forum fuer Informationstechnik E. V."
"1468160104","1468160111","DE","Germany","Martin Schmid"
"1468168472","1468168479","DE","Germany","Fischer Automobile GmbH"
"1472075832","1472075839","DE","Germany","KOCAK Facility Management GmbH & Co. KG"
"1472128584","1472128703","DE","Germany","Deutsche Telekom AG"
"1472145416","1472145423","DE","Germany","Spicer Gelenkwellenbau"
"1472979472","1472979487","GR","Greece","Larisa"
"1473025424","1473025431","PL","Poland","GW Spolka Z Ograniczona Odpowiedzialnoscia"
"1474302548","1474302551","GB","United Kingdom of Great Britain and Northern Ireland","Meggitt Aerospace"
"1474319376","1474319383","GB","United Kingdom of Great Britain and Northern Ireland","Pearce Brothers Auto Rentals Ltd."
"1474327496","1474327503","GB","United Kingdom of Great Britain and Northern Ireland","Asbri Planning CN"
"1474474240","1474474495","RU","Russian Federation","Telecom Service Ltd."
"1475416496","1475416503","IT","Italy","IWG Holding Asset"
"1475663592","1475663595","SK","Slovakia","Artos IT 0003-Engt"
"1475899982","1475899982","IE","Ireland","Yahoo-UK Limited"
"1478501872","1478502143","IT","Italy","Telecom Italia S.p.A."
"1478519888","1478519891","IT","Italy","De Poda Immobiliare di de Poda"
"1478544916","1478544919","IT","Italy","Maso Europe S.r.l."
"1478558968","1478558975","IT","Italy","Tecchi Corrado"
"1478582528","1478582535","IT","Italy","Fixtubi"
"1478600112","1478600135","IT","Italy","Telecom Italia S.p.A."
"1478623048","1478623055","IT","Italy","Conqord Oil SRL"
"1478649960","1478649999","IT","Italy","Telecom Italia S.p.A."
"1478668968","1478668971","IT","Italy","New Fer di Palazzani Arianna E C SAS"
"1478678640","1478678655","IT","Italy","Promax Italia SRL"
"1478698832","1478698855","IT","Italy","Telecom Italia S.p.A."
"1478718020","1478718023","IT","Italy","Fermati SRL"
"1478729284","1478729287","IT","Italy","Telecom Italia S.p.A."
"1478746656","1478746663","IT","Italy","Sportlife S.r.l."
"1478772456","1478772463","IT","Italy","Telecom Italia S.p.A."
"1478790384","1478790391","IT","Italy","Rentokil Initial Italia SpA"
"1478813788","1478813791","IT","Italy","Prudenziato Marco"
"1478833732","1478833735","IT","Italy","Mellin SpA"
"1478850056","1478850063","IT","Italy","A.S.T.A. SRL"
"1478867000","1478867007","IT","Italy","Angelo Randazzo S.r.l."
"1478881296","1478881303","IT","Italy","Mei S.r.l."
"1478906160","1478906167","IT","Italy","Agenzia Per la Promozione Dell"
"1478937232","1478937247","IT","Italy","Telecom Italia S.p.A."
"1478947368","1478947375","IT","Italy","Le Club Sport Squash SRL"
"1478979568","1478979575","IT","Italy","Telecom Italia S.p.A."
"1478990040","1478990047","IT","Italy","CE.FO.P. Comunita' Braccianti"
"1479010528","1479010535","IT","Italy","Home Gel Service S.A.S.di Gio"
"1479040736","1479040751","IT","Italy","Istituto Superiore II Grado F.lli Costa Azara Liceo Scientifico E Ipsaa Sorgono"
"1479063984","1479063991","IT","Italy","Emiliana Conglomerati SpA"
"1479075688","1479075695","IT","Italy","Arcotronics Industries SRL"
"1479094944","1479094975","IT","Italy","Telecom Italia S.p.A."
"1479114992","1479114999","IT","Italy","Telecom Italia S.p.A."
"1479132336","1479132343","IT","Italy","Confederazione Italiana Agrico"
"1479146800","1479146807","IT","Italy","Stampa E Stampa SAS di Ciro Bosso E C"
"1479175656","1479175663","IT","Italy","Freudenbergtecnologiedifiltrazionesasdiexternaholdingsrl"
"1479194144","1479194151","IT","Italy","Mainox Group S.p.A."
"1479210372","1479210375","IT","Italy","Candia S.r.l."
"1479236512","1479236519","IT","Italy","Ages SpA"
"1479251400","1479251401","IT","Italy","Museo Naz. Dell'Automobile Avvocato Giovanni Agnelli"
"1479299952","1479299955","IT","Italy","Ferrero S.p.A."
"1479314488","1479314495","IT","Italy","Equilon SpA"
"1479324664","1479324671","IT","Italy","Diversi Impianti SRL"
"1479336744","1479336767","IT","Italy","Telecom Italia S.p.A."
"1479368736","1479368751","IT","Italy","Telecom Italia S.p.A."
"1479380976","1479380983","IT","Italy","Totos S.A.S. di Francesca Comite E C."
"1479406388","1479406391","IT","Italy","Tekneko Sistemi Ecologici SRL"
"1479428312","1479428319","IT","Italy","IBM Italia SpA"
"1479440416","1479440423","IT","Italy","Paterlini Shares SpA"
"1479471368","1479471375","IT","Italy","Rossi Costruzioni S.r.l."
"1479493944","1479493951","IT","Italy","Coop.Unione di Trezzo Sull'Adda SCRL"
"1479592272","1479592287","IT","Italy","Telecom Italia S.p.A."
"1479605376","1479605383","IT","Italy","Scuola E Lavoro Marche Soc. Coop."
"1479619792","1479619807","IT","Italy","Societacooperativaediserviziitaliasoccooparl"
"1479635432","1479635439","IT","Italy","Confederazione Italiana Agrico"
"1479647936","1479647943","IT","Italy","DPS Group S.r.l."
"1479658896","1479658903","IT","Italy","Grand Hotel il Saraceno SpA"
"1479681368","1479681375","IT","Italy","Hotel du Lac SRL"
"1479712304","1479712307","IT","Italy","Telecom Italia S.p.A."
"1479724216","1479724223","IT","Italy","Imprese Costruzioni Edili Brescia S.r.l."
"1479754592","1479754607","IT","Italy","Farma Tre Informatica Srl"
"1479767416","1479767423","IT","Italy","Premiata Erboristeria Veneta S.r.l."
"1479780136","1479780143","IT","Italy","Electronic snc di Luchi Remo E C"
"1479828864","1479828871","IT","Italy","Arredamenti Aventino S P A"
"1479854576","1479854591","IT","Italy","Concetti Mirella"
"1479864535","1479864535","IT","Italy","Cup 2000 SpA"
"1479891832","1479891839","IT","Italy","Boehringer Ingelheim Italia SpA"
"1479914416","1479914423","IT","Italy","Camera del Lavoro Territoriale Cgil"
"1479932368","1479932375","IT","Italy","Salentauto de Nuzzo S.r.l."
"1479961680","1479961695","IT","Italy","Elettronica Biomedicale Italiana S.r.l."
"1479972896","1479972903","IT","Italy","Music Sun S.A.S. di Gerosa Damiano C."
"1479985240","1479985247","IT","Italy","Inco Industria Colori SpA"
"1480014824","1480014831","IT","Italy","Rtpharmasncdidottssaluciaredic"
"1480025800","1480025807","IT","Italy","Enerambiente S.p.A."
"1480045904","1480045911","IT","Italy","Telecom Italia S.p.A."
"1480075408","1480075415","IT","Italy","Timesys SRL"
"1480088776","1480088783","IT","Italy","G.P.L. SRL"
"1480116726","1480116727","IT","Italy","Cup 2000 SpA"
"1480125992","1480125999","IT","Italy","Associazione Comunita' Papa Giovanni XXIII"
"1480141664","1480141671","IT","Italy","Easy Grafica di Valleroni M."
"1480160744","1480160751","IT","Italy","Distribuzione Moda Z.A.B. SRL"
"1480192104","1480192735","IT","Italy","Telecom Italia S.p.A."
"1480226408","1480226415","IT","Italy","Telecom Italia S.p.A."
"1480248048","1480248055","IT","Italy","Telecom Italia S.p.A."
"1480257800","1480257807","IT","Italy","Koelliker Gestioni"
"1480271144","1480271151","IT","Italy","Industrie Pica SpA"
"1480291040","1480291055","IT","Italy","Istituto Professionale Stato Servizi Comm.E Turist.A.Moro"
"1480309712","1480309727","IT","Italy","Megacom di Cardone Roberto"
"1480353856","1480353863","IT","Italy","Bernardi di Bernardi Lino Guido S.N.C."
"1480387088","1480387095","IT","Italy","Zumaglini E Gallina SpA"
"1480405008","1480405015","IT","Italy","H & M Hennes & Mauritz S.r.l."
"1480418944","1480418947","IT","Italy","Carmellini Silvano"
"1480431120","1480431127","IT","Italy","Magazzini Pesciarelli SRL"
"1480444532","1480444535","IT","Italy","Telecom Italia S.p.A."
"1480466264","1480466271","IT","Italy","Castiglioni Riccardo"
"1480483444","1480483447","IT","Italy","Nuovi Orizzonti Societa' Cooperativa Sociale"
"1480511616","1480511623","IT","Italy","Telecom Italia S.p.A."
"1480538440","1480538447","IT","Italy","FIR Data SRL"
"1480550016","1480550023","IT","Italy","Supermercati Pam S.p.A."
"1480566464","1480566471","IT","Italy","Invetro di Singh Chuhan Hugo Mario E Dinslage Ruth Bettina snc"
"1480577816","1480577823","IT","Italy","Brusa Barbara"
"1481593136","1481593143","DE","Germany","G+H Netzwerk-Design"
"1481618672","1481618679","DE","Germany","Media-Saturn Deutschland GmbH"
"1481818112","1481826303","ES","Spain","Jetnet Wimax S.A"
"1482686464","1482694655","GB","United Kingdom of Great Britain and Northern Ireland","Oracle Svenska AB"
"1482835808","1482835815","GB","United Kingdom of Great Britain and Northern Ireland","Dynamic Networks Group Ltd"
"1483998248","1483998251","AT","Austria","Robert Stock"
"1484001388","1484001391","AT","Austria","A1 Telekom Austria Aktiengesellschaft"
"1484004560","1484004563","AT","Austria","A1 Telekom Austria AG"
"1484008272","1484008291","AT","Austria","A1 Telekom Austria AG - Business Customer"
"1484012176","1484012191","AT","Austria","A1 Telekom Austria AG - Business Customer"
"1484015876","1484015879","AT","Austria","Martin Grillmair"
"1484019020","1484019023","AT","Austria","Simon Pajnik"
"1484022526","1484022526","AT","Austria","A1 Telekom Austria AG - Business Customer"
"1484026000","1484026003","AT","Austria","A1TA BDSL"
"1484029264","1484029271","AT","Austria","A1 Telekom Austria AG - Business Customer"
"1484032364","1484032367","AT","Austria","A1 Telekom Austria AG - Business Customer"
"1484036124","1484036131","AT","Austria","A1 Telekom Austria AG - Business Customer"
"1484040268","1484040271","AT","Austria","Petra Klampfl"
"1484045052","1484045053","AT","Austria","A1 Telekom Austria AG"
"1484049100","1484049101","AT","Austria","A1 Telekom Austria AG"
"1484054588","1484054589","AT","Austria","A1 Telekom Austria AG - Business Customer"
"1484058637","1484058637","AT","Austria","A1 Telekom Austria AG"
"1484062136","1484062139","AT","Austria","A1 Telekom Austria AG"
"1486036459","1486036459","IT","Italy","Ef6354-Ripe Net"
"1486208720","1486208727","IT","Italy","LA7337-RIPE NET"
"1486271752","1486271759","GB","United Kingdom of Great Britain and Northern Ireland","Custom Managed Hosting"
"1489397000","1489397007","DE","Germany","Hetzner Online GmbH"
"1489470464","1489470719","PL","Poland","Nowoczesne Systemy Automatyki"
"1489801448","1489801451","KZ","Kazakhstan","Akimat Aul Shaken"
"1489809040","1489809043","KZ","Kazakhstan","IP Ahmetov"
"1489814828","1489814831","KZ","Kazakhstan","RC Mamlyutka"
"1489820432","1489820435","KZ","Kazakhstan","KGKP Auliekolskii Selskohozyaistvennii Kolledzh"
"1489826296","1489826299","KZ","Kazakhstan","Kgu <Bibliotechnaya Sistema>"
"1490038798","1490038846","BE","Belgium","DataWeb Global Group B.V."
"1490472839","1490472840","CA","Canada","Overoptic Systems Ltd"
"1490668224","1490668227","DE","Germany","Taberna hospitalis GmbH + Co. KG"
"1492709264","1493109247","TR","Turkiye","Turk Telekomunikasyon Anonim Sirketi"
"1493135368","1493135375","TR","Turkiye","Turk Telekomunikasyon Anonim Sirketi"
"1493164560","1493164567","TR","Turkiye","Hoca Ahmed Yesevi cd no 15 Melikgazi Kayseri"
"1494506760","1494506767","CZ","Czechia","Systemec BV"
"1494771840","1494771847","CZ","Czechia","T-Mobile Czech Business Solutions"
"1495146561","1495146562","GB","United Kingdom of Great Britain and Northern Ireland","BSO Network Solutions SAS"
"1495449600","1495451647","MD","Moldova (the Republic of)","Moldtelecom SA"
"1495947520","1495947775","RO","Romania","Internet Utilities Europe and Asia Limited"
"1499478120","1499478127","IT","Italy","Regione Lombardia"
"1499501352","1499501359","IT","Italy","Metro 5"
"1499510320","1499510323","IT","Italy","Engie Italia"
"1499518568","1499518575","IT","Italy","Locatelli SpA"
"1499527372","1499527375","IT","Italy","Ad Infostudio snc"
"1499574064","1499574071","IT","Italy","Salo Resort"
"1499582936","1499582939","IT","Italy","ASL4 Chiavarese"
"1499590724","1499590727","IT","Italy","S.I.T. Sistemi Informatici E Telematici SRL"
"1500178804","1500178807","KZ","Kazakhstan","Aktau"
"1500840448","1500840703","FR","France","Hosteons Pte. Ltd."
"1502167168","1502167183","RO","Romania","SC Olx Online Services SRL"
"1502970977","1502970978","JP","Japan","GTT Communications Inc."
"1502973147","1502973148","DE","Germany","GTT Communications Inc."
"1502975717","1502975718","GB","United Kingdom of Great Britain and Northern Ireland","GTT Communications Inc."
"1502983531","1502983532","DE","Germany","GTT Communications Inc."
"1502985705","1502985706","US","United States of America","GTT Communications Inc."
"1503898384","1503898391","DE","Germany","UnitedColo RootServer"
"1504388444","1504388447","PL","Poland","Netia SA"
"1504399016","1504399023","PL","Poland","BASE GROUP Sp. z o.o."
"1504409160","1504409167","PL","Poland","Wasz Sklep Spar Spolka Z Ograniczona Odpowiedzialnoscia"
"1504426800","1504426815","PL","Poland","Wilenska 44"
"1504643548","1504643551","RU","Russian Federation","JSC Holding Erso"
"1504662264","1504662271","RU","Russian Federation","JSC Ritter Sport Chokolate"
"1505433600","1505433855","DE","Germany","The National Operator of Wireless Communication WiMAX-Ukraine"
"1506085184","1506085187","GB","United Kingdom of Great Britain and Northern Ireland","Youngs London"
"1506091152","1506091155","GB","United Kingdom of Great Britain and Northern Ireland","Bat Ball Pub"
"1506097524","1506097525","GB","United Kingdom of Great Britain and Northern Ireland","Barchester Epsom"
"1506103822","1506103823","GB","United Kingdom of Great Britain and Northern Ireland","Virtual1 Limited"
"1506109588","1506109591","GB","United Kingdom of Great Britain and Northern Ireland","Wicklesham Commercial PR"
"1506116188","1506116191","GB","United Kingdom of Great Britain and Northern Ireland","Mondorestaurant Coatbridge"
"1506123804","1506123807","GB","United Kingdom of Great Britain and Northern Ireland","Primeinvestors London"
"1506130024","1506130031","GB","United Kingdom of Great Britain and Northern Ireland","Unionbankukplc London"
"1506136744","1506136747","GB","United Kingdom of Great Britain and Northern Ireland","Britishwaterways Hinckley"
"1506143068","1506143071","GB","United Kingdom of Great Britain and Northern Ireland","Greensladetaylor Bridgwater"
"1506416616","1506416623","DE","Germany","Equinix (Germany) GmbH"
"1506469120","1506469439","GB","United Kingdom of Great Britain and Northern Ireland","GTT Communications Inc."
"1507461440","1507461447","KZ","Kazakhstan","JSC Kazakhtelecom"
"1507469328","1507469343","KZ","Kazakhstan","JSC Kazakhtelecom"
"1507476256","1507476271","KZ","Kazakhstan","g.Astana"
"1507483468","1507483471","KZ","Kazakhstan","Gu Con 2 Almaty"
"1507489668","1507489675","KZ","Kazakhstan","JSC Kazakhtelecom"
"1507497000","1507497003","KZ","Kazakhstan","Shymkent"
"1507502748","1507502755","KZ","Kazakhstan","Mahambetokrug"
"1507509928","1507509931","KZ","Kazakhstan","Aktobe"
"1507516248","1507516251","KZ","Kazakhstan","JSC Kazakhtelecom"
"1507521692","1507521695","KZ","Kazakhstan","Akmolinskaya obl."
"1508476672","1508476687","CZ","Czechia","Batz Czech s.r.o."
"1508818753","1508818753","GB","United Kingdom of Great Britain and Northern Ireland","M247 Europe SRL"
"1514400704","1514400767","FR","France","Orange S.A."
"1515206264","1515206287","FR","France","Orange S.A."
"1515225904","1515225919","FR","France","Thyssenkrupp Ascenseurs"
"1515246192","1515246199","FR","France","Ferrari Shipping Agency"
"1515250875","1515250875","FR","France","Fiduciaire du Bas Rhin"
"1515252140","1515252140","FR","France","Enodtis"
"1515253560","1515253560","FR","France","Orange S.A."
"1515254935","1515254937","FR","France","Orange S.A."
"1515256434","1515256434","FR","France","Infomil"
"1515257778","1515257778","FR","France","Air Liquide Gio"
"1515339592","1515339599","FR","France","BCM"
"1515342264","1515342271","MQ","Martinique","Bollore Logistics Martinique"
"1515375158","1515375158","FR","France","Comite Social et Economique Dassault F"
"1515377327","1515377327","FR","France","Emeraude Solaire"
"1515379744","1515379751","FR","France","Golfe Agencement"
"1515388768","1515388775","FR","France","CC de la Cote Dalbatre"
"1515396932","1515396935","FR","France","Hopital Arnay le Duc"
"1515409344","1515409359","FR","France","Soc Expertise Aquitaine Languedoc"
"1515418484","1515418487","FR","France","CNAF"
"1515427376","1515427383","FR","France","Seolis"
"1515439692","1515439695","FR","France","Orange S.A."
"1515446563","1515446564","FR","France","Orange S.A."
"1515447955","1515447955","FR","France","Credit Agricole Technologies"
"1515449442","1515449442","FR","France","Transports Bouyat Herve"
"1515451105","1515451105","FR","France","A J Reyt Fils"
"1515452629","1515452631","FR","France","Orange S.A."
"1515454266","1515454266","FR","France","Electricite de France"
"1515526824","1515526831","FR","France","Orange S.A."
"1515536430","1515536430","FR","France","Sarl le Collier"
"1515537767","1515537767","FR","France","Syngenta France SA"
"1515539203","1515539203","FR","France","Kiabi Europe"
"1515540867","1515540867","FR","France","Centre Hospitalier Aiguilles Queyras"
"1515543340","1515543340","FR","France","Orange S.A."
"1515545552","1515545552","FR","France","Easyhome Riviera"
"1515547011","1515547012","FR","France","Orange S.A."
"1515548398","1515548399","FR","France","Orange S.A."
"1515549614","1515549614","FR","France","Sofinord"
"1515550923","1515550923","FR","France","Carrefour Systemes D Information"
"1515552239","1515552239","FR","France","FranceLocation"
"1515558288","1515558295","FR","France","Vert et Rouge"
"1515566648","1515566651","FR","France","Lutry"
"1515574692","1515574695","FR","France","Commune de Saint Marcellin"
"1515577176","1515577178","FR","France","Orange S.A."
"1515853824","1516109823","FR","France","Orange S.A."
"1516639759","1516639759","FR","France","Sika France"
"1516644766","1516644766","FR","France","Orange S.A."
"1516645944","1516645944","FR","France","Credit Lyonnais"
"1516647252","1516647252","FR","France","Le Sayec Couvoir du Mont du Salut"
"1516648557","1516648557","FR","France","Garage le Roc Automobiles"
"1516649824","1516649827","FR","France","Aldi Marche Dammartin"
"1516651509","1516651509","FR","France","Credit Agricole Centre Est"
"1516658616","1516658623","FR","France","Coallia"
"1516666245","1516666245","FR","France","Groupe Etchart SAS"
"1516671288","1516671295","FR","France","Merem"
"1516679528","1516679535","FR","France","Heli Air Monaco"
"1516691033","1516691033","FR","France","Gerstaecker Strasb Geant Beaux Arts"
"1517489709","1517489709","FR","France","HBI"
"1517494637","1517494637","FR","France","Challancin Accueil et Services"
"1517497043","1517497043","FR","France","Formatives"
"1517498284","1517498284","FR","France","Manpower"
"1517510872","1517510879","FR","France","Orange S.A."
"1517517747","1517517765","FR","France","Orange S.A."
"1517529337","1517529337","FR","France","Baywa R E Solar Systems"
"1517530552","1517530553","FR","France","Grand Frais Gestion"
"1517549994","1517549994","FR","France","Novata"
"1517881784","1517881791","FR","France","Esri France"
"1517890344","1517890351","FR","France","Porte du Levezou"
"1517899192","1517899199","FR","France","Stelo Formation"
"1517906984","1517906987","FR","France","Commune de Jard Sur Mer"
"1517912363","1517912363","FR","France","Samsic"
"1517913587","1517913587","FR","France","Sarl Chazelle Imprimeurs"
"1517914796","1517914796","FR","France","Orange S.A."
"1517915989","1517915989","FR","France","Brico Issoire"
"1517917337","1517917337","FR","France","Credit Lyonnais"
"1517918625","1517918625","FR","France","Gerard B"
"1517919863","1517919863","FR","France","Garage N Abelard"
"1517921154","1517921154","FR","France","Syndicat des Eaux de la Gatine"
"1517922371","1517922371","FR","France","Tempo Orange Events"
"1517929361","1517929361","FR","France","Mairie"
"1517932840","1517932847","FR","France","Flash Echafaudages"
"1517941024","1517941031","FR","France","Ani Gest Ets Pers Age Fon Cong"
"1517962107","1517962110","FR","France","Mairie de Sezanne"
"1517963321","1517963321","FR","France","Musthane"
"1517964452","1517964452","FR","France","Infomil"
"1517989648","1517989663","FR","France","Kinobe"
"1520294232","1520294239","SI","Slovenia","Grammer automotive Slovenija d.o.o."
"1528307008","1528307015","DE","Germany","Westerfeld Metallverarbeitungs GmbH"
"1528318872","1528318879","DE","Germany","GeraNova Bruckmann Verlagshaus GmbH"
"1528329464","1528329471","DE","Germany","Quality Data E1 UG"
"1528341568","1528341583","DE","Germany","Bundesrechnungshof"
"1528388904","1528388911","DE","Germany","Alten- und Pflegeheim St. Josef"
"1528397256","1528397263","DE","Germany","Techniklotsen GmbH"
"1528405448","1528405463","DE","Germany","Eurofins Genomics Europe Shared Services GmbH"
"1528413808","1528413823","DE","Germany","Wuerth-Elektronik GmbH & Co KG"
"1528422152","1528422159","DE","Germany","Delme-Werkstaetten gGmbH"
"1528430464","1528430471","DE","Germany","Hamilton Lab Devices GmbH"
"1528438936","1528438943","DE","Germany","Artland Gymnasium"
"1528447456","1528447463","DE","Germany","Deutsche Telekom Individual Solutions & Products GmbH"
"1528456128","1528456135","DE","Germany","Transcom Services GmbH"
"1528465024","1528465031","DE","Germany","SLK-Kliniken Heilbronn GmbH"
"1528473544","1528473551","DE","Germany","Munichfashion.Company GmbH"
"1528482776","1528482783","DE","Germany","Remondis IT Services GmbH & Co.KG"
"1528493136","1528493143","DE","Germany","Central-Import Muenster GmbH und Co. KG Sitz Emsdetten"
"1532843520","1532843543","TR","Turkiye","Superonline Iletisim Hizmetleri A.S."
"1533506968","1533506975","DE","Germany","Range for Paatsch Steuerberatung over Netcom BW"
"1534715320","1534715327","PL","Poland","OVH SAS"
"1535186060","1535186072","SE","Sweden","Tele2 Sverige AB"
"1535553972","1535553975","CZ","Czechia","OVH SAS"
"1536048000","1536048127","SA","Saudi Arabia","Lux Green Technologies Sarl"
"1536574280","1536574281","RS","Serbia","Otp Banka Srbija Akcionarsko Drustvo Novi Sad"
"1536579396","1536579399","RS","Serbia","Callosseum Call Centar d.o.o. Beograd-Stari Grad"
"1539167156","1539167159","NL","Netherlands (Kingdom of the)","Gebr. Klein Gunnewiek Onroerend Goed B.V."
"1539735296","1539735551","RU","Russian Federation","Trusov Ilya Igorevych"
"1540202496","1540203519","RU","Russian Federation","Teletext-Plus Ltd."
"1540511744","1540512767","BG","Bulgaria","University of Ruse Angel Kanchev"
"1540910848","1540911103","SE","Sweden","N.Henulin"
"1541240202","1541240204","GB","United Kingdom of Great Britain and Northern Ireland","Abr Tose Eh Darya Group Company PJSC"
"1541673472","1541673983","RS","Serbia","Telekom Srbija"
"1542096896","1542097919","UA","Ukraine","PP Dmutrashko Evgeny Vitalievich"
"1542488576","1542488831","PL","Poland","Przedsiebiorstwo Produkcyjno-Handlowo-Uslugowe Mat-Sat Telecom Tomasz Olech"
"1543080400","1543080415","DE","Germany","Dohuser Weg 10 D-26409 Wittmund"
"1543093304","1543093311","DE","Germany","Neue Strasse 2 D-26624 Suedbrookmerland"
"1543105184","1543105191","DE","Germany","Twoelf Grasen 1 D-26446 Friedeburg"
"1546274136","1546274143","NO","Norway","A Larm"
"1546527148","1546527151","KZ","Kazakhstan","GU SH Musakulova"
"1546546680","1546546687","KZ","Kazakhstan","DKP"
"1546575692","1546575695","KZ","Kazakhstan","Didarhanov"
"1546591968","1546591971","KZ","Kazakhstan","Shymkent"
"1546611568","1546611583","KZ","Kazakhstan","JSC Kazakhtelecom"
"1546634048","1546634055","KZ","Kazakhstan","Taldyqorgan"
"1547079688","1547079695","GB","United Kingdom of Great Britain and Northern Ireland","Vodafone Business Solutions Limited"
"1547471424","1547471439","PL","Poland","Nasza Klasa Sp. z o.o."
"1547632128","1547632383","US","United States of America","MyAcct LTD"
"1547704552","1547704559","NL","Netherlands (Kingdom of the)","KPN B.V."
"1547712160","1547712191","NL","Netherlands (Kingdom of the)","KPN B.V."
"1547719456","1547719463","NL","Netherlands (Kingdom of the)","KPN B.V."
"1547726688","1547726691","NL","Netherlands (Kingdom of the)","Minced Veal BV"
"1547737728","1547737735","NL","Netherlands (Kingdom of the)","Engeltherm Oost"
"1547744880","1547744887","NL","Netherlands (Kingdom of the)","Invitado Presentaties"
"1547751968","1547751975","NL","Netherlands (Kingdom of the)","Hempel BV"
"1547759428","1547759431","NL","Netherlands (Kingdom of the)","Dtd Leeuwarden BV"
"1547767312","1547767319","NL","Netherlands (Kingdom of the)","Exchange Corporation Netherlands B."
"1547774856","1547774859","NL","Netherlands (Kingdom of the)","KPN B.V."
"1547782448","1547782455","NL","Netherlands (Kingdom of the)","Yachtelectronics Rimare B.V."
"1547790264","1547790267","NL","Netherlands (Kingdom of the)","Anijss Juwelier"
"1547797304","1547797327","NL","Netherlands (Kingdom of the)","KPN B.V."
"1547804824","1547804827","NL","Netherlands (Kingdom of the)","Vb Bestratingen BV"
"1547812288","1547812295","NL","Netherlands (Kingdom of the)","Utraco Holland BV"
"1547819800","1547819807","NL","Netherlands (Kingdom of the)","Hagrip"
"1547827008","1547827015","NL","Netherlands (Kingdom of the)","TJ van Erp"
"1547834064","1547834071","NL","Netherlands (Kingdom of the)","De Gulden Middenweg"
"1547841104","1547841111","NL","Netherlands (Kingdom of the)","KPN B.V."
"1547848584","1547848591","NL","Netherlands (Kingdom of the)","Mio Klussenbedrijf"
"1547856000","1547856007","NL","Netherlands (Kingdom of the)","KPN B.V."
"1547863608","1547863615","NL","Netherlands (Kingdom of the)","Kenniscomputers"
"1547870696","1547870703","NL","Netherlands (Kingdom of the)","Erve Brooks"
"1547877872","1547877879","NL","Netherlands (Kingdom of the)","Cofely Zuid BV"
"1547885160","1547885167","NL","Netherlands (Kingdom of the)","Houtsma BV"
"1547892672","1547892675","NL","Netherlands (Kingdom of the)","Dienst OCSW Gemeente Groningen NDE"
"1547899552","1547899559","NL","Netherlands (Kingdom of the)","Unilever N.V."
"1547906376","1547906379","NL","Netherlands (Kingdom of the)","Delto Solutions BV"
"1547913312","1547913319","NL","Netherlands (Kingdom of the)","HCE Consultancy & Engineering BV"
"1547920408","1547920415","NL","Netherlands (Kingdom of the)","Politie Noord- en Oost-Gelderland"
"1547927628","1547927631","NL","Netherlands (Kingdom of the)","Manege Lansbergen"
"1547934832","1547934847","NL","Netherlands (Kingdom of the)","KPN ZM CS TBI Inzake Baas"
"1547942104","1547942111","NL","Netherlands (Kingdom of the)","studenten voor PGB"
"1547949408","1547949411","NL","Netherlands (Kingdom of the)","Dier & Tekst"
"1547956712","1547956719","NL","Netherlands (Kingdom of the)","Supermarkt meertens v.o.f."
"1547963424","1547963431","NL","Netherlands (Kingdom of the)","Agens Nederland BV"
"1547970552","1547970559","NL","Netherlands (Kingdom of the)","Bouwhuis Biovergisting BV"
"1547977896","1547977907","NL","Netherlands (Kingdom of the)","KPN B.V."
"1547985060","1547985063","NL","Netherlands (Kingdom of the)","M & m'S Tjing Tjing"
"1547992420","1547992423","NL","Netherlands (Kingdom of the)","KPN B.V."
"1547999648","1547999655","NL","Netherlands (Kingdom of the)","Corsair Memory BV"
"1548006752","1548006755","NL","Netherlands (Kingdom of the)","KPN B.V."
"1548014224","1548014231","NL","Netherlands (Kingdom of the)","Gebroeders van Rijswijk"
"1548021528","1548021531","NL","Netherlands (Kingdom of the)","Webretailer"
"1548094368","1548094375","NL","Netherlands (Kingdom of the)","Pavanis Fuel Station BV"
"1548101368","1548101371","NL","Netherlands (Kingdom of the)","Kwadraat Aannemingsbedrijf B & U BV"
"1548109096","1548109103","NL","Netherlands (Kingdom of the)","Fixit de Auto Hobby Werkplaats"
"1548116268","1548116271","NL","Netherlands (Kingdom of the)","KPN B.V."
"1548123728","1548123735","NL","Netherlands (Kingdom of the)","Witlox"
"1548131320","1548131327","NL","Netherlands (Kingdom of the)","VOF Dance & Party-Place Gast"
"1548138328","1548138335","NL","Netherlands (Kingdom of the)","KPN B.V."
"1548145332","1548145335","NL","Netherlands (Kingdom of the)","KPN B.V."
"1548153144","1548153151","NL","Netherlands (Kingdom of the)","Juristenwijzer bv"
"1548209588","1548209591","NL","Netherlands (Kingdom of the)","Sufias Knip & Massagesalon"
"1548217544","1548217551","NL","Netherlands (Kingdom of the)","Delicatessen BACA"
"1548693976","1548693983","DE","Germany","Vossing Ingenieurgesellschaft mbH"
"1548707712","1548707727","DE","Germany","Excelsior Hotel Betriebsgesellschaft mbH"
"1549229984","1549230079","RO","Romania","Orange Romania S.A."
"1551474256","1551474267","CN","China","NXP Semiconductors Netherlands B.V."
"1554518528","1554518535","FR","France","Mairie de Louannec"
"1554525648","1554525651","FR","France","Sarl Ppel Pays Piscine Environn Loisir"
"1554533664","1554533671","FR","France","Capmetal"
"1554539505","1554539505","FR","France","Oc Sante"
"1554540683","1554540683","FR","France","Carrosserie Blanc"
"1554541850","1554541850","FR","France","Lelong Charpentes Couvertures"
"1554543102","1554543102","FR","France","Centre Hospitalier du Haut Anjou"
"1554544455","1554544455","FR","France","Selab"
"1554545818","1554545818","FR","France","Ehpad le Manoir"
"1554850487","1554850487","FR","France","Service Public Federal Affaires Etr"
"1554861008","1554861023","FR","France","Mairie de Neuilly en Thelle"
"1554869744","1554869751","FR","France","Orange S.A."
"1554883616","1554883623","FR","France","Beziers27"
"1554891408","1554891415","FR","France","Sodexo Sante Medico Social"
"1554899611","1554899611","FR","France","Ass Pour Pole Sante Canton Pieux"
"1554900872","1554900872","FR","France","LA Table de Cana"
"1554902220","1554902220","FR","France","Etablissements Tafanel"
"1554903505","1554903506","FR","France","Yprema"
"1554920163","1554920163","FR","France","The Kooples Production"
"1554922494","1554922494","FR","France","Afaser Foyers et Saj"
"1554926008","1554926015","FR","France","Fileo Conseil"
"1554935472","1554935479","FR","France","Prestalis"
"1554946288","1554946295","FR","France","Entreprise Pierre Gerard"
"1554966048","1554966055","FR","France","Orange S.A."
"1554974848","1554974863","FR","France","Orange S.A."
"1554989262","1554989263","FR","France","SCC France"
"1554997120","1554997127","FR","France","Easy Cash"
"1555005752","1555005755","FR","France","E B Trans Assistance"
"1555013596","1555013596","FR","France","Damovane"
"1555027268","1555027271","FR","France","Assoc Breviandes Accueil Social"
"1555033817","1555033822","FR","France","Orange S.A."
"1558083956","1558083959","IT","Italy","OVH SAS"
"1558155856","1558155871","IT","Italy","Carboni"
"1558165568","1558165575","IT","Italy","Italprogetti"
"1558174816","1558174831","IT","Italy","Kontact"
"1559513984","1559514015","SI","Slovenia","Osnovna sola II Murska Sobota"
"1562497784","1562497791","IT","Italy","Friul Materassi"
"1562507976","1562507983","IT","Italy","Vulcarapid di Demilio R. E C."
"1562858624","1562858631","IT","Italy","Luigi Dal Pozzo Arte E Artigianato"
"1562886720","1562886783","IT","Italy","Freecom SRL"
"1562898840","1562898847","IT","Italy","Meliado Paolo Quinto Ugo"
"1563019840","1563019847","IT","Italy","A. & B. di Alvaro Alessandro & C."
"1563063272","1563063279","IT","Italy","Esselunga"
"1563075308","1563075311","IT","Italy","Brovedani Group"
"1563087216","1563087223","IT","Italy","Fastweb-C S A - Centro Servizi Aziendali - S A S di Carl"
"1563104680","1563104687","IT","Italy","Ecologia Ambiente"
"1563116560","1563116567","IT","Italy","Kering Italia"
"1563127432","1563127439","IT","Italy","Damato Gilberto"
"1563256792","1563256799","IT","Italy","Simtec Ingegneria"
"1563298768","1563298775","IT","Italy","Aleco"
"1563340208","1563340215","IT","Italy","P. & P. Italia"
"1563352448","1563352455","IT","Italy","Planzer Trasporti"
"1563396592","1563396599","IT","Italy","Bimauto"
"1563408048","1563408063","IT","Italy","Ronzoni"
"1563526168","1563526175","IT","Italy","Digital Flex"
"1563660912","1563660919","IT","Italy","Invesco"
"1563670464","1563670471","IT","Italy","Alba Tramezzini"
"1563680352","1563680359","IT","Italy","Miele Avv. Vittorio"
"1563916336","1563916343","IT","Italy","Rigamonti Service"
"1563964784","1563964791","IT","Italy","Neapolis Informatica"
"1564019456","1564019487","IT","Italy","FW SME Demo UC"
"1564031168","1564031175","IT","Italy","M.A.Grendi Dal"
"1564041544","1564041551","IT","Italy","New Hotel Chiari S.A.S"
"1564373624","1564373631","IT","Italy","Istituto di Vigilanza Metronotte SRL"
"1564384384","1564384415","IT","Italy","Studio Genghini & Associati"
"1564395272","1564395279","IT","Italy","Tailor"
"1564404816","1564404823","IT","Italy","Sandenvendo Europe SpA"
"1564436016","1564436023","IT","Italy","Aghito Zambonini"
"1564452144","1564452151","IT","Italy","Jet Set Group"
"1564463512","1564463519","IT","Italy","Teknexpress 84 SRL"
"1564473916","1564473919","IT","Italy","Comunita Montana Valle del Tidone Other"
"1565700499","1565700499","AT","Austria","Karl Bachinger"
"1565706064","1565706064","AT","Austria","A1 Telekom Austria AG"
"1565711384","1565711387","AT","Austria","Friedrich Reumann"
"1565716604","1565716628","AT","Austria","A1 Telekom Austria AG"
"1565721944","1565721951","AT","Austria","Brian Johnston Hotelbetriebsgesellschaft m.b.H."
"1565725688","1565725691","AT","Austria","A1 Telekom Austria AG"
"1565730396","1565730399","AT","Austria","A1 Telekom Austria AG - Business Customer"
"1565734629","1565734631","AT","Austria","A1 Telekom Austria AG"
"1565739244","1565739247","AT","Austria","Maria Gust"
"1565744144","1565744147","AT","Austria","Manfred Rabitsch"
"1565748586","1565748586","AT","Austria","Barbara Dr. Hagen"
"1565753328","1565753331","AT","Austria","Rettet das Kind Landesverband Steiermark"
"1565759012","1565759015","AT","Austria","Gabriella Martucci-Ivessa"
"1565763688","1565763695","AT","Austria","Markus Mels Colloredo"
"1565767937","1565767937","AT","Austria","S Immo AG"
"1565773856","1565773859","AT","Austria","A1 Telekom Austria AG"
"1565779496","1565779499","AT","Austria","Marianne Leeb"
"1565785240","1565785255","AT","Austria","A1 Telekom Austria AG - Business Customer"
"1565987375","1565987375","RS","Serbia","Hotelsko Ugostiteljsko I Turisticko Preduzece Moskva Doo Beograd Stari Grad"
"1565993403","1565993403","RS","Serbia","Meandri Doo Nova Varos"
"1566117888","1566118911","IE","Ireland","Playtech Software Ltd"
"1566792984","1566792987","CZ","Czechia","Vodafone Czech Republic A.S."
"1567833346","1567833350","BA","Bosnia and Herzegovina","Fatcat Network S.A."
"1570261824","1570261887","GB","United Kingdom of Great Britain and Northern Ireland","Datasharp UK Ltd Managed Broadband ADSL Assignment"
"1570384000","1570384039","NL","Netherlands (Kingdom of the)","KPN B.V."
"1570396392","1570396399","NL","Netherlands (Kingdom of the)","Arlee Constructies"
"1570611200","1570613247","RU","Russian Federation","LLC Powernet"
"1571487744","1571488255","KZ","Kazakhstan","Tvoy Novy Telecom LLP"
"1572327048","1572327055","UA","Ukraine","PP Kumanikin Lisichansk Lenina PR-T 161 A"
"1572849664","1572851711","JE","Jersey","Sure Jersey Limited"
"1576051032","1576051039","DE","Germany","Heinrich Rohde Tief- und Strassenbau GmbH"
"1576059592","1576059599","DE","Germany","Hamburger Volksbank Eg"
"1576067968","1576067983","DE","Germany","Paul Hartmann AG"
"1576076392","1576076399","DE","Germany","Hoevelmann GmbH"
"1576085120","1576085127","DE","Germany","Frode Laursen Handewitt GmbH"
"1578268088","1578268091","DK","Denmark","Flemming Danhild Fald - WM"
"1579090464","1579090479","DE","Germany","Zayo Group UK Limited"
"1579709480","1579709503","PL","Poland","TK Telekom Sp. z o.o."
"1582304400","1582304415","IT","Italy","Coating Team SRL"
"1582316376","1582316383","IT","Italy","Istituto Tecnico Agrario Statale Codogno"
"1582342200","1582342207","IT","Italy","Catinaccioimpiantiafunespainsiglacatinacciospa"
"1582371936","1582371943","IT","Italy","Unione Agricoltori della Provincia di Torino"
"1582387800","1582387807","IT","Italy","Telecom Italia S.p.A."
"1582410864","1582410879","IT","Italy","Telecom Italia S.p.A."
"1582449024","1582449031","IT","Italy","Sanna Ediliza S R L Societa Unipersonale"
"1582461292","1582461295","IT","Italy","Telecom Italia S.p.A."
"1582472556","1582472559","IT","Italy","Regina Star S.r.l."
"1582498368","1582498375","IT","Italy","Idrotirrena Societa' Consortile A R.L."
"1582519304","1582519311","IT","Italy","Calzedonia SpA"
"1582540080","1582540095","IT","Italy","Libero Consorzio Comunale di Agrigento"
"1582561440","1582561443","IT","Italy","DK"
"1582574552","1582574559","IT","Italy","Auto Guidovie Italiane SpA"
"1582602360","1582602367","IT","Italy","I T I S"
"1582615880","1582615895","IT","Italy","Telecom Italia S.p.A."
"1582645376","1582645383","IT","Italy","Habitat Legno SpA"
"1582671632","1582671639","IT","Italy","Horizonts S.r.l."
"1582682560","1582682591","IT","Italy","Telecom Italia S.p.A."
"1582702408","1582702415","IT","Italy","Black Service SRL"
"1582730512","1582730515","IT","Italy","Ask Web SRL"
"1582741440","1582741455","IT","Italy","Telecom Italia S.p.A."
"1582764300","1582764303","IT","Italy","Sanitec Servizi Integrati Societa' Cooperativa Sociale"
"1582783528","1582783535","IT","Italy","V. Besana S.p.A."
"1582811148","1582811151","IT","Italy","Telecom Italia S.p.A."
"1582825744","1582825751","IT","Italy","Ambasciata di Finlandia"
"1582836712","1582836719","IT","Italy","Astrazeneca SpA"
"1582859584","1582859591","IT","Italy","Edit 7 S.R.L. Unipersonale"
"1582869636","1582869639","IT","Italy","Yuppiesservicessrl"
"1582895444","1582895447","IT","Italy","Telecom Italia S.p.A."
"1582915232","1582915239","IT","Italy","Concetta Saporito"
"1582944832","1582944839","IT","Italy","Fabry's SRL"
"1582955592","1582955599","IT","Italy","Goal Trading SpA"
"1582984824","1582984831","IT","Italy","Unico la Farmacia Dei Farmacisti S.p.A."
"1582996256","1582996263","IT","Italy","Gino Ceolin S.r.l."
"1583026568","1583026575","IT","Italy","Telecom Italia S.p.A."
"1583051488","1583051499","IT","Italy","Telecom Italia S.p.A."
"1583073704","1583073707","IT","Italy","Telecom Italia S.p.A."
"1583096368","1583096375","IT","Italy","Miroglio Fashion SRL"
"1583123808","1583123815","IT","Italy","Mister Web SRL"
"1583134768","1583134775","IT","Italy","Assicurazioni Finanza & Servizi SRL"
"1583174656","1583174919","IT","Italy","Telecom Italia S.p.A."
"1583204400","1583204411","IT","Italy","Telecom Italia S.p.A."
"1583239304","1583239311","IT","Italy","Carnevali Mauro"
"1583257188","1583257195","IT","Italy","Telecom Italia S.p.A."
"1583278072","1583284231","IT","Italy","Telecom Italia S.p.A."
"1583304872","1583304875","IT","Italy","Telecom Italia S.p.A."
"1583327832","1583327839","IT","Italy","Migliorauto di Miglioranza Ermes Denis snc"
"1583344004","1583344011","IT","Italy","Admiral Gaming Network S.r.l."
"1583688028","1583688031","DE","Germany","AFRY Deutschland GmbH"
"1585186752","1585186815","PL","Poland","S-NET Sp. z o.o."
"1585609392","1585610656","DE","Germany","Hetzner Online GmbH"
"1586200576","1586208767","MD","Moldova (the Republic of)","Moldcell S.A."
"1587152640","1587152895","DE","Germany","Fischer Group Se & Co. KG"
"1588709504","1588709519","IT","Italy","Lascaux SRL Net"
"1592048336","1592048351","FR","France","Organisation Professionnelle"
"1593415936","1593416191","NL","Netherlands (Kingdom of the)","Tech Tide Portugal Unipessoal LDA"
"1593441280","1593441280","US","United States of America","GHOSTnet GmbH"
"1593855072","1593855075","TR","Turkiye","TT International Telekomunikasyon Sanayi ve Ticaret Limited Sirketi"
"1593878544","1593878559","TR","Turkiye","Metro Ethernet Alsat Coklu IP"
"1597372448","1597372455","RU","Russian Federation","GP VO GPTP Farmacija"
"1597583828","1597583831","KZ","Kazakhstan","Karaganda"
"1597640716","1597640727","KZ","Kazakhstan","GU <Otdel Obrazovaniya Makhtaralskogo Rayona>"
"1597678820","1597678823","KZ","Kazakhstan","in Ust-Kamenogorsk"
"1597720516","1597720519","KZ","Kazakhstan","Akaischool279"
"1597766784","1597766811","KZ","Kazakhstan","Almaty Region"
"1600398851","1600398851","SG","Singapore","Akamai International B.V."
"1602446792","1602446799","DE","Germany","SAC GmbH"
"1603041328","1603041335","RS","Serbia","Brandarchitects ip network in Belgrade"
"1603848600","1603848603","GB","United Kingdom of Great Britain and Northern Ireland","Ultra Electronics"
"1604557640","1604557823","RU","Russian Federation","Dinet"
"1605758262","1605758263","CA","Canada","M247 Europe SRL"
"1608070564","1608070564","FI","Finland","Inooga Solutions GmbH"
"1610820096","1610820607","US","United States of America","MIDCO"
"1611227315","1611227316","GB","United Kingdom of Great Britain and Northern Ireland","Palo Alto Networks Inc"
"1611280344","1611280383","US","United States of America","Charter Communications Inc"
"1611295640","1611295647","US","United States of America","Charter Communications Inc"
"1611312416","1611312447","US","United States of America","Charter Communications Inc"
"1611328936","1611328959","US","United States of America","Charter Communications Inc"
"1611345968","1611345975","US","United States of America","Lowry Supply Co"
"1611365888","1611365927","US","United States of America","Charter Communications Inc"
"1611383880","1611383887","US","United States of America","TCS Esa 8"
"1611398672","1611398687","US","United States of America","Charter Communications Inc"
"1612708104","1612708131","US","United States of America","TPx Communications"
"1612976240","1612976255","US","United States of America","Charter Communications LLC"
"1613432032","1613432039","US","United States of America","HDC International"
"1613550736","1613550743","CA","Canada","Reliance Globalcom"
"1613613392","1613613399","CA","Canada","RGN Management Limited Partnership"
"1613727312","1613727315","US","United States of America","Insure on the Spot"
"1614288016","1614288023","US","United States of America","Optimum Online"
"1614296552","1614296567","US","United States of America","Optimum Online"
"1614305176","1614305183","US","United States of America","Equinoru .S. Holdings"
"1614313784","1614313791","US","United States of America","Optimum Online"
"1614322632","1614322639","US","United States of America","Prosourc Wholesale"
"1614331520","1614331527","US","United States of America","Pure Water Sol Inc"
"1614340136","1614340143","US","United States of America","Everest Ski Shop"
"1614348728","1614348735","US","United States of America","Dyn Abe Fisch Cpa"
"1614357472","1614357479","US","United States of America","Parkches Ter Preservat"
"1614366592","1614366599","US","United States of America","Optimum Online"
"1614375296","1614375303","US","United States of America","Yeled vYalda"
"1614384112","1614384119","US","United States of America","Icecream Shoppe Inc"
"1614393376","1614393379","US","United States of America","Civilize D Nation of P"
"1614402504","1614402511","US","United States of America","East Coa St Food Distr"
"1614411800","1614411807","US","United States of America","Optimum Online"
"1614638612","1614638615","US","United States of America","MT Juliet Health and Wellness"
"1615424520","1615424523","US","United States of America","Bank of America National Association"
"1625626896","1625626903","US","United States of America","Greg Odion"
"1625988872","1625988879","US","United States of America","Comprehensive Nursing Ser"
"1626542184","1626542191","US","United States of America","Em Systems Inc"
"1626817560","1626817583","US","United States of America","Verizon Business"
"1627277424","1627277439","US","United States of America","Plant City Data Service"
"1631880192","1631880199","US","United States of America","Audibel Hearing Center"
"1632084276","1632084279","US","United States of America","WAWA"
"1632100608","1632100615","US","United States of America","Assa Abloy"
"1632263870","1632263870","SG","Singapore","GoDaddy.com LLC"
"1632350984","1632350991","US","United States of America","Chrysalis"
"1632435088","1632435127","US","United States of America","Charter Communications Inc"
"1632454008","1632454015","US","United States of America","Premier Research"
"1632471888","1632471895","US","United States of America","Deposition Technologies"
"1632489152","1632489183","US","United States of America","Holiday Inn Airport"
"1632520032","1632520063","US","United States of America","Charter Communications Inc"
"1632578976","1632578983","US","United States of America","Usha Insurance"
"1632612960","1632612991","US","United States of America","Plan B Networks Inc."
"1632629664","1632629671","US","United States of America","Iglesia la Luz Delmundo Church"
"1633098976","1633099007","US","United States of America","Mastertag"
"1634276096","1634276103","US","United States of America","Oncology SA"
"1634291072","1634291079","US","United States of America","E P Forwarding Inc"
"1634307736","1634307743","US","United States of America","Liberty Software"
"1634322868","1634322871","US","United States of America","Charter Communications Inc"
"1644200592","1644200607","US","United States of America","Charter Communications Inc"
"1644218544","1644218879","US","United States of America","Charter Communications Inc"
"1644571800","1644571823","US","United States of America","Charter Communications Inc"
"1644585848","1644585855","US","United States of America","Rodolfo Vaquera"
"1644600112","1644600119","US","United States of America","VXI Global Solutions LLC"
"1644616744","1644616759","US","United States of America","Davita"
"1650722888","1650722903","US","United States of America","Homeland Technology Group LLC"
"1650742176","1650742215","US","United States of America","Charter Communications Inc"
"1650759136","1650759143","US","United States of America","Resnick Law"
"1650772280","1650772287","US","United States of America","Reinhart Boerner Van Deuren S.C."
"1650794056","1650794063","US","United States of America","Charter Communications Inc"
"1650809896","1650809919","US","United States of America","Charter Communications Inc"
"1650824008","1650824015","US","United States of America","Charter Communications Inc"
"1650839728","1650839735","US","United States of America","North Carolina League of Municipalities"
"1650855176","1650855199","US","United States of America","Charter Communications Inc"
"1650872832","1650872839","US","United States of America","Wisconsin Public Service Center A.K.A. Integrys Energy Group Inc"
"1650887480","1650887487","US","United States of America","City of Madisonville Ky"
"1650904280","1650904287","US","United States of America","Maxim Crane Works LP"
"1650922128","1650922143","US","United States of America","Charter Communications Inc"
"1650940368","1650940375","US","United States of America","Peters Heat Treating Inc"
"1650955656","1650955663","US","United States of America","Polen Implement Inc"
"1650970824","1650970831","US","United States of America","Charter Communications Inc"
"1651433416","1651433423","US","United States of America","The Oak Group Inc"
"1651773096","1651773103","US","United States of America","Billets America LLC"
"1652234688","1652234695","US","United States of America","Spectrum Fiber Delivery Enterprise Network"
"1652251104","1652251111","US","United States of America","Realeflow"
"1652267712","1652267719","US","United States of America","Wings Academies Cleveland"
"1652285080","1652285083","US","United States of America","Ufcw Local 880 Main"
"1652332976","1652332991","US","United States of America","GTT Americas LLC"
"1653523888","1653524111","US","United States of America","The Aero Group Inc."
"1653832640","1653832647","US","United States of America","Charter Communications Inc"
"1654141368","1654141375","US","United States of America","Culver Legal"
"1654160080","1654160087","US","United States of America","Charter Communications Inc"
"1654173280","1654173287","US","United States of America","Runway"
"1654187032","1654187039","US","United States of America","Asplundh Tree Experts LLC"
"1654220736","1654220767","US","United States of America","Charter Communications Inc"
"1654258224","1654258231","US","United States of America","M D Stainless Service"
"1654278920","1654278935","US","United States of America","Charter Communications Inc"
"1654568386","1654568387","US","United States of America","Hosting Services Inc."
"1672823740","1672823764","NL","Netherlands (Kingdom of the)","Twitch Interactive Inc."
"1672833202","1672833203","US","United States of America","Twitch Interactive Inc."
"1674607240","1674607243","CA","Canada","Little SHORTSTOP"
"1674684928","1674685095","CA","Canada","Rogers Communications Canada Inc."
"1676058624","1676059135","CA","Canada","Rogers Cable Communications Inc."
"1680595196","1680595199","US","United States of America","TPx Communications"
"1694506240","1694506495","JP","Japan","DCCOM02"
"1701711168","1701711231","JP","Japan","SoftBank Mobile Corp."
"1709646008","1709646011","CN","China","Tianjin mine mineral resources in the joint operation company limited Shanghai branch"
"1709670628","1709670639","CN","China","ChinaNet Shanghai Province Network"
"1709700792","1709700795","CN","China","Shanghai Petrochemical seawall management"
"1715845256","1715845263","ZA","South Africa","VFS - Pta"
"1720150016","1720156159","SC","Seychelles","Internet Security"
"1724591104","1724591359","KE","Kenya","Naivatel Customer Block"
"1725116892","1725116895","ZA","South Africa","Open Source P2P"
"1725431616","1725431679","CI","Cote D'ivoire","Projet FTTH Nokia"
"1725710520","1725710523","ZA","South Africa","Vision Works Optometrist"
"1725930496","1725931519","LY","Libya","Ozone Aljadid for Telecom and Technology LLC"
"1728340868","1728340885","US","United States of America","Facebook SG"
"1728619149","1728619155","MY","Malaysia","Kementerian Kesihatan Malaysia"
"1729036288","1729037311","JP","Japan","Sakura Internet Inc."
"1729473824","1729473855","NZ","New Zealand","RACK 51.1"
"1729910981","1729910985","HK","Hong Kong","Amarutu Technology Ltd."
"1730510848","1730511871","AU","Australia","Adelaide University"
"1731069952","1731070463","ID","Indonesia","PT Jaringanku Sarana Nusantara Malang"
"1731614088","1731614095","PH","Philippines","Royale Properties Inc."
"1732409344","1732410367","IN","India","Office of The Registrar General India"
"1732919552","1732919807","IN","India","Bhawani Technologies"
"1733553664","1733554175","PH","Philippines","AFMB Corporation"
"1734168834","1734168840","AU","Australia","Computer Helper Pty. Ltd."
"1734775296","1734775551","ID","Indonesia","PT Diginet Media"
"1735403520","1735404031","IN","India","Koli'Z Private Limited"
"1735946416","1735946431","TH","Thailand","Dnet Technology"
"1736601088","1736601343","IN","India","Skyber Broadband Service Private Limited"
"1737043968","1737044991","IN","India","Pteron Communication Pvt. Ltd."
"1737433600","1737434111","BD","Bangladesh","Alpha Sattelite Network"
"1737812480","1737812735","AU","Australia","CommSphere"
"1738196728","1738196734","US","United States of America","Melaleuca Inc"
"1738618368","1738618879","IN","India","M N Cable Vision"
"1739051008","1739051519","BD","Bangladesh","Friendi Online"
"1739426304","1739426815","ID","Indonesia","PT Serayu Multi Connection"
"1739862016","1739862527","NZ","New Zealand","Auckland Transport"
"1740372480","1740377087","-","-","-"
"1740968931","1740968958","CA","Canada","Vinam Solutions Private Limited"
"1741706240","1741706495","US","United States of America","UtahVPS.com"
"1742261248","1742262271","IN","India","Meghbela Infitel Cable and Broadband Private Limited"
"1743021824","1743022079","IN","India","Kafila Hospitality and Travels Private Limited"
"1743460096","1743460351","IN","India","Kedia Computer Service"
"1744072958","1744072959","SG","Singapore","Velia.net (HK) Ltd"
"1744574464","1744575487","IN","India","Northeast Dataa Network Pvt Ltd"
"1746671727","1746671743","US","United States of America","CloudFlare Inc."
"1746685446","1746685447","VG","Virgin Islands (British)","iCloud Private Relay"
"1746698795","1746698812","IQ","Iraq","iCloud Private Relay"
"1746703364","1746703371","AT","Austria","iCloud Private Relay"
"1746707117","1746707117","RU","Russian Federation","CloudFlare Inc."
"1746712918","1746712929","NL","Netherlands (Kingdom of the)","CloudFlare Inc"
"1746720831","1746720835","BG","Bulgaria","CloudFlare Inc."
"1746728661","1746728667","BR","Brazil","CloudFlare Inc."
"1746831163","1746831163","GH","Ghana","CloudFlare Inc."
"1746838642","1746838642","BR","Brazil","CloudFlare Inc."
"1746840293","1746840293","IN","India","CloudFlare Inc."
"1746842027","1746842027","AU","Australia","CloudFlare Inc."
"1747714118","1747714119","DE","Germany","Microsoft Corporation"
"1747717714","1747717714","ES","Spain","Microsoft Corporation"
"1747719991","1747719991","US","United States of America","Microsoft Corporation"
"1747723673","1747723673","US","United States of America","Microsoft Corporation"
"1747726620","1747726620","NL","Netherlands (Kingdom of the)","Microsoft Corporation"
"1747729367","1747729367","DE","Germany","Microsoft Corporation"
"1747772440","1747772445","US","United States of America","Microsoft Corporation"
"1747921664","1747923455","US","United States of America","Microsoft Corporation"
"1752752128","1752754175","AU","Australia","Akamai Technologies Inc."
"1753724996","1753724999","PL","Poland","Google LLC"
"1754226688","1754230783","US","United States of America","Colocation America Corporation"
"1754900224","1754900479","CA","Canada","Alliance Pour la Sante Etudiante Au Quebec Inc."
"1755841152","1755841215","US","United States of America","HostPapa"
"1757519288","1757519303","US","United States of America","TPx Communications"
"1759133344","1759133344","CA","Canada","UnmeteredInternet.com"
"1759465746","1759465758","NL","Netherlands (Kingdom of the)","HostPapa"
"1760492032","1760492287","US","United States of America","20 Point Networks LLC"
"1760886676","1760886691","US","United States of America","TPx Communications"
"1761261825","1761261825","GB","United Kingdom of Great Britain and Northern Ireland","Secure Internet LLC"
"1761497090","1761497100","CZ","Czechia","Globecorp Networks"
"1762657527","1762657532","ZA","South Africa","SEACOM Limited"
"1781571584","1781575679","IT","Italy","Beijing Blue I.T Technologies Co. Ltd."
"1804633984","1804633991","US","United States of America","Monticciolo Family Sedation Dentistry Lakewood Ra"
"1805005360","1805005367","US","United States of America","Synergy Technical Services"
"1805133171","1805133216","US","United States of America","Cloudfanatic.NET"
"1805787428","1805787467","US","United States of America","F5 Inc."
"1806494720","1806494975","US","United States of America","Erin Cross"
"1806605120","1806605183","US","United States of America","Sally Wang"
"1806852264","1806852287","US","United States of America","Input Output Flood LLC"
"1807704691","1807704691","CA","Canada","Matthew Irvine"
"1812854528","1812855551","US","United States of America","Verizon Business"
"1815661352","1815661359","US","United States of America","MMTH LLC DBA Marvelous Ma"
"1815749640","1815749647","US","United States of America","Metropol MD Ctr"
"1815758800","1815758803","US","United States of America","Laymanti Les"
"1815768008","1815768023","US","United States of America","Optimum Online"
"1815777376","1815777383","US","United States of America","CSC Holdings Inc. - Static IP Services"
"1815786664","1815786687","US","United States of America","Optimum Online"
"1815796448","1815796455","US","United States of America","Brooks& Brooks PC"
"1815834624","1815838719","US","United States of America","Mid-Rivers Telephone Cooperative Inc."
"1815968512","1815968527","FR","France","Choopa CDN"
"1822488328","1822488335","CA","Canada","Vertex SOLUTIONS CORP WOODBRIDGE"
"1822561544","1822561551","US","United States of America","Approved Fire Prevent"
"1822571304","1822571311","US","United States of America","McGee Plaza"
"1822665720","1822665727","CA","Canada","Bradley Moore"
"1823052936","1823052939","US","United States of America","Tata Communications"
"1823100032","1823100039","US","United States of America","Suffolk County DPW"
"1823110088","1823110095","US","United States of America","Elite Personnel"
"1823348368","1823348371","CA","Canada","Rogers Communications Canada Inc."
"1823479072","1823479079","US","United States of America","Soul Cycle"
"1823493320","1823493327","US","United States of America","Velocity Network Inc."
"1823505896","1823505903","US","United States of America","Ferrelgas"
"1823631824","1823631831","US","United States of America","Elms Creek Family & Urgent Care"
"1823644872","1823644879","US","United States of America","Best Western"
"1823675120","1823675151","US","United States of America","CableVision Systems Corp."
"1828888336","1828888359","FR","France","Societe Francaise du Radiotelephone - SFR SA"
"1833314176","1833314239","ES","Spain","Webfinacial proyecto 10R"
"1833535496","1833535499","BE","Belgium","Infodesca Sarl"
"1835622776","1835622776","DE","Germany","NORDUnet"
"1835912296","1835912303","DE","Germany","TelemaxX Telekommunikation GmbH"
"1839644672","1839645183","RO","Romania","Orange Romania"
"1841604608","1841605631","RO","Romania","Digital Euronetwork SRL"
"1842278446","1842278447","NL","Netherlands (Kingdom of the)","Neterra Ltd."
"1844234240","1844234751","ES","Spain","QuantHouse SAS"
"1845022720","1845023743","KZ","Kazakhstan","Uplink LLC"
"1856903040","1856903087","AU","Australia","TPG Internet Pty Ltd."
"1856966076","1856966095","AU","Australia","TPG Internet Pty Ltd."
"1857020304","1857020307","AU","Australia","AAPT Limited"
"1868389736","1868389743","IN","India","Toto India Industries Pvt Ltd"
"1885057284","1885058535","CN","China","China Unicom Guangdong Province Network"
"1887818104","1887818111","IN","India","Kazstory Infrastucture Paradeep North 2 M"
"1897662376","1897662391","HK","Hong Kong","Hong Kong Telecommunications (HKT) Limited"
"1897676712","1897676719","HK","Hong Kong","Aznat Products Limited"
"1897698384","1897698391","HK","Hong Kong","Hong Kong Telecommunications (HKT) Limited"
"1897757736","1897757743","AU","Australia","Level 3 Communications Inc."
"1897956944","1897956951","JP","Japan","Yomiuri"
"1898005656","1898005887","JP","Japan","Arteria Networks Corporation"
"1898044072","1898044079","JP","Japan","Arteria Networks Corporation"
"1898080320","1898080399","JP","Japan","Arteria Networks Corporation"
"1898132808","1898132863","JP","Japan","Arteria Networks Corporation"
"1898176680","1898176687","JP","Japan","UCOM Corporation"
"1898215224","1898215231","JP","Japan","Arteria Networks Corporation"
"1898250304","1898250335","JP","Japan","Arteria Networks Corporation"
"1898276512","1898276519","JP","Japan","DAWN"
"1898302368","1898302399","JP","Japan","NTT Data Corporation"
"1898333856","1898333871","JP","Japan","Arteria Networks Corporation"
"1898368576","1898368583","JP","Japan","Comdesign.Inc"
"1898400792","1898400799","JP","Japan","Arteria Networks Corporation"
"1898430672","1898430679","JP","Japan","Arteria Networks Corporation"
"1898479432","1898479435","JP","Japan","Toin Gakuen"
"1898511264","1898511271","JP","Japan","IIJ Global Solutions Inc."
"1898550240","1898550655","JP","Japan","Arteria Networks Corporation"
"1898585504","1898585535","JP","Japan","UCOM Corporation"
"1898619624","1898619639","JP","Japan","UCOM Corporation"
"1898658624","1898658655","JP","Japan","UCOM Corporation"
"1898683736","1898683743","JP","Japan","ARCO"
"1898701924","1898701927","JP","Japan","Gsouth"
"1909739008","1909739519","TW","Taiwan (Province of China)","Inventec Besta Co. Ltd"
"1921124480","1921124575","BD","Bangladesh","Mango Teleservices IIG of Bangladesh"
"1922036776","1922036783","IN","India","Monarch Innovative Technologies Pvt Ltd"
"1922832752","1922832759","JP","Japan","SWCC Showa Holdings Co. Ltd."
"1923107240","1923107247","JP","Japan","Tokyu Land Corporation"
"1924342512","1924342527","JP","Japan","F Bit Communications Corp."
"1929064192","1929064319","CN","China","B"
"1929088224","1929088231","CN","China","Qcaikongjian"
"1929347664","1929347679","CN","China","BJHTLGLYXZRGS"
"1933593860","1933593871","AU","Australia","TPG Internet Pty Ltd."
"1937578320","1937578323","JP","Japan","Universal Technics Co. Ltd"
"1937672192","1937674239","JP","Japan","Himeji Cable Television Corporation"
"1944527408","1944527423","CN","China","ChinaNet Zhejiang Province Network"
"1944572580","1944572583","CN","China","Ningbo Weihaijianshejituanbaofengqizha Zhan"
"1944853472","1944853487","CN","China","Fuyang Branch of China Telecom Co. Ltd"
"1944863240","1944863247","CN","China","Zhztfsyxgs"
"1944872832","1944872959","CN","China","ChinaNet Zhejiang Province Network"
"1944984704","1944984711","CN","China","Nanjing Shulong Computer Tech Ltd"
"1944994468","1944994471","CN","China","Large dock Agricultural Water Reservoir"
"1945003732","1945003735","CN","China","Borel-Speed Transmission Co. Ltd. Hangzhou"
"1945015876","1945015879","CN","China","Zhongtianjianshejituanyouxiangongsi Co. Ltd"
"1945023544","1945023547","CN","China","Ningbo Jiarong Ltd"
"1946980200","1946980207","SG","Singapore","Amstel Financial Services (S) Pte Ltd"
"1958821888","1958822143","VN","Viet Nam","ip Range allocate for long reach ethernet Customer of QTSC"
"1960088064","1960088319","KH","Cambodia","MekongNet BTB"
"1961108000","1961108003","CN","China","Shanghai Chongrong Invest Management Co. Ltd."
"1961120152","1961120155","CN","China","Shanghai SCQC Co Ltd."
"1961139672","1961139675","CN","China","Pinsheng Electron (Shanghai) Co. Ltd."
"1961151408","1961151423","CN","China","ChinaNet Shanghai Province Network"
"1961159020","1961159023","CN","China","Shanghai Jiuxin Internet Services Co. Ltd."
"1961666136","1961666139","CN","China","ChinaNet Shanghai Province Network"
"1961675892","1961675919","CN","China","ChinaNet Shanghai Province Network"
"1961684968","1961684975","CN","China","ChinaNet Shanghai Province Network"
"1962363544","1962363551","CN","China","ChinaNet Shanghai Province Network"
"1966593528","1966593535","JP","Japan","KVH Co. Ltd"
"1981160816","1981160831","JP","Japan","NTT Docomo Business Inc."
"1986431712","1986431715","IN","India","267 Udyog Vihar Pase-Ii Gurgaon"
"1986475816","1986475823","JP","Japan","Fire and Disaster Management Agency"
"1992902783","1992902783","SG","Singapore","SingNet Pte Ltd"
"1997117024","1997117031","HK","Hong Kong","Jam Payments Pty Ltd"
"2001455152","2001455155","SG","Singapore","LGA International"
"2002530656","2002530656","PH","Philippines","Fortune Brokerage & Freight Services Inc"
"2002537176","2002537183","PH","Philippines","Man Diesel & Turbo Philippines Inc."
"2002547560","2002547567","PH","Philippines","Philippine Long Distance Telephone Company"
"2002556247","2002556258","PH","Philippines","Philippine Long Distance Telephone Company"
"2002564880","2002564895","PH","Philippines","Philippine Long Distance Telephone Company"
"2002579780","2002579780","PH","Philippines","Mail City Design & Printstation"
"2002584014","2002584014","PH","Philippines","Mango Internet Caf"
"2002588638","2002588639","PH","Philippines","Philippine Long Distance Telephone Company"
"2002592546","2002592546","PH","Philippines","Philippine Long Distance Telephone Company"
"2002598724","2002598724","PH","Philippines","Christian Internet Cafe"
"2002604850","2002604859","PH","Philippines","Philippine Long Distance Telephone Company"
"2002609256","2002609279","PH","Philippines","Philippine Long Distance Telephone Company"
"2002613177","2002613177","PH","Philippines","Philippine Long Distance Telephone Company"
"2002617021","2002617021","PH","Philippines","Gigamare Inc."
"2002620437","2002620437","PH","Philippines","Kajyu Credit & Finance Corp."
"2002622758","2002622760","PH","Philippines","Philippine Long Distance Telephone Company"
"2002625949","2002625949","PH","Philippines","Leo Espina Pulmones"
"2002630611","2002630650","PH","Philippines","Philippine Long Distance Telephone Company"
"2002645421","2002645421","PH","Philippines","M.A.Y First Bestfoods Services Inc."
"2003727434","2003727524","ID","Indonesia","PT. NAP Info Lintas Nusa"
"2011303444","2011303455","IN","India","Toll India Logistics Pvt Ltd"
"2012579520","2012579527","JP","Japan","Ricoh Japan Corporation"
"2022318848","2022319103","AU","Australia","238B Thomson Road # 10-00"
"2030715392","2030715455","CN","China","Zhou RongHua"
"2030763918","2030763925","CN","China","Zhaoqingshiduanzhouqufurongxierjie23Hao"
"2031088960","2031088967","CN","China","Guangdongshenghuizhoushihuichengqulonghudadaonan148Hao"
"2035533824","2035534079","JP","Japan","Yosano Town"
"2036424676","2036424679","PH","Philippines","Bayan Broadband - Atc Francisco Lim"
"2046892544","2046892551","JP","Japan","Keisei Driving School Co. Ltd."
"2046956920","2046956927","PH","Philippines","Schenker Logistics Inc"
"2046963843","2046963843","PH","Philippines","South Central Auto Shaw Corporation"
"2047019381","2047019381","PH","Philippines","Ciel Bleu Spa Inc."
"2047024606","2047024606","PH","Philippines","The Camp"
"2047029619","2047029620","PH","Philippines","Philippine Long Distance Telephone Company"
"2047036799","2047036800","PH","Philippines","Philippine Long Distance Telephone Company"
"2047040704","2047040711","PH","Philippines","Philippine Advanced Processtech Inc."
"2047048161","2047048161","PH","Philippines","Philippine Long Distance Telephone Company"
"2047054121","2047054121","PH","Philippines","Philippine Long Distance Telephone Company"
"2047058884","2047058885","PH","Philippines","Philippine Long Distance Telephone Company"
"2047062882","2047062882","PH","Philippines","E-Blue Holdings & Trading Corp"
"2047067938","2047067938","PH","Philippines","Philippine Postal Corporation"
"2048051584","2048051591","JP","Japan","Enjia System Co. Ltd"
"2050241304","2050241305","PH","Philippines","Philippine Long Distance Telephone Company"
"2050254999","2050254999","PH","Philippines","Cyware Incorporated"
"2050259359","2050259359","PH","Philippines","Stella Maris Seafarer's Center-Cebu Foundation Inc."
"2050262621","2050262621","PH","Philippines","A T PC Clinic 911"
"2050265918","2050265918","PH","Philippines","A. Golingan Corporation"
"2050270047","2050270047","PH","Philippines","Research Institute for Tropical Medicine"
"2050275212","2050275212","PH","Philippines","52489192 Enterprise Client"
"2050282316","2050282323","PH","Philippines","Philippine Long Distance Telephone Company"
"2050288204","2050288208","PH","Philippines","Philippine Long Distance Telephone Company"
"2050307015","2050307015","PH","Philippines","Philippine Long Distance Telephone Company"
"2050309611","2050309611","PH","Philippines","Distrito Siete Inc."
"2050315072","2050315103","PH","Philippines","Bicol University"
"2050329992","2050329995","PH","Philippines","Central BPO Distributing Inc."
"2050361748","2050361763","PH","Philippines","Philippine Long Distance Telephone Company"
"2050384806","2050384806","PH","Philippines","Megaworld Central Properties Inc."
"2050387286","2050387286","PH","Philippines","Philippine Long Distance Telephone Company"
"2050391328","2050391328","PH","Philippines","Philippine Long Distance Telephone Company"
"2050394954","2050394954","PH","Philippines","Utuala Hadjula"
"2050397603","2050397603","PH","Philippines","Philippine Long Distance Telephone Company"
"2050400468","2050400471","PH","Philippines","Philippine Long Distance Telephone Company"
"2050404322","2050404322","PH","Philippines","Philippine Long Distance Telephone Company"
"2050409045","2050409045","PH","Philippines","Wonderpark Amusement Corporation"
"2050411790","2050411790","PH","Philippines","MJKS Internet Cafe"
"2050415634","2050415634","PH","Philippines","00002952861 Enterprise Client"
"2050425536","2050425599","PH","Philippines","Philippine Long Distance Telephone Company"
"2050470544","2050470911","PH","Philippines","Philippine Long Distance Telephone Company"
"2050488084","2050488087","PH","Philippines","Philippine Rice Research Institute"
"2057080676","2057083903","CN","China","China Unicom Heilongjiang Province Network"
"2057349120","2057349151","IN","India","VRITI info com Pvt Ltd"
"2057366264","2057366295","IN","India","Bharti Airtel Ltd."
"2057958784","2057958799","IN","India","Eminentia"
"2059016600","2059016607","IN","India","United Spirits Limited"
"2059030260","2059030263","IN","India","Esaf Swasraya Multistate"
"2059047856","2059047875","IN","India","Bharti Airtel Ltd."
"2059061392","2059061399","IN","India","Bharti Airtel Ltd."
"2059072584","2059072599","IN","India","Bharti Airtel Ltd."
"2059086132","2059086135","IN","India","G R Infraprojects Ltd"
"2059099944","2059099955","IN","India","Bharti Airtel Ltd."
"2059108246","2059108246","IN","India","Jubilant Enpro Pvt. Ltd"
"2059121272","2059121311","IN","India","Bharti Airtel Ltd."
"2059966464","2059968511","TW","Taiwan (Province of China)","Chuan Chan Co. Ltd."
"2060473256","2060473263","JP","Japan","UCOM Corporation"
"2060508800","2060508927","JP","Japan","UCOM Corporation"
"2060552104","2060552119","JP","Japan","Arteria Networks Corporation"
"2060591312","2060591315","JP","Japan","Gurunavi Inc."
"2060631696","2060631703","JP","Japan","CN"
"2060703944","2060703983","JP","Japan","Arteria Networks Corporation"
"2060759896","2060759935","JP","Japan","Arteria Networks Corporation"
"2060798208","2060798303","JP","Japan","UCOM Corporation"
"2060845112","2060845127","JP","Japan","Arteria Networks Corporation"
"2060882480","2060882487","JP","Japan","Arteria Networks Corporation"
"2060947336","2060947339","JP","Japan","SEIKO Solutions Inc."
"2060993520","2060993527","JP","Japan","Hitachi Systems.Inc"
"2061029656","2061029663","JP","Japan","Global Science Co. Ltd."
"2061067280","2061067295","JP","Japan","Arteria Networks Corporation"
"2061102496","2061102559","JP","Japan","Arteria Networks Corporation"
"2061174048","2061174055","JP","Japan","Ichiken Co. Ltd."
"2061248576","2061248607","JP","Japan","UCOM Corporation"
"2061294968","2061294975","JP","Japan","Sasatoku Printing Co. Ltd."
"2061343760","2061343767","JP","Japan","Arteria Networks Corporation"
"2061520532","2061520535","CN","China","Zhejiang Cade Photovoltaic Co. Ltd"
"2061530704","2061530707","CN","China","Zhejiang Erjian Construction Group Co. Ltd."
"2061540808","2061540811","CN","China","Hangzhou Kanghe Dianqi Shiye"
"2061549120","2061549123","CN","China","The Jiande City Along Sends The Chemical Industry To Help The Medicinal Preparation Limited Company"
"2061558480","2061558487","CN","China","Hangzhou Asahi and Cci Capital Ltd"
"2061616624","2061616631","CN","China","Hangzhou East Internet Bar Co. Ltd"
"2061640040","2061640043","CN","China","Zhejiang Caidai Industry and Trading Co. Ltd"
"2061645740","2061645743","CN","China","Sato Daisuke"
"2061652308","2061652315","CN","China","ChinaNet Zhejiang Province Network"
"2061659340","2061659359","CN","China","Zhejiang Dayu Message Technology Co. Ltd"
"2061682352","2061682355","CN","China","Shadow flow net cafe"
"2061689056","2061689059","CN","China","Zhejiang Xinyu Ruili Spin"
"2061694720","2061694727","CN","China","Zhao Pinghui"
"2061699820","2061699823","CN","China","Zhejiang Yieng Handiwork Limit"
"2061704860","2061704863","CN","China","Jinhua Sanhuan Solder Material Co. Ltd"
"2061709800","2061709803","CN","China","Deyuan Le Grand Large Hotel IP console."
"2061731004","2061731007","CN","China","Ninghai Delekesidengju"
"2061735824","2061735831","CN","China","Gaotang Xia Famiao"
"2061740580","2061740583","CN","China","Ningbo Baoshuiqu Ningxingyoubei Guojimaoyi Co. Ltd"
"2061745772","2061745775","CN","China","Yuyao Moushan Village"
"2061750832","2061750835","CN","China","XiangShan Ocean Hotel"
"2061756700","2061756703","CN","China","Ningbo Tianyiyifeng Internet Bar"
"2061793408","2061799743","CN","China","ChinaNet Zhejiang Province Network"
"2063394728","2063394735","IN","India","M/S Namdhari Seeds Pvt Ltd. Uraghalli Village Bidadi Bangalore"
"2064070237","2064070237","CN","China","China Unicom Henan Province Network"
"2064589312","2064589319","CN","China","Shangyjsxy School"
"2066819072","2066819199","BD","Bangladesh","Akij Online Ltd"
"2071784096","2071784127","CN","China","Seem Co"
"2071943264","2071943295","CN","China","B"
"2072204770","2072204771","CN","China","Bo Xiang Wang Ba"
"2078834516","2078834519","CN","China","Jinan Zhongguowangtonggongsijinanshifengongsikefuzhongxin"
"2079530352","2079530363","AU","Australia","TPG Internet Pty Ltd."
"2079577820","2079577823","AU","Australia","AAPT Limited"
"2080807616","2080807623","PH","Philippines","Icom Globe"
"2082363016","2082363023","IN","India","Quintegra Solutions Ltd"
"2082390024","2082390027","IN","India","Elecom Software Pvt Ltd"
"2082498784","2082498791","JP","Japan","Arteria Networks Corporation"
"2082539232","2082539263","JP","Japan","UCOM Corporation"
"2082574944","2082575103","JP","Japan","Arteria Networks Corporation"
"2082621376","2082621383","JP","Japan","UCOM Corporation"
"2082661520","2082661543","JP","Japan","Broadgate"
"2082695176","2082695423","JP","Japan","Arteria Networks Corporation"
"2082741748","2082741751","JP","Japan","KPI OceanConnect JP LLC"
"2082775448","2082775455","JP","Japan","Logicfactory Inc"
"2082814544","2082814551","JP","Japan","UCOM Corporation"
"2082868144","2082868151","JP","Japan","Broadgate"
"2082903904","2082903919","JP","Japan","Arteria Networks Corporation"
"2082933312","2082933343","JP","Japan","UCOM Corporation"
"2082987784","2082987791","JP","Japan","Broadgate"
"2085706272","2085715967","BR","Brazil","Huawei International Pte. Ltd."
"2085825208","2085825223","PH","Philippines","Philippine Long Distance Telephone Company"
"2085830495","2085830495","PH","Philippines","Philippine Long Distance Telephone Company"
"2087257027","2087257027","PH","Philippines","Basic Transport Management Corp"
"2087262137","2087262139","PH","Philippines","Philippine Long Distance Telephone Company"
"2087267083","2087267087","PH","Philippines","Philippine Long Distance Telephone Company"
"2087271303","2087271303","PH","Philippines","BANK"
"2087280368","2087280375","PH","Philippines","Ceva Logistics Philippines"
"2087284542","2087284543","PH","Philippines","Philippine Long Distance Telephone Company"
"2087300394","2087300394","PH","Philippines","Herlie Mendezabal Internet Cafe"
"2087320003","2087320003","PH","Philippines","New Rol Dan Lock and Key Service"
"2087327656","2087327656","PH","Philippines","Philippine Long Distance Telephone Company"
"2087332746","2087332748","PH","Philippines","Philippine Long Distance Telephone Company"
"2087337616","2087337623","PH","Philippines","CPR Net Station"
"2087342440","2087342440","PH","Philippines","LA Rose Noire Philippines Inc.-Clark"
"2087351239","2087351252","PH","Philippines","Philippine Long Distance Telephone Company"
"2087363922","2087363922","PH","Philippines","Phil-Nippon Metal Works Corp."
"2087391125","2087391128","PH","Philippines","Philippine Long Distance Telephone Company"
"2087402769","2087402769","PH","Philippines","Alpha Insurance & Surety Corporation"
"2087410840","2087410847","PH","Philippines","Shoemart Inc. SM North Edsa Annex 3"
"2087421544","2087421551","PH","Philippines","Philippine Long Distance Telephone Company"
"2087429535","2087429537","PH","Philippines","Philippine Long Distance Telephone Company"
"2087435157","2087435160","PH","Philippines","Philippine Long Distance Telephone Company"
"2087451395","2087451395","PH","Philippines","Philippine Long Distance Telephone Company"
"2088779344","2088779351","CN","China","Jinan CNC"
"2088869336","2088869339","CN","China","Qingdao Guimingjun"
"2089990144","2089990191","JP","Japan","NTT PC Communications Inc."
"2097520256","2097520263","PH","Philippines","PNOC Alternative Fuels Corp 2"
"2097629908","2097629911","AU","Australia","Macquarie Telecom"
"2098209460","2098209463","IN","India","Bharti Infotel Ltd."
"2098235108","2098235111","IN","India","Bharti Infotel Ltd."
"2098248808","2098248815","IN","India","Ecom Express Pvt Ltd"
"2098484120","2098484127","IN","India","Rockland Media & Communic"
"2099807590","2099807590","CN","China","Xujfy Single"
"2100116985","2100116985","CN","China","Huhengjiang Crop"
"2100167552","2100167555","CN","China","Xibuxcqgwh Gov"
"2100179928","2100179935","CN","China","Feilong4 Netbar"
"2101121952","2101121959","PH","Philippines","MTU One Corp Plaza"
"2103094204","2103094273","CN","China","ChinaNet Guangdong Province Network"
"2103712928","2103712959","JP","Japan","Arteria Networks Corporation"
"2103754496","2103754503","JP","Japan","UCOM Corporation"
"2103794200","2103794271","JP","Japan","UCOM Corporation"
"2103838168","2103838175","JP","Japan","Nihon"
"2103880040","2103880043","JP","Japan","Fuji Television Network Inc."
"2103905752","2103905759","JP","Japan","Arteria Networks Corporation"
"2103930000","2103930015","JP","Japan","Arteria Networks Corporation"
"2103947120","2103947123","JP","Japan","Arteria Networks Corporation"
"2110701608","2110701687","JP","Japan","NTT Docomo Business Inc."
"2111226984","2111226991","HK","Hong Kong","Natexis Pramex Int'l Limited"
"2111237208","2111237215","HK","Hong Kong","Golden News Enterprises Ltd"
"2111286272","2111286335","HK","Hong Kong","Tai Tin Amusement Limited"
"2113802648","2113802651","AU","Australia","Quanta Services"
"2123342744","2123342783","JP","Japan","Familynet Japan Corporation"
"2123357304","2123357311","JP","Japan","SB OAI Japan GK"
"2130293872","2130293903","JP","Japan","Familynet Japan Corporation"
"2152555744","2152555775","TR","Turkiye","Palo Alto Networks Inc"
"2153513848","2153513859","US","United States of America","Charter Communications LLC"
"2153525224","2153525231","US","United States of America","Dacco Inc. of Wisconsin"
"2153536512","2153536519","US","United States of America","Charter Communications LLC"
"2153546672","2153546679","US","United States of America","Charter Communications LLC"
"2153557464","2153557471","US","United States of America","Ahan Hotels LLC"
"2153568464","2153568475","US","United States of America","Wells Asset Mgmt"
"2155098880","2155099135","AU","Australia","Roblox"
"2156401456","2156401511","US","United States of America","Flexential Corp."
"2159101152","2159101167","US","United States of America","Zayo Bandwidth LLC"
"2159126872","2159126879","US","United States of America","Zayo Bandwidth LLC"
"2159874048","2159935487","CA","Canada","University of British Columbia"
"2165548032","2165548287","US","United States of America","Colorado State University"
"2173052144","2173052145","IN","India","Facebook Inc."
"2173054356","2173054357","DE","Germany","Facebook Inc."
"2173056849","2173056849","SG","Singapore","Facebook Inc."
"2173059376","2173059391","ZA","South Africa","Facebook Inc."
"2173065127","2173065128","CH","Switzerland","Facebook Inc."
"2173067501","2173067501","NL","Netherlands (Kingdom of the)","Facebook Inc."
"2173070630","2173070631","US","United States of America","Facebook Inc."
"2178994688","2178995711","US","United States of America","SpaceX Services Inc."
"2180647214","2180647215","US","United States of America","NTT America Inc."
"2183745856","2183745887","RO","Romania","Palo Alto Networks Inc"
"2186391224","2186391224","FR","France","Verizon Business"
"2188709885","2188709885","FR","France","Cogent Communications LLC"
"2188719049","2188719049","DE","Germany","Cogent Communications LLC"
"2192576768","2192577535","US","United States of America","Amazon.com Inc."
"2197031452","2197031473","SE","Sweden","Tele2 Sverige AB"
"2197045669","2197045669","SE","Sweden","Tele2 Sverige AB"
"2197051263","2197051263","LT","Lithuania","Tele2 Sverige AB"
"2197067393","2197067403","SE","Sweden","Tele2 Sverige AB"
"2197088138","2197088141","SE","Sweden","Tele2 Sverige AB"
"2197794305","2197794559","ES","Spain","Wirem Espana"
"2204387032","2204387039","BR","Brazil","Municipio de Presidente Prudente"
"2205520268","2205520283","DE","Germany","inexio Informationstechnologie und Telekommunikation Gmbh"
"2207665544","2207665551","US","United States of America","Spectrum Fiber Delivery Enterprise Network and Tel"
"2208424080","2208424083","BR","Brazil","Francisca Nayane de Castro da Conceicao Aquino"
"2212677792","2212677799","US","United States of America","Securetechcyber LLC"
"2212861184","2212861193","SA","Saudi Arabia","Skyhigh Security LLC"
"2212872517","2212872517","CZ","Czechia","Skyhigh Security LLC"
"2212879141","2212879141","BR","Brazil","Skyhigh Security LLC"
"2213485056","2213485063","US","United States of America","Temenos Permanent Affordable LLC"
"2213500720","2213500727","US","United States of America","Verition Group"
"2213512932","2213512935","US","United States of America","HostPapa Inc."
"2213523568","2213523575","US","United States of America","Bryant & Stratton College"
"2213534864","2213534871","US","United States of America","Gelfand Rennert & Feldman LLP"
"2214529088","2214529095","BR","Brazil","G F R da Mota - Comunicacoes"
"2231315456","2231316479","BR","Brazil","Voafibra Comunicacao"
"2247279870","2247279873","JP","Japan","Sakura Internet Inc."
"2254083072","2254083083","US","United States of America","Blix Group AS"
"2258622236","2258622239","NZ","New Zealand","Telstra Downer"
"2262298692","2262298699","US","United States of America","Northhillautorepair"
"2270862336","2270862591","JP","Japan","International Business Machines Corporation"
"2273485312","2273485823","NL","Netherlands (Kingdom of the)","Microsoft Limited"
"2273772356","2273772359","US","United States of America","Absolutedrugtestingllc"
"2276802584","2276802639","FI","Finland","Hetzner Online GmbH"
"2293199104","2293199359","US","United States of America","Bitvise Limited"
"2297099520","2297100031","IT","Italy","IT Hostline Ltd"
"2297684768","2297684775","DE","Germany","Hetzner Online GmbH"
"2300205036","2300205543","US","United States of America","Charter Communications LLC"
"2303374228","2303374231","BE","Belgium","OVH SAS"
"2311979008","2312044543","US","United States of America","Shell Information Technology International Inc."
"2317615171","2317615175","BR","Brazil","PBR Servicos de Telecomunicacoes Ltda"
"2319139616","2319139647","PE","Peru","GTD Peru S.A"
"2321654852","2321654855","BR","Brazil","SAN Group Biotech Brasil LTDA"
"2322951762","2322951763","CO","Colombia","Expereo Intenational BV"
"2323257776","2323257783","CR","Costa Rica","Sava Costa Rica"
"2327446008","2327446015","BR","Brazil","Metalurgica Rigitec Ltda"
"2328450944","2328450975","DE","Germany","Media Factory"
"2328819968","2328821759","CH","Switzerland","UBS AG"
"2331986944","2331987199","BR","Brazil","UNE Telecom Ltda"
"2338259210","2338259210","US","United States of America","Alibaba Cloud LLC"
"2341081088","2341083135","US","United States of America","Data I/O Corporation"
"2344538880","2344539135","BE","Belgium","Telecom Service (LDI) Provider"
"2358608256","2358609919","TH","Thailand","KSC Commercial Internet Co.Ltd."
"2363363152","2363363245","US","United States of America","Verizon Business"
"2363408763","2363408763","JP","Japan","Verizon Business"
"2363421949","2363421952","US","United States of America","Verizon Business"
"2365069578","2365069581","PE","Peru","iCloud Private Relay"
"2365078211","2365078211","SD","Sudan","Fastly Inc."
"2365079235","2365079235","SD","Sudan","Fastly Inc."
"2366315776","2366316031","JP","Japan","Vantiva SA"
"2371820547","2371820547","ES","Spain","OVH SAS"
"2372509552","2372509583","IT","Italy","Timenet Customers"
"2374526173","2374526173","SE","Sweden","GTT Communications Inc."
"2374528441","2374528442","US","United States of America","GTT Communications Inc."
"2375601024","2375601151","US","United States of America","Televista"
"2376729112","2376729119","GB","United Kingdom of Great Britain and Northern Ireland","Etworks Limited"
"2379446384","2379446399","US","United States of America","University of Michigan"
"2382401648","2382401655","CA","Canada","Comp GAMZIA FALLOWFIEL"
"2382677456","2382677487","CA","Canada","OVH Hosting Inc."
"2385298000","2385298031","CA","Canada","OVH Hosting Inc."
"2385926176","2385926183","US","United States of America","Dunkin DCP"
"2385949016","2385949023","US","United States of America","Do Phat"
"2389271824","2389271831","US","United States of America","Olayan America"
"2393288960","2393290495","CA","Canada","Bell Canada"
"2398702592","2398702847","US","United States of America","Midwest Cable"
"2398790698","2398790699","GB","United Kingdom of Great Britain and Northern Ireland","Google LLC"
"2398799650","2398799650","MY","Malaysia","Google LLC"
"2398822035","2398822036","GB","United Kingdom of Great Britain and Northern Ireland","Google LLC"
"2398847085","2398847086","BR","Brazil","Google LLC"
"2398873809","2398873809","GB","United Kingdom of Great Britain and Northern Ireland","Google LLC"
"2400108032","2400108287","RU","Russian Federation","Brander Group Inc."
"2408172704","2408172711","BR","Brazil","Appai - Assoc. Beneficente dos Prof. A. I. do Rj"
"2413789507","2413789508","US","United States of America","Venn Technology Corp"
"2418007552","2418007807","RU","Russian Federation","Moscow Server Network"
"2420937968","2420938015","DE","Germany","Hetzner Online GmbH"
"2421930488","2421930495","US","United States of America","Bank of Communications"
"2421939444","2421939447","US","United States of America","Mercedes-Benz of Fort Lauderdale"
"2423851032","2423851035","US","United States of America","Zayo Bandwidth LLC"
"2423866480","2423866487","US","United States of America","Lia Automotive Group"
"2423880208","2423880215","US","United States of America","Gradus Group LLC"
"2423898096","2423898103","US","United States of America","R. S. Hanline & Company"
"2423909456","2423909463","US","United States of America","City Of Newburgh NY"
"2424376176","2424376191","US","United States of America","WRB Resources Inc."
"2424421696","2424421703","US","United States of America","AMSCOT"
"2427612160","2427612927","BE","Belgium","DIA NET"
"2430173384","2430173391","CA","Canada","HeavyHost"
"2431129346","2431129612","US","United States of America","Cogent Communications LLC"
"2437754880","2437755391","NL","Netherlands (Kingdom of the)","Kadaster Guest 48"
"2448391488","2448391519","ES","Spain","OVH SAS"
"2449300048","2449300063","DE","Germany","EG Factory GmbH"
"2449311752","2449311759","DE","Germany","Vodafone GmbH"
"2449324672","2449324679","DE","Germany","Vodafone GmbH"
"2449501786","2449501791","DE","Germany","Stadtwerke Merseburg"
"2450722453","2450722453","SG","Singapore","NextDNS Inc."
"2453384064","2453384191","FR","France","OVH SAS"
"2454423578","2454423815","US","United States of America","iCloud Private Relay"
"2456226560","2456226815","US","United States of America","Brander Group Inc."
"2461799617","2461799617","FR","France","UUNET Pipex"
"2461806941","2461806941","HU","Hungary","UUNET Pipex"
"2461810721","2461810721","CH","Switzerland","UUNET Pipex"
"2461831515","2461831516","GB","United Kingdom of Great Britain and Northern Ireland","UUNET Pipex"
"2461847665","2461847666","US","United States of America","UUNET Pipex"
"2466186168","2466186171","GB","United Kingdom of Great Britain and Northern Ireland","Swains Plc"
"2466261888","2466261895","US","United States of America","Charter Communications Inc"
"2466276472","2466276487","US","United States of America","Charter Communications Inc"
"2466291840","2466291847","US","United States of America","Hull & Associates"
"2466306784","2466306975","US","United States of America","Charter Communications Inc"
"2468196864","2468196991","DK","Denmark","Oekonomistyrelsen"
"2469546832","2469546847","TH","Thailand","Fresenius Medical Care Co. Ltd."
"2471221088","2471221088","TH","Thailand","Facebook Israel Ltd"
"2474320912","2474321031","NL","Netherlands (Kingdom of the)","Equinix (Netherlands) B.V."
"2476800479","2476800480","US","United States of America","oneZero Financial Systems LLC"
"2482181088","2482181119","US","United States of America","Microsoft Limited"
"2486429248","2486429255","US","United States of America","Technical Systems Processing LLC"
"2488028880","2488028895","US","United States of America","Primex Plastics Corporation"
"2488052856","2488052863","US","United States of America","Optimum Lightpath"
"2488090912","2488090919","US","United States of America","Faith Fellowship Ministries"
"2488155910","2488156159","US","United States of America","Joyent Inc."
"2490181240","2490181247","JP","Japan","CTSCL"
"2492139468","2492139472","NL","Netherlands (Kingdom of the)","ServiceNow Inc"
"2493094656","2493094911","IN","India","CDS Global Cloud Co. Ltd"
"2498989824","2498989951","MX","Mexico","Axtel S.A.B. de C.V."
"2499088384","2499088639","MX","Mexico","Axtel S.A.B. de C.V."
"2499501760","2499501791","DE","Germany","Hetzner Online GmbH"
"2499642032","2499642047","GB","United Kingdom of Great Britain and Northern Ireland","Buried Hill Service Ltd"
"2500200000","2500200007","GB","United Kingdom of Great Britain and Northern Ireland","Brillband"
"2500211456","2500211495","RO","Romania","Cogent Communications LLC"
"2500222997","2500222997","GB","United Kingdom of Great Britain and Northern Ireland","Cogent Communications LLC"
"2500234922","2500234928","US","United States of America","Cogent Communications LLC"
"2500241832","2500241839","SE","Sweden","Siacom Telecom Services L.L.C"
"2500303616","2500303871","CA","Canada","Cogent Communications LLC"
"2500541965","2500541965","ES","Spain","Cogent Communications LLC"
"2500558402","2500558408","US","United States of America","Cogent Communications LLC"
"2500577832","2500577832","LU","Luxembourg","G-Core Labs S.A."
"2500733449","2500733449","GB","United Kingdom of Great Britain and Northern Ireland","Cogent Communications LLC"
"2500754272","2500754279","FR","France","Ecritel.net"
"2500778000","2500778007","FR","France","Direction Systemes d'Information du Conseil"
"2501000442","2501000443","NL","Netherlands (Kingdom of the)","LogicWeb Inc"
"2501008177","2501008178","US","United States of America","LogicWeb Inc"
"2501013248","2501013250","IL","Israel","LogicWeb Inc"
"2501016149","2501016151","US","United States of America","LogicWeb Inc"
"2501038559","2501038559","SG","Singapore","LogicWeb Inc"
"2501040347","2501040347","SG","Singapore","LogicWeb Inc"
"2501042261","2501042261","SG","Singapore","CGI Global Limited"
"2501044154","2501044155","HK","Hong Kong","CGI Global Limited"
"2501046100","2501046102","SG","Singapore","CGI Global Limited"
"2501047936","2501047936","SG","Singapore","CGI Global Limited"
"2501049785","2501049786","SG","Singapore","CGI Global Limited"
"2501812982","2501813007","US","United States of America","Solustack Limited"
"2501818719","2501818727","US","United States of America","Solustack Limited"
"2501822174","2501822210","US","United States of America","Solustack Limited"
"2501825374","2501825411","US","United States of America","Solustack Limited"
"2501830394","2501830428","US","United States of America","Solustack Limited"
"2503208578","2503208578","DE","Germany","RCN"
"2503535616","2503535887","CA","Canada","OVH Hosting Inc."
"2503554347","2503554349","NL","Netherlands (Kingdom of the)","LogicWeb Inc"
"2503558909","2503558909","US","United States of America","LogicWeb Inc"
"2503564921","2503564922","US","United States of America","LogicWeb Inc"
"2503567862","2503567862","NL","Netherlands (Kingdom of the)","LogicWeb Inc"
"2503579878","2503579878","SG","Singapore","LogicWeb Inc"
"2503589991","2503589992","JP","Japan","LogicWeb Inc"
"2503591818","2503591819","SG","Singapore","LogicWeb Inc"
"2503593629","2503593629","SG","Singapore","LogicWeb Inc"
"2503595689","2503595689","SG","Singapore","LogicWeb Inc"
"2503597475","2503597475","SG","Singapore","LogicWeb Inc"
"2503601405","2503601405","SG","Singapore","LogicWeb Inc"
"2505577728","2505577983","US","United States of America","CDN77"
"2506498048","2506506239","US","United States of America","Cogent Communications LLC"
"2509941337","2509941339","SG","Singapore","Telegram Messenger Network"
"2513081724","2513081883","FR","France","OVH SAS"
"2523496181","2523496182","NL","Netherlands (Kingdom of the)","Open Text Corporation"
"2531034568","2531034611","US","United States of America","Charter Communications LLC"
"2531049736","2531049743","US","United States of America","Masergy Communications BHN"
"2531067600","2531067607","US","United States of America","City of Albany NY"
"2531280824","2531280831","US","United States of America","Sandh Distributing Inc."
"2533392880","2533392895","IT","Italy","Reale Mutua Assicurazioni"
"2533404680","2533404687","IT","Italy","Agenzia Centrale"
"2533415808","2533415815","IT","Italy","Leonix Events"
"2533627672","2533627679","IT","Italy","Toschi Vignola S.r.l."
"2533652256","2533652271","IT","Italy","Federpesca119"
"2533686464","2533686495","IT","Italy","Multitel"
"2534032976","2534032991","IT","Italy","Federazione Italiana Sport Rotellistici"
"2534805888","2534805895","IT","Italy","D.E.I. SRL"
"2534831544","2534831551","IT","Italy","Offerta Medium"
"2534860088","2534860095","IT","Italy","A.M.T Services SRL"
"2538647204","2538647471","FR","France","OVH SAS"
"2539903256","2539903259","IT","Italy","Unicapisocietacooperativaediliziaaproprietaindivisa"
"2545236032","2545236039","US","United States of America","Schenectady County Community College"
"2545272580","2545272583","US","United States of America","Zayo Bandwidth LLC"
"2545595453","2545595453","FR","France","CIE"
"2545780976","2545780991","DE","Germany","Die Elbmonteure Service GmbH"
"2546287760","2546287775","US","United States of America","University of Penns"
"2546556160","2546556223","US","United States of America","Verizon Business"
"2548829696","2548829951","NL","Netherlands (Kingdom of the)","EDIS GmbH"
"2549298194","2549298195","US","United States of America","Diamond IP Brokers Fzco"
"2549587968","2549588479","AE","United Arab Emirates","Diamond IP Brokers Fzco"
"2553556580","2553556583","IN","India","Anonet Communications Private Limited"
"2553593232","2553593235","IN","India","Fab Five Network Private Limited"
"2555999232","2556000255","GR","Greece","FTN Tilepikoinonies MEPE"
"2560517888","2560518143","US","United States of America","AT&T Enterprises LLC"
"2562800596","2562800599","US","United States of America","Neogames US LLP"
"2562826492","2562826495","US","United States of America","Verizon Business"
"2565285760","2565285763","NI","Nicaragua","Tubelite Nicaragua"
"2567296256","2567296287","SI","Slovenia","Osnovna Sola Ivana Tavcarja Gorenja Vas Podruznica Lucine"
"2571334656","2571336703","MX","Mexico","SpaceX Services Inc."
"2574826284","2574826284","JP","Japan","King Harvest Inc."
"2576338776","2576338791","JP","Japan","Mitsubishi Chemical Systems Inc."
"2576753592","2576753607","JP","Japan","Green Power Ishikari GK"
"2576773480","2576773487","JP","Japan","IHI Scube Co. Ltd."
"2582103920","2582103927","JP","Japan","Agricultural Bank of China"
"2583038416","2583038423","JP","Japan","NTT Docomo Business Inc."
"2583049664","2583049679","JP","Japan","Mitsubishi Chemical Systems Inc."
"2583061472","2583061479","JP","Japan","Hiroshima Shirahato Educational Corporation"
"2584098186","2584098186","SG","Singapore","LogicWeb Inc"
"2584124147","2584124148","SG","Singapore","LogicWeb Inc"
"2584138870","2584138870","SG","Singapore","LogicWeb Inc"
"2584142727","2584142729","SG","Singapore","LogicWeb Inc"
"2584608768","2584608799","NL","Netherlands (Kingdom of the)","GTT Communications Inc."
"2584616214","2584616216","DE","Germany","GTT Communications Inc."
"2584619801","2584619801","GB","United Kingdom of Great Britain and Northern Ireland","GTT Communications Inc."
"2584627678","2584627680","DE","Germany","GTT Communications Inc."
"2584639832","2584639839","DE","Germany","GTT Communications Inc."
"2584646241","2584646241","FR","France","GTT Communications Inc."
"2584649581","2584649581","GB","United Kingdom of Great Britain and Northern Ireland","GTT Communications Inc."
"2584666504","2584666507","ES","Spain","GTT Communications Inc."
"2584773814","2584773820","US","United States of America","Digital Energy Technologies Limited"
"2584924416","2584924671","SG","Singapore","Cogent Communications LLC"
"2585275141","2585275142","HK","Hong Kong","Cogent Communications LLC"
"2585330295","2585330296","US","United States of America","Cogent Communications LLC"
"2585332521","2585332522","FR","France","Cogent Communications LLC"
"2585396656","2585396657","US","United States of America","Cogent Communications LLC"
"2585407526","2585407526","ES","Spain","Cogent Communications LLC"
"2586372864","2586373119","US","United States of America","Cogent Communications LLC"
"2586790912","2586791935","GB","United Kingdom of Great Britain and Northern Ireland","Code 200 UAB"
"2587075072","2587075327","GB","United Kingdom of Great Britain and Northern Ireland","Zenlayer Inc"
"2587238034","2587238057","US","United States of America","Cogent Communications LLC"
"2587241893","2587241894","PE","Peru","Cogent Communications LLC"
"2587246181","2587246182","GB","United Kingdom of Great Britain and Northern Ireland","Cogent Communications LLC"
"2587249929","2587249930","DE","Germany","Cogent Communications LLC"
"2587274291","2587274304","US","United States of America","Cogent Communications LLC"
"2587961344","2587964415","-","-","-"
"2589035868","2589035883","SG","Singapore","Litnet CY Ltd"
"2589708288","2589708543","BR","Brazil","Cloud Innovation Ltd"
"2596462777","2596462777","US","United States of America","Cloud Innovation Ltd"
"2597352192","2597352447","DE","Germany","Individual Entrepreneur Artem Vasilev"
"2598356462","2598356466","NL","Netherlands (Kingdom of the)","Cloud Innovation Ltd"
"2601260140","2601260143","TZ","Tanzania, the United Republic of","Ivan Residence - Oysterbay"
"2601272320","2601272575","TZ","Tanzania, the United Republic of","Reservation TAA"
"2608994816","2608995071","US","United States of America","Everi Games Inc."
"2610903325","2610903325","ZA","South Africa","Safren Computer Services"
"2610910982","2610910982","ZA","South Africa","Safren Computer Services"
"2610912703","2610912704","ZA","South Africa","Safren Computer Services"
"2610921347","2610921355","ZA","South Africa","Safren Computer Services"
"2610938255","2610938266","ZA","South Africa","Safren Computer Services"
"2612935818","2612935818","GB","United Kingdom of Great Britain and Northern Ireland","CIE GB"
"2620798987","2620798991","IT","Italy","Telecom Italia S.p.A."
"2621117440","2621118463","IN","India","Zenlayer Inc"
"2627396674","2627396679","NL","Netherlands (Kingdom of the)","Arbor Cloud"
"2632580552","2632580552","US","United States of America","Cox Communications LLC"
"2633714944","2633715199","JP","Japan","Edgenext Legend Dynasty Pte.ltd"
"2633841011","2633841011","DE","Germany","Cloud Innovation Ltd"
"2635592241","2635592241","CO","Colombia","The Walt Disney Company Limited"
"2639933480","2639933671","DE","Germany","Hetzner Online GmbH"
"2642583062","2642583068","US","United States of America","Verizon Business"
"2645026218","2645026218","MA","Morocco","Forcepoint Cloud SWG"
"2645028907","2645028908","GH","Ghana","Forcepoint Cloud SWG"
"2649768746","2649768747","KE","Kenya","Facebook Inc."
"2649771136","2649771137","GB","United Kingdom of Great Britain and Northern Ireland","Facebook Inc."
"2649773648","2649773649","ID","Indonesia","Facebook Inc."
"2649776114","2649776115","IN","India","Facebook Inc."
"2655331400","2655331407","CA","Canada","OVH Hosting Inc."
"2657030144","2657030655","DE","Germany","Netskope Inc"
"2662287979","2662287980","US","United States of America","International Business Machines Corporation"
"2662531584","2662532095","OM","Oman","Oracle Corporation"
"2668146484","2668146484","GB","United Kingdom of Great Britain and Northern Ireland","International Business Machines Corporation"
"2671711879","2671711880","US","United States of America","Level 3 Communications Inc."
"2672143976","2672144055","DE","Germany","Hetzner Online GmbH"
"2672753426","2672753426","DE","Germany","CenturyLink Communications LLC"
"2675632699","2675632699","GB","United Kingdom of Great Britain and Northern Ireland","International Business Machines Corporation"
"2679570432","2679586303","US","United States of America","Twilio SendGrid"
"2685625232","2685625235","LY","Libya","Younes"
"2686586911","2686586911","US","United States of America","Oracle Corporation"
"2689083680","2689083711","US","United States of America","Oval Offices DC LLC"
"2689103512","2689103519","US","United States of America","Netwolves Corp."
"2689121136","2689121143","US","United States of America","Fusco Management Company LLC"
"2692284483","2692284483","HK","Hong Kong","Mega Plastics (Pty) Ltd"
"2692292838","2692292838","HK","Hong Kong","Mega Plastics (Pty) Ltd"
"2692298345","2692298345","HK","Hong Kong","Mega Plastics (Pty) Ltd"
"2692315262","2692315262","HK","Hong Kong","Mega Plastics (Pty) Ltd"
"2692321053","2692321053","HK","Hong Kong","Mega Plastics (Pty) Ltd"
"2692482161","2692482162","ZA","South Africa","Posix Systems (Pty) Ltd"
"2692487740","2692487745","ZA","South Africa","Posix Systems (Pty) Ltd"
"2692491141","2692491145","ZA","South Africa","Posix Systems (Pty) Ltd"
"2692505579","2692505579","ZA","South Africa","Posix Systems (Pty) Ltd"
"2692511056","2692511064","ZA","South Africa","Posix Systems (Pty) Ltd"
"2692516209","2692516214","ZA","South Africa","Posix Systems (Pty) Ltd"
"2692518106","2692518106","ZA","South Africa","Posix Systems (Pty) Ltd"
"2692520015","2692520015","ZA","South Africa","Posix Systems (Pty) Ltd"
"2692543585","2692543586","ZA","South Africa","Posix Systems (Pty) Ltd"
"2696925184","2696925695","PK","Pakistan","Prime Broadband"
"2700740096","2700740607","PH","Philippines","G Links Solution"
"2704634328","2704634335","HR","Croatia","Veleuciliste U Karlovcu TRG Bana Josipa Jelacica 3 47000 Karlovac"
"2709603307","2709603308","US","United States of America","Interserver Inc"
"2713239648","2713239663","CA","Canada","North & Company LLP"
"2714417152","2714422783","SG","Singapore","International Business Machines Corporation"
"2718302208","2718367743","US","United States of America","American Red Cross"
"2719031344","2719031359","US","United States of America","Comcast Cable Communications LLC"
"2719045760","2719045767","US","United States of America","Massage Envy"
"2719057784","2719057847","US","United States of America","Comcast Cable Communications LLC"
"2719069800","2719069807","US","United States of America","Benefit Solutions Inc 2"
"2719080864","2719080879","US","United States of America","Comcast Cable Communications LLC"
"2719198960","2719198975","FR","France","OVH SAS"
"2723431368","2723431375","US","United States of America","CTM Construction"
"2725821418","2725821418","EG","Egypt","Google LLC"
"2725833669","2725833669","FR","France","VPN by Google"
"2728073680","2728073687","US","United States of America","Columbus Integrity Family"
"2728086056","2728086063","US","United States of America","Pitt and Frank LLC"
"2728099712","2728099719","US","United States of America","Charter Communications Inc"
"2728113568","2728113575","US","United States of America","Chardon Custom Polymers LLC"
"2728129680","2728129687","US","United States of America","Granite Communications"
"2731737416","2731737423","US","United States of America","Venturedyne"
"2731906120","2731906127","US","United States of America","Headquarter Toyota"
"2732337232","2732337247","US","United States of America","Capco"
"2732542012","2732542015","US","United States of America","TPx Communications"
"2734066504","2734066511","US","United States of America","Lifeline Pharmaceuticals LLC"
"2734283788","2734283791","US","United States of America","Facility Builders and Erectors"
"2734489020","2734489023","CA","Canada","Cleer PRODUCTS WOODBRIDGE"
"2735022682","2735022682","GB","United Kingdom of Great Britain and Northern Ireland","Ionis Group - Ionis Schools of Technology and Management SAS"
"2738688512","2738688767","MY","Malaysia","Sabah Net Sdn. Bhd."
"2742333050","2742333050","TZ","Tanzania, the United Republic of","Netskope Inc."
"2742352238","2742352417","US","United States of America","Netskope Inc."
"2746021510","2746021533","NL","Netherlands (Kingdom of the)","Scaleway SAS"
"2746539181","2746539181","HK","Hong Kong","Kyung Hee University"
"2746544668","2746544668","HK","Hong Kong","Kyung Hee University"
"2746547676","2746547676","HK","Hong Kong","Kyung Hee University"
"2753446162","2753446166","NL","Netherlands (Kingdom of the)","Telekom"
"2756083712","2756116479","JP","Japan","Sony Network Communications Inc."
"2759993088","2759993343","CH","Switzerland","STMicroelectronics S.r.l."
"2760484864","2760485119","TJ","Tajikistan","Zscaler Switzerland GmbH"
"2765580154","2765580157","SC","Seychelles","IP Connect Inc"
"2773158496","2773158511","US","United States of America","Hydrite Chemical Co."
"2774767616","2774768127","ID","Indonesia","PT Dua Data Komunika"
"2779139072","2779139143","US","United States of America","Spirit Communications Scana"
"2780892960","2780892991","US","United States of America","Kodak Polychrome Graphics Company LLC"
"2783014912","2783015423","SG","Singapore","Zscaler Inc."
"2785670560","2785804287","US","United States of America","International Business Machines Corporation"
"2789154176","2789154183","US","United States of America","Deborah Bailey"
"2789421056","2789421119","US","United States of America","Blue Ridge Regional Jail Authority"
"2807690511","2807690512","US","United States of America","St Celestine Catholic Church"
"2809274088","2809274095","FR","France","NR Conseils"
"2809322636","2809322639","PL","Poland","Alfa Media Services Sp. z o.o."
"2813579264","2813579775","NZ","New Zealand","NZ Safety Blackwoods"
"2815339816","2815339823","US","United States of America","CableVision Systems Corp."
"2817240425","2817240425","DE","Germany","Hetzner Online GmbH"
"2818185264","2818185503","BR","Brazil","Soft System Informatica Ltda"
"2823564181","2823564181","HK","Hong Kong","Free State Education Department"
"2823565912","2823565912","HK","Hong Kong","Free State Education Department"
"2823567471","2823567472","HK","Hong Kong","Free State Education Department"
"2823591501","2823591501","HK","Hong Kong","Free State Education Department"
"2823597699","2823597699","HK","Hong Kong","Free State Education Department"
"2824483408","2824483411","BR","Brazil","Columbia S/A"
"2826514944","2826514959","PE","Peru","CIR551"
"2831089664","2831286271","US","United States of America","Amazon.com Inc."
"2831626496","2831626751","FR","France","MOD Mission Critical"
"2832082198","2832082198","ZA","South Africa","The Atomic Energy Board"
"2832095290","2832095290","ZA","South Africa","The Atomic Energy Board"
"2832099610","2832099618","ZA","South Africa","The Atomic Energy Board"
"2832119800","2832119811","ZA","South Africa","The Atomic Energy Board"
"2832131812","2832131813","ZA","South Africa","The Atomic Energy Board"
"2832136892","2832136892","ZA","South Africa","The Atomic Energy Board"
"2833562880","2833563055","BR","Brazil","iClick Telecom"
"2834001547","2834001550","GB","United Kingdom of Great Britain and Northern Ireland","InMotion Hosting Inc."
"2838512128","2838512639","NL","Netherlands (Kingdom of the)","International Business Machines Corporation"
"2838687744","2838690815","BE","Belgium","International Business Machines Corporation"
"2844292856","2844292856","HK","Hong Kong","Netstar (SG) Pte. Ltd."
"2851033949","2851033949","ZA","South Africa","Mhe Consultants"
"2854307135","2854307839","SG","Singapore","Alibaba Cloud (Singapore) Private Limited"
"2855743344","2855743351","US","United States of America","Zayo Bandwidth LLC"
"2855761800","2855761807","US","United States of America","Lifeextension.com"
"2855777080","2855777087","US","United States of America","Foremost Co"
"2856866062","2856866062","US","United States of America","Cisco WebEx LLC"
"2857356123","2857356123","BR","Brazil","Agnus Empreendimentos S/A"
"2857532600","2857532603","BR","Brazil","Jailton Alves da Silva"
"2857640362","2857640362","US","United States of America","Algar Telecom S/A"
"2859631494","2859631494","HK","Hong Kong","Zoom Video Communications Inc"
"2861964200","2861964287","BR","Brazil","Adaptlink Servicos de Comunicacao Multimidia Ltda."
"2867269399","2867269400","BR","Brazil","Winov Solucoes em Tecnologia SA"
"2868127912","2868127935","DO","Dominican Republic","Columbus Networks Dominicana S.A."
"2868287032","2868287039","CR","Costa Rica","Tui Destination Experiences Costa Rica"
"2868811504","2868811507","BR","Brazil","Algar Telecom S/A"
"2873821593","2873821593","DE","Germany","Lumen Technologies UK Limited"
"2890380032","2890380287","PL","Poland","CloudFlare Inc."
"2891260312","2891260319","US","United States of America","GEI Consultants Inc."
"2891423224","2891423231","US","United States of America","D W Distribution Inc"
"2891803560","2891803567","US","United States of America","David Roge"
"2892130020","2892130027","US","United States of America","Network Innovations LLC"
"2892909544","2892909567","US","United States of America","Zayo Bandwidth LLC"
"2899906870","2899906871","AE","United Arab Emirates","Google LLC"
"2899908838","2899908838","MY","Malaysia","Google LLC"
"2899945539","2899945539","DE","Germany","Google LLC"
"2900457536","2900457567","ET","Ethiopia","iCloud Private Relay"
"2900503488","2900503551","MN","Mongolia","iCloud Private Relay"
"2901777160","2901777167","US","United States of America","RackNerd LLC"
"2902329448","2902329495","US","United States of America","Charter Communications Inc"
"2902341552","2902341559","US","United States of America","Navigator Gas"
"2902353232","2902353239","US","United States of America","The Acting Company"
"2902366080","2902366095","US","United States of America","Charter Communications Inc"
"2902377752","2902377759","US","United States of America","McGraw Communications Inc."
"2902390496","2902390511","US","United States of America","Malon 433 Broadway"
"2902991896","2902991903","US","United States of America","Zehmer P A Korn"
"2903008344","2903008351","US","United States of America","Counselor Realty Maple Gro"
"2903019624","2903019639","US","United States of America","Comcast Cable Communications LLC"
"2903031136","2903031143","US","United States of America","Nexstra"
"2903044272","2903044279","US","United States of America","SRK Consulting"
"2903056544","2903056551","US","United States of America","Intelligent MFG Software"
"2903070312","2903070343","US","United States of America","Comcast Cable Communications LLC"
"2903084696","2903084703","US","United States of America","Bank Biscayne"
"2903100648","2903100663","US","United States of America","Comcast Cable Communications LLC"
"2903115408","2903115439","US","United States of America","Comcast Cable Communications LLC"
"2903130272","2903130279","US","United States of America","Vortex.com Cyber"
"2903144408","2903144415","US","United States of America","Keithly Electric"
"2903159456","2903159471","US","United States of America","Comcast Cable Communications LLC"
"2903176760","2903176775","US","United States of America","Comcast Cable Communications LLC"
"2903190272","2903190279","US","United States of America","Alliance of Computer Profe"
"2903202032","2903202039","US","United States of America","Comcast Cable Communications LLC"
"2903212808","2903212815","US","United States of America","Comcast Cable Communications LLC"
"2903224672","2903224679","US","United States of America","Comcast Cable Communications LLC"
"2903235528","2903235535","US","United States of America","Houston Tscpa Foundation"
"2903246808","2903246815","US","United States of America","Authorty Chester Water"
"2903260976","2903260983","US","United States of America","Tricount Assurance"
"2903277432","2903277439","US","United States of America","INC PST Computers"
"2903295288","2903295295","US","United States of America","American Trust Cash"
"2903310936","2903310951","US","United States of America","Comcast Cable Communications LLC"
"2903327632","2903327639","US","United States of America","Prime Hyundai South"
"2903340864","2903340879","US","United States of America","Communications Comark"
"2903352472","2903352479","US","United States of America","Dallas Electronics"
"2903364768","2903364791","US","United States of America","Comcast Cable Communications LLC"
"2903378440","2903378447","US","United States of America","GTS"
"2903393328","2903393335","US","United States of America","Wackford Dental"
"2903408496","2903408511","US","United States of America","Comcast Cable Communications LLC"
"2903422552","2903422559","US","United States of America","Childrens Dental Assoc"
"2903437696","2903437711","US","United States of America","Inn University"
"2903452120","2903452127","US","United States of America","Alternative Med Intergrate"
"2903467632","2903467639","US","United States of America","Foster Electric USA"
"2903482288","2903482295","US","United States of America","Intrepid Cap Partners"
"2903497152","2903497167","US","United States of America","Phoenix Fulfillment"
"2905214848","2905214855","US","United States of America","CM Mitchell Construction Co"
"2905231992","2905231999","US","United States of America","Foundation Risk Partners Corporation NTL"
"2905408192","2905408199","US","United States of America","Emagine IT Inc"
"2905811200","2905811207","US","United States of America","Digital Coast Tech"
"2906616208","2906616215","US","United States of America","Alta Car Family Medical"
"2907119112","2907119119","US","United States of America","Autumn Leaves of Flower M"
"2908685704","2908685719","US","United States of America","Charter Communications Inc"
"2908698120","2908698127","US","United States of America","Charter Communications Inc"
"2908710848","2908710855","US","United States of America","Continental Trophies Greensboro"
"2908747568","2908747623","US","United States of America","Charter Communications Inc"
"2912955696","2912955711","US","United States of America","Comcast Cable Communications LLC"
"2912971368","2912971375","US","United States of America","Harborsi Restaurant"
"2912985256","2912985279","US","United States of America","Comcast Cable Communications LLC"
"2912999376","2912999391","US","United States of America","Comcast Cable Communications LLC"
"2913012240","2913012247","US","United States of America","Acuren Inspection Inc."
"2913027872","2913027879","US","United States of America","Development-Spring Johnson"
"2913043920","2913043935","US","United States of America","Comcast Cable Communications LLC"
"2913057800","2913057807","US","United States of America","Comcast Cable Communications LLC"
"2913071616","2913071623","US","United States of America","Charles Gasser JR"
"2913087064","2913087111","US","United States of America","Comcast Cable Communications LLC"
"2913103712","2913103719","US","United States of America","McCi Medical Group"
"2913118760","2913118767","US","United States of America","Townsend Ford Sales & SRVC"
"2913133280","2913133295","US","United States of America","I G C Club"
"2913145488","2913145495","US","United States of America","Lancaste Authority"
"2913182368","2913182375","US","United States of America","The Gold Media Group W"
"2913191888","2913191895","US","United States of America","Comcast Cable Communications LLC"
"2913207872","2913207879","US","United States of America","West Knox"
"2913221680","2913221687","US","United States of America","Abbott's Frozen Custard"
"2913235592","2913235599","US","United States of America","Burger King"
"2913247080","2913247087","US","United States of America","Right On Investigations"
"2913258304","2913258319","US","United States of America","Town School for Boys"
"2913271232","2913271247","US","United States of America","Harvest Inn Office"
"2913285808","2913285863","US","United States of America","Comcast Cable Communications LLC"
"2913299016","2913299023","US","United States of America","Comcast Cable Communications LLC"
"2913311784","2913311791","US","United States of America","SC Historical"
"2913330048","2913330063","US","United States of America","Ames MN Pass One"
"2913342176","2913342183","US","United States of America","Greencore Oars"
"2913355552","2913355559","US","United States of America","Comcast Cable Communications LLC"
"2913368248","2913368255","US","United States of America","Neolane Inc."
"2913381192","2913381207","US","United States of America","Comcast Cable Communications LLC"
"2913395072","2913395079","US","United States of America","Homecoming at Creekside"
"2913408752","2913408759","US","United States of America","City of Muskegon Peg"
"2913427880","2913427887","US","United States of America","Attune Foods Inc"
"2913439376","2913439383","US","United States of America","Healthcare Petersen"
"2913450368","2913450375","US","United States of America","Comcast Cable Communications LLC"
"2913460240","2913460255","US","United States of America","Exclusiv Physicians"
"2915211168","2915211199","DE","Germany","Google LLC"
"2915336808","2915336815","US","United States of America","BHC LLC Group"
"2915351460","2915351487","US","United States of America","Charter Communications Inc"
"2915368576","2915368583","US","United States of America","Huntington by the Sea M.E."
"2915382800","2915382807","US","United States of America","Krispy Kreme"
"2915399764","2915399767","US","United States of America","Anchor Loans"
"2915418168","2915418175","US","United States of America","Kimbrells Furniture Co"
"2915435664","2915435679","US","United States of America","Scott Robinson Honda"
"2915449536","2915449543","US","United States of America","Thaxton & Assoc"
"2915521536","2915521791","US","United States of America","Gameservers.com"
"2915925760","2915926015","US","United States of America","Web Hosting Hub Inc"
"2916189768","2916189771","CA","Canada","Rogers Communications Canada Inc."
"2916195232","2916195239","CA","Canada","Rogers Communications Canada Inc."
"2916515976","2916515983","CA","Canada","Shaw Communications Inc."
"2916883624","2916883631","US","United States of America","LKQ Corp Oration"
"2916893816","2916893823","US","United States of America","Mass Mutual"
"2916904104","2916904111","US","United States of America","Monroe Stair"
"2916915008","2916915055","US","United States of America","Optimum Online"
"2916925952","2916925959","US","United States of America","Ne Dunki N Donuts"
"2916935880","2916935887","US","United States of America","Enzo-15 9 Barnegat Ro"
"2917220728","2917220735","US","United States of America","Zuffa LLC"
"2917828608","2917829456","GB","United Kingdom of Great Britain and Northern Ireland","Leaseweb UK Limited"
"2918160560","2918160567","CA","Canada","Lawton STORE 2567 CORNER BRO"
"2918165620","2918165623","CA","Canada","Garys Automotive Ottawa Ric"
"2918169776","2918169779","CA","Canada","Radiant TIMHORTONS 100449 LONDON"
"2918422000","2918422007","US","United States of America","Elite Color Tech"
"2918534288","2918534303","US","United States of America","Subnet Digital LLC"
"2918692328","2918692355","US","United States of America","TPx Communications"
"2918926192","2918926199","US","United States of America","Premier Healthcare Exchange"
"2919019172","2919019173","US","United States of America","Broadridge"
"2919196236","2919196239","US","United States of America","Native Am. Mental HLTH. SVCS-Oregon St"
"2921551872","2921552127","PH","Philippines","CDNetworks Inc."
"2925143496","2925143503","CA","Canada","Network Innovations DBA Nitel"
"2925757848","2925757855","US","United States of America","Wingate Inn-Video Bulk"
"2925771504","2925771511","US","United States of America","Coastal Kia"
"2925783784","2925783791","US","United States of America","AAA Carolinas"
"2926371744","2926371759","US","United States of America","Triad Mac LLC DBA Creative IT"
"2927567680","2927567695","US","United States of America","TPx Communications"
"2927634448","2927634463","US","United States of America","SysNet Tech Solution LLC"
"2928272024","2928272031","CA","Canada","WiBand Communications Corp."
"2928544304","2928544311","CA","Canada","Amriou Salim"
"2928555824","2928555831","CA","Canada","Rayara"
"2928566876","2928566879","CA","Canada","Leaseweb Canada Inc."
"2928580784","2928580791","CA","Canada","Sheng Huang"
"2928592048","2928592055","CA","Canada","Provectus Inc"
"2928625176","2928625183","US","United States of America","Resonate Solutions Pty Ltd"
"2943315968","2943316300","ID","Indonesia","PT Batam Bintan Telekomunikasi"
"2953434976","2953434991","DE","Germany","NetxBetting Ltd."
"2954655352","2954655359","ES","Spain","Canalextremadura"
"2954861648","2954861667","FR","France","OVH SAS"
"2957203475","2957203475","NL","Netherlands (Kingdom of the)","Intercloud European Loopbacks"
"2958567984","2958567987","TR","Turkiye","HM Elektromekanik Uretim Anonim Sirketi"
"2958606720","2958606783","TR","Turkiye","Elit Turizm Yatirim.A.S."
"2958960744","2958960751","DE","Germany","Sit Skin Investigation & Techn. Hamburg GmbH"
"2958984180","2958984183","DE","Germany","Felderer AG"
"2959000552","2959000559","DE","Germany","Egc Energie und Gebaudetechnik Control GmbH & Co. KG"
"2959022592","2959022847","DE","Germany","Lansol GmbH GmbH"
"2959056352","2959056359","DE","Germany","GSK Stockmann"
"2959941632","2959945727","RU","Russian Federation","Quartz Telecom LLC"
"2967287808","2967289855","GB","United Kingdom of Great Britain and Northern Ireland","vXtream Ltd"
"2968227816","2968227903","TR","Turkiye","Superonline Iletisim Hizmetleri A.S."
"2968258664","2968258719","TR","Turkiye","Superonline Iletisim Hizmetleri A.S."
"2968277084","2968277087","TR","Turkiye","Bursagaz Bursa Sehirici Dogalgaz Dag. Tic. As."
"2968293304","2968293311","TR","Turkiye","Bilgin Guc Santralleri Enerji Uretim Anonim Sirketi"
"2968312864","2968312871","TR","Turkiye","Calor Makine Sanayi Ticaret Anonim Sirketi"
"2970135336","2970135339","BR","Brazil","Aqualav Servicos de Higienizacao Textil Ltda"
"2970300416","2970300431","BR","Brazil","Brasil Site Informatica Ltda"
"2971029680","2971029691","BR","Brazil","Coprel Telecom Ltda"
"2971935888","2971935891","BR","Brazil","Brasil Tecpar Amigo Avato"
"2972033756","2972033763","BR","Brazil","Brisanet Servicos de Telecomunicacoes S.A"
"2972110080","2972110847","BR","Brazil","DB3 Servicos de Telecomunicacoes S.A"
"2972503588","2972503591","BR","Brazil","Wireless Comm Services Ltda"
"2973076836","2973076847","BR","Brazil","Brasil Site Informatica Ltda"
"2973222416","2973222419","BR","Brazil","Giga Mais Fibra Telecomunicacoes S.A."
"2973970912","2973970943","BR","Brazil","Cargill Agricola S A"
"2974328992","2974329007","BR","Brazil","Lucas Network Informatica Ltda ME"
"2974501664","2974501667","BR","Brazil","Telecomunicacoes Brasileiras Telebras"
"2975160086","2975160087","BR","Brazil","Modelaco Comercio de Produtos E Servicos em Aco"
"2975640660","2975641599","BR","Brazil","Brasil Tecpar Amigo Avato"
"2976242088","2976242111","BR","Brazil","Vogel Solucoes em Telecom e Informatica S/A"
"2976585320","2976585323","BR","Brazil","Edmar A Freitas Junior"
"2977750208","2977750271","BR","Brazil","Tribunal Regional do Trabalho da 1A Regiao"
"2977854696","2977854699","BR","Brazil","Nex Telecom Ltda ME"
"2978044336","2978044383","BR","Brazil","Internet 5.8 Ltda-ME"
"2978506752","2978508799","BR","Brazil","Nippontec Telecomunicacoes"
"2979758584","2979758591","BR","Brazil","Industria E Comercio de Embalagens Maxiplast Ltda"
"2982057720","2982057723","BR","Brazil","Ass Ben Edc Cul C Ir S J Batista E Sta Cat S M"
"2984034752","2984034755","BR","Brazil","Seoy Corretora de Seguros de Vida Ltda"
"2984059424","2984059427","BR","Brazil","Bureau de Imagens Ltda"
"2984937984","2984938239","IN","India","Soluciones Favorables"
"2986174168","2986174175","CO","Colombia","Indra Colombia"
"2986185400","2986185431","CO","Colombia","Colombia Movil"
"2986195672","2986195679","CO","Colombia","Winner Group SA"
"2986204432","2986204439","CO","Colombia","Integra Multisolutions S.A.S."
"2987224296","2987224303","DE","Germany","Vitalaire GmbH"
"2987342528","2987342591","DE","Germany","Vodafone GmbH"
"2987365344","2987365375","DE","Germany","PVU Prignitzer Energie- und Wasserversorgungs GmbH"
"2987391120","2987391127","DE","Germany","Caritasverband fuer Frankfurt e.V."
"2988445488","2988446015","FR","France","OVH SAS"
"2988505324","2988505327","BE","Belgium","OVH SAS"
"2988555208","2988555211","NL","Netherlands (Kingdom of the)","OVH SAS"
"2990516552","2990516559","DE","Germany","Netzwerkfahig H & F GmbH"
"2992140868","2992140871","KZ","Kazakhstan","LLP Abli-Kurylys"
"2992205296","2992205311","KZ","Kazakhstan","Samruk Energo"
"2992272104","2992272107","KZ","Kazakhstan","The Company With Limited Liability <MLOMBARD>"
"2992356756","2992356763","KZ","Kazakhstan","Atyrau"
"2994512256","2994512256","BY","Belarus","Republican Unitary Telecommunication Enterprise Beltelecom"
"2996633600","2996633855","IR","Iran (Islamic Republic of)","Rasaneh Esfahan Net"
"2998666660","2998666663","AT","Austria","Gaertner Transport & Handel GmbH"
"2998672008","2998672011","AT","Austria","Andreas Myskiw"
"2998677532","2998677535","AT","Austria","Wolfgang Gruber"
"2998682924","2998682927","AT","Austria","Evelyn Haim"
"2998688431","2998688431","AT","Austria","Rohner Betonwerk GmbH & Co KG"
"2998694402","2998694402","AT","Austria","Barbara Avalon Heider-Rauter"
"2998700556","2998700587","AT","Austria","A1 Telekom Austria AG"
"2998705992","2998705999","AT","Austria","PRINT-SHOP Sofortdruck- und Handelsgesellschaft m.b.H."
"2998711324","2998711327","AT","Austria","Abler Holzschlaegerung und Holzhandel GmbH"
"2998716944","2998716963","AT","Austria","A1 Telekom Austria AG"
"2998723520","2998723527","AT","Austria","A1 Telekom Austria AG"
"2998728190","2998728190","AT","Austria","ST Heizung-Sanitaer GmbH"
"2998739714","2998739715","AT","Austria","A1 Telekom Austria AG - Business Customer"
"2998746336","2998746343","AT","Austria","Dieter Kinzer"
"2998751332","2998751335","AT","Austria","A1 Telekom Austria AG"
"2998756868","2998756871","AT","Austria","A1 Telekom Austria AG - Business Customer"
"3000400332","3000400334","CA","Canada","LIRbee Ou"
"3000821384","3000821387","RS","Serbia","Djusina 9"
"3001886396","3001886400","BE","Belgium","atom86 BV"
"3002657145","3002657145","CZ","Czechia","HLL LLC"
"3003027560","3003027967","RS","Serbia","Drustvo za Telekomunikacije Orion Telekom doo Beograd-Zemun"
"3003241792","3003241799","CO","Colombia","Inversiones Star Connect SAS"
"3006333888","3006333895","EC","Ecuador","Zimbra Puntonet"
"3007153664","3007153919","US","United States of America","Cyber Assets Fzco"
"3010077892","3010077895","BR","Brazil","M H M Radiadores Ltda"
"3010174976","3010183167","BR","Brazil","Speed Servicos de Internet Ltda"
"3011345408","3011345423","BR","Brazil","Virtex Telecom"
"3015587424","3015587455","BR","Brazil","Passarela Modas Ltda"
"3022663184","3022663191","JP","Japan","Studio Alice Co. Ltd."
"3022751592","3022751599","JP","Japan","Southco Inc."
"3025637408","3025637439","SG","Singapore","Mosaic Server Connectivity"
"3029766736","3029766743","HK","Hong Kong","Customer"
"3030909356","3030909359","CN","China","Shanghai Water Meter Factory"
"3030919484","3030919491","CN","China","Zhujiang Investment Co .ltd."
"3030926384","3030926387","CN","China","Building Decoration Co. Ltd. Shanghai News Day"
"3030942672","3030942687","CN","China","Shanghai Fenhua Information Technology Co. Ltd."
"3030975232","3030975239","CN","China","ChinaNet Shanghai Province Network"
"3031003136","3031003151","CN","China","SWYY"
"3039242752","3039243007","EC","Ecuador","NEDETEL Pichincha"
"3044071600","3044071607","EC","Ecuador","Ministerio de Inclusion Economica Y Social"
"3044161572","3044161575","HN","Honduras","CYTCOM Daniel Amador"
"3044516056","3044516431","AR","Argentina","IFX Networks Argentina S.R.L."
"3048108256","3048108263","GT","Guatemala","COMCEL Guatemala S.A."
"3048337696","3048337727","PE","Peru","DP World Callao S.r.l."
"3049099448","3049099451","GT","Guatemala","Universidad Rafael Landivar"
"3049729280","3049750527","EC","Ecuador","Ecuanet - Corporacion Ecuatoriana de Informacion"
"3050391192","3050391195","AR","Argentina","Coop Obras Servicios Pub. de Manuel Ocampo Ltda"
"3050399744","3050399751","AR","Argentina","Perez Luciano David"
"3050442488","3050442623","HN","Honduras","Hondutel"
"3051439008","3051439015","CO","Colombia","Hospital de Segundo Nivel Nuestra Senora de Las Mercedes"
"3056756224","3056756287","JP","Japan","Sports IT Sorution"
"3057805984","3057805999","IN","India","Bharti Airtel Ltd."
"3057835352","3057835355","IN","India","RDC Concrete India Pvt Ltd"
"3058109040","3058109047","IN","India","Randstad India Private Li"
"3058118116","3058118119","IN","India","Passion Softech Pvt Ltd"
"3058126808","3058126815","IN","India","Crystal Ceramic Industrie"
"3058134720","3058134723","IN","India","Focus Imaging & Research Centre Pvt Ltd"
"3058141076","3058141079","IN","India","BTCL"
"3058147936","3058147943","IN","India","Tenon & Groove Software Pvt Ltd"
"3058156088","3058156095","IN","India","Bharti Airtel Ltd."
"3058165432","3058165439","IN","India","Krsnaadiagnosticsprivat"
"3058175904","3058175911","IN","India","Navneet Motors"
"3058184936","3058184943","IN","India","Indo Count Industries"
"3058193220","3058193223","IN","India","Podar Education & Sports Trust"
"3058200148","3058200151","IN","India","Alliant Technologies"
"3058207112","3058207115","IN","India","Consortium Management Services Pvt Ltd"
"3058213496","3058213503","IN","India","Infinity Offshore IT Solutions Pvt Ltd"
"3058221152","3058221167","IN","India","India Mortgage Guarantee Corporation Pvt Ltd"
"3058229712","3058229719","IN","India","Tone Dealings Pvt Ltd"
"3058239288","3058239311","IN","India","Bharti Airtel Ltd."
"3058245336","3058245351","IN","India","Bharti Airtel Ltd."
"3058253728","3058253731","IN","India","Bharti Airtel Ltd."
"3058260736","3058260739","IN","India","Sri Vari Network Pvt Ltd"
"3058268288","3058268319","IN","India","RND Softech Pvt Ltdanbu"
"3058275736","3058275743","IN","India","Bharti Airtel Ltd."
"3058284128","3058284131","IN","India","Bharti Airtel Ltd."
"3058291156","3058291159","IN","India","AT India Auto Parts Pvt L"
"3058299056","3058299059","IN","India","Nesecure Networks Pvt. L"
"3058305552","3058305559","IN","India","Imperial Auto Industries Ltd"
"3058311440","3058311447","IN","India","A P Securitas Pvt Ltd"
"3058319608","3058319615","IN","India","Bharti Airtel Ltd."
"3058327784","3058327787","IN","India","Jaypee Brothers Medical Pub"
"3058336136","3058336143","IN","India","Senos Tech India Pvt LTDK"
"3058344360","3058344367","IN","India","Aval Fashion House"
"3058352400","3058352423","IN","India","Bharti Airtel Ltd."
"3058359760","3058359783","IN","India","Bharti Airtel Ltd."
"3058367048","3058367055","IN","India","Shree R. C. Enterprisespa"
"3058372451","3058372451","IN","India","Renew Saur Urja Pvt. Ltd."
"3058379584","3058379599","IN","India","Bharat Boitech International Limited Genome Valley"
"3058386804","3058386807","IN","India","Sathyam Biojagadeesh"
"3058394296","3058394303","IN","India","Bharti Airtel Ltd."
"3058401368","3058401371","IN","India","Bharti Airtel Ltd."
"3058408176","3058408183","IN","India","Kramski Stamping and Mold"
"3058414456","3058414463","IN","India","Wondrous Buildmart Priva"
"3058421236","3058421239","IN","India","Toyo Engineering India Private Limited C/O Hazira LNG Ground Floor IT"
"3058427224","3058427231","IN","India","Nightingale Home Health Services Pvt Ltd"
"3058434184","3058434191","IN","India","Bharti Airtel Ltd."
"3058442016","3058442047","IN","India","Bharti Airtel Ltd."
"3058450848","3058450851","IN","India","Allen Career Institute"
"3058456808","3058456811","IN","India","Govt. of Gujarat A/C E-Gram Vishwagram Society"
"3058460200","3058460203","IN","India","Bharti Airtel Ltd."
"3058469040","3058469055","IN","India","AlliantTechnologies"
"3058478552","3058478559","IN","India","Bharti Airtel Ltd."
"3058487092","3058487095","IN","India","KR Mroads India Private L"
"3058492874","3058492874","IN","India","Bharti Airtel Ltd."
"3058498932","3058498947","IN","India","Bharti Airtel Ltd."
"3058580800","3058580807","IN","India","Bharti Airtel Ltd."
"3058593672","3058593675","IN","India","Neelachal Ispat Nigam Lim"
"3058599857","3058599857","IN","India","Food Corporation of India"
"3058603003","3058603003","IN","India","Saj Food Products Pvt Ltd"
"3058605817","3058605817","IN","India","Devaryaa Hospitalities Pvt Ltd"
"3058608688","3058608691","IN","India","Devyani International Limited"
"3058611852","3058611855","IN","India","Bharti Airtel Ltd."
"3058618212","3058618215","IN","India","Jubilant Food Works Limited"
"3058629136","3058629139","IN","India","Mobiquity Softech Private"
"3058640912","3058640919","IN","India","Megha Engineering & Infra"
"3058651000","3058651015","IN","India","Bharti Airtel Ltd."
"3058660556","3058660559","IN","India","Jubilant Food Works Limited"
"3058684532","3058684547","IN","India","Bharti Airtel Ltd."
"3068919808","3068921343","JP","Japan","Freebit Co. Ltd."
"3074362880","3074362895","CN","China","Zhuhaishixiangzhourenmindonglu182Hao405Fang"
"3079182632","3079182635","CN","China","Nin bo jian gong gufeng youxina gongshi"
"3087150736","3087150743","US","United States of America","Feeling Great Inc"
"3090966000","3090966007","US","United States of America","Endresinsuranceagencyinc"
"3091022404","3091022407","US","United States of America","TT Dunphy Inc"
"3091859776","3091859783","US","United States of America","Clifton Park Water Authority"
"3091871576","3091871583","US","United States of America","Best Western Summit Inn"
"3091886400","3091886415","US","United States of America","Charter Communications Inc"
"3091901528","3091901535","US","United States of America","Charter Communications Inc"
"3091915552","3091915559","US","United States of America","Il Mulino"
"3091933688","3091933695","US","United States of America","Roberts-Ehrlich Properti"
"3091952128","3091952383","US","United States of America","GS Site 25 Hotel LLC"
"3093868961","3093868961","FR","France","Netskope Inc"
"3093875579","3093875579","US","United States of America","AZ International LLC"
"3093882833","3093882833","KE","Kenya","Hurricane Electric LLC"
"3093909855","3093909869","US","United States of America","Hurricane Electric LLC"
"3094024464","3094024471","CA","Canada","Rsaaneh Isfahan Net"
"3094037392","3094037399","CA","Canada","Time Tel BD"
"3094055312","3094055319","CA","Canada","Interativos"
"3094065360","3094065367","CA","Canada","Qatar Museums Authority"
"3094075480","3094075487","CA","Canada","Roya Host Solution"
"3096812808","3096812823","CA","Canada","Banque Nationale du Canada"
"3096833536","3096833551","CA","Canada","Toronto Dominion Bank"
"3098510368","3098510375","US","United States of America","Warner Norcross & Judd LLP"
"3103973376","3103974399","KZ","Kazakhstan","Kcell JSC"
"3104297896","3104297899","DE","Germany","SRH Klinikum Karlsbad-Langensteinbach GmbH"
"3104601088","3104602111","PT","Portugal","DMNS - Dominios S.A."
"3104957952","3104957959","PT","Portugal","MEO - Servicos de Comunicacoes e Multimedia S.A."
"3105368576","3105369087","RU","Russian Federation","OOO WestCall Ltd."
"3105801216","3105802239","ES","Spain","Avatel Telecom SA"
"3106182200","3106182271","AX","Aland Islands","IP Connect AB"
"3106589758","3106589759","NL","Netherlands (Kingdom of the)","Amazon IVS Twitch"
"3106975968","3106975999","PL","Poland","Globitel Broadband End Users"
"3107421184","3107422207","DE","Germany","Man-da.de GmbH"
"3107870720","3107871743","DE","Germany","Ropa GmbH"
"3108348192","3108348199","AT","Austria","conova communications GmbH"
"3108894720","3108894975","AZ","Azerbaijan","Araz Tech LLC"
"3109468317","3109468317","ES","Spain","Noraina Ltd"
"3109884928","3109885951","GL","Greenland","Inu:IT A/S"
"3110333696","3110334207","FR","France","DestiNet Ltd"
"3110815744","3110816255","RU","Russian Federation","Webo LLC"
"3111358464","3111359487","GB","United Kingdom of Great Britain and Northern Ireland","Community Fibre Limited"
"3111842784","3111842815","CO","Colombia","Liberty Networks de Colombia S.A.S"
"3112266752","3112267775","IR","Iran (Islamic Republic of)","Pooyesh Axe Information and Communication Technology PJS"
"3112794624","3112794879","FR","France","Ociris GmbH"
"3113048724","3113048727","BE","Belgium","Zbridge Limited"
"3113313280","3113314303","IT","Italy","MaxMara Fashion Group Srl"
"3113664116","3113664158","US","United States of America","Reliablesite.net LLC"
"3114027676","3114027750","AZ","Azerbaijan","IP Khnykin Vitaliy Yakovlevich"
"3114400919","3114400940","CA","Canada","IP Node s.r.o."
"3114545152","3114546175","MD","Moldova (the Republic of)","Star Linc SRL"
"3115106115","3115106287","US","United States of America","Markley Network Services LLC"
"3115702272","3115703295","SE","Sweden","GlobalConnect AB"
"3116300800","3116301055","BG","Bulgaria","FriendHosting L.P."
"3116683264","3116683779","DK","Denmark","Danish Crown A/S"
"3117152768","3117153023","US","United States of America","BlueMatrix Research Ltd"
"3117569024","3117570047","UA","Ukraine","Lanet Network Ltd"
"3118057472","3118058495","FR","France","Eurofiber France SAS"
"3118402330","3118402330","GB","United Kingdom of Great Britain and Northern Ireland","Arelion Sweden AB"
"3118807808","3118808063","US","United States of America","PacketHub S.A."
"3119385600","3119386623","CH","Switzerland","Abacus Umantis AG"
"3119844352","3119845375","HR","Croatia","Cratis d.o.o."
"3120340992","3120341503","GB","United Kingdom of Great Britain and Northern Ireland","BeFibre Ltd"
"3120742400","3120754687","PY","Paraguay","Telecel S.A."
"3120932431","3120932431","CR","Costa Rica","TGA Consultores S.A"
"3122143384","3122143391","VE","Venezuela (Bolivarian Republic of)","Flowserver"
"3122460624","3122460631","CO","Colombia","ETB - Colombia"
"3123053824","3123054591","AR","Argentina","Telefonica de Argentina"
"3123583080","3123583127","EC","Ecuador","Calzado Deportivo Luzcasport C. Ltda"
"3123627368","3123627375","EC","Ecuador","Milempro S.A."
"3124756880","3124756951","AR","Argentina","Verizon Argentina S.r.l."
"3125029616","3125029623","EC","Ecuador","Carlos Gustavo Pico Montalvan"
"3126917120","3126918143","BR","Brazil","Globo Comunicacao e Participacoes SA"
"3130706384","3130706391","CO","Colombia","Importsoluciones SAS"
"3130779144","3130779151","CO","Colombia","Total Marketing Group Ltda"
"3131509808","3131509815","VE","Venezuela (Bolivarian Republic of)","Corporacion Digitel C.A."
"3131527304","3131527311","VE","Venezuela (Bolivarian Republic of)","Mercantil C.A. Banco Universal"
"3133325056","3133325063","BR","Brazil","Cervejaria Petropolis SA"
"3134414812","3134414815","BR","Brazil","Am Jumbo Cargo Transportes Rodoviarios E Logistica"
"3134433728","3134433731","BR","Brazil","BR.Digital Telecom"
"3134448680","3134448687","BR","Brazil","A H R da Silva Telecomunicacoes"
"3134974976","3134975999","BR","Brazil","HD Telecom Brasil"
"3135314816","3135314823","BR","Brazil","Equipamentos para Pintura MAJAM Ltda"
"3135451652","3135451655","BR","Brazil","Ello Tecnology Ltda"
"3135712448","3135712455","BR","Brazil","Tim S.A."
"3135880504","3135880505","BR","Brazil","Centro Medico E Odontologico Sarandi Ltda"
"3136049484","3136049487","BR","Brazil","Emercor Emergencias Medicas Ltda"
"3136880688","3136880695","BR","Brazil","Vogel Solucoes em Telecom e Informatica S/A"
"3136956416","3136958463","BR","Brazil","Rede Minas Telecom Ltda"
"3137392664","3137392671","BR","Brazil","Catalde Bessa Consultoria Ltda"
"3137725440","3137725695","ES","Spain","Wireless Ltd"
"3138624474","3138624475","BR","Brazil","Brisanet Servicos de Telecomunicacoes S.A"
"3139513240","3139513255","BR","Brazil","Vogel Solucoes em Telecom e Informatica S/A"
"3139563276","3139563279","BR","Brazil","Gilog - Gestao Integrada de Logistica Ltda"
"3140332448","3140332543","BR","Brazil","Vialink Solucoes de Tecnologia Ltda"
"3141456089","3141456095","BR","Brazil","Fibrion Internet Ltda"
"3142149840","3142150143","BR","Brazil","Celante Servicos de Telecomunicacoes Ltda - EPP"
"3142946928","3142946931","BR","Brazil","Nordica Veiculos S/A"
"3143524724","3143524727","BR","Brazil","Sca Schveitzer Contabilidade E Auditoria S/C Ltd"
"3144116216","3144116243","BR","Brazil","BR.Digital Telecom"
"3144429184","3144429191","BR","Brazil","SAS Offshore Servicos Ltda"
"3144476880","3144476887","BR","Brazil","Ufinet Brasil S.A."
"3145205868","3145205871","BR","Brazil","Locamerica Rent a Car S/A"
"3155428824","3155428827","AT","Austria","A1 Telekom Austria AG"
"3155433944","3155433947","AT","Austria","Robert Mueller"
"3155439107","3155439107","AT","Austria","Atelier Macala GmbH"
"3155444481","3155444482","AT","Austria","A1 Telekom Austria AG - Business Customer"
"3155449867","3155449871","AT","Austria","A1 Telekom Austria AG - Business Customer"
"3155455144","3155455147","AT","Austria","Ibis Acam Bildungs GmbH"
"3155460353","3155460353","AT","Austria","Gemeindeamt Altenberg bei Linz"
"3155465920","3155465923","AT","Austria","Michael Schoenbass"
"3155470339","3155470339","AT","Austria","hfs-ware Handelsgesellschaft mbH"
"3155475201","3155475201","AT","Austria","DM Industrieservice GmbH"
"3155480324","3155480327","AT","Austria","Teletronic Vertriebsgesellschaft mbH"
"3155485804","3155485807","AT","Austria","Harald Gaerner"
"3155491221","3155491223","AT","Austria","A1 Telekom Austria AG - Business Customer"
"3155500240","3155500247","AT","Austria","A1 Telekom Austria AG"
"3155505820","3155505823","AT","Austria","A1 Telekom Austria AG - Business Customer"
"3155510488","3155510491","AT","Austria","NAGY HUeTE Gesellschaft m.b.H. & Co KG."
"3155514632","3155514635","AT","Austria","Martin Huber"
"3155519292","3155519292","AT","Austria","A1 Telekom Austria AG - Business Customer"
"3155523324","3155523324","AT","Austria","A1 Telekom Austria AG - Business Customer"
"3155528672","3155528675","AT","Austria","Karin Heinlein"
"3155534480","3155534499","AT","Austria","A1 Telekom Austria AG"
"3155539237","3155539237","AT","Austria","Gebr. Trettler GmbH"
"3155543344","3155543347","AT","Austria","Meusburger Fahrzeugbau Gesellschaft m.b.H."
"3155547864","3155547871","AT","Austria","A1 Telekom Austria AG"
"3155553023","3155553024","AT","Austria","A1 Telekom Austria AG"
"3156789920","3156790015","DE","Germany","Hetzner Online GmbH"
"3160271179","3160271179","PT","Portugal","Dotsi Lda"
"3161398336","3161398423","DE","Germany","Vodafone GmbH"
"3161897496","3161897567","DE","Germany","Ewe Tel GmbH"
"3164882560","3164882687","IQ","Iraq","Avanti Broadband Ltd"
"3165579312","3165579315","DE","Germany","Hans Maier GmbH & Co KG Bauunternehmung"
"3167228760","3167228767","NL","Netherlands (Kingdom of the)","Engineering Trading & Inspection"
"3167237104","3167237111","NL","Netherlands (Kingdom of the)","de Organisatie Makelaar"
"3167245080","3167245087","NL","Netherlands (Kingdom of the)","Welmersburg Stedenbouw"
"3167254536","3167254543","NL","Netherlands (Kingdom of the)","KPN B.V."
"3167263488","3167263495","NL","Netherlands (Kingdom of the)","Stg Boog"
"3167271716","3167271719","NL","Netherlands (Kingdom of the)","Gemeente Schiedam"
"3167280004","3167280007","NL","Netherlands (Kingdom of the)","Stichting Juutsom"
"3167288688","3167288695","NL","Netherlands (Kingdom of the)","Eye Display"
"3167296816","3167296823","NL","Netherlands (Kingdom of the)","Palm Administratie"
"3167305400","3167305407","NL","Netherlands (Kingdom of the)","Machineservice Weert"
"3167313744","3167313751","NL","Netherlands (Kingdom of the)","LZI Holding BV"
"3167322400","3167322407","NL","Netherlands (Kingdom of the)","Koninklijke Nederlandse Munt NV"
"3167331328","3167331331","NL","Netherlands (Kingdom of the)","KPN B.V."
"3167340128","3167340135","NL","Netherlands (Kingdom of the)","Rienk Sales & Service Buro BV"
"3167348576","3167348583","NL","Netherlands (Kingdom of the)","Matex Deuren B.V."
"3167359160","3167359163","NL","Netherlands (Kingdom of the)","Encore Bar & Grill"
"3167367968","3167367971","NL","Netherlands (Kingdom of the)","Sranant Food"
"3167376456","3167376459","NL","Netherlands (Kingdom of the)","Moes Bedden BV"
"3167384288","3167384295","NL","Netherlands (Kingdom of the)","Sencar"
"3167392912","3167392919","NL","Netherlands (Kingdom of the)","KPN B.V."
"3167401200","3167401207","NL","Netherlands (Kingdom of the)","KPN B.V."
"3167409732","3167409735","NL","Netherlands (Kingdom of the)","Schoenmakerij de Loper"
"3167417560","3167417575","NL","Netherlands (Kingdom of the)","KPN B.V."
"3167426336","3167426343","NL","Netherlands (Kingdom of the)","L.T.J. Rovers"
"3167435680","3167435687","NL","Netherlands (Kingdom of the)","Oudshoorn S Aannemersbedrijf BV"
"3167444912","3167444919","NL","Netherlands (Kingdom of the)","Modecentrum Beekman Emmeloord BV"
"3167454456","3167454479","NL","Netherlands (Kingdom of the)","KPN B.V."
"3167462848","3167462855","NL","Netherlands (Kingdom of the)","Mainstream BV"
"3167471248","3167471251","NL","Netherlands (Kingdom of the)","KPN B.V."
"3167479464","3167479495","NL","Netherlands (Kingdom of the)","KPN B.V."
"3167487696","3167487703","NL","Netherlands (Kingdom of the)","W.G.J. Timmermans"
"3167496064","3167496071","NL","Netherlands (Kingdom of the)","KPN Zm Cs Tbv Kon Volkerwesselsstevin Kvws"
"3167504216","3167504223","NL","Netherlands (Kingdom of the)","A.L. Buurman"
"3167512468","3167512479","NL","Netherlands (Kingdom of the)","KPN B.V."
"3167521312","3167521323","NL","Netherlands (Kingdom of the)","KPN B.V."
"3167530464","3167530471","NL","Netherlands (Kingdom of the)","KPN B.V."
"3167539784","3167539791","NL","Netherlands (Kingdom of the)","Space Leder Mode BV"
"3167549080","3167549087","NL","Netherlands (Kingdom of the)","Stichting vrijetijdscentrum Ridderhof"
"3167558488","3167558495","NL","Netherlands (Kingdom of the)","Netframe"
"3167567072","3167567079","NL","Netherlands (Kingdom of the)","DirecTEX Inc"
"3167575456","3167575463","NL","Netherlands (Kingdom of the)","Nikos de kleine griek"
"3167584856","3167584863","NL","Netherlands (Kingdom of the)","Van den Elzen Caravans"
"3167597368","3167597375","NL","Netherlands (Kingdom of the)","Rutgers Posch Visee Endedijk NV"
"3167606388","3167606391","NL","Netherlands (Kingdom of the)","KPN B.V."
"3167615176","3167615179","NL","Netherlands (Kingdom of the)","VVE Marathon Gebouw Amsterdam"
"3167722264","3167722287","NL","Netherlands (Kingdom of the)","KPN B.V."
"3167730496","3167730503","NL","Netherlands (Kingdom of the)","Stichting bestuur Viva zorggroep"
"3167736248","3167736251","NL","Netherlands (Kingdom of the)","ZTE Cooperatief U.A."
"3167741296","3167741299","NL","Netherlands (Kingdom of the)","Gemeente Nijmegen Sporthal Ijsbeerstraat"
"3168047104","3168049151","IR","Iran (Islamic Republic of)","Telecommunication Company of Tehran"
"3168782592","3168782847","IL","Israel","SKY UK Limited"
"3170828288","3170861055","RU","Russian Federation","National Cable Networks"
"3171643392","3171659775","BR","Brazil","Brasil Telecom Comunicacao Multimidia S.A"
"3173451344","3173451359","BR","Brazil","DDI Consultores do Brasil Ltda"
"3173480788","3173480791","BR","Brazil","Karne Keijo Logistica Integrada Ltda."
"3174171272","3174171275","BR","Brazil","Realmar Distribuidora Ltda"
"3176427736","3176427739","BR","Brazil","R2 Net"
"3176807332","3176807335","BR","Brazil","Hammerhead Sports Ltda"
"3178341176","3178341359","BR","Brazil","Host One Servicos de Internet Ltda"
"3179093208","3179093211","BR","Brazil","Flytour Business Travel Viagens E Turismo Ltd."
"3179124320","3179124351","BR","Brazil","Epson do Brasil Industria E Comercio Ltd."
"3179200696","3179200699","BR","Brazil","Via Varejo S/A"
"3179238068","3179238071","BR","Brazil","Kinema da Ilha Informatica e Tecnologia Ltda."
"3184687968","3184687983","MX","Mexico","Engicom"
"3187867704","3187867711","AR","Argentina","Telmex Argentina S.A."
"3187940572","3187940575","HN","Honduras","Navega Empleado"
"3188018752","3188018767","HN","Honduras","Liberty Networks Honduras Sociedad de Responsabilidad Limitada"
"3188148192","3188148199","CL","Chile","Axesat S.A"
"3188180536","3188180539","CR","Costa Rica","Consultores Juridicos Especializados"
"3188184800","3188184811","CR","Costa Rica","American Data Networks"
"3188397664","3188397679","EC","Ecuador","Corporacion Nacional de Telecomunicaciones - CNT EP"
"3188474776","3188474779","PE","Peru","Optical Technologies S.A.C."
"3188564176","3188564183","CL","Chile","Soc Educ Francesa de Concepcion S.A."
"3188645956","3188645957","CO","Colombia","Conciviles"
"3188650336","3188650343","CO","Colombia","Etix Everywhere Colombia SAS"
"3188685168","3188685367","BR","Brazil","Aloo Telecom - FSF Tecnologia SA"
"3189350016","3189350055","CO","Colombia","ETB - Colombia"
"3189428848","3189428855","CO","Colombia","Suppla S.A."
"3191126944","3191126959","PY","Paraguay","Secretaria Nacional de Tecnologias de la Informacion y Comunicaciones"
"3191403480","3191403487","GT","Guatemala","Cominte Nacional de Alfabetizacion"
"3191455328","3191455343","EC","Ecuador","Puntonet S.A."
"3192331496","3192331503","CO","Colombia","Starnet.net SAS"
"3192345208","3192345215","CO","Colombia","Suramerica Comercial S.A.S"
"3192357552","3192357559","CO","Colombia","Serviefectivo S.A."
"3192368768","3192368775","CO","Colombia","JP Transportamos S.A.S."
"3192380112","3192380119","CO","Colombia","Cadena Comercial Oxxo Colombia S A"
"3192950816","3192950823","DO","Dominican Republic","Agente de Cambio Caribe Express"
"3193352424","3193352431","SV","El Salvador","A C C O V I.de R.L."
"3193371560","3193371567","SV","El Salvador","Regina Andreu Y Asociados S.A.de CV"
"3193712984","3193712991","HN","Honduras","Programa Presidencial de Empleo Con Chamba Vivis Mejor"
"3193741641","3193741641","US","United States of America","Northern Cable and Fiber LLC"
"3193980104","3193980111","CL","Chile","Tecnitasa S.A"
"3194387328","3194387455","CO","Colombia","Colombia Mas TV S.A.S"
"3194452336","3194452351","CO","Colombia","Axesat S.A"
"3194672672","3194672675","GT","Guatemala","Dvalentina S.A."
"3194736712","3194736727","NI","Nicaragua","New Holland Apparell"
"3194859600","3194859607","CO","Colombia","Empresas Publicas de Armenia ESP"
"3194952112","3194952119","GT","Guatemala","Tigo Corporativo"
"3195213847","3195213869","BZ","Belize","IQWeb FZ-LLC"
"3195543356","3195543359","SV","El Salvador","Casa de Cambio Puerto Bus S.A. de C.V."
"3195635372","3195635375","CO","Colombia","Fundacion Mundo Mujer"
"3195641168","3195641169","CO","Colombia","A Y E Frias Transportes SAS"
"3195714048","3195714071","GT","Guatemala","Comunicaciones Metropolitanas Cablecolor"
"3196305488","3196305519","CO","Colombia","Liberty Networks de Colombia S.A.S"
"3196318944","3196318959","CO","Colombia","Columbus Networks de Colombia Limitada"
"3197742592","3197744127","CL","Chile","Manquehuenet"
"3198605576","3198605583","DO","Dominican Republic","Centro Cuesta Nacional"
"3198674200","3198674207","DO","Dominican Republic","Clinica Corominas"
"3198938980","3198938983","BO","Bolivia (Plurinational State of)","Julio Cesarrocamercado"
"3199488128","3199488135","BO","Bolivia (Plurinational State of)","Danielcastroarancibia"
"3199780912","3199780919","CO","Colombia","S3 Wireless Colombia S.A"
"3199898472","3199898479","BO","Bolivia (Plurinational State of)","Radio Trans Mundial SRL"
"3199925696","3199925703","BO","Bolivia (Plurinational State of)","Jhossette Yascara Venegas Gutierrez"
"3200547368","3200547375","CL","Chile","GTD Internet S.A."
"3201315160","3201315167","CL","Chile","Soc. Transportes Romani Y Cia. Ltd."
"3201706624","3201706631","EC","Ecuador","Corporacion Nacional de Telecomunicaciones - CNT EP"
"3201851860","3201851863","EC","Ecuador","3M Ecuador C.A."
"3201861824","3201861831","CO","Colombia","Datecsa S.A."
"3201872528","3201872543","PE","Peru","Wayra Network S.A.C."
"3201882070","3201882075","EC","Ecuador","Cirion Technologies Argentina S.A."
"3201897116","3201897119","CO","Colombia","Comercializadora Entretenimiento Y Comunicaciones S.A.S."
"3201908504","3201908511","CO","Colombia","Televideo S.A.S"
"3201921856","3201921857","CO","Colombia","Fleischmann Foods S.A."
"3202128448","3202128455","AR","Argentina","Greenfreight S.r.l."
"3202625024","3202625279","AR","Argentina","Intercity Comunicaciones S.A."
"3203558184","3203558187","CO","Colombia","Universidad Cooperativa"
"3204802560","3204803071","BR","Brazil","Infogarcas Solucoes de Informatica Ltda"
"3204961704","3204961711","BR","Brazil","Online Telecomunicacoes Ltda"
"3210818168","3210818191","PE","Peru","Internexa Peru S.A"
"3211118592","3211118642","FR","France","Cyber Assets Fzco"
"3219805586","3219805587","BR","Brazil","Microsoft 272945 Brasil LTDA"
"3220302720","3220302795","BR","Brazil","Vero S.A"
"3221449600","3221449663","US","United States of America","Dr Soft SRL"
"3221946368","3222011903","US","United States of America","Nokia of America Corporation"
"3223303680","3223303935","US","United States of America","Melissa's Produce"
"3223877632","3223879679","US","United States of America","TelPage"
"3224430848","3224431103","US","United States of America","AMETEK Inc."
"3225436480","3225436487","US","United States of America","BDS Design INC"
"3225723920","3225723927","US","United States of America","PFN Athens"
"3226206344","3226206351","US","United States of America","Golden Empire Mortgage"
"3226697486","3226697486","SG","Singapore","Lucera Financial Infrastructures LLC"
"3227090880","3227090943","FI","Finland","KHF Finland Oy"
"3227445248","3227445503","US","United States of America","Lucas Western Inc."
"3227747296","3227747303","CA","Canada","CFBTel"
"3228002560","3228003071","FI","Finland","City of Turku"
"3228500480","3228500991","US","United States of America","National Indemnity Company"
"3229172736","3229172991","SE","Sweden","Monitor ERP System AB"
"3229768308","3229768319","FI","Finland","Walkiakosken apteekki"
"3230030592","3230030847","FR","France","Ministere de la Defense"
"3230430500","3230430503","BR","Brazil","H M de Araujo Nunes"
"3230835456","3230837503","NO","Norway","Tieto Norway AS"
"3231160608","3231160615","US","United States of America","Authorized Broadband"
"3231363104","3231363111","US","United States of America","Physicians Premier Emergency Room"
"3231670784","3231671039","US","United States of America","Kaiser Electronics"
"3232378368","3232380927","US","United States of America","HP Inc."
"3232816640","3232816895","SE","Sweden","Swedavia AB"
"3232917776","3232917776","DE","Germany","Google LLC"
"3233508496","3233508503","US","United States of America","Temok IT Services DMCC"
"3233633608","3233633615","US","United States of America","Bravo Wellness"
"3233995160","3233995167","FI","Finland","Cidercone Oy Ab"
"3234263416","3234263423","US","United States of America","Heb Stores"
"3234737499","3234737499","GB","United Kingdom of Great Britain and Northern Ireland","L7 Connect"
"3234920728","3234920731","US","United States of America","Lakeside Vision Center"
"3235865600","3235865855","BO","Bolivia (Plurinational State of)","Cotas LTDA."
"3236419584","3236419839","-","-","-"
"3236733430","3236733432","US","United States of America","HostPapa"
"3236741982","3236741985","US","United States of America","HostPapa"
"3237040896","3237041151","CA","Canada","B2 Net Solutions Inc."
"3237786568","3237786570","US","United States of America","Integen Inc"
"3238171904","3238172159","SI","Slovenia","Srednja ekonomska sola Maribor"
"3238587402","3238587541","GB","United Kingdom of Great Britain and Northern Ireland","DM6"
"3239693312","3239693567","BH","Bahrain","Arab Banking Corporation B S C"
"3240049750","3240049750","SG","Singapore","Arminas Grigonis"
"3240410880","3240411135","NO","Norway","Tieto Norway AS"
"3240951835","3240951836","SE","Sweden","Telia Network Services"
"3241357824","3241358079","FR","France","Universite de Lille"
"3241849344","3241849599","IT","Italy","IT Hostline Ltd"
"3242226288","3242226295","FI","Finland","Seinajautokatsoy"
"3242253272","3242253275","FI","Finland","Elisa Oyj"
"3242274524","3242274527","FI","Finland","Touhulavarhaiskasvatus"
"3242305184","3242305191","FI","Finland","Keslog"
"3242399272","3242399279","NL","Netherlands (Kingdom of the)","GWS.nl"
"3242605600","3242605855","FR","France","OVH SAS"
"3243185568","3243185575","NL","Netherlands (Kingdom of the)","Eagel"
"3243532032","3243532287","NL","Netherlands (Kingdom of the)","Verocon"
"3243621112","3243621119","CZ","Czechia","SKF Lubrication Systems CZ s.r.o."
"3243643392","3243643395","CZ","Czechia","PREFA System s.r.o."
"3243686428","3243686431","CZ","Czechia","Sprava Prazskeho hradu"
"3244210512","3244210515","FI","Finland","Espoonhautauststooy"
"3244521824","3244521855","DE","Germany","Wesser Informatik GmbH"
"3244956672","3244957695","UA","Ukraine","Infium UAB"
"3245507228","3245507231","AU","Australia","AAPT Limited"
"3245521077","3245521083","FR","France","Colt Technology Services Group Limited"
"3245592584","3245592591","GB","United Kingdom of Great Britain and Northern Ireland","Clowance Camborne Cornwall"
"3245598808","3245598815","GB","United Kingdom of Great Britain and Northern Ireland","Advanced Interior Soluti"
"3245703544","3245703551","GB","United Kingdom of Great Britain and Northern Ireland","Kew Lincoln"
"3245710160","3245710163","GB","United Kingdom of Great Britain and Northern Ireland","Fnckingsway Gloucester"
"3245716968","3245716971","GB","United Kingdom of Great Britain and Northern Ireland","TTC Distribution Limited"
"3245723980","3245723983","GB","United Kingdom of Great Britain and Northern Ireland","Gtoengineeringlimited Reading"
"3245730480","3245730483","GB","United Kingdom of Great Britain and Northern Ireland","Inspiredlabs Charlottestr"
"3245795556","3245795567","SE","Sweden","Colt Telecom"
"3246141709","3246141709","US","United States of America","Baxet Group Inc."
"3246440428","3246440447","GB","United Kingdom of Great Britain and Northern Ireland","Verizon UK Limited"
"3246543016","3246543023","GB","United Kingdom of Great Britain and Northern Ireland","Infosys Limited"
"3246738656","3246738863","GB","United Kingdom of Great Britain and Northern Ireland","Verizon UK Limited"
"3247262120","3247262127","NL","Netherlands (Kingdom of the)","K.W. Mok"
"3247281136","3247281143","NL","Netherlands (Kingdom of the)","KPN B.V."
"3247319904","3247319919","DE","Germany","Bergnet GmbH"
"3248360224","3248360271","DE","Germany","Deutsche Telekom AG"
"3248407368","3248407375","DE","Germany","Deutsche Telekom AG"
"3248485648","3248485663","DE","Germany","Schuhaus Klauser"
"3249124864","3249125375","CZ","Czechia","Fortuna Game A.S."
"3249307408","3249307423","NL","Netherlands (Kingdom of the)","Banksys Nederland"
"3249355184","3249355199","NL","Netherlands (Kingdom of the)","Stichting Gdvv/Netsourcing"
"3249381944","3249381951","NL","Netherlands (Kingdom of the)","KPN B.V."
"3249401528","3249401535","NL","Netherlands (Kingdom of the)","Hoog Langen"
"3249765392","3249765407","CZ","Czechia","T-Mobile Czech Republic A.S."
"3250061868","3250061875","FI","Finland","Elisa Oyj"
"3250105760","3250105791","FI","Finland","SOK"
"3250193526","3250193526","PL","Poland","Google Ireland Limited"
"3250612552","3250612559","TR","Turkiye","Alice BBDO Reklamcilik ve Iletisim Hiz.A.S"
"3251004672","3251004683","HR","Croatia","Opca Zupanijska Bolnica Pozega"
"3251370504","3251370504","SG","Singapore","Brevan Howard Asset Management LLP"
"3251769856","3251770879","FI","Finland","Telia Finland Oyj"
"3252387840","3252388095","LT","Lithuania","Vilniaus universitetas"
"3252856808","3252856815","RO","Romania","Telint Consult"
"3253324032","3253324287","AT","Austria","Aeza Group LLC"
"3253752256","3253752259","NL","Netherlands (Kingdom of the)","Lumen Technologies UK Limited"
"3253781376","3253781383","DK","Denmark","Lumen Technologies UK Limited"
"3254186496","3254187263","CH","Switzerland","Swisscom AG"
"3254600384","3254600415","FR","France","IP2000 Voice Over IP services and Plateforms"
"3254930454","3254930454","FR","France","Pure Environnement Msyj1"
"3254956256","3254956271","FR","France","Orange S.A."
"3255009094","3255009094","FR","France","Inter Mobile"
"3255022432","3255022439","FR","France","Mairie du Tampon"
"3255028041","3255028041","FR","France","Mairie de Saint Denis"
"3255507456","3255507711","DK","Denmark","Completnet Aps"
"3255858096","3255858099","SE","Sweden","Nimbus Group Sweden Retail AB"
"3255958120","3255958123","SE","Sweden","HSB Sodermanlands Lan EF"
"3256234336","3256234351","SE","Sweden","Polismyndigheten"
"3256435136","3256435167","DE","Germany","Automobile Ahlers"
"3256463040","3256463103","DE","Germany","Lohndirekt.de.AG"
"3256779880","3256779999","CY","Cyprus","LogosNet Services Limited"
"3257304168","3257304175","PT","Portugal","NBC Medical"
"3257732064","3257732071","NL","Netherlands (Kingdom of the)","Belmer Totaalbouw"
"3257759568","3257759623","NL","Netherlands (Kingdom of the)","KPN B.V."
"3257779248","3257779263","DE","Germany","area-7 IT-Services GmbH"
"3258081536","3258081791","BE","Belgium","Cu.be Solutions B.V."
"3258128136","3258128143","FR","France","Syndicat du Bois de Laumone S B A"
"3258131878","3258131878","FR","France","GI - Customer Interconnexion With RAEI Backbone"
"3258135492","3258135492","FR","France","GI - Customer Interconnexion With RAEI Backbone"
"3258137148","3258137149","FR","France","GI - Customer Interconnexion With RAEI Backbone"
"3258139260","3258139260","FR","France","GI - Customer Interconnexion With RAEI Backbone"
"3258142089","3258142089","FR","France","Orange S.A."
"3258143918","3258143918","FR","France","Orange S.A."
"3258147548","3258147548","FR","France","Orange S.A."
"3258152146","3258152146","FR","France","Orange S.A."
"3258156525","3258156525","FR","France","30Bis Rte de la Reine"
"3258159630","3258159630","FR","France","Rousseau Aubj4"
"3258163564","3258163564","FR","France","22 R des Vignerons"
"3258168501","3258168501","FR","France","Ets Apei D Orange Arcj4"
"3258172574","3258172574","FR","France","Syndicat Local Esf le Mont Dore"
"3258179036","3258179036","FR","France","Orange S.A."
"3258182528","3258182535","FR","France","Orange S.A."
"3258418176","3258418687","FR","France","Van Veen Beheer B.V."
"3258878976","3258879999","GB","United Kingdom of Great Britain and Northern Ireland","Odine Solutions FZ-LLC"
"3259277382","3259277385","NL","Netherlands (Kingdom of the)","Baffin Bay Networks AB"
"3259892320","3259892335","BE","Belgium","S & V Management Consultants"
"3259906400","3259906407","BE","Belgium","Belgacom AP Center"
"3259923600","3259923631","BE","Belgium","Proximus NV"
"3259952304","3259952311","BE","Belgium","Flexabel"
"3260185088","3260185599","GB","United Kingdom of Great Britain and Northern Ireland","Ealing Hammersmith & West London College"
"3260496774","3260496778","TR","Turkiye","Reliable Communications s.r.o."
"3260822192","3260822199","PL","Poland","Nask Spolka Akcyjna"
"3261231456","3261231471","FR","France","Ansys Inc."
"3261350160","3261350175","FI","Finland","Dna Oy"
"3261653504","3261653759","SA","Saudi Arabia","Nour Internet Company for Communications and Information Technology Ltd."
"3261909288","3261909291","CZ","Czechia","Technology Morava s.r.o."
"3262099456","3262099647","FI","Finland","Telia Finland Oyj"
"3262363136","3262363647","DE","Germany","Rudolf Roeser Verlag und Informationsdienste AG"
"3262653712","3262653719","NL","Netherlands (Kingdom of the)","Kwekerij Eigen Zorg"
"3262683280","3262683311","NL","Netherlands (Kingdom of the)","KPN B.V."
"3262714872","3262714887","NL","Netherlands (Kingdom of the)","KPN B.V."
"3262734936","3262734951","NL","Netherlands (Kingdom of the)","KPN B.V."
"3262749248","3262749255","NL","Netherlands (Kingdom of the)","Uitzendbureau de Vakaturebank BV"
"3262764128","3262764135","NL","Netherlands (Kingdom of the)","KPN B.V."
"3262780872","3262780879","NL","Netherlands (Kingdom of the)","KPN B.V."
"3262798120","3262798151","NL","Netherlands (Kingdom of the)","KPN B.V."
"3262813888","3262813895","NL","Netherlands (Kingdom of the)","KPN B.V."
"3262843856","3262843863","NL","Netherlands (Kingdom of the)","Stroink Volkersgroep BV"
"3262858472","3262858479","NL","Netherlands (Kingdom of the)","Centr Bur voor Constructie werkplaatsen"
"3262874096","3262874103","NL","Netherlands (Kingdom of the)","Aldi Ommen BV"
"3262888168","3262888215","NL","Netherlands (Kingdom of the)","KPN B.V."
"3262901240","3262901247","NL","Netherlands (Kingdom of the)","Happy Bee Presents"
"3263092480","3263092735","KR","Korea (the Republic of)","HDTIDC Limited"
"3263292704","3263292719","GB","United Kingdom of Great Britain and Northern Ireland","Infosys Limited Zweigniederlassung Deutschland"
"3263632896","3263633151","CH","Switzerland","GLB Bulut Teknolojisi Limited Sirketi"
"3263725404","3263725407","FI","Finland","Lakiasiatsto Amos"
"3263742272","3263742287","FI","Finland","Elisa Oyj"
"3263780528","3263780535","FI","Finland","Suomen Kauneustavaratalo Oy"
"3264126160","3264126167","FI","Finland","Riihimaen Kaupunki"
"3264576576","3264576639","CZ","Czechia","Softech spol. s r.o."
"3264704160","3264704167","NL","Netherlands (Kingdom of the)","KPN B.V."
"3264723200","3264723967","NL","Netherlands (Kingdom of the)","KPN B.V."
"3264801624","3264801631","HR","Croatia","Hrvatski Telekom D.D."
"3264926592","3264926607","LU","Luxembourg","Societe Electrique De L'Our S.A."
"3265078904","3265078907","FI","Finland","Elisa Oyj"
"3265094592","3265094631","FI","Finland","Elisa Oyj"
"3265119576","3265119583","FI","Finland","Hekakoillinenoy"
"3265145152","3265145159","MT","Malta","Creative Languages"
"3265627696","3265627703","JO","Jordan","Le Royal Hotel"
"3266108768","3266108799","DE","Germany","Verizon Deutschland GmbH"
"3266332688","3266332767","GB","United Kingdom of Great Britain and Northern Ireland","Awaiting Description"
"3266662568","3266662575","PL","Poland","Raczkowski Paruch Sp. K."
"3266710976","3266710991","DK","Denmark","Cust GC Net"
"3266848412","3266848415","IT","Italy","DF Consulting S.r.l."
"3266863844","3266863847","IT","Italy","Telecom Italia S.p.A."
"3266881436","3266881439","IT","Italy","Telecom Italia S.p.A."
"3266899324","3266899327","IT","Italy","Telecom Italia S.p.A."
"3267679744","3267679999","NL","Netherlands (Kingdom of the)","AT&T Global Network Services Nederland B.V."
"3267858944","3267859199","FR","France","Observatoire Midi Pyrenees"
"3268017792","3268017807","GB","United Kingdom of Great Britain and Northern Ireland","Verizon UK Limited"
"3268131544","3268131551","GB","United Kingdom of Great Britain and Northern Ireland","Belgaint Belgacom International Ca"
"3268207648","3268207679","MA","Morocco","Organisme de Presse"
"3268285017","3268285017","FR","France","Orange S.A."
"3268289954","3268289954","FR","France","Europe et Communication"
"3268293785","3268293785","FR","France","143 Av Armand Guillebaud"
"3268300232","3268300239","FR","France","Ghu Paris Psychiatrie Neurosciences"
"3268304426","3268304426","FR","France","Orange S.A."
"3268308171","3268308171","FR","France","170 R de Marigny"
"3268315898","3268315898","FR","France","Leblanc P"
"3268319449","3268319449","FR","France","Bewgp Caisse D Epargne Msys9"
"3268323723","3268323723","FR","France","LGM Arcj4"
"3268328917","3268328917","FR","France","C V Etudes Techniques Maraicheres"
"3268332341","3268332341","FR","France","Rue Ambroise Pare"
"3268335123","3268335123","FR","France","1 PL Vialas"
"3268342784","3268342791","FR","France","Elabe"
"3268505344","3268505599","CH","Switzerland","Didacware AG"
"3268726848","3268726895","CZ","Czechia","Cesnet Z.S.P.O."
"3268792520","3268792523","CZ","Czechia","Lumax Industries Limited - Odstepny Zavod"
"3268937216","3268937471","GB","United Kingdom of Great Britain and Northern Ireland","Solaglas Limited"
"3269076000","3269076007","SE","Sweden","Scandinavian Diagnostics AB"
"3269122680","3269122683","SE","Sweden","Coop Sverige AB"
"3269435912","3269435919","AU","Australia","Idexx Laboratories Pty Ltd"
"3269743016","3269743023","CZ","Czechia","NAD Kralovskou Oborou 33"
"3269781080","3269781087","CZ","Czechia","Velvary 420"
"3270249112","3270249119","SE","Sweden","Metso Outotec Finland Oy"
"3270321508","3270321511","SE","Sweden","Kappahl Sverige AB"
"3270370080","3270370083","SE","Sweden","Kriminalvarden"
"3270674432","3270679551","GB","United Kingdom of Great Britain and Northern Ireland","GTT - EMEA Ltd."
"3270719908","3270719911","IT","Italy","Rialto S.p.A."
"3270733220","3270733223","IT","Italy","Telecom Italia S.p.A."
"3270750128","3270750135","IT","Italy","Mech Human SRL"
"3270767472","3270767475","IT","Italy","MEC 2000 S.R.L."
"3271030224","3271030227","GB","United Kingdom of Great Britain and Northern Ireland","MTA Solicitors"
"3271159776","3271159791","SI","Slovenia","Vrtec Bled"
"3271169039","3271169039","FR","France","Industrielle Tolerie Chaudronnerie"
"3271174493","3271174494","FR","France","BPIFrance"
"3271182355","3271182355","FR","France","5 Za de Florivoie"
"3271185624","3271185818","FR","France","Orange S.A."
"3271188189","3271188190","FR","France","Orange S.A."
"3271194003","3271194003","FR","France","GI - Customer Interconnexion With RAEI Backbone"
"3271199577","3271199577","FR","France","143 B BD Lafayette"
"3271205632","3271205632","FR","France","Credit Agricole Synergie"
"3271210046","3271210046","FR","France","Orange S.A."
"3271217520","3271217527","FR","France","Culture Loisir Animation Jeu Education"
"3271225496","3271225496","FR","France","Gemauto Msyj1"
"3271236096","3271236607","FI","Finland","Telia Finland Oyj"
"3271333144","3271333151","FI","Finland","Scan Auto Oy"
"3271690689","3271690690","SG","Singapore","Vodafone Enterprise Equipment Limited"
"3271694931","3271694952","GB","United Kingdom of Great Britain and Northern Ireland","Vodafone Enterprise Equipment Limited"
"3271933184","3271933439","GB","United Kingdom of Great Britain and Northern Ireland","Metdesk Ltd"
"3271954413","3271954413","FR","France","46 All Tourny"
"3271961353","3271961353","FR","France","Orange S.A."
"3271973086","3271973086","FR","France","Rte St Jean D Angely"
"3271995571","3271995571","FR","France","Za le Mesnil"
"3272051432","3272051439","NL","Netherlands (Kingdom of the)","Lilian Interieur en Eetwinkel"
"3272220168","3272220231","DK","Denmark","Vodafone Enterprise Equipment Limited"
"3272408705","3272408705","BE","Belgium","Arelion Sweden AB"
"3272467712","3272467727","LV","Latvia","Autotransporta Direkcija Valsts SIA"
"3272807168","3272807423","RU","Russian Federation","System Solutions Ltd."
"3273202432","3273202687","FR","France","Orange S.A."
"3273210336","3273210343","FR","France","Orange S.A."
"3273219608","3273219608","FR","France","Mistral"
"3273228776","3273228779","FR","France","Contralto Conseil"
"3273241016","3273241019","FR","France","Orange S.A."
"3273250728","3273250735","FR","France","Q Park France"
"3273342770","3273342792","GB","United Kingdom of Great Britain and Northern Ireland","Vodafone Enterprise Equipment Limited"
"3273493104","3273493111","HR","Croatia","Hrvatski Telekom D.D."
"3273517436","3273517439","HR","Croatia","hotel-malin Network"
"3273607016","3273607023","IT","Italy","Gssgeneralisharedservicesscarl"
"3273628024","3273628027","IT","Italy","F.C. Energia SRL"
"3273644276","3273644279","IT","Italy","Reale ITES Gruppo Europeo di Interesse Economico"
"3273780528","3273780535","TR","Turkiye","Durak Findik San.Vetic.A.S."
"3274044032","3274044095","DE","Germany","Hochschulbibliothekszentrum des Landes Nordrhein-Westfalen"
"3274328320","3274328575","RU","Russian Federation","Home Internet club"
"3274641284","3274641287","CZ","Czechia","SIAD Czech spol. s r.o."
"3274776136","3274776139","CH","Switzerland","Tozzo AG"
"3274872272","3274872295","DE","Germany","Vodafone GmbH"
"3274961560","3274961567","NL","Netherlands (Kingdom of the)","AT&T Global Network Services Nederland B.V."
"3275027312","3275027319","DE","Germany","Lindner Armaturen GmbH"
"3275254936","3275254943","HU","Hungary","Wiera Ltd."
"3275495168","3275495423","GB","United Kingdom of Great Britain and Northern Ireland","UK ISP"
"3275716508","3275716511","DE","Germany","Bausparkasse Mainz"
"3275926320","3275926327","ME","Montenegro","Ministarstvo odbrane Crne Gore"
"3275956104","3275956107","SE","Sweden","Koupia AB"
"3275966628","3275966631","SE","Sweden","Hydrema Sverige AB"
"3275978816","3275978819","SE","Sweden","Axfood IT AB"
"3275987964","3275987967","SE","Sweden","Telia Company AB"
"3276028008","3276028015","FR","France","Nestle"
"3276045336","3276045343","FR","France","Cargill"
"3276294438","3276294440","DE","Germany","GTT Communications Inc."
"3276298641","3276298641","NL","Netherlands (Kingdom of the)","GTT Communications Inc."
"3276345784","3276345791","NL","Netherlands (Kingdom of the)","Firma Jacob Dagevos & Zn"
"3276358928","3276358943","NL","Netherlands (Kingdom of the)","KPN B.V."
"3276371552","3276371559","NL","Netherlands (Kingdom of the)","KPN B.V."
"3276384008","3276384031","NL","Netherlands (Kingdom of the)","KPN B.V."
"3276396552","3276396559","NL","Netherlands (Kingdom of the)","European Permit Service B.V."
"3276443412","3276443415","GB","United Kingdom of Great Britain and Northern Ireland","Applied Biosystems Europe BV UK Branc"
"3276749344","3276749375","DE","Germany","AT&T Global Network Services Nederland B.V."
"3277149696","3277150207","DK","Denmark","International N&H Denmark ApS"
"3277685872","3277685887","FR","France","Edward Campbell"
"3278176616","3278176619","FR","France","Services Medicaux Interentreprises de"
"3278180408","3278180408","FR","France","Arpege Contact"
"3278187408","3278187411","FR","France","Dma Financement"
"3278195264","3278195271","FR","France","XL Automobile"
"3278202089","3278202091","FR","France","Orange S.A."
"3278209592","3278209599","FR","France","Clayens NP"
"3278218064","3278218071","FR","France","Synd Intercom Ensemble Nautique"
"3278228856","3278228863","FR","France","LA Marnaise"
"3278235257","3278235257","FR","France","Orange S.A."
"3278309828","3278309831","IT","Italy","C.Effe International S.r.l."
"3278327532","3278327535","IT","Italy","Daw Italia GmbH Co KG"
"3278347340","3278347343","IT","Italy","Telecom Italia S.p.A."
"3278362664","3278362667","IT","Italy","Telecom Italia S.p.A."
"3278724352","3278724607","NL","Netherlands (Kingdom of the)","ESaSS B.V."
"3278789568","3278789631","GB","United Kingdom of Great Britain and Northern Ireland","Fora Space Limited"
"3279322624","3279322663","NL","Netherlands (Kingdom of the)","AT&T Global Network Services Nederland B.V."
"3279436696","3279436699","IT","Italy","System Data SRL"
"3279457124","3279457127","IT","Italy","Analisisocietadirevisionespa"
"3279472000","3279472003","IT","Italy","Dussmann Service S.r.l."
"3279559360","3279559375","LV","Latvia","Mek SIA"
"3279813120","3279813247","DE","Germany","Peek + Cloppenburg KG"
"3279900672","3279900927","DE","Germany","Krankenhaus Am Urban"
"3280054341","3280054345","FR","France","Verizon Nederland B.V."
"3280501376","3280501407","PL","Poland","Exatel S.A."
"3280933744","3280933759","DE","Germany","GTT Communications Inc."
"3281064032","3281064063","DE","Germany","Deutsche Telekom AG"
"3281095592","3281095599","DE","Germany","HJS Emission Technology GmbH & Co. KG"
"3281154172","3281154175","CZ","Czechia","Intersystems B.V. Organizacni Slozka"
"3281837936","3281837943","FI","Finland","Telia Finland Oyj"
"3282415144","3282415151","FI","Finland","Fuji Finland Oy"
"3283181312","3283181567","GE","Georgia","Pitline Ltd"
"3283522988","3283522995","RU","Russian Federation","Comlink ISP Network - Client OOO Kartreit SPB"
"3283683176","3283683183","DE","Germany","Volkswagen Retail"
"3283813408","3283813439","PL","Poland","Currenda Sp. z o.o."
"3284229560","3284229567","NL","Netherlands (Kingdom of the)","Verizon Nederland B.V."
"3284290544","3284290559","GB","United Kingdom of Great Britain and Northern Ireland","Royal National College for the Blind"
"3284540000","3284540031","SE","Sweden","Flinks Jarn AB"
"3284552536","3284552543","SE","Sweden","Academedia Support AB"
"3284577860","3284577863","SE","Sweden","Coop Sverige AB"
"3284609528","3284610559","HU","Hungary","KIFU"
"3284638016","3284638031","HU","Hungary","KIFU"
"3284653760","3284653767","HU","Hungary","VPID E"
"3284712944","3284712959","FR","France","Infra BB"
"3285090304","3285094399","DE","Germany","PlusServer GmbH"
"3285363912","3285363927","RU","Russian Federation","MTS PJSC"
"3285615320","3285615335","TR","Turkiye","Superonline Iletisim Hizmetleri A.S."
"3285911296","3285911551","GB","United Kingdom of Great Britain and Northern Ireland","Control Circle Ltd."
"3286106372","3286106372","RU","Russian Federation","CITIC Telecom CPC Netherlands B.V."
"3286178320","3286178323","IT","Italy","Imballaggi Ferri di Ferri Giuseppe E Silvio & C snc"
"3286194648","3286194655","IT","Italy","Telecom Italia S.p.A."
"3286211844","3286211847","IT","Italy","B. & G. SRL"
"3286230324","3286230327","IT","Italy","Aprile S.p.A."
"3286671988","3286671991","AT","Austria","KP Busi"
"3287096320","3287096831","FI","Finland","Elisa Oyj"
"3287507368","3287507375","DE","Germany","C & C Kissel GmbH & Co. KG"
"3287535280","3287535295","DE","Germany","Deutsche Telekom AG"
"3288103936","3288104191","RS","Serbia","BeotelNet ISP"
"3288445740","3288445743","NG","Nigeria","Kudi Money"
"3289319721","3289319721","MU","Mauritius","Africa Online Operations (Mauritius) Limited"
"3290668082","3290668082","GB","United Kingdom of Great Britain and Northern Ireland","Dimension Data"
"3291214336","3291214591","GH","Ghana","Mantrac Ghana Ltd"
"3301193472","3301193727","SE","Sweden","Fiber Grid Inc"
"3302988348","3302988351","SD","Sudan","Max Cust 291"
"3304804777","3304804782","SC","Seychelles","Internet Security Cheapyhost"
"3314084352","3314084607","KE","Kenya","Kenya Medical Training College Kakamega"
"3315385376","3315385383","NG","Nigeria","Haggai Saving"
"3315397520","3315397527","NG","Nigeria","Matrix Solicitors"
"3315567020","3315567023","GH","Ghana","Bsic Nima"
"3320241408","3320250367","MA","Morocco","Maroc Telecom"
"3320459536","3320459539","NG","Nigeria","US Embassy MPLS"
"3321877436","3321877439","NG","Nigeria","Simbanet Nigeria Limited"
"3321906384","3321906391","US","United States of America","A Usable Heathchoice MGMT"
"3321917456","3321917471","US","United States of America","Maclean Fogg Inc"
"3321928096","3321928103","US","United States of America","Black Bag"
"3321939056","3321939079","US","United States of America","Comcast Cable Communications LLC"
"3321949816","3321949847","US","United States of America","Comcast Cable Communications LLC"
"3322088160","3322088171","US","United States of America","Verizon Business"
"3322695916","3322695919","US","United States of America","HostPapa"
"3323431952","3323431959","US","United States of America","Hudson Valley Host"
"3323480928","3323480935","US","United States of America","CaroMont Health Inc."
"3323507056","3323507063","US","United States of America","Lethal Hosting"
"3323521000","3323521015","US","United States of America","TPx Communications"
"3323689312","3323689403","CA","Canada","OVH Hosting Inc."
"3324805664","3324805695","US","United States of America","Trustbanq"
"3324935696","3324935703","US","United States of America","Top Quality-600 McDonald"
"3325190760","3325190767","CA","Canada","Dave Langen"
"3325208368","3325208375","US","United States of America","JASTech Computers"
"3325358592","3325358847","PR","Puerto Rico","Firefi LLC"
"3325999360","3325999615","US","United States of America","L'Oreal USA"
"3327033968","3327033983","US","United States of America","Baltic Information Technology services Inc"
"3327882964","3327882967","US","United States of America","Satellite Healthcare Inc"
"3328527092","3328527103","US","United States of America","TPx Communications"
"3328536880","3328536887","US","United States of America","RHI Inc DBA Robertson Honda"
"3329152768","3329152895","US","United States of America","Northpointe Behavioral Health Care - Kingsford"
"3331371088","3331371103","US","United States of America","HostPapa"
"3332567040","3332569087","CA","Canada","Information Systems Management B.C."
"3333015808","3333016063","CA","Canada","Virtual Source"
"3333645368","3333645375","US","United States of America","CHA Consulting"
"3333984512","3333984767","US","United States of America","Wentworth-Douglass Hospital"
"3335029439","3335029441","US","United States of America","Microsoft Corporation"
"3335320184","3335320191","US","United States of America","C"
"3335792384","3335792639","CH","Switzerland","Chestonag Automation AG"
"3337195728","3337195775","US","United States of America","CenturyLink Communications LLC"
"3337538816","3337539071","US","United States of America","State of Washington - Washington State Dept of Agriculture"
"3338432079","3338432080","SG","Singapore","Hawk Host Inc."
"3339682680","3339682687","US","United States of America","Sunset Healthcare Services"
"3340070912","3340070975","US","United States of America","HostPapa"
"3340480000","3340480003","US","United States of America","Hasbro Inc."
"3341075208","3341075215","US","United States of America","Ershig Properties Inc"
"3341830808","3341830847","US","United States of America","Vinakom Communications"
"3342589952","3342591231","US","United States of America","Aryaka Networks Inc."
"3343548416","3343549695","US","United States of America","Motorola Mnic"
"3344469248","3344469503","US","United States of America","Ballantyne Broadband Partners LLC DBA Optical Communities"
"3345020654","3345020656","US","United States of America","Paris ISD"
"3345409821","3345409824","US","United States of America","New Media Solutions"
"3346302374","3346302375","US","United States of America","McAllister Fuels"
"3346391080","3346391087","US","United States of America","George Carr DDS and Associates P"
"3346557920","3346557935","US","United States of America","DGR Engineering"
"3349620767","3349620768","US","United States of America","US Tax & Financial Services"
"3349731824","3349731839","CA","Canada","IP4B Inc."
"3350500144","3350500159","US","United States of America","New Entity LLC"
"3351026032","3351026039","US","United States of America","Viewpoint Kansas City"
"3351377658","3351377791","US","United States of America","Contegix"
"3352956416","3352956927","US","United States of America","Private Label Internet Service Kiosk Inc."
"3353546024","3353546031","US","United States of America","American Film Works"
"3353565296","3353565311","US","United States of America","Noland Health Services Inc"
"3353584968","3353584983","US","United States of America","Level 3 Communications Inc."
"3353603104","3353603135","US","United States of America","Eagle Innovations Inc"
"3354100480","3354100991","US","United States of America","Internet Utilities NA LLC"
"3354614224","3354614231","CA","Canada","Cineplex Entertainment Corporation"
"3354636608","3354636639","CA","Canada","Charles Tenant & Company (Canada) Ltd."
"3354721728","3354721791","US","United States of America","SMC3"
"3355448576","3355448831","CW","Curacao","AMS-IX Caribbean"
"3355613568","3355613575","HT","Haiti","Gildan"
"3355899832","3355899839","GT","Guatemala","Estructura Educativa S.A."
"3356284464","3356284495","PA","Panama","Galaxy Communications"
"3357054152","3357054159","EC","Ecuador","Negocios Y Telefonia Nedetel S.A."
"3357174752","3357174783","AR","Argentina","Stagnaro Horacio"
"3357247072","3357247103","CL","Chile","Synapsis Soluciones y Servicios IT Ltda"
"3357373368","3357373375","CO","Colombia","EMCALI"
"3357405184","3357407231","EC","Ecuador","Novanet"
"3357477260","3357477263","EC","Ecuador","Interoc S.A."
"3357493728","3357493731","CO","Colombia","Rafael Poveda Television EU"
"3357558936","3357558943","EC","Ecuador","Teojama Comercial S.A."
"3357756232","3357756239","VE","Venezuela (Bolivarian Republic of)","Telefonica Venezolana C.A."
"3357782736","3357782743","GT","Guatemala","TECUN"
"3357922880","3357922911","PE","Peru","Cesicon"
"3358144952","3358144959","VE","Venezuela (Bolivarian Republic of)","Level 3 Venezuela S.A."
"3358358296","3358358303","VE","Venezuela (Bolivarian Republic of)","CANTV Servicios Venezuela"
"3358698144","3358698151","GT","Guatemala","Drogueria Americana S.A."
"3358773248","3358774271","BR","Brazil","Raiden Telecom"
"3359001992","3359002015","CL","Chile","Gtech Corporation Chile"
"3359098016","3359098023","CL","Chile","Municipalidad de Las Condes"
"3359177336","3359177343","MX","Mexico","Willis Agente de Seguros y de Fianzas"
"3359282672","3359282675","UY","Uruguay","URUIT"
"3359382272","3359382335","PE","Peru","Integratel Peru S.A.A."
"3359408464","3359408479","PE","Peru","Integratel Peru S.A.A."
"3359548056","3359548063","PE","Peru","America Movil Peru S.A.C."
"3359902576","3359902583","CL","Chile","INDAP"
"3359970721","3359970721","US","United States of America","A2 Hosting Inc."
"3360302144","3360302207","CL","Chile","Hotel La Sebastiana"
"3360398304","3360398319","VE","Venezuela (Bolivarian Republic of)","Seguros Federal"
"3360738816","3360738871","AR","Argentina","Telmex Argentina S.A."
"3361056424","3361056439","NI","Nicaragua","IBW Communications"
"3361277088","3361277119","PE","Peru","Satel"
"3362382888","3362382911","EC","Ecuador","Puntonet S.A."
"3362516640","3362516655","HN","Honduras","Dilimport"
"3362837948","3362837951","CO","Colombia","Castilla Agricola S.A."
"3363102328","3363102335","CO","Colombia","TNC Soluciones SAS"
"3363273848","3363273855","CO","Colombia","ETB - Colombia"
"3363493312","3363493319","CO","Colombia","Tecnas SA"
"3363503304","3363503311","CO","Colombia","Digital Connections Tics SAS"
"3363683752","3363683759","VE","Venezuela (Bolivarian Republic of)","Industrias Isotex C A"
"3364832296","3364832297","BR","Brazil","Dimensional Brasil Solucoes Ltda"
"3364843484","3364843519","BR","Brazil","BR.Digital Telecom"
"3365606592","3365606655","BR","Brazil","Equinix Brasil"
"3365740632","3365740639","BR","Brazil","Servomatic Equip. E Servicos Ltda"
"3366070584","3366070591","BR","Brazil","Banco Bradesco SA"
"3366638128","3366638143","BR","Brazil","Telium Telecomunicacoes Ltda"
"3367634920","3367634923","BR","Brazil","Sonda Supermercados Exp. E Imp. S.A."
"3367650576","3367650579","BR","Brazil","Cirion Technologies do Brasil Ltda."
"3367683696","3367683711","BR","Brazil","Cirion Technologies do Brasil Ltda."
"3367870720","3367870975","BR","Brazil","Exacttarget Tecnologia Ltd."
"3368282624","3368282625","BR","Brazil","BR.Digital Telecom"
"3368306192","3368306199","BR","Brazil","Hay do Brasil Consultores Ltd."
"3368671000","3368671007","BR","Brazil","Fabrica do Software Desenv. de Sistemas Ltd."
"3369793760","3369793767","BR","Brazil","Netmogi Internet Provider Ltda - ME"
"3370212288","3370212319","BR","Brazil","Scala Data Centers"
"3373008064","3373008079","BR","Brazil","FCBI Relationship Marketing"
"3373549184","3373549191","BR","Brazil","Anderson Silva dos Santos - ME"
"3374428000","3374428015","BR","Brazil","Webnet Provedor Ltda"
"3375413600","3375413789","BR","Brazil","Algar Telecom S/A"
"3376829824","3376829887","BR","Brazil","Agera Telecomunicacoes SA"
"3377957552","3377957555","BR","Brazil","Expereo do Brasil Servicos de Telecomunicacoes Ltd"
"3381929184","3381929191","MX","Mexico","4 Play Telecom"
"3382616504","3382616511","MX","Mexico","Axtel S.A.B. de C.V."
"3384212120","3384212127","CO","Colombia","Harvey Paredes Estupinan"
"3386704128","3386704383","UY","Uruguay","Dedicado"
"3387277160","3387277167","DO","Dominican Republic","Cirugia Plastica"
"3387577224","3387577231","EC","Ecuador","Cirion Technologies Argentina S.A."
"3387606784","3387606799","EC","Ecuador","Iguanatours Cruceros Maritimos S.A."
"3387616624","3387616631","VE","Venezuela (Bolivarian Republic of)","Proveedor de Certificados C.A."
"3387877392","3387877399","CL","Chile","Marisio Y Cia. Ltd."
"3388325112","3388325119","CO","Colombia","Repremundo Ltda"
"3388696064","3388696319","AR","Argentina","ISP Group SRL"
"3389175072","3389175103","KR","Korea (the Republic of)","Eli Lilly and Company"
"3389461056","3389461063","JP","Japan","Toyoda Iron Works Co. Ltd"
"3389971712","3389971967","-","-","-"
"3391141824","3391141831","JP","Japan","Transaction Media Networks Inc."
"3391562576","3391562579","TW","Taiwan (Province of China)","Hongyi International Co. Ltd."
"3391599336","3391599339","TW","Taiwan (Province of China)","Ta Yih Industrial Co. Ltd"
"3391765376","3391765383","SG","Singapore","SML Shipyard Pte Ltd"
"3391971668","3391971668","AU","Australia","Life Without Barriers"
"3391977616","3391977619","AU","Australia","LongReach Plant Breeders"
"3392660208","3392660223","TW","Taiwan (Province of China)","Qmore Bandwidth Service"
"3393161984","3393162239","SG","Singapore","M1 Net Ltd"
"3393795612","3393795615","SG","Singapore","SVK Tech Singapore Pte Ltd System Integration Company"
"3394230048","3394230287","SG","Singapore","Equinix Singapore"
"3394381376","3394381383","HK","Hong Kong","Hong Kong Telecommunications (HKT) Limited"
"3394403400","3394403407","HK","Hong Kong","Realtime Broadcasting Event"
"3394420680","3394420687","HK","Hong Kong","Dominic Savio Kindergarten"
"3394537498","3394537498","SG","Singapore","Telstra Global"
"3394564950","3394564952","HK","Hong Kong","Telstra Global"
"3394593288","3394593295","HK","Hong Kong","Anthony Kam & Co. CPA"
"3395054984","3395054991","AU","Australia","Telecommunications Carrier and Service Provider"
"3395320488","3395320495","CN","China","Meikemeijia Fitment Adorn Co. Ltd Hangzhou Sale Filiale"
"3395469312","3395477503","CN","China","ChinaNet Guizhou Province Network"
"3395719392","3395719407","CN","China","Weihai Huan Cui district statistical bureau"
"3395822224","3395822231","CN","China","Guangzhou Shengzhigong Netbar"
"3395884525","3395884525","CN","China","foshanshitongjilu66haotongjiguangchangAzuo705shi"
"3395977920","3395977983","CN","China","Corporation"
"3396108032","3396108287","CN","China","China Radio International"
"3396259744","3396259775","CN","China","Shandong Weifang Food Supplies Bureau"
"3396284928","3396285439","CN","China","ChinaNet Jiangsu Province Network"
"3397225824","3397225839","PK","Pakistan","Egerton Road Lahore Pakistan"
"3397572760","3397572763","AU","Australia","Bas Foods"
"3398072288","3398072303","IN","India","Mumbai IDC 1 Free"
"3398637701","3398637729","HK","Hong Kong","Telstra Global"
"3398817416","3398817419","IN","India","Taurion Iron & Steel Co Ltd"
"3399416832","3399417087","ID","Indonesia","Indonesia Network Information Center"
"3399756720","3399756727","IN","India","Ludhiana"
"3400133891","3400133892","ID","Indonesia","Jogja Medianet"
"3400887664","3400887671","JP","Japan","Inter Link Co. Ltd."
"3401319680","3401319743","MY","Malaysia","Majlis Perbandaran Labuan"
"3402810520","3402810527","JP","Japan","UCOM Corporation"
"3402878848","3402878879","JP","Japan","Dentsu Tec Inc."
"3403055136","3403055143","JP","Japan","Nagaileben Co. Ltd."
"3403216032","3403216063","JP","Japan","Freebit Co. Ltd."
"3403527432","3403527439","JP","Japan","Sbi Life Living Co. Ltd."
"3403745792","3403746047","JP","Japan","Renown Incorporated"
"3403850672","3403850679","JP","Japan","UCOM Corporation"
"3404018728","3404018791","JP","Japan","NTT PC Communications Inc."
"3404211048","3404211055","JP","Japan","Internet Initiative Japan Inc."
"3404492288","3404492543","JP","Japan","The National Museum of Modern Art Kyoto"
"3405207384","3405207391","JP","Japan","Biglobe Inc."
"3405811968","3405812223","-","-","-"
"3406721024","3406721535","-","-","-"
"3407247360","3407247871","-","-","-"
"3407661056","3407661311","AU","Australia","Westan Pty Ltd"
"3409381888","3409382143","CN","China","ChinaNet Fujian Province Network"
"3409918208","3409918215","AU","Australia","Budgetel Pty Ltd"
"3410103986","3410103986","TW","Taiwan (Province of China)","hicloud LIU-YI-TENG"
"3410121572","3410121577","TW","Taiwan (Province of China)","Chunghwa Telecom Co. Ltd."
"3410300480","3410300487","TW","Taiwan (Province of China)","Wei Yong International Co. Ltd."
"3410337688","3410337695","TW","Taiwan (Province of China)","James M.Shih"
"3410355792","3410355799","TW","Taiwan (Province of China)","Lu Shuei Jin"
"3410664068","3410664071","TW","Taiwan (Province of China)","Z Chon Resort Bookstore"
"3410733656","3410733663","TW","Taiwan (Province of China)","Chunghwa Telecom Co. Ltd."
"3410935895","3410935895","JP","Japan","NTT Ltd Japan Corporation"
"3411080964","3411080967","HK","Hong Kong","Real Actuarial Consulting Ltd - Bonham Strand Trade Centre"
"3411496192","3411496195","AU","Australia","AAPT Limited"
"3411703944","3411703951","IN","India","United Beverages"
"3411835344","3411835367","SG","Singapore","DM Contract ID"
"3412365365","3412365365","TH","Thailand","Telstra Global"
"3412730880","3412730911","MY","Malaysia","TM Technology Services Sdn. Bhd."
"3413024452","3413024463","AU","Australia","Macquarie Telecom"
"3413230056","3413230059","AU","Australia","Harold J Cole"
"3413348545","3413348606","PH","Philippines","Apolo Ap"
"3413697120","3413697151","SG","Singapore","John Crane Singapore Pte Ltd"
"3414344576","3414344631","ID","Indonesia","PT Telekomunikasi Indonesia"
"3414845440","3414845695","JP","Japan","MTEX Matsumura Corporation"
"3415136112","3415136127","JP","Japan","Nippon Maintenance System Inc."
"3415313032","3415313039","IN","India","Ecom Express Pvt Ltd"
"3415368768","3415368775","TH","Thailand","Maninmangkorn (Niyom Group) Co. Ltd."
"3415566048","3415566063","JP","Japan","Primearth Ev Energy Co. Ltd"
"3415885568","3415885823","TH","Thailand","Openland Scape Company Limited"
"3416403816","3416403823","VN","Viet Nam","Hoan Vu Joint Operating Company"
"3416510560","3416510591","TW","Taiwan (Province of China)","Chuan Tung Co. Ltd."
"3416882032","3416882039","SG","Singapore","Betrusted (Singapore) Pte Ltd"
"3417210956","3417210959","AU","Australia","Telecommunications Carrier and Service Provider"
"3417223176","3417223207","AU","Australia","AAPT Limited"
"3417410480","3417410487","PH","Philippines","Coffee Bean Cafe"
"3417561088","3417563135","JP","Japan","Miyazaki Internet Inc."
"3417900452","3417900455","HK","Hong Kong","Multivisionma"
"3417965432","3417965435","HK","Hong Kong","Yansumbrellaltd"
"3417984840","3417984843","HK","Hong Kong","Hong Kong Broadband Network Ltd"
"3417995515","3417995515","HK","Hong Kong","Crystalhktech"
"3418003832","3418003855","HK","Hong Kong","HKBN - Corporate User"
"3418021512","3418021519","HK","Hong Kong","Redstarholding"
"3418402459","3418402468","JP","Japan","Telstra Global"
"3419016488","3419016591","AU","Australia","SingTel Optus Pty Ltd"
"3419885280","3419885471","PH","Philippines","Bayan Telecommunications Incorporated"
"3420181460","3420181463","AU","Australia","AAPT Limited"
"3420333773","3420333773","IN","India","SprintLink Asia Pacific Region"
"3422480134","3422481232","KR","Korea (the Republic of)","SamsungSDS Inc."
"3423273472","3423273727","DE","Germany","YottaSrc"
"3423344168","3423344175","US","United States of America","Loveandencourage.com"
"3423366800","3423366815","US","United States of America","Business Edge Services"
"3423487304","3423487311","US","United States of America","Berkshire Regional Planning Commission"
"3423624022","3423624155","US","United States of America","The T-1 Company LLC"
"3424379136","3424379391","US","United States of America","Fantasy Tourist Bureau"
"3425866576","3425866655","CA","Canada","Rogers Communications Canada Inc."
"3427073097","3427073097","FR","France","Cogent Communications LLC"
"3427658948","3427658951","US","United States of America","Luma Home"
"3428253492","3428253663","US","United States of America","Creative Interconnect Communications LLC"
"3428597536","3428597543","CA","Canada","Power Corporation du Canada"
"3428996848","3428996855","US","United States of America","CenturyLink Communications LLC"
"3429025888","3429025919","US","United States of America","FirstBank"
"3429183232","3429183263","CA","Canada","ServiceNow Canada Inc."
"3429215464","3429215471","CA","Canada","George Weston Ltd"
"3429869056","3429869311","US","United States of America","Garrett County Board of Supervisors"
"3430817792","3430825471","US","United States of America","Diplomatic Telecommunications Service"
"3431226656","3431226687","US","United States of America","CenturyLink Communications LLC"
"3431374320","3431374327","US","United States of America","Points West Community Ban"
"3431625216","3431625471","CA","Canada","WeatherCity Services"
"3432527872","3432528383","US","United States of America","U.S. Dept. of Energy Oakland"
"3434017696","3434017727","CA","Canada","Craftsman Ventures Ltd."
"3434753120","3434753127","US","United States of America","Dr Joseph Habig"
"3434802932","3434802935","US","United States of America","PA Eye Specialists"
"3435077344","3435077351","CA","Canada","Allied Properties Reit Acquisition Corp"
"3435125968","3435125975","CA","Canada","Telus Communications Inc."
"3435595164","3435595167","AR","Argentina","Prevencion Salud Sociedad Anonima"
"3435618448","3435618451","CO","Colombia","Disan Colombia S.A."
"3435626284","3435626287","CO","Colombia","Asociacion Mutual - Ser. Empresa Solidaria de Salud Eps-S"
"3435655344","3435655351","EC","Ecuador","Corrugadora Nacional Cransa S.A."
"3436705024","3436705279","US","United States of America","Association of Public-Safety Communications Officials"
"3438130688","3438130815","US","United States of America","Akamai Technologies Inc."
"3438563616","3438563623","CA","Canada","Real Estate Council of British Columbia"
"3439084192","3439084195","US","United States of America","PepsiCo Inc."
"3439264000","3439264255","US","United States of America","Verizon Business"
"3448566784","3448566847","US","United States of America","CenturyLink Communications LLC"
"3449195520","3449195775","CA","Canada","Cyberwave Technologies Inc."
"3450078536","3450078543","US","United States of America","Subnet Digital LLC"
"3450359120","3450359143","US","United States of America","CenturyLink Communications LLC"
"3450431504","3450431519","US","United States of America","Your Castle Real Estate"
"3450517728","3450517735","US","United States of America","Woodard Technology"
"3451296804","3451296804","FR","France","Level 3 Communications Ltd"
"3452191488","3452191743","US","United States of America","Morgan Owens ES"
"3452712212","3452712215","US","United States of America","Slocum Associates"
"3452873600","3452873607","CA","Canada","Sleep Country Canada"
"3453471904","3453471967","US","United States of America","CenturyLink Communications LLC"
"3453741112","3453741119","US","United States of America","CenturyLink Communications LLC"
"3454682624","3454682879","US","United States of America","TELX"
"3455397632","3455398143","US","United States of America","Naples Community Hospital"
"3455821384","3455821391","US","United States of America","David Flanigan"
"3458139072","3458139127","US","United States of America","Entap Inc."
"3459206752","3459206767","CA","Canada","The Corporation of the United Counties of Prescott and Russell"
"3459232600","3459232607","CA","Canada","Jordex Solutions Inc"
"3459513344","3459513359","CA","Canada","Rogers Communications Canada Inc."
"3460481026","3460481059","US","United States of America","Verizon Business"
"3460966400","3460966655","US","United States of America","PRTC"
"3461081568","3461081575","CA","Canada","Starbucks Coffee Canada Inc"
"3461465616","3461465623","US","United States of America","CenturyLink Communications LLC"
"3462004224","3462004479","US","United States of America","Bluff City Jaguar"
"3463127296","3463129087","US","United States of America","Cogent Communications LLC"
"3463231280","3463231287","CA","Canada","BV Communications"
"3463580480","3463580487","US","United States of America","Tachyon Networks"
"3464195392","3464195423","US","United States of America","TierPoint LLC"
"3464631296","3464631551","CA","Canada","SpeedLine Canada"
"3465815040","3465816063","AU","Australia","Virtutel Pty Ltd"
"3466761392","3466761399","CA","Canada","Centre de l Environnement du Quebec"
"3467040256","3467040767","US","United States of America","Tela Incorporated"
"3467561392","3467561407","CA","Canada","Centre Street Trust"
"3468083304","3468083311","US","United States of America","Unitor"
"3468623872","3468623999","CA","Canada","Rogers Communications Canada Inc."
"3469024768","3469025023","-","-","-"
"3470143168","3470143175","US","United States of America","Starpoint Properties Inc"
"3470635960","3470635967","US","United States of America","Omar Tijani"
"3470767048","3470767055","CA","Canada","GuruLink Inc."
"3471479296","3471479551","US","United States of America","Sybanet Communications Inc."
"3471729607","3471729607","HK","Hong Kong","Sino-Cloud Technology Pte. Ltd."
"3471732330","3471732330","HK","Hong Kong","Sino-Cloud Technology Pte. Ltd."
"3471749085","3471749085","HK","Hong Kong","Sino-Cloud Technology Pte. Ltd."
"3472678912","3472687103","PL","Poland","Atman Sp. z o.o."
"3473235208","3473235215","US","United States of America","CVO Holding Company LLC"
"3473754944","3473755391","US","United States of America","Cogent Communications LLC"
"3474474240","3474474751","US","United States of America","Adelphia Communications"
"3475136360","3475136367","CA","Canada","Nippon Express Canada Ltd"
"3475186680","3475186687","CA","Canada","Bell Mobility"
"3475212832","3475212863","CA","Canada","Sofa by Fancy Ltd."
"3475241728","3475241735","CA","Canada","Orange Business Services"
"3475906869","3475906870","DE","Germany","Microsoft Corporation"
"3475939396","3475939396","SG","Singapore","Microsoft Corporation"
"3475985412","3475985415","US","United States of America","GeoLinks"
"3476448792","3476448799","CA","Canada","Fraser Financial Ltd"
"3476740800","3476740863","US","United States of America","DDSJ LLC"
"3476750280","3476750287","US","United States of America","Harding & Jacob"
"3477298048","3477298111","US","United States of America","C&G Consulting"
"3478059152","3478059167","US","United States of America","Frequency Marketing"
"3478727552","3478727567","US","United States of America","Hof Village Stadium LLC"
"3479564992","3479566951","US","United States of America","Verizon Business"
"3479630184","3479630191","CA","Canada","Natural Glacial Waters Inc.-Unbabc01"
"3479980128","3479980135","US","United States of America","Minnesota Historical Socity"
"3480031152","3480031167","US","United States of America","IP Stream Minneapolis LLC"
"3480083744","3480083751","US","United States of America","Ni Investments LLC"
"3480631968","3480631975","US","United States of America","Wyoming State Government"
"3481167840","3481167871","US","United States of America","Infinera Corporation"
"3481702408","3481702415","CA","Canada","Federation Quebecoise Cooperatives Milieu Scolaire"
"3481859080","3481859087","US","United States of America","Falmouth Center LLC"
"3482042016","3482042031","CA","Canada","Regie des Alcools Courses et Jeux"
"3482333528","3482333535","US","United States of America","Sweetgrass Pediatrics"
"3482623888","3482623895","CA","Canada","Global Telecom & Technology Americas"
"3483326256","3483326263","US","United States of America","Pfizer Inc."
"3483649288","3483649399","CA","Canada","Toronto Dominion Bank"
"3483689264","3483689279","CA","Canada","Embassy of United Arab Emirates"
"3484296192","3484297215","US","United States of America","XtreamInternet"
"3484585888","3484585919","US","United States of America","Avum Inc."
"3484641736","3484641739","US","United States of America","ACD.NET"
"3484895168","3484895183","US","United States of America","Western Electronic Surplus"
"3485260068","3485260071","US","United States of America","Atlantech Online Inc."
"3485408152","3485408159","US","United States of America","Notre Dame"
"3485602904","3485602911","CA","Canada","Telus Communications Inc."
"3485672696","3485672699","CA","Canada","Saskatchewan Telecommunications"
"3486045920","3486045923","US","United States of America","Teasdale Foods Inc"
"3486452736","3486452991","US","United States of America","Informatica LLC"
"3486700560","3486700567","US","United States of America","Ekyros Inc."
"3487270400","3487270655","CA","Canada","Telus Fibre Ontario"
"3487525888","3487526911","US","United States of America","PacketExchange Inc"
"3487638304","3487638311","US","United States of America","The Anniversary Inn"
"3487687512","3487687663","US","United States of America","CenturyLink Communications LLC"
"3487896832","3487897599","CA","Canada","Telus Communications Inc."
"3488079736","3488079743","US","United States of America","Exclusive Title Company FTLDL"
"3488375264","3488375295","CA","Canada","Window City Mfrs Inc"
"3488400992","3488401023","CA","Canada","Canada Worldwide Services Inc"
"3488782384","3488782391","US","United States of America","Commandlink LLC-Umb Financial"
"3488874496","3488879231","US","United States of America","Chattanooga Data Connection Inc."
"3489119744","3489120511","US","United States of America","Verizon Business"
"3489379120","3489379127","US","United States of America","PI LGA ARIN Addressing"
"3490768400","3490768415","US","United States of America","Cogent Communications LLC"
"3491948544","3491948799","US","United States of America","SkyBest Communications Inc."
"3492328448","3492328703","US","United States of America","Continental Broadband Pennsylvania Inc."
"3492583504","3492583511","US","United States of America","CenturyLink Communications LLC"
"3492645408","3492645423","US","United States of America","Care Medic Systems"
"3492691984","3492691991","US","United States of America","Ten Strawberry Street Ltd"
"3492744632","3492744639","US","United States of America","US Foods Inc."
"3492850064","3492850079","US","United States of America","Tech Zone"
"3492989611","3492989612","US","United States of America","Level 3 Communications Inc."
"3493401496","3493401503","US","United States of America","Fitch Plastering Corp"
"3493424992","3493424999","US","United States of America","Whole Foods Market"
"3493443872","3493443887","US","United States of America","Best Flowers Worldwide"
"3493937824","3493937927","US","United States of America","Grid4 Communications Inc"
"3494109590","3494109599","US","United States of America","Simpaticorp"
"3494237500","3494237507","US","United States of America","John Fogle"
"3494448480","3494448487","US","United States of America","Causemedia Group - Ste 130"
"3494621184","3494623231","US","United States of America","ColocateUSA"
"3494767168","3494767175","US","United States of America","Beachmint LLC"
"3494936576","3494938623","US","United States of America","Lending Tree"
"3495059035","3495059035","CA","Canada","Cornerstone Staffing Inc."
"3495157568","3495157575","US","United States of America","Anonymous"
"3495354368","3495355391","US","United States of America","NetActuate Inc"
"3495499210","3495499211","US","United States of America","Smart Office Services"
"3495746208","3495746239","US","United States of America","Boardreader #7"
"3495941376","3495942143","US","United States of America","PLBB IM"
"3496042336","3496042343","CA","Canada","James Oryan"
"3496050608","3496050615","CA","Canada","The Beacon Herald Stratford"
"3496079696","3496079703","US","United States of America","GTT Americas LLC"
"3496144984","3496144991","CA","Canada","Glenmore Audi"
"3496414624","3496414719","US","United States of America","Zayo Bandwidth LLC"
"3496559928","3496559959","US","United States of America","Charter Communications Inc"
"3496573576","3496573583","US","United States of America","Charles Sellers Inc"
"3496587664","3496587671","US","United States of America","B&A Variety"
"3496604024","3496604031","US","United States of America","Clubhouse Fun Center"
"3497025600","3497025615","US","United States of America","Terity Corp"
"3497301784","3497301791","US","United States of America","Acts Retirement Life Communities Inc"
"3497312608","3497312623","US","United States of America","Newell Brands"
"3497322896","3497322903","US","United States of America","Collins Aerospace"
"3497425208","3497425215","CA","Canada","Viewpoint Capital Corporation"
"3497820608","3497820631","CA","Canada","Rogers Communications Canada Inc."
"3497829072","3497829079","CA","Canada","Royal VICTORIA HOSPITAL BARRIE SPE"
"3497837512","3497837519","CA","Canada","Cooperative Housing"
"3497845720","3497845727","CA","Canada","Comp Octopus IP"
"3497850420","3497850423","CA","Canada","Beyond WIRELESS INC GRAND CRES"
"3497858976","3497858991","US","United States of America","Charter Communications Inc"
"3497878240","3497878247","US","United States of America","Progressive Implantology"
"3497895288","3497895295","US","United States of America","NS Sefcu"
"3497912128","3497912135","US","United States of America","Spectrum Fiber Delivery Retail Store Acct"
"3498008724","3498008730","MD","Moldova (the Republic of)","Palo Alto Networks Inc"
"3499993088","3499994879","US","United States of America","Baldwin Telecom Inc."
"3501110349","3501110349","CA","Canada","CenturyLink Communications LLC"
"3501376351","3501376352","US","United States of America","Level 3 Communications Inc."
"3501556952","3501556959","CA","Canada","Crow Computing Ltd"
"3501731912","3501731919","NL","Netherlands (Kingdom of the)","Zayo Bandwidth"
"3501773920","3501773935","US","United States of America","AT&T NI - World Surf League"
"3501801304","3501801311","US","United States of America","LiveRamp Inc."
"3501825127","3501825132","US","United States of America","Zayo Bandwidth LLC"
"3501849088","3501849343","US","United States of America","ALSAC"
"3502450784","3502450943","US","United States of America","Verizon Business"
"3502740992","3502741119","US","United States of America","Verizon Business"
"3503010304","3503010367","US","United States of America","Worldcom/CMAC"
"3503322880","3503323135","US","United States of America","Kennedy/Jenks Consultants"
"3503616816","3503616823","US","United States of America","Solutech"
"3503983176","3503983183","US","United States of America","Powderject Inc."
"3504324912","3504324919","US","United States of America","Haltermann Ltd."
"3504700160","3504700671","US","United States of America","Verizon Business"
"3505042560","3505042591","US","United States of America","Worldcom/Language Exchange Intrnational"
"3505341696","3505341823","US","United States of America","Right Management Consulting"
"3505526448","3505526463","US","United States of America","Diversitech"
"3505754992","3505754999","US","United States of America","Verizon Business"
"3505952656","3505952671","GB","United Kingdom of Great Britain and Northern Ireland","UUNET Employee"
"3506134344","3506134351","US","United States of America","National Business Factors"
"3506178688","3506178695","US","United States of America","SK Life Science Inc."
"3506231680","3506231687","US","United States of America","Bathbodyworks"
"3506272096","3506272127","US","United States of America","WS/Ucn/Buyers United/Texeltek Inc"
"3506364416","3506368511","US","United States of America","Global Connect LLC"
"3506420872","3506420879","US","United States of America","College Summit Inc."
"3506813024","3506813055","CA","Canada","Rogers Communications Canada Inc."
"3507193088","3507193151","US","United States of America","Tesla Motors Inc."
"3507285792","3507285799","US","United States of America","Rome Eddleman and Associates"
"3507649008","3507649023","US","United States of America","Datascan Technologies Inc."
"3508170240","3508170495","US","United States of America","CenturyLink Communications LLC"
"3508351232","3508351255","CA","Canada","CDI Education Corporation"
"3508608512","3508608767","US","United States of America","Lake Cherokee TX Customers"
"3508859184","3508859191","US","United States of America","Broadview Networks Inc."
"3509159680","3509159711","CA","Canada","Citenet Telecom Inc."
"3509555152","3509555167","CA","Canada","Thomas Allen and Son Ltd."
"3509826624","3509826719","US","United States of America","Hurricane Electric LLC"
"3509921080","3509921087","CA","Canada","Krem Food Services Inc"
"3509951792","3509951807","CA","Canada","K-Bro Linen Systems Inc"
"3510290904","3510290911","US","United States of America","TPx Communications"
"3510302676","3510302679","US","United States of America","Olive Crest"
"3510681344","3510681359","US","United States of America","AT&T Enterprises LLC"
"3510885888","3510886143","US","United States of America","Adelman Travel"
"3511333888","3511335167","US","United States of America","Internet 1st Inc."
"3512071642","3512071653","US","United States of America","Google LLC"
"3512305312","3512305319","CA","Canada","Lafarge Canada Inc"
"3512432640","3512432895","CA","Canada","Versalt Inc."
"3513274560","3513274623","CA","Canada","Telus Communications Inc."
"3513314976","3513314979","US","United States of America","SPECTROTEL - MSx for WAN"
"3514021384","3514021391","CA","Canada","Telus Communications Inc."
"3514342416","3514342431","US","United States of America","GTT Americas LLC"
"3514355512","3514355519","US","United States of America","athenahealth"
"3514397688","3514397695","CA","Canada","Fraser Office Suites Ltd"
"3514752512","3514752767","US","United States of America","CARInet Inc."
"3515060891","3515060891","NL","Netherlands (Kingdom of the)","Verisign Global Registry Services"
"3515179800","3515179801","US","United States of America","DISH Wireless LLC - IP"
"3515362296","3515362303","US","United States of America","Family Investment Mortgage"
"3515397568","3515397575","US","United States of America","Unique Communications Inc"
"3515786544","3515786551","US","United States of America","CenturyLink Communications LLC"
"3515955280","3515955342","US","United States of America","Interactive Media Partners Inc."
"3516314496","3516314526","US","United States of America","When.Com"
"3516850680","3516850687","US","United States of America","Equimeter Inc."
"3516967528","3516967531","US","United States of America","Atron Solutions LLC."
"3516979840","3516979903","US","United States of America","Zayo Bandwidth LLC"
"3517120336","3517120351","CA","Canada","Whitby Hydro Energy Services C"
"3517424832","3517424895","CA","Canada","UUNET Canada"
"3517604848","3517604855","DE","Germany","Workday GmbH"
"3517721760","3517721791","CA","Canada","Emedianet"
"3517757536","3517757543","US","United States of America","Marcal Systems Corporation"
"3518247968","3518247975","US","United States of America","Ability Building Center Inc"
"3518281968","3518281975","US","United States of America","Joanne Austin"
"3518314952","3518314959","US","United States of America","James Blender"
"3518362912","3518362919","US","United States of America","CenturyLink Communications LLC"
"3518495680","3518495719","US","United States of America","Atlantech Online Inc."
"3518954848","3518954863","US","United States of America","Atlantech Online Inc."
"3519160760","3519160767","US","United States of America","Independence Title"
"3519323088","3519323103","US","United States of America","Aptum Technologies"
"3519615632","3519615647","US","United States of America","Equinix Inc."
"3519698560","3519698567","CA","Canada","Bwireless Toroon01"
"3519835544","3519835567","US","United States of America","NetCarrier Inc."
"3520020664","3520020719","CA","Canada","Radiant Communications Canada Ltd."
"3520299816","3520299823","US","United States of America","Live Nation Entertainment Inc."
"3520648960","3520649215","US","United States of America","ADNC"
"3520992256","3520992263","US","United States of America","ScaleEngine Inc."
"3521268216","3521268223","CA","Canada","Davis Auto Group Ltd."
"3521883448","3521883455","US","United States of America","Sherrard Roe Voigt Harbison"
"3522328576","3522328583","US","United States of America","Neal Gerber & Eisenberg"
"3522773270","3522773271","US","United States of America","IGT"
"3522801836","3522801839","US","United States of America","ServiceNow SJC Cloud"
"3522855184","3522855199","CA","Canada","Humber Sheet Metal Ltd."
"3523288312","3523288319","TH","Thailand","AWN Customer"
"3523527541","3523527542","SG","Singapore","Webex Communications Application Service Provider"
"3523597312","3523601919","HK","Hong Kong","New Skies Satellites Internet Service Provider Stanley Hong Kong"
"3523667124","3523667127","HK","Hong Kong","Hong Kong Broadband Network Ltd"
"3523772972","3523772975","AU","Australia","Stenhan Nominees Pty Ltd"
"3523823160","3523823163","AU","Australia","AAPT Limited"
"3523876352","3523880959","AU","Australia","TPG Internet Pty Ltd"
"3523934392","3523934399","AU","Australia","Peter Tate Pty Ltd"
"3524136152","3524136335","PH","Philippines","Philippine Long Distance Telephone Company"
"3524250473","3524250474","AU","Australia","Tarlab P/L T/as The Good Homemakers Gladstone"
"3524408032","3524408047","IN","India","Sureprep (India) Pvt Ltd"
"3524781664","3524781703","PH","Philippines","Corp Client"
"3527118560","3527118591","TW","Taiwan (Province of China)","Gi Chren Company"
"3527213663","3527213663","TW","Taiwan (Province of China)","hicloud Sen"
"3527224883","3527224883","TW","Taiwan (Province of China)","Chunghwa Telecom Co. Ltd."
"3527274176","3527274191","TW","Taiwan (Province of China)","Wang Shreng Yu Co. Ltd."
"3527491402","3527491402","TW","Taiwan (Province of China)","National Taiwan"
"3527510635","3527510635","TW","Taiwan (Province of China)","hicloud Taipei"
"3527919062","3527919064","TW","Taiwan (Province of China)","Farglory Realty Co. Ltd."
"3527994496","3527994535","CN","China","Fibrlink Communications Co. Ltd."
"3528481632","3528482303","TW","Taiwan (Province of China)","Verizon Taiwan Co. Limited"
"3528923156","3528923159","AU","Australia","Equest Consulting Pty Ltd"
"3529908224","3529910207","KR","Korea (the Republic of)","LG Dacom Corporation"
"3531661793","3531661793","JP","Japan","Yoshida & Co. Ltd."
"3532144136","3532144143","JP","Japan","Hayamalc"
"3532583040","3532583103","JP","Japan","Stnet Incorporated"
"3532846336","3532846591","JP","Japan","Marubeni Access Solutions Inc."
"3533120512","3533121087","JP","Japan","SoftBank Corp."
"3533566320","3533566367","JP","Japan","Stnet Incorporated"
"3533773440","3533773447","JP","Japan","Shikokuplaza"
"3533929424","3533929431","JP","Japan","Toshin Heat Treating Co. Ltd."
"3534347328","3534347391","JP","Japan","American Life Insurance Company"
"3534686208","3534686255","JP","Japan","SoftBank Corp."
"3534760648","3534760655","NZ","New Zealand","Telstra Nuvasive"
"3534810584","3534810591","HK","Hong Kong","Midland HKP Services (Admin) Ltd"
"3534842488","3534842495","HK","Hong Kong","Fook's Jewelry Ltd"
"3534870472","3534870479","HK","Hong Kong","Teac Audio ( China ) Ltd"
"3535668752","3535669103","JP","Japan","NTT Docomo Business Inc."
"3535900960","3535900991","AU","Australia","Paymate Pty Ltd"
"3535920182","3535920183","AU","Australia","Macquarie Technology Operations Pty Limited"
"3536446832","3536446839","TW","Taiwan (Province of China)","Shiu Jin Yang"
"3537193264","3537193267","PH","Philippines","Municipal Government of Binuangan Misamis Oriental"
"3537226123","3537226129","PH","Philippines","Philippine Long Distance Telephone Company"
"3537236704","3537236707","PH","Philippines","Taskus Inc."
"3538109424","3538109695","JP","Japan","NTT Docomo Business Inc."
"3538664544","3538664559","JP","Japan","Kamei Bussiness Support Inc."
"3539082516","3539082519","TW","Taiwan (Province of China)","Paochen Education Institute"
"3539123488","3539123503","TW","Taiwan (Province of China)","Yang Kai Ke Jyi Co. Ltd"
"3539503984","3539503991","JP","Japan","Nippon Life Insurance Company"
"3540025368","3540025439","JP","Japan","NTT Docomo Business Inc."
"3540592968","3540592975","JP","Japan","Sunroute Corporation"
"3540837920","3540837951","JP","Japan","Enecom Inc."
"3541307024","3541307039","TW","Taiwan (Province of China)","Ren An Hospital"
"3541345832","3541345839","TW","Taiwan (Province of China)","Nantou County Ren Ai Shiang Farmers' Association"
"3541375352","3541375359","TW","Taiwan (Province of China)","Kuo Kuang Motor Transport Co. Ltd."
"3541405072","3541405087","TW","Taiwan (Province of China)","Chunghwa Telecom Co. Ltd."
"3541441904","3541441919","TW","Taiwan (Province of China)","Asia Credit Management Co. Ltd."
"3541484080","3541484087","TW","Taiwan (Province of China)","Chunghwa Telecom Co. Ltd."
"3541528128","3541528159","TW","Taiwan (Province of China)","Chunghwa Telecom Co. Ltd."
"3543003584","3543003647","KR","Korea (the Republic of)","Wingnet"
"3544732588","3544732591","TW","Taiwan (Province of China)","Creative Images Computer Graphic Co. Ltd."
"3544775699","3544775699","TW","Taiwan (Province of China)","Ruei Iang Informational Co. Ltd."
"3544956160","3544956415","TW","Taiwan (Province of China)","Chunghwa Telecom Data Communication Business Group"
"3547728512","3547728639","KR","Korea (the Republic of)","Begas"
"3548086224","3548103711","JP","Japan","NTT Docomo Business Inc."
"3548372248","3548372255","JP","Japan","SoftBank Corp."
"3549659136","3549663231","CN","China","Eijing Information Highway Corp"
"3551118592","3551118719","KR","Korea (the Republic of)","Interlife"
"3556800576","3556800583","ES","Spain","OCA Global Corporate Services S.A."
"3556956504","3556956511","TR","Turkiye","Gokbora Uluslararasi Nakliyat"
"3557208864","3557208879","DE","Germany","Krankenhaus im Friedrichshain"
"3557402016","3557402063","DE","Germany","LF.net Netzwerksysteme GmbH"
"3557681632","3557681647","SI","Slovenia","Velux Slovenija d.o.o."
"3557863328","3557863351","SE","Sweden","GlobalConnect AB"
"3558005264","3558005271","DE","Germany","SaarLor-Computec GmbH"
"3558178560","3558178815","GB","United Kingdom of Great Britain and Northern Ireland","Virtustream UK Ltd"
"3558337048","3558337055","CH","Switzerland","Merit Central Europe AG"
"3558415186","3558415186","CH","Switzerland","Global System AG"
"3558860912","3558860919","IT","Italy","Accadiesse S.p.A."
"3559093608","3559093615","BE","Belgium","Ministerio Maec"
"3559176696","3559176703","GB","United Kingdom of Great Britain and Northern Ireland","London - Spaces Covent Garden"
"3559747536","3559747551","DE","Germany","The Unbelievable Machine Company GmbH"
"3559925352","3559925367","RU","Russian Federation","MTS PJSC"
"3560084936","3560084943","FI","Finland","Asianajotoimisto Bergmann Oy"
"3560293944","3560295423","DE","Germany","Artfiles New Media GmbH"
"3560443080","3560443087","HU","Hungary","GTT Communications Inc."
"3560584264","3560584271","GB","United Kingdom of Great Britain and Northern Ireland","S&T Asset Management"
"3560778400","3560778415","NL","Netherlands (Kingdom of the)","Vespo Groep"
"3560920848","3560920851","DE","Germany","AKI GmbH"
"3561181120","3561181151","CZ","Czechia","Mediastream s.r.o."
"3561235968","3561236223","TR","Turkiye","Guneydogu Telekom Int.bil. ve Ilt. Hiz. Tic. Ltd. Sti."
"3561636149","3561636150","DE","Germany","Colt Technology Services Group Limited"
"3561640697","3561640697","GB","United Kingdom of Great Britain and Northern Ireland","Colt Technology Services Group Limited"
"3561819280","3561823999","VA","Holy See","Holy See - Vatican City State"
"3562108672","3562108687","CH","Switzerland","GTT Communications Inc."
"3562249155","3562249155","NL","Netherlands (Kingdom of the)","Scaleway"
"3562263536","3562263551","NL","Netherlands (Kingdom of the)","KPN B.V."
"3562418112","3562418127","DE","Germany","Martens Cluster 13 Horner Landstrasse BB"
"3562573136","3562573139","DE","Germany","Prego Services GmbH Saarbruecken"
"3562902272","3562903039","RO","Romania","Digi Romania S.A."
"3563217312","3563217343","DK","Denmark","MHI Vestas Offshore A/S"
"3563311840","3563311847","DE","Germany","Grupa Azoty ATT Polymers GmbH"
"3563557408","3563557423","SI","Slovenia","Agencija Za Trg Vrednostnih Papirjev Ljubljana"
"3564021056","3564021199","GB","United Kingdom of Great Britain and Northern Ireland","Bytemark Customerblocks Manchester5"
"3564339469","3564339469","IT","Italy","GTT Communications Inc."
"3564349104","3564349107","PL","Poland","GTT Communications Inc."
"3564464136","3564464143","CH","Switzerland","Vella OS Lumnezia"
"3564565414","3564565436","US","United States of America","PacketFabric (UK) Ltd"
"3564739936","3564739943","DE","Germany","Van Leeuwen"
"3564836688","3564836703","BE","Belgium","TELENET Customer Tyco"
"3564895136","3564895143","NL","Netherlands (Kingdom of the)","Mitsui Rail Capital Europe BV"
"3565227205","3565227205","NL","Netherlands (Kingdom of the)","Scaleway SAS"
"3565393448","3565393451","IT","Italy","Veteres SRL"
"3565414712","3565414719","IT","Italy","Telecom Italia S.p.A."
"3565517982","3565518079","CZ","Czechia","Lumen Technologies UK Limited"
"3565744224","3565744231","NL","Netherlands (Kingdom of the)","Baasbedrijven.nl"
"3566210608","3566210615","DE","Germany","Vodafone GmbH"
"3566268472","3566268479","DE","Germany","Stadt Heilbronn Wartbergschule"
"3566355456","3566355711","RO","Romania","Addresses used for Virtual Servers Hosting"
"3566574912","3566574943","FI","Finland","Ramboll Finland Oy Espoo"
"3566680253","3566680253","IR","Iran (Islamic Republic of)","Tele2 Sverige AB"
"3566700426","3566700440","SE","Sweden","Tele2 Sverige AB"
"3566718791","3566718797","SE","Sweden","Tele2 Sverige AB"
"3566727782","3566727784","SE","Sweden","Tele2 Sverige AB"
"3566848112","3566848119","NL","Netherlands (Kingdom of the)","Verizon Nederland B.V."
"3566876592","3566876599","TR","Turkiye","Manas Den"
"3566915540","3566915543","KZ","Kazakhstan","Alina Ltd."
"3566981472","3566981487","FR","France","Electronic Arts Publishing S.A.R.L"
"3567321344","3567321599","GB","United Kingdom of Great Britain and Northern Ireland","DCA"
"3567344104","3567344111","GB","United Kingdom of Great Britain and Northern Ireland","IT Now"
"3568051312","3568051323","DE","Germany","Ecotel Communication AG"
"3568101352","3568101359","DE","Germany","International Building Products GmbH"
"3568201904","3568201919","TR","Turkiye","Merkez Mahallesi Baglar CAD No:14 B Kagithane Istanbul"
"3568242528","3568242531","TR","Turkiye","Guney Mah. Beyazit SK. No: 14/3 Korfez/Kocaeli"
"3568287520","3568287555","TR","Turkiye","Turk Telekomunikasyon Anonim Sirketi"
"3568635920","3568635927","SE","Sweden","ADB Safegate Sweden AB"
"3568650544","3568650551","SE","Sweden","Mavab AB"
"3568663216","3568663223","SE","Sweden","Transportsektionen Sverige AB"
"3568747192","3568747199","FI","Finland","Telia Finland Oyj"
"3568786576","3568786583","AT","Austria","Generali Operations Service Platform S.r.l. - Zweigniederlassung Oesterreich"
"3568852312","3568852359","DE","Germany","Deutsche Telekom AG"
"3568899880","3568899887","DE","Germany","Deutsche Telekom AG"
"3568926408","3568926447","DE","Germany","Deutsche Telekom AG"
"3569096273","3569096399","RU","Russian Federation","MTS/Former Zao Mtu-Intel"
"3569418530","3569418530","US","United States of America","Baxet Group Inc."
"3569902372","3569902372","RS","Serbia","Fevfki Od Doo Aleksinac Zitkovacki Put BB"
"3570090632","3570090639","CH","Switzerland","Ahold"
"3570151608","3570151615","DE","Germany","Sol Net 02"
"3570247440","3570247455","GR","Greece","Awou 10 Athens"
"3570431616","3570434055","FR","France","Verizon France SAS"
"3570542328","3570542335","IT","Italy","Sella E Mosca Spa O T E P"
"3570556176","3570556183","IT","Italy","Teddy - S.p.A."
"3570568512","3570568519","IT","Italy","Telecom Italia S.p.A."
"3570583768","3570583771","IT","Italy","Istituto Comprensivo Matteo Ricci"
"3570729360","3570729375","FI","Finland","Ewona Finland Oy"
"3570807238","3570807244","SE","Sweden","Tele2 Sverige AB"
"3571127936","3571127943","GB","United Kingdom of Great Britain and Northern Ireland","MetDesk Limited"
"3571253357","3571253357","GB","United Kingdom of Great Britain and Northern Ireland","GTT Communications Inc."
"3571259630","3571259632","DE","Germany","GTT Communications Inc."
"3571275334","3571275336","GB","United Kingdom of Great Britain and Northern Ireland","GTT Communications Inc."
"3571283136","3571283143","AT","Austria","GTT Communications Inc."
"3571325278","3571325292","FI","Finland","GTT Communications Inc."
"3571336228","3571336228","DE","Germany","GTT Communications Inc."
"3571344406","3571344416","DE","Germany","GTT Communications Inc."
"3571352014","3571352024","DE","Germany","GTT Communications Inc."
"3571369504","3571369519","CH","Switzerland","GTT Communications Inc."
"3571590148","3571590151","FI","Finland","Elisa"
"3571618228","3571618231","FI","Finland","Neagenoy"
"3571669504","3571669759","ES","Spain","IONOS SE"
"3572108792","3572108795","FR","France","MPM Notaires"
"3572118848","3572118851","FR","France","Centre Hospitalier Ste Catherine Saver"
"3572130880","3572130887","FR","France","Fiduciaire du Bas Rhin"
"3572143305","3572143305","FR","France","Mairie de Turckheim"
"3572145759","3572145759","FR","France","Grand Frais Gestion"
"3572153253","3572153253","FR","France","13 BD Joffre"
"3572160881","3572160881","FR","France","Absys Informatique"
"3572169056","3572169057","FR","France","Orange S.A."
"3572235584","3572235591","SI","Slovenia","Center za izobrazevanje in kulturo Trebnje"
"3572701104","3572701111","CH","Switzerland","Walter Matter SA"
"3572759696","3572759699","CH","Switzerland","Focus 93 GmbH"
"3573044736","3573044991","RU","Russian Federation","MTS PJSC"
"3573341627","3573341647","TR","Turkiye","Superonline Iletisim Hizmetleri A.S."
"3574476964","3574477003","TR","Turkiye","Superonline Iletisim Hizmetleri A.S."
"3574530140","3574530143","SE","Sweden","British Telecommunications Limited"
"3574716008","3574716015","PL","Poland","Netia SA"
"3574725568","3574725571","PL","Poland","Megabajt Pilotow Gdansk"
"3574988032","3574988287","DE","Germany","Versija SIA"
"3575068728","3575068735","DE","Germany","Vodafone GmbH"
"3575086744","3575086751","DE","Germany","Steinberg GmbH"
"3575101560","3575101583","DE","Germany","Vodafone GmbH"
"3575115824","3575115831","DE","Germany","Arcor AG & Co KG Network Operation Center"
"3575259052","3575259055","IT","Italy","Rettifiche Varesine - Societa' A Responsabilita' Limitata"
"3575274844","3575274847","IT","Italy","Viaggi 747 di Pacicco Alfredo E C. snc"
"3575286808","3575286811","IT","Italy","Gssgeneralisharedservicesscarl"
"3575300444","3575300447","IT","Italy","Dotti Marzio"
"3575315760","3575315775","IT","Italy","Puntozero S.C.A R.L."
"3575366160","3575366399","ES","Spain","Colt Technology Services Group Limited"
"3575381976","3575381983","ES","Spain","COLT Technologies"
"3575437504","3575437599","FI","Finland","Telia Finland Oyj"
"3575728248","3575728255","AT","Austria","proALPHA Software Austria GmbH"
"3576109730","3576109732","NL","Netherlands (Kingdom of the)","GTT Communications Inc."
"3576120411","3576120412","SE","Sweden","GTT Communications Inc."
"3576241248","3576241263","GB","United Kingdom of Great Britain and Northern Ireland","House of Commons"
"3576260296","3576260303","FR","France","COLT Technologies"
"3576848831","3576848833","SE","Sweden","Tele2 Sverige AB"
"3577024736","3577024767","NL","Netherlands (Kingdom of the)","Mathworks.com"
"3577060176","3577060191","NL","Netherlands (Kingdom of the)","EKA Chemicals"
"3577079824","3577079831","NL","Netherlands (Kingdom of the)","Intertechno.nl"
"3577226743","3577226744","FR","France","Orange S.A."
"3577236200","3577236207","FR","France","Cbi Diffusion"
"3577251456","3577251463","FR","France","Bouteille Excelsior"
"3577262152","3577262159","FR","France","Orange S.A."
"3577271576","3577271579","FR","France","Commune de Vinay"
"3577282166","3577282166","FR","France","9 PL des Carmes"
"3577404480","3577404495","PT","Portugal","Onitelecom - Infocomunicacoes S.A."
"3577559432","3577559439","DE","Germany","EL-AL Airlines"
"3577571768","3577571775","DE","Germany","Colt Technology Services Group Limited"
"3577586416","3577586431","DE","Germany","DATAGROUP Consulting Services GmbH"
"3577600816","3577600831","DE","Germany","InfraServ GmbH And Co. Hochst KG"
"3578003840","3578003843","DE","Germany","Verizon Deutschland GmbH"
"3578139256","3578139263","DE","Germany","IKEA Deutschland GmbH & Co. KG"
"3578237888","3578237891","DE","Germany","Axa Group Operations SAS"
"3578408688","3578408695","TR","Turkiye","Media Markt Turkey Ticaret Limited Sirketi"
"3578444180","3578444183","TR","Turkiye","Netas Telekomunikasyon Anonim Sirketi"
"3578750228","3578750231","RU","Russian Federation","JSC Comcor"
"3578932240","3578932247","IT","Italy","FIMI SpA"
"3578943456","3578943471","IT","Italy","Imballaggi Piemontesi SRL"
"3578953328","3578953347","IT","Italy","Telecom Italia S.p.A."
"3578963620","3578963623","IT","Italy","Generali Operations Service Platform S.r.l."
"3578974100","3578974103","IT","Italy","Stazione Leopolda SRL"
"3578988832","3578988991","DE","Germany","Plus.line AG"
"3579010024","3579010031","GB","United Kingdom of Great Britain and Northern Ireland","Waste Recycling Group Ltd - Leeds"
"3579017376","3579017383","GB","United Kingdom of Great Britain and Northern Ireland","Jordan and co"
"3579119956","3579119959","RU","Russian Federation","Maks-M ZAO"
"3579162008","3579162015","RU","Russian Federation","JSB Akibank"
"3579191568","3579191647","GB","United Kingdom of Great Britain and Northern Ireland","Colt Technology Services Group Limited"
"3579210064","3579210071","DE","Germany","Takeda Pharmaceuticals Int AG"
"3579226624","3579226631","DE","Germany","Sec 1 Ltd"
"3579247660","3579247671","IT","Italy","Colt Telecom"
"3579792512","3579792543","DE","Germany","Patrick Reichenberg"
"3579836096","3579836103","DE","Germany","DF Deutsche Finance Holding AG"
"3582076448","3582076463","DE","Germany","NTT United Kingdom Ltd"
"3582180868","3582180871","GB","United Kingdom of Great Britain and Northern Ireland","Keyfort Ltd"
"3582572448","3582572451","CH","Switzerland","British Telecommunications Limited"
"3582722960","3582722967","IT","Italy","Grey Interactive SRL via del Bollo 4 20123 Milano"
"3582817172","3582817179","FI","Finland","Dna Oy"
"3583022148","3583022148","AT","Austria","Init7 (Switzerland) Ltd."
"3583338144","3583338175","ME","Montenegro","Montenegro Stars Hotels"
"3583625152","3583625159","TR","Turkiye","As Yatirim Gelistirme ve Yapi A.S."
"3583738534","3583738534","DK","Denmark","Arelion Sweden AB"
"3583837220","3583837223","DE","Germany","Solidat GmbH"
"3584062704","3584062719","GB","United Kingdom of Great Britain and Northern Ireland","Ormiston Victory Academy ADSL Assignment"
"3584330584","3584330623","DE","Germany","Itemax GmbH"
"3584422825","3584422826","NL","Netherlands (Kingdom of the)","InMotion Hosting Inc."
"3584608360","3584608367","DE","Germany","The Better Green GmbH Am Gleis 7 D-49740 Haseluenne"
"3584846728","3584846731","DE","Germany","FISCHER TEAMPLAN Ingenieurbuero GmbH"
"3584930392","3584930399","CH","Switzerland","Charles Russell Speechlys LLP"
"3585188608","3585188863","DE","Germany","Zoll Medical Deutschland GmbH"
"3585540096","3585540735","DE","Germany","noris Network AG"
"3585714736","3585714743","AT","Austria","F. S. Fehrer GesmbH & Cokg"
"3585796160","3585796223","FI","Finland","Lucentia Group Oy"
"3585895644","3585895647","DE","Germany","KOREAL GmbH"
"3586177192","3586177207","FI","Finland","Elisa"
"3586637840","3586637855","PL","Poland","Przedsiebiorstwo Pixel Sebastian Slawinski"
"3586683242","3586683242","IT","Italy","GTT Communications Inc."
"3586810032","3586810047","HR","Croatia","Nathalie d.o.o."
"3587111752","3587111759","NL","Netherlands (Kingdom of the)","Drukwerkdeal.nl B.V."
"3587233296","3587233311","NL","Netherlands (Kingdom of the)","Robeco Nederland BV"
"3587446144","3587446271","FI","Finland","GlobalConnect AB"
"3587686192","3587686207","IT","Italy","Leewrangler Italy SRL"
"3587706432","3587706439","DE","Germany","St. Josefs-Hospital Wiesbaden GmbH"
"3587753728","3587753855","FI","Finland","Toja Finland Oy"
"3588060520","3588060527","DE","Germany","Thy Bilstein 02"
"3588546632","3588546639","FR","France","Skechers USA France SAS"
"3588601744","3588601751","ES","Spain","Colt Technology Services Group Limited"
"3588957156","3588957159","GB","United Kingdom of Great Britain and Northern Ireland","GTT - EMEA Ltd."
"3589272618","3589272620","DE","Germany","Hetzner Online GmbH"
"3589353216","3589353727","PL","Poland","Netia SA"
"3589427945","3589427945","DE","Germany","Lumen Technologies UK Limited"
"3589713240","3589713247","GB","United Kingdom of Great Britain and Northern Ireland","British Museum Company"
"3589726872","3589726875","BE","Belgium","Colt Telecom"
"3589817090","3589817090","ES","Spain","Arelion Sweden AB"
"3589819091","3589819091","US","United States of America","Arelion Sweden AB"
"3589821437","3589821437","BE","Belgium","Arelion Sweden AB"
"3589823354","3589823354","US","United States of America","Arelion Sweden AB"
"3589824762","3589824762","GB","United Kingdom of Great Britain and Northern Ireland","Arelion Sweden AB"
"3589826615","3589826616","BE","Belgium","Arelion Sweden AB"
"3590000600","3590000607","GB","United Kingdom of Great Britain and Northern Ireland","GTT Communications Inc."
"3590010208","3590010215","NL","Netherlands (Kingdom of the)","Ica Informatica Y Comunicaciones Avanzadas S.L./Cope"
"3590243127","3590243128","DE","Germany","GTT Communications Inc."
"3590248514","3590248516","DE","Germany","GTT Communications Inc."
"3590251477","3590251477","SG","Singapore","GTT Communications Inc."
"3590316544","3590316799","GB","United Kingdom of Great Britain and Northern Ireland","Clouvider Limited"
"3624479624","3624479631","US","United States of America","Viejas Casino"
"3624798464","3624798467","US","United States of America","Cardenas Markets Inc"
"3624807876","3624807879","US","United States of America","Twenty Nine Palms Water District"
"3624962328","3624962367","US","United States of America","Cox Communications LLC"
"3625006184","3625006191","US","United States of America","Wells Fargo & Company"
"3625063424","3625064447","CA","Canada","eSecureData"
"3625264312","3625264319","US","United States of America","Wildfire - Oak Brook"
"3625398272","3625400319","US","United States of America","OneNet Communications Inc. Dynamic Dial"
"3625561024","3625561039","US","United States of America","World Communications Inc."
"3625967968","3625968039","US","United States of America","TPx Communications"
"3626140416","3626140479","US","United States of America","Rockliffe"
"3626383512","3626383519","US","United States of America","Pteppic.net"
"3626520576","3626521343","US","United States of America","DTS Fiber"
"3627001088","3627001343","US","United States of America","Bridgeport Hospital"
"3627391000","3627391007","US","United States of America","McCoy Federal Credit Union"
"3627635424","3627635439","US","United States of America","First Realty ManagementOne Boston Place"
"3627732019","3627732019","PL","Poland","Google LLC"
"3627736368","3627736368","IN","India","Google LLC"
"3627800960","3627800983","US","United States of America","FC Background LLC"
"3628214188","3628214207","US","United States of America","Hurricane Electric LLC"
"3628226112","3628226112","NL","Netherlands (Kingdom of the)","Hurricane Electric LLC"
"3628503088","3628503135","US","United States of America","MPower Communications Corp."
"3628523780","3628523795","US","United States of America","TPx Communications"
"3628770112","3628770143","US","United States of America","CenturyLink Communications LLC"
"3629139808","3629139839","US","United States of America","SDI Clark"
"3629351808","3629351839","US","United States of America","Unishippers"
"3629397840","3629397847","US","United States of America","Level 3 Communications Inc."
"3629454640","3629454647","US","United States of America","Payroll Pro Ltd"
"3629501216","3629501231","US","United States of America","Level 3 Communications Inc."
"3630050304","3630050311","CA","Canada","Myco inc1"
"3630760864","3630760895","US","United States of America","IDS/B Incorporated"
"3630942608","3630942615","US","United States of America","Pelham School District"
"3631097680","3631097687","US","United States of America","Business LA Internet Solutions"
"3631367936","3631368191","US","United States of America","Oneida Telephone Exchange"
"3631556716","3631556719","US","United States of America","Austin Radiological Association MSO"
"3631891040","3631891071","US","United States of America","iboss Inc"
"3632186256","3632186287","US","United States of America","Centrilogic Inc."
"3632426320","3632426335","US","United States of America","Source 4"
"3632715192","3632715199","US","United States of America","Triage Management Services"
"3632953744","3632953759","US","United States of America","Jokake Construction"
"3633113848","3633113855","US","United States of America","UPskill Inc"
"3633270960","3633270967","US","United States of America","AMLI"
"3633466360","3633466367","US","United States of America","First Communications LLC"
"3633860608","3633864703","US","United States of America","Prince Georges Comm. College"
"3634357744","3634357751","US","United States of America","Sleep Inn"
"3634382296","3634382303","US","United States of America","James Webster"
"3634423496","3634423503","US","United States of America","SKC Law Firm"
"3634482360","3634482367","US","United States of America","Marriott Cedar Rapids"
"3634576064","3634576067","US","United States of America","Earl Goodrich I I"
"3634917664","3634917679","CA","Canada","Nexicom Inc."
"3635134464","3635142655","US","United States of America","Exwire Inc."
"3635290400","3635290623","US","United States of America","Level 3 Communications Inc."
"3635562808","3635562847","US","United States of America","NetCarrier Inc."
"3635894120","3635894127","CA","Canada","ServiceMaster of Canada Limited"
"3636126912","3636126919","US","United States of America","Covenant Pediatrics"
"3636578368","3636578431","US","United States of America","Ekit Inc"
"3636991104","3636991167","US","United States of America","Netwitness Corporation"
"3637017828","3637017829","US","United States of America","Microsoft Corporation"
"3637043424","3637043431","US","United States of America","Cloudian Inc."
"3637088648","3637088651","US","United States of America","Logix"
"3637098584","3637098591","US","United States of America","Logix Communications Inc."
"3637109800","3637109807","US","United States of America","Texas Notary Public Association"
"3637196400","3637196407","US","United States of America","HIP Health Plans"
"3637442688","3637442719","US","United States of America","The Bantry Group"
"3637516832","3637516863","CA","Canada","Stantec Consulting Ltd"
"3637551968","3637551999","CA","Canada","4568 Quebec Inc"
"3637772128","3637772143","US","United States of America","Gibson Engineering"
"3637995440","3637995447","US","United States of America","Marsh Cable & Connectors"
"3638169396","3638169791","CA","Canada","Telus Communications Inc."
"3638224608","3638224611","US","United States of America","Buckeye Telesystem Inc"
"3638402941","3638402942","CA","Canada","TINET"
"3638529984","3638529999","CA","Canada","West 49 Inc."
"3638704768","3638704775","CA","Canada","Soges-Tech Inc"
"3639053504","3639053695","US","United States of America","Nexeon Technologies Inc."
"3639169528","3639169535","US","United States of America","Bentley Systems"
"3639187968","3639187983","US","United States of America","Byte Lightening"
"3639203312","3639203319","US","United States of America","Issues Management Network"
"3639289872","3639289887","US","United States of America","PixelWorld"
"3639421472","3639421479","US","United States of America","TPx Communications"
"3639554266","3639554277","US","United States of America","Google LLC"
"3639902808","3639902831","PE","Peru","@PHONE"
"3639916036","3639916039","PE","Peru","Borja Alfredo Astete Figueroa"
"3640135016","3640135023","US","United States of America","Fitness Holdings LLC"
"3640279488","3640279519","US","United States of America","DotCom Guy"
"3640486904","3640486911","US","United States of America","Pro Management"
"3640513616","3640513623","US","United States of America","South Valley Academy"
"3640621856","3640621863","US","United States of America","CableVision Systems Corp."
"3641038072","3641038079","DE","Germany","Radiologisches Institut Buehl/Achern"
"3641058208","3641058215","DE","Germany","MC Part GmbH"
"3641084408","3641084423","DE","Germany","Deutsche Telekom AG"
"3641105920","3641105927","DE","Germany","J Helmke und Co"
"3641128632","3641128639","DE","Germany","Thomas Krenn.ag"
"3641153880","3641153887","DE","Germany","Semcoglas GmbH Aschaffenburg"
"3641343792","3641343799","SE","Sweden","Net at Once Sweden AB"
"3641541644","3641541647","GB","United Kingdom of Great Britain and Northern Ireland","Hutt Financial Services CN"
"3641674656","3641674671","RU","Russian Federation","Savichev D. E."
"3641881812","3641881815","DE","Germany","Hotzone GmbH Wuerzburg"
"3642288756","3642288759","DE","Germany","RHB-Industries GmbH"
"3642555506","3642555507","BE","Belgium","CITIC Telecom CPC Netherlands B.V."
"3644334440","3644334447","IT","Italy","Esselunga S.p.A."
"3644345568","3644345583","IT","Italy","Telecom Italia S.p.A."
"3644371684","3644371687","IT","Italy","Negro Mauro Ed Esposto Paolo S.A.S."
"3644388936","3644388943","IT","Italy","Telecom Italia S.p.A."
"3644399504","3644399511","IT","Italy","Ober Alp SpA"
"3644408648","3644408651","IT","Italy","Borromeo Design S.r.l."
"3644425024","3644425031","IT","Italy","Arche' Media SRL"
"3644436920","3644436927","IT","Italy","Calzedonia SpA"
"3644449552","3644449559","IT","Italy","Flora SRL"
"3644461032","3644461035","IT","Italy","Autofficina Santa Monica SRL"
"3644473940","3644473943","IT","Italy","Cup 2000 SpA"
"3644486692","3644486695","IT","Italy","Infrastrutture E Telecomunicazioni Per l'Italia S.p.A."
"3644497104","3644497111","IT","Italy","Candi Stanghinis.R.L."
"3644508664","3644508711","IT","Italy","Telecom Italia S.p.A."
"3644528016","3644528023","IT","Italy","Solfer Componenti SpA"
"3644541664","3644541671","IT","Italy","Banca di Credito Cooperativo di Roma Arl"
"3644557356","3644557359","IT","Italy","Fondazione Filomena Gambardella Onlus"
"3644565744","3644566015","IT","Italy","Telecom Italia S.p.A."
"3644579044","3644579047","IT","Italy","Tim S.p.A."
"3644816536","3644816547","DK","Denmark","Normansvej 1 ApS"
"3645229276","3645229279","RU","Russian Federation","Komtekhtrade"
"3645285288","3645285295","DE","Germany","Siefert Spedition Schwertransporte GmbH"
"3645562672","3645562719","DK","Denmark","Zen Systems A/S"
"3645880384","3645880447","DE","Germany","Fast IT GmbH"
"3646519400","3646519479","DE","Germany","Deutsche Telekom AG"
"3647667264","3647667455","RU","Russian Federation","JSC RTComm.RU"
"3647741704","3647741707","FR","France","Itancia"
"3647760240","3647760247","FR","France","Sacyr Proyecta SA"
"3647787976","3647787983","FR","France","Expertiso"
"3647833920","3647833935","FR","France","Capelitis Groupe"
"3647840411","3647840411","FR","France","S Froid Concept"
"3647845883","3647845887","FR","France","Orange S.A."
"3647850775","3647850775","FR","France","SCM Ga Lai"
"3647852248","3647852248","FR","France","Orange S.A."
"3647853636","3647853637","FR","France","Groupe L I P"
"3647856656","3647856663","FR","France","Agir Soigner Eduquer Inclure"
"3647861229","3647861229","FR","France","Soc Assurance Mutuelle Armement Peche BJNJ5"
"3647867144","3647867151","DE","Germany","Csc Financial Servic"
"3647881168","3647881175","DE","Germany","Aachener Grundvermoegen Kapitalanlagengesellschaft"
"3647897392","3647897399","DE","Germany","Fortune Hotels"
"3647913320","3647913327","DE","Germany","The Boston Consulting Group"
"3647927744","3647927751","DE","Germany","A100 ROW GmbH"
"3647946016","3647946023","DE","Germany","FINTIBA GmbH"
"3647966520","3647966527","GB","United Kingdom of Great Britain and Northern Ireland","Union Investment Real Estate GmbH"
"3647980240","3647980247","FR","France","Franklin Azzi Architecture"
"3647992216","3647992223","DE","Germany","Accenture"
"3648163840","3648167935","RU","Russian Federation","OOO Ni"
"3648418715","3648418716","DE","Germany","GTT Communications Inc."
"3649754368","3649754623","ES","Spain","M247 Europe SRL"
"3649906844","3649906847","IT","Italy","Cup 2000 S.C.P.A."
"3649919424","3649919427","IT","Italy","FaipSrl"
"3649940360","3649940363","IT","Italy","Telecom Italia S.p.A."
"3649956784","3649956787","IT","Italy","Regione Calabria Ass. Form.pro"
"3650310144","3650310423","GB","United Kingdom of Great Britain and Northern Ireland","iomart Managed Services Limited"
"3650633876","3650633879","FI","Finland","Oyna Investltd"
"3650946256","3650946263","DK","Denmark","Kordilgade 38"
"3651364319","3651365160","GB","United Kingdom of Great Britain and Northern Ireland","Lumen Technologies UK Limited"
"3651547456","3651547471","NL","Netherlands (Kingdom of the)","KPN B.V."
"3651564000","3651564007","NL","Netherlands (Kingdom of the)","KPN B.V."
"3651575600","3651575631","NL","Netherlands (Kingdom of the)","KPN B.V."
"3651587880","3651587887","NL","Netherlands (Kingdom of the)","Bron Coatings BV"
"3651636883","3651636883","FR","France","Ferco Developpement"
"3651657643","3651657643","FR","France","Rte de Carnon"
"3651964072","3651964073","GB","United Kingdom of Great Britain and Northern Ireland","Nlighten Megaport"
"3652259708","3652259708","NL","Netherlands (Kingdom of the)","InboxRoad BV"
"3652406432","3652406439","GB","United Kingdom of Great Britain and Northern Ireland","Lyngford Park Primary School"
"3652611200","3652611231","FR","France","OVH SAS"
"3653329036","3653329036","CH","Switzerland","Die Schweizerische Post IP 5"
"3653333681","3653333681","CH","Switzerland","Fael Tolerie SA"
"3653334826","3653334826","CH","Switzerland","Bank Julius Baer & Co. AG"
"3653335954","3653335957","CH","Switzerland","Swisscom AG"
"3653349440","3653349455","CH","Switzerland","Thommen-Furler AG"
"3653748512","3653748727","DE","Germany","NT do Net1"
"3655226700","3655226703","IT","Italy","Telecom Italia S.p.A."
"3655244928","3655244935","IT","Italy","Telecom Italia S.p.A."
"3655257472","3655257479","IT","Italy","Societa' Editrice Apuana SRL"
"3655269312","3655269327","IT","Italy","Istit Zooprofilattico Sperim Puglia E Basilicata"
"3655289000","3655289007","IT","Italy","Insiel - Informatica per il Sistema degli Enti Locali SpA"
"3655308576","3655308583","IT","Italy","Societa' Trasporto Telematico SpA"
"3655322248","3655322255","IT","Italy","Euronet Consulting SRL"
"3656230368","3656230383","DE","Germany","Deutsche Telekom AG"
"3656335120","3656335121","MK","North Macedonia","Deutsche Telekom AG"
"3656359984","3656359991","DE","Germany","Landal Greenparks GmbH"
"3656368248","3656368255","DE","Germany","Deutsche Telekom AG"
"3656376616","3656376623","DE","Germany","Schuhmann"
"3656614880","3656614887","DE","Germany","Arbeiterwohlfahrt Bezirksverband Schwaben E.V."
"3656643616","3656643623","DE","Germany","Renafan Omnicare gGmbH"
"3657516576","3657516735","CN","China","WLZX"
"3657530916","3657530951","CN","China","Data Communication Division"
"3657654064","3657654079","CN","China","The Federation of trdae unions of the city of danyang"
"3657683944","3657683947","CN","China","Xuzhou Jiawang Telecom Dept"
"3657716296","3657716303","CN","China","Suzhou Hirschvogel Metal Corp"
"3657733136","3657733151","CN","China","Kunshan Local Tax Bureau"
"3657745536","3657745539","CN","China","Kunshan Chengbei Star Netbar"
"3657779184","3657779191","CN","China","Data Communication Division"
"3658432160","3658432191","CN","China","E-Shidai Netbar"
"3658512065","3658512127","CN","China","Guangzhoushidongshanqujiangyueluyijingxuandongta801"
"3658603112","3658603119","CN","China","Shenzhen Kun Cheng Tai Co.Ltd"
"3659189446","3659189471","CN","China","China Network Communications Group Corporation"
"3659279008","3659279011","CN","China","Yaoxp Corp"
"3659288732","3659288751","CN","China","China Unicom Henan Province Network"
"3659296915","3659296917","CN","China","China Unicom Henan Province Network"
"3659310880","3659310887","CN","China","Xintong Net Bar"
"3659322480","3659322623","CN","China","CNC CM"
"3659351008","3659351011","CN","China","Zidonghua Corp"
"3659361920","3659361927","CN","China","Zhangxingjianzhu Corp"
"3659394880","3659394883","CN","China","Suiping Junxiangwuliu"
"3660370112","3660370391","JP","Japan","NTT Docomo Business Inc."
"3661128304","3661128307","CN","China","Zibo Sunyanxia"
"3661145524","3661145527","CN","China","Liaochengyouzhengjujiashuyuan"
"3661225460","3661225463","CN","China","China Unicom Shandong Province Network"
"3661269276","3661269279","CN","China","Zibo Shihuajiuxiao"
"3661359664","3661359671","CN","China","Zaozhuang-Tengzhou Baogouwenhuazhan Internet Bar"
"3662121884","3662121887","CN","China","Yuyao Shunfa Stationery Gifts Co. Ltd"
"3662365624","3662365631","CN","China","Hangzhou Fu Ze Sheng Industry &Trade Co. Ltd"
"3662371932","3662371935","CN","China","Zhejiang Semical Industry Co. Ltd"
"3662380704","3662380711","CN","China","ChinaNet Zhejiang Province Network"
"3662728472","3662728475","CN","China","Shanghai YiFang Science Industry Co.Ltd"
"3662735664","3662735667","CN","China","Shanghai Shengyuan Industry (Group) Co. Ltd."
"3662972498","3662972499","CN","China","Data Communication Division"
"3663366256","3663366259","CN","China","Wuxi Wangtongwangluo Netbar"
"3663370356","3663370359","CN","China","Wuxi Yixing Batong Netbar"
"3663378728","3663378735","CN","China","Wuxi Fangda Co .ltd"
"3663392080","3663392087","CN","China","Jingjiang Yuanyuan Netbar"
"3663448380","3663448383","CN","China","Data Communication Division"
"3663461244","3663461247","CN","China","Nantong Qidong Environment Protect Bureau"
"3663468976","3663468979","CN","China","Lianyungang Shuntian Wood Industry Co. Ltd."
"3663488136","3663488143","CN","China","LianYunGang Price Bureau"
"3663507532","3663507535","CN","China","Yancheng Yanmazhixing Hotel"
"3663530120","3663530123","CN","China","Changzhou Zhangsuyin Corp"
"3663557344","3663557351","CN","China","Changzhou Science and Technology Community"
"3663594496","3663595007","CN","China","Jiangsu Telecom"
"3663623072","3663623079","CN","China","Nanjing Yindu Advertising Business Co. Ltd"
"3663633464","3663633467","CN","China","Nanjing Water Tours Commercial Management Co. Ltd."
"3664188488","3664188495","HK","Hong Kong","Rondish Co Ltd"
"3664206920","3664206927","HK","Hong Kong","Fast Dragon Investment Ltd"
"3664309861","3664309879","CN","China","Fujian Fuzhou Branch of China Netcom"
"3671089088","3671089119","MY","Malaysia","Eb Tech.Parit-SK Parit"
"3672053784","3672053807","JP","Japan","NHN Techorus Corp."
"3673899176","3673899183","JP","Japan","Fukuchiyama City Hospital"
"3680627000","3680627007","JP","Japan","Marubeni Metals Corporation"
"3680887072","3680887103","JP","Japan","Senshukai Co. Ltd"
"3681651416","3681651423","JP","Japan","Arteria Networks Corporation"
"3681666272","3681666279","JP","Japan","Arteria Networks Corporation"
"3681929024","3681929039","JP","Japan","Shunjundo Co.ltd."
"3681987672","3681987727","JP","Japan","Sony Biz Networks Corporation"
"3682084288","3682084303","JP","Japan","Arteria Networks Corporation"
"3682101792","3682101807","JP","Japan","UCOM Corporation"
"3682216192","3682216255","JP","Japan","Yukiyoshi Gakuen"
"3682281032","3682281039","JP","Japan","Arteria Networks Corporation"
"3682298440","3682298447","JP","Japan","UCOM Corporation"
"3682317120","3682317127","JP","Japan","UCOM Corporation"
"3682332704","3682332711","JP","Japan","Nakaken"
"3682591776","3682591791","JP","Japan","SoftBank Corp."
"3682787160","3682787163","CN","China","Foshan Chancheng Tongji Computer Information Service Branch"
"3683014768","3683014783","CN","China","Popular Actor Letter Changbo Cotton Factory Limited Company"
"3683188340","3683188863","CN","China","Data Communication Division"
"3683735460","3683735467","CN","China","ChinaNet Shanxi (SN) Province Network"
"3683907288","3683907291","CN","China","Data Communication Division"
"3683990969","3683990971","CN","China","ChinaNet Liaoning Province Network"
"3684076352","3684076383","CN","China","ChinaNet Henan Province Network"
"3685018816","3685018847","JP","Japan","MS&AD Systems Co. Ltd."
"3685141176","3685141183","JP","Japan","Sugimura Chemical Industrial Co. Ltd."
"3698185344","3698185351","JP","Japan","CIC Inc."
"3698243032","3698243039","JP","Japan","NEC Software Tohoku Ltd."
"3700909880","3700909887","JP","Japan","Marubeni OKI Network Solutions Inc."
"3700941824","3700942351","JP","Japan","Arteria Networks Corporation"
"3702197466","3702197471","CN","China","ChinaNet Xinjiang Province Network"
"3703429708","3703429711","CN","China","Cixi Hanjue Mansion Hotel"
"3705281752","3705281759","JP","Japan","Arteria Networks Corporation"
"3705303136","3705303143","JP","Japan","Arteria Networks Corporation"
"3705321488","3705321615","JP","Japan","Broadgate"
"3706782544","3706782551","HK","Hong Kong","Spools & Co Ltd"
"3706794872","3706794879","HK","Hong Kong","Singapore Exchange Co Ltd"
"3706809944","3706809951","HK","Hong Kong","Hung's Management Services Ltd"
"3706827096","3706827103","HK","Hong Kong","Haoseng Industrial Co Ltd"
"3706841336","3706841855","HK","Hong Kong","Hong Kong Telecommunications (HKT) Limited"
"3707025392","3707025395","AU","Australia","TPG Internet Pty Ltd."
"3707100120","3707100147","AU","Australia","TPG Internet Pty Ltd."
"3707270496","3707270503","CN","China","China Unicom Shanghai Province Network"
"3707805080","3707805083","CN","China","QingDao-Qi Xiang Ju"
"3707875607","3707875609","CN","China","China Unicom Shandong Province Network"
"3707911481","3707911487","CN","China","China Unicom Shandong Province Network"
"3707920784","3707920791","CN","China","YiNan-PuWang Internet Bar2"
"3707952048","3707952051","CN","China","Menghuan Net Bar"
"3707962318","3707962318","CN","China","China Unicom Shandong Province Network"
"3708749131","3708749131","CN","China","RenWei Netbar"
"3715122296","3715122311","JP","Japan","Arteria Networks Corporation"
"3715140952","3715140991","JP","Japan","Broadgate"
"3715159144","3715159151","JP","Japan","Broadgate"
"3715241536","3715241543","JP","Japan","Broadgate"
"3715260120","3715260151","JP","Japan","Broadgate"
"3715279144","3715279207","JP","Japan","Arteria Networks Corporation"
"3715303416","3715303423","JP","Japan","JSM Corporatoin"
"3715327760","3715327775","JP","Japan","Arteria Networks Corporation"
"3715351192","3715351199","JP","Japan","Broadgate"
"3715370648","3715370655","JP","Japan","Broadgate"
"3715389072","3715389087","JP","Japan","Arteria Networks Corporation"
"3715408160","3715408167","JP","Japan","Broadgate"
"3715425136","3715425143","JP","Japan","UCOM Corporation"
"3715444312","3715444319","JP","Japan","Broadgate"
"3715486048","3715486055","JP","Japan","Broadgate"
"3716546656","3716546687","IN","India","Global Realty Outsourcing"
"3719972144","3719972151","JP","Japan","Marina Co. Ltd."
"3719999784","3719999847","JP","Japan","NTT Docomo Business Inc."
"3721800448","3721800511","CN","China","Jinan Zqyuanyong Net Bar"
"3721882052","3721882055","CN","China","Qingdao Diqiucun Internet Bar-QINGDAO"
"3722446280","3722446287","CN","China","Jinpingguo Netbar"
"3722455520","3722455527","CN","China","Tai Cang Xiesin Refvse Incineration Poert Co. Ltd"
"3722463896","3722463899","CN","China","Changshu Meimei Cosmetology Co. Ltd."
"3722475856","3722475859","CN","China","Zhuolinwujinzhipinco. Ltd"
"3722483688","3722483691","CN","China","Fujian Sanjian Abroad Taicang Office"
"3722496204","3722496207","CN","China","Suzhou Yangguang Chuanshang Co. Ltd"
"3722577244","3722577247","CN","China","Nanjing Xin Netease home network service limited liability company Yao Jia Lu Store"
"3722585312","3722585319","CN","China","Jiangsu Insurance Association"
"3722834348","3722834351","CN","China","XuZhou XY guangdian BUREAU"
"3722871008","3722871011","CN","China","Huadong Oil Industry Limitde Company"
"3723231232","3723338175","CN","China","ChinaNet Sichuan Province Network"
"3723523000","3723523047","JP","Japan","Arteria Networks Corporation"
"3723537832","3723537847","JP","Japan","Arteria Networks Corporation"
"3723556768","3723556775","JP","Japan","Arteria Networks Corporation"
"3723595264","3723595359","JP","Japan","Arteria Networks Corporation"
"3723626200","3723626223","JP","Japan","Arteria Networks Corporation"
"3723648384","3723648391","JP","Japan","Arteria Networks Corporation"
"3723670136","3723670143","JP","Japan","Broadgate"
"3723691520","3723691527","JP","Japan","Arteria Networks Corporation"
"3723714192","3723714207","JP","Japan","Arteria Networks Corporation"
"3723740992","3723741023","JP","Japan","Arteria Networks Corporation"
"3723765232","3723765247","JP","Japan","Arteria Networks Corporation"
"3723785800","3723785807","JP","Japan","Broadgate"
"3723810664","3723810671","JP","Japan","UCOM Corporation"
"3723832120","3723832127","JP","Japan","Broadgate"
"3723852080","3723852095","JP","Japan","Arteria Networks Corporation"
"3723871712","3723871719","JP","Japan","UCOM Corporation"
"3723889256","3723889263","JP","Japan","UCOM Corporation"
"3723908856","3723908863","JP","Japan","Arteria Networks Corporation"
"3723931368","3723931375","JP","Japan","Broadgate03"
"3723955072","3723955079","JP","Japan","Broadgate"
"3723977512","3723977551","JP","Japan","Broadgate"
"3723998384","3723998399","JP","Japan","Broadgate"
"3724033216","3724033231","JP","Japan","Arteria Networks Corporation"
"3724081044","3724081047","JP","Japan","Hirox Co. Ltd."
"3724104824","3724104847","JP","Japan","Arteria Networks Corporation"
"3724125240","3724125247","JP","Japan","Arteria Networks Corporation"
"3724147144","3724147151","JP","Japan","UCOM Corporation"
"3724174488","3724174503","JP","Japan","Broadgate"
"3724197608","3724197615","JP","Japan","UCOM Corporation"
"3724221552","3724221559","JP","Japan","UCOM Corporation"
"3724248584","3724248599","JP","Japan","Arteria Networks Corporation"
"3724272000","3724272007","JP","Japan","UCOM Corporation"
"3724293336","3724293351","JP","Japan","Arteria Networks Corporation"
"3724316240","3724316247","JP","Japan","Broadgate"
"3724338088","3724338095","JP","Japan","UCOM Corporation"
"3724360152","3724360159","JP","Japan","Broadgate"
"3724382344","3724382351","JP","Japan","Broadgate03"
"3724410176","3724410199","JP","Japan","Arteria Networks Corporation"
"3724437888","3724437951","JP","Japan","Broadgate"
"3724466088","3724466095","JP","Japan","Arteria Networks Corporation"
"3724492456","3724492591","JP","Japan","Arteria Networks Corporation"
"3724523176","3724523183","JP","Japan","IIJ Global Solutions Inc."
"3728868580","3728868583","CN","China","ChinaNet Shanghai Province Network"
"3728875924","3728875927","CN","China","The ancient forest packaging materials ( Shanghai) Company Limited"
"3728882792","3728882795","CN","China","Gufeier (Shanghai) Business Co. Ltd."
"3728888368","3728888371","CN","China","Shanghai Xinyuan Binguan"
"3728896508","3728896511","CN","China","Shanghai Feixing Design Co. Ltd."
"3728908800","3728908807","CN","China","ChinaNet Shanghai Province Network"
"3728927792","3728927795","CN","China","Shanghai Heda Enterprise Management Consulting Co. Ltd."
"3729043520","3729043523","CN","China","Joint-Harvest (Hongkong) Technology Co. Ltd. Shanghai Rep. Office"
"3730573740","3730573743","CN","China","ChangShu ZhaoShi Netbar"
"3730582368","3730582383","CN","China","Meike Auto Kunshan Co. Ltd"
"3730591396","3730591399","CN","China","Suzhou Gaofei Electron Technology Co. Ltd"
"3730600416","3730600423","CN","China","Suzhou Weimeiheng Medical Appliance Co. Ltd"
"3730609824","3730609839","CN","China","Suzhou Dongwu Securities Co. Ltd"
"3730626420","3730626423","CN","China","ChinaNet Jiangsu Province Network"
"3732716832","3732716855","ID","Indonesia","PT Telkom Indonesia"
"3733212852","3733212855","CN","China","QuFuyijiawangba"
"3733236768","3733236771","CN","China","Feicheng rongdadiannao"
"3733265108","3733265108","CN","China","Dezhou Xinlianxin Internet Bar"
"3733335496","3733335499","CN","China","BinzhoushiKaixinleyuanInternetBar"
"3733345600","3733345603","CN","China","China Unicom Shandong Province Network"
"3733454208","3733454271","CN","China","Jinan Changyou Net Bar"
"3733752396","3733752396","CN","China","XinNongHe"
"3734500624","3734500639","JP","Japan","Sanaru.Co.Ltd"
"3736603012","3736603015","CN","China","Chuzhou Juyou-Netbar"
"3736665468","3736665471","CN","China","Nantong Chemical Pharmaceutical Federation of Supply and Marketing Co. Ltd."
"3736731296","3736731303","CN","China","Changzhou Jianbang Car Sale Service Co. Ltd"
"3736796064","3736796071","CN","China","Zhenjiang JR Wuguifa"
"3736829552","3736829555","CN","China","XuZhou GongLuYunShu CORP"
"3736964332","3736964335","CN","China","Jiangdu Dinggouzhenzhengfu Dept"
"3737033840","3737033843","CN","China","Peng Yan Taizhou City Real Estate Development Co. Ltd"
"3739418986","3739418986","US","United States of America","KDDI Corporation"
"3741290544","3741290591","VN","Viet Nam","Vietnam Data Communication Company"
"3749249610","3749249808","HK","Hong Kong","China Mobile International Limited"
"3758088333","3758088333","SG","Singapore","PT Indosat Ooredoo Hutchison"
