"0","16777215","-","-","-","-"
"18124032","18124287","TH","Thailand","Lamphun","Li"
"19033344","19033599","TW","Taiwan (Province of China)","New Taipei","Banqiao"
"19879168","19879423","TH","Thailand","Chon Buri","Pattaya"
"21258240","21280767","CN","China","Shanxi","Taiyuan"
"25598464","25598719","AU","Australia","Australian Capital Territory","Canberra"
"26206976","26207487","AU","Australia","New South Wales","Sydney"
"26994432","26995455","AU","Australia","New South Wales","Sydney"
"28095488","28095743","TW","Taiwan (Province of China)","Taipei","Taipei"
"28545032","28545035","TH","Thailand","Krabi","Krabi"
"28555164","28555199","TH","Thailand","Krung Thep Maha Nakhon","Bangkok"
"30542080","30542591","KR","Korea (the Republic of)","Incheon-gwangyeoksi","Namdong"
"31946496","31958527","KR","Korea (the Republic of)","Seoul-teukbyeolsi","Seoul"
"33248512","33248767","KR","Korea (the Republic of)","Seoul-teukbyeolsi","Seoul"
"34060288","34060543","FR","France","Auvergne-Rhone-Alpes","Brison-Saint-Innocent"
"34414336","34414591","FR","France","Pays-de-la-Loire","Prefailles"
"34801654","34801654","US","United States of America","Georgia","Atlanta"
"35384832","35385599","BE","Belgium","Liege","Butgenbach"
"35995904","35996159","IT","Italy","Piemonte","Ivrea"
"36351744","36351999","IT","Italy","Calabria","Terranova da Sibari"
"36805632","36806655","AE","United Arab Emirates","Ash Shariqah","Sharjah"
"37368152","37368175","HR","Croatia","Grad Zagreb","Dubrava"
"37874432","37874687","SE","Sweden","Uppsala lan","Uppsala"
"38138880","38139135","SE","Sweden","Gavleborgs lan","Delsbo"
"38497024","38497279","KZ","Kazakhstan","Aqmola oblysy","Kokshetau"
"38926592","38926847","PT","Portugal","Leiria","Leiria"
"39396608","39396863","SA","Saudi Arabia","Jazan","Al Jaradiyah"
"39970304","39970559","GB","United Kingdom of Great Britain and Northern Ireland","England","Boosbeck"
"40342016","40342271","GB","United Kingdom of Great Britain and Northern Ireland","England","Cambridge"
"40711000","40711007","DK","Denmark","Hovedstaden","Copenhagen"
"40897392","40897399","IT","Italy","Lombardia","Milan"
"40916380","40916383","IT","Italy","Veneto","Padova"
"40940312","40940315","IT","Italy","Friuli-Venezia Giulia","Tolmezzo"
"40964224","40964231","IT","Italy","Emilia-Romagna","Manzoni"
"40983888","40983915","IT","Italy","Lombardia","Milan"
"41020668","41020671","IT","Italy","Veneto","Cadoneghe"
"41044468","41044471","IT","Italy","Emilia-Romagna","Reggio nell'Emilia"
"41060280","41060287","IT","Italy","Toscana","Vicchio"
"41077012","41077015","IT","Italy","Lombardia","Milan"
"41095608","41095615","IT","Italy","Lombardia","Milan"
"41115700","41115703","IT","Italy","Marche","Ascoli Piceno"
"41152776","41152783","IT","Italy","Lombardia","Milan"
"41173240","41173243","IT","Italy","Veneto","Verona"
"41190256","41190259","IT","Italy","Piemonte","Carmagnola"
"41206976","41206979","IT","Italy","Lombardia","Milan"
"41223904","41223911","IT","Italy","Lombardia","Brescia"
"41251840","41251847","IT","Italy","Lazio","Rome"
"41284024","41284031","IT","Italy","Piemonte","Miroglio"
"41296912","41296935","IT","Italy","Lombardia","Milan"
"41311884","41311887","IT","Italy","Emilia-Romagna","Sasso Marconi"
"41338832","41338835","IT","Italy","Sicilia","Ragusa"
"41354504","41354511","IT","Italy","Lazio","Sabaudia"
"41363792","41363799","IT","Italy","Umbria","Foligno"
"41390208","41390223","IT","Italy","Lombardia","Milan"
"41416736","41416743","IT","Italy","Emilia-Romagna","Sorbolo"
"42209280","42210559","KZ","Kazakhstan","Qostanay oblysy","Kostanay"
"42407196","42407203","KZ","Kazakhstan","Ulytau oblysy","Kazakhstan"
"42465180","42465183","KZ","Kazakhstan","Ulytau oblysy","Kazakhstan"
"42840320","42840575","ES","Spain","Asturias, Principado de","Coana"
"43261440","43261695","NO","Norway","Vestland","Hoyanger"
"43729920","43730175","ES","Spain","Galicia","Ribadavia"
"45127680","45127935","IR","Iran (Islamic Republic of)","Tehran","Damavand"
"45658112","45658367","IR","Iran (Islamic Republic of)","Fars","Shiraz"
"46276864","46277119","IT","Italy","Puglia","Cerignola"
"46658816","46659071","IT","Italy","Sicilia","Catania"
"47020544","47020799","DE","Germany","Sachsen-Anhalt","Platz"
"47160744","47160751","DE","Germany","Baden-Wurttemberg","Renchen"
"47177224","47177231","DE","Germany","Bayern","Munich"
"47349504","47349759","DE","Germany","Sachsen","Chemnitz"
"47693056","47693311","DE","Germany","Sachsen","Dresden"
"48497028","48497031","IT","Italy","Sardegna","Orosei"
"48507416","48507419","IT","Italy","Lazio","Rome"
"48517464","48517467","IT","Italy","Piemonte","Torino"
"48527984","48527999","IT","Italy","Lazio","Rome"
"48538432","48538439","IT","Italy","Puglia","Turi"
"48557656","48557663","IT","Italy","Emilia-Romagna","Parma"
"48570972","48570975","IT","Italy","Lazio","Rome"
"48580192","48580195","IT","Italy","Lombardia","Lonate Ceppino"
"49270816","49270823","IT","Italy","Lazio","Rome"
"49597184","49597439","DE","Germany","Nordrhein-Westfalen","Essen"
"50331294","50331296","BE","Belgium","Brussels Hoofdstedelijk Gewest","Brussels"
"67111242","67111242","US","United States of America","District of Columbia","Washington"
"67172205","67172205","US","United States of America","Minnesota","Minneapolis"
"67194914","67194924","US","United States of America","Texas","Dallas"
"67208069","67208069","US","United States of America","Massachusetts","Boston"
"67255319","67255319","US","United States of America","Massachusetts","Burlington"
"67570239","67570249","US","United States of America","California","San Jose"
"67637893","67637894","US","United States of America","Illinois","Chicago"
"68037377","68037378","US","United States of America","California","Los Angeles"
"68082609","68082609","US","United States of America","New Jersey","Newark"
"68144682","68144682","US","United States of America","Illinois","Chicago"
"68182131","68182360","US","United States of America","Texas","Dallas"
"68255337","68255338","US","United States of America","Indiana","Indianapolis"
"68411441","68411441","US","United States of America","Indiana","Indianapolis"
"68627340","68627340","US","United States of America","Georgia","Atlanta"
"68698482","68698484","US","United States of America","Georgia","Atlanta"
"68731513","68731513","US","United States of America","Florida","Miami"
"68749358","68749368","US","United States of America","North Carolina","Charlotte"
"68755338","68755352","US","United States of America","Colorado","Denver"
"68760833","68760834","US","United States of America","Texas","Carrollton"
"68823731","68823736","US","United States of America","New Jersey","Newark"
"69117406","69117406","US","United States of America","Illinois","Chicago"
"69252352","69252607","US","United States of America","Georgia","Atlanta"
"69307252","69307343","US","United States of America","Louisiana","Monroe"
"69452746","69452746","US","United States of America","Georgia","Atlanta"
"69570381","69570382","US","United States of America","Arizona","Phoenix"
"69722561","69722561","US","United States of America","California","Tustin"
"69923337","69923337","US","United States of America","District of Columbia","Washington"
"70346789","70346790","US","United States of America","District of Columbia","Washington"
"70737664","70738431","US","United States of America","Georgia","Atlanta"
"71244032","71244799","US","United States of America","Georgia","Atlanta"
"71581205","71581205","SE","Sweden","Stockholms lan","Stockholm"
"71593709","71593709","US","United States of America","Texas","Dallas"
"71665907","71665924","US","United States of America","Louisiana","Monroe"
"71677221","71677224","US","United States of America","Missouri","Kansas City"
"71686059","71686068","US","United States of America","Louisiana","Monroe"
"71692135","71692136","US","United States of America","Louisiana","Monroe"
"71981056","71981311","US","United States of America","Louisiana","Monroe"
"72347648","72347903","US","United States of America","Massachusetts","Boston"
"75392256","75392511","US","United States of America","Louisiana","Monroe"
"84142848","84143103","RU","Russian Federation","Novosibirskaya oblast'","Novosibirsk"
"84385896","84385903","DE","Germany","Nordrhein-Westfalen","Dusseldorf"
"84401176","84401183","DE","Germany","Baden-Wurttemberg","Winnenden"
"84410072","84410079","DE","Germany","Berlin","Berlin"
"84584704","84585051","DE","Germany","Nordrhein-Westfalen","Koeln"
"84911872","84912383","RO","Romania","Sibiu","Agnita"
"85529344","85529599","TR","Turkiye","Bitlis","Adilcevaz"
"86167296","86167551","IR","Iran (Islamic Republic of)","Tehran","Tehran"
"86451256","86451259","FR","France","Hauts-de-France","Roubaix"
"86560256","86560511","ES","Spain","Castilla-La Mancha","Sesena"
"86884352","86884415","FI","Finland","Uusimaa","Mantsala"
"87269888","87270143","FR","France","Pays-de-la-Loire","La Gaubretiere"
"87561626","87561628","DE","Germany","Bayern","Lappersdorf"
"87914976","87914983","GB","United Kingdom of Great Britain and Northern Ireland","England","Liverpool"
"88044004","88044007","KZ","Kazakhstan","Astana","Astana"
"88257536","88257791","GB","United Kingdom of Great Britain and Northern Ireland","England","Tallington"
"88591104","88591359","GB","United Kingdom of Great Britain and Northern Ireland","England","London"
"89288960","89290495","SA","Saudi Arabia","Makkah al Mukarramah","Jeddah"
"89843712","89843967","IT","Italy","Puglia","Massafra"
"90181932","90181935","IT","Italy","Lombardia","Milan"
"90197856","90197859","IT","Italy","Veneto","Verona"
"90214340","90214343","IT","Italy","Lombardia","Milan"
"90226848","90226851","IT","Italy","Abruzzo","Parco"
"90268080","90268087","IT","Italy","Lombardia","Milan"
"90302500","90302507","IT","Italy","Emilia-Romagna","Reggio nell'Emilia"
"90320936","90320939","IT","Italy","Lombardia","Milan"
"90342680","90342683","IT","Italy","Lazio","Rome"
"90359480","90359487","IT","Italy","Sicilia","Messina"
"90382648","90382655","IT","Italy","Marche","Strada"
"90400492","90400495","IT","Italy","Lazio","Fiumicino"
"90420713","90420719","IT","Italy","Lombardia","Milan"
"90474340","90474343","DE","Germany","Saarland","Saarlouis"
"90721024","90721279","DE","Germany","Hessen","Frankfurt am Main"
"91233280","91233535","IR","Iran (Islamic Republic of)","Tehran","Behdasht"
"91761408","91761663","IR","Iran (Islamic Republic of)","Fars","Shiraz"
"92060928","92061183","IR","Iran (Islamic Republic of)","Yazd","Yazd"
"92649472","92649599","GB","United Kingdom of Great Britain and Northern Ireland","England","London"
"92686336","92686591","PL","Poland","Mazowieckie","Wegrow"
"92759104","92759119","BE","Belgium","Vlaams-Brabant","Zaventem"
"92856064","92856319","RU","Russian Federation","Buryatiya, Respublika","Sosnovo-Ozerskoye"
"93248256","93248511","RU","Russian Federation","Murmanskaya oblast'","Nikel'"
"93613184","93613311","GB","United Kingdom of Great Britain and Northern Ireland","England","London"
"93903624","93903631","GB","United Kingdom of Great Britain and Northern Ireland","England","Manchester"
"94139392","94139647","SA","Saudi Arabia","Ar Riyad","Al Kharj"
"94516736","94516991","OM","Oman","Ad Dakhiliyah","Adam"
"95089664","95089919","IT","Italy","Sicilia","Catania"
"95411590","95411590","DE","Germany","Bayern","Soden"
"95717032","95717032","DE","Germany","Hessen","Frankfurt am Main"
"95997184","95997439","PL","Poland","Slaskie","Kroczyce"
"96364960","96365055","IR","Iran (Islamic Republic of)","Fars","Estahban"
"96758468","96758471","IE","Ireland","Dublin","Dublin"
"96785744","96785871","FR","France","Hauts-de-France","Roubaix"
"97214208","97214463","GR","Greece","Notio Aigaio","Ermoupolis"
"97618688","97618943","IR","Iran (Islamic Republic of)","Kerman","Kerman"
"97940224","97940735","IR","Iran (Islamic Republic of)","Fars","Shiraz"
"98223360","98223615","IR","Iran (Islamic Republic of)","Kerman","Rafsanjan"
"98718120","98718127","PL","Poland","Mazowieckie","Warsaw"
"98908672","98908927","TR","Turkiye","Ankara","Dogus"
"99206656","99207167","IR","Iran (Islamic Republic of)","Khuzestan","Dezful"
"99890944","99891455","SA","Saudi Arabia","Ash Sharqiyah","Dhahran"
"100305000","100305003","KZ","Kazakhstan","Zhetisu oblysy","Taldykorgan"
"100545026","100545087","RO","Romania","Arges","Stefanesti"
"134376448","134377471","US","United States of America","New Jersey","Clifton"
"135070720","135070975","US","United States of America","District of Columbia","Washington"
"135683840","135684095","US","United States of America","Florida","Fort Lauderdale"
"136172108","136172111","US","United States of America","Delaware","Wilmington"
"136415723","136415723","CA","Canada","Quebec","Montreal"
"137001984","137002175","GB","United Kingdom of Great Britain and Northern Ireland","England","London"
"137683200","137683455","US","United States of America","Texas","Dallas"
"140955392","140962815","US","United States of America","Georgia","Atlanta"
"147294976","147295231","US","United States of America","Louisiana","Monroe"
"150246912","150247167","US","United States of America","Georgia","Atlanta"
"162727304","162727307","US","United States of America","Florida","Delray Beach"
"201334848","201334855","US","United States of America","Georgia","Atlanta"
"201361752","201361759","US","United States of America","California","Chula Vista"
"201373354","201373354","US","United States of America","Texas","Houston"
"201397288","201397295","US","United States of America","Alabama","Decatur"
"201427184","201427199","US","United States of America","California","San Francisco"
"201463168","201463175","US","United States of America","New Hampshire","Keene"
"201487568","201487583","US","United States of America","Texas","Fort Worth"
"201514528","201514751","US","United States of America","Texas","Dallas"
"201547824","201547831","US","United States of America","Texas","Richardson"
"201573096","201573103","US","United States of America","California","Hollister"
"201588208","201588215","US","United States of America","Texas","Dallas"
"201622208","201622215","US","United States of America","California","Fresno"
"201642120","201642127","US","United States of America","Illinois","Aurora"
"201678296","201678303","US","United States of America","Texas","Rockwall"
"201732496","201732511","US","United States of America","Illinois","Schaumburg"
"201749904","201749919","US","United States of America","Alabama","Irondale"
"201770856","201770863","US","United States of America","Arizona","Glendale"
"201795120","201795127","US","United States of America","Illinois","Crest Hill"
"201832936","201832943","US","United States of America","California","Culver City"
"201861472","201861479","US","United States of America","Missouri","Jackson"
"201879504","201879511","US","United States of America","Illinois","Elgin"
"201907208","201907215","US","United States of America","Georgia","Toccoa"
"201932496","201932503","US","United States of America","Texas","Grand Prairie"
"201953664","201953671","US","United States of America","Texas","Dallas"
"201986376","201986383","US","United States of America","North Carolina","Raleigh"
"202013904","202013951","US","United States of America","Texas","Dallas"
"202037504","202037759","US","United States of America","Arizona","Phoenix"
"202050464","202050471","US","United States of America","California","Fresno"
"202060264","202060271","US","United States of America","Texas","Benbrook"
"202079616","202079623","US","United States of America","Louisiana","Lake Charles"
"202097840","202097847","US","United States of America","Maryland","Frederick"
"202119400","202119407","US","United States of America","Texas","Dallas"
"202178800","202178807","US","United States of America","California","Corona"
"202206936","202206991","US","United States of America","Arkansas","Little Rock"
"202233504","202233511","US","United States of America","Texas","Austin"
"202258288","202258295","US","United States of America","Mississippi","Canton"
"202276752","202276759","US","United States of America","California","Westlake Village"
"202318208","202318215","US","United States of America","Florida","Miami"
"202353408","202353415","US","United States of America","New York","New York City"
"202380776","202380783","US","United States of America","Florida","Yulee"
"202398992","202398999","US","United States of America","Michigan","Waterford"
"202422232","202422239","US","United States of America","Virginia","Fredericksburg"
"202445680","202445695","US","United States of America","Texas","Dallas"
"202470360","202470367","US","United States of America","Michigan","Taylor"
"202505752","202505759","US","United States of America","New Jersey","Middletown"
"202530576","202530591","US","United States of America","Ohio","Columbus"
"202551360","202551367","US","United States of America","Washington","Seattle"
"202576816","202576823","US","United States of America","Texas","Dallas"
"202615384","202615391","US","United States of America","Missouri","Saint Louis"
"202637184","202637191","US","United States of America","Wisconsin","New Berlin"
"202662416","202662423","US","United States of America","California","San Francisco"
"202694552","202694559","US","United States of America","Missouri","Republic"
"202716384","202716399","US","United States of America","Texas","Katy"
"202746240","202746247","US","United States of America","Florida","Fort Myers"
"202772864","202772871","US","United States of America","California","San Diego"
"202804568","202804575","US","United States of America","North Carolina","Goldsboro"
"202826760","202826767","US","United States of America","Indiana","Newburgh"
"202843872","202843879","US","United States of America","Louisiana","Covington"
"202871392","202871399","US","United States of America","Georgia","Atlanta"
"202892736","202892743","US","United States of America","Texas","Dallas"
"202929832","202929839","US","United States of America","Indiana","Greenwood"
"202954744","202954751","US","United States of America","California","Cupertino"
"202992648","202992895","US","United States of America","Texas","Dallas"
"203016432","203016447","US","United States of America","Kentucky","Bowling Green"
"203039432","203039439","US","United States of America","Texas","Plano"
"203068536","203068543","US","United States of America","California","Santa Ana"
"203092768","203092775","US","United States of America","California","Corona"
"203133976","203133983","US","United States of America","California","Lomita"
"203174464","203174471","US","United States of America","Tennessee","Franklin"
"203222880","203222887","US","United States of America","North Carolina","Charlotte"
"203270496","203270503","US","United States of America","Texas","Dallas"
"203295920","203295923","US","United States of America","Texas","Midland"
"203326548","203326551","US","United States of America","Georgia","Savannah"
"203367704","203367711","US","United States of America","Georgia","Forest Park"
"203402624","203402655","US","United States of America","Massachusetts","Danvers"
"203440728","203440735","US","United States of America","Georgia","Atlanta"
"203469824","203469839","US","United States of America","Texas","Houston"
"203497772","203497775","US","United States of America","Texas","Sugar Land"
"203540496","203540511","US","United States of America","Illinois","Itasca"
"203568376","203568383","US","United States of America","Texas","Dallas"
"203605752","203605759","US","United States of America","Michigan","Ann Arbor"
"203641032","203641039","US","United States of America","California","Fresno"
"203675832","203675839","US","United States of America","Texas","Dallas"
"203709280","203709295","US","United States of America","Ohio","South Euclid"
"203753800","203753855","US","United States of America","Texas","Dallas"
"203798064","203798071","US","United States of America","Alabama","Vance"
"203840944","203840959","US","United States of America","Texas","Arlington"
"203876704","203876711","US","United States of America","Texas","Longview"
"203923552","203923591","US","United States of America","Texas","Dallas"
"203972352","203972607","US","United States of America","Virginia","Arlington"
"204011680","204011687","US","United States of America","Georgia","Greensboro"
"204040960","204041215","US","United States of America","New York","New York City"
"204089856","204089887","US","United States of America","Virginia","Arlington"
"204119912","204119919","US","United States of America","Ohio","Columbus"
"204145264","204145279","US","United States of America","District of Columbia","Washington"
"204187168","204187175","US","United States of America","Texas","Dallas"
"204222912","204222919","US","United States of America","Massachusetts","Auburndale"
"204250872","204250879","US","United States of America","Texas","Victoria"
"204276736","204276743","US","United States of America","Kentucky","Louisville"
"204322896","204322927","US","United States of America","Texas","Dallas"
"204350984","204350991","US","United States of America","Ohio","Broadview Heights"
"204407808","204407831","US","United States of America","Texas","Houston"
"204444992","204444999","US","United States of America","Illinois","Arlington Heights"
"204490744","204490751","US","United States of America","California","Auburn"
"204525384","204525391","US","United States of America","Illinois","Warrenville"
"204550480","204550495","US","United States of America","California","North Hollywood"
"204577616","204577623","US","United States of America","Washington","Vancouver"
"204611872","204611903","US","United States of America","Illinois","Naperville"
"204631704","204631711","US","United States of America","Texas","Houston"
"204647152","204647159","US","United States of America","South Carolina","Greenville"
"204684568","204684575","US","United States of America","Michigan","Kalamazoo"
"204717800","204717807","US","United States of America","Texas","Dallas"
"204742512","204742519","US","United States of America","Tennessee","Knoxville"
"204776336","204776343","US","United States of America","New Jersey","Phillipsburg"
"204807088","204807095","US","United States of America","Michigan","Marquette"
"204847816","204847823","US","United States of America","Oklahoma","Claremore"
"204897856","204897919","US","United States of America","Texas","Dallas"
"204991744","204991999","US","United States of America","Virginia","Arlington"
"205050536","205050623","US","United States of America","New Jersey","Middletown"
"205111552","205111735","US","United States of America","Virginia","Arlington"
"205785048","205785055","US","United States of America","California","Burlingame"
"205834016","205834023","US","United States of America","Pennsylvania","Tobyhanna"
"205862616","205862655","US","United States of America","Texas","Dallas"
"205895608","205895615","US","United States of America","Ohio","Dayton"
"205940736","205940751","US","United States of America","New York","New York City"
"205974608","205974615","US","United States of America","Tennessee","Sevierville"
"206007584","206007591","US","United States of America","Texas","Dallas"
"206056704","206056959","US","United States of America","New York","New York City"
"206375168","206375679","US","United States of America","California","El Segundo"
"206494888","206494899","US","United States of America","New Jersey","Piscataway"
"206771968","206772223","US","United States of America","Florida","Jacksonville"
"207118080","207118591","US","United States of America","Virginia","Arlington"
"207439360","207439615","US","United States of America","Virginia","Arlington"
"207635768","207635775","US","United States of America","Kansas","Overland Park"
"207670256","207670271","US","United States of America","California","San Francisco"
"207699936","207699943","US","United States of America","Florida","Sarasota"
"207718456","207718463","US","United States of America","Alabama","Anniston"
"207740056","207740063","US","United States of America","South Carolina","Columbia"
"208163144","208163151","US","United States of America","North Carolina","Forest City"
"208203896","208203903","US","United States of America","Texas","Pollok"
"208230912","208230919","US","United States of America","California","Sacramento"
"208269056","208269311","US","United States of America","New York","New York City"
"208313520","208313527","US","United States of America","Texas","Round Rock"
"208346640","208346647","US","United States of America","Texas","Dallas"
"208376432","208376439","US","United States of America","Alabama","Bessemer"
"208400504","208400511","US","United States of America","Tennessee","Hendersonville"
"208435104","208435119","US","United States of America","Pennsylvania","Lancaster"
"208456854","208456854","US","United States of America","Texas","Houston"
"208476880","208477007","US","United States of America","Virginia","Arlington"
"208508864","208508895","US","United States of America","Virginia","Woodbridge"
"208551424","208551679","US","United States of America","Texas","Dallas"
"208592640","208592895","US","United States of America","Alabama","Mobile"
"208627280","208627319","US","United States of America","Texas","Dallas"
"208753664","208753919","US","United States of America","New York","New York City"
"209138944","209139199","US","United States of America","Missouri","Perryville"
"209323099","209323101","US","United States of America","Illinois","Naperville"
"209340178","209340178","US","United States of America","California","San Jose"
"209347505","209347505","US","United States of America","Indiana","Indianapolis"
"209354499","209354503","US","United States of America","Alabama","Birmingham"
"209372039","209372085","US","United States of America","New York","New York City"
"209389057","209389057","US","United States of America","Illinois","Chicago"
"209413838","209413838","US","United States of America","Arkansas","Little Rock"
"209426539","209426541","US","United States of America","New York","New York City"
"209446050","209446050","US","United States of America","District of Columbia","Washington"
"209648914","209649151","US","United States of America","Illinois","Naperville"
"209652837","209652837","US","United States of America","Missouri","Saint Louis"
"209811136","209811199","US","United States of America","Texas","Richardson"
"209869568","209869695","US","United States of America","North Carolina","Charlotte"
"209930368","209930375","US","United States of America","Florida","Kissimmee"
"209959800","209959807","US","United States of America","Kentucky","Madisonville"
"209996032","209996231","US","United States of America","Virginia","Arlington"
"210021200","210021207","US","United States of America","Florida","Greenacres City"
"210047792","210047799","US","United States of America","Kansas","Topeka"
"210070016","210070071","US","United States of America","New York","New York City"
"210104576","210104583","US","United States of America","California","Buena Park"
"210376456","210376463","US","United States of America","Arkansas","Little Rock"
"210387000","210387007","US","United States of America","Indiana","Gary"
"210397152","210397159","US","United States of America","Texas","Corpus Christi"
"210407760","210407767","US","United States of America","Vermont","Hancock"
"210418216","210418223","US","United States of America","California","Fresno"
"210429852","210429855","US","United States of America","Louisiana","Lake Charles"
"210451936","210451967","US","United States of America","New Jersey","Middletown"
"210489824","210489831","US","United States of America","Florida","Doral"
"210782088","210782095","US","United States of America","California","Paradise"
"210806016","210806023","US","United States of America","Texas","Arlington"
"210853888","210854015","US","United States of America","California","Los Angeles"
"210891224","210891231","US","United States of America","Maryland","Linthicum"
"210929408","210929439","US","United States of America","Virginia","Arlington"
"210975736","210975743","US","United States of America","Illinois","Forsyth"
"211007192","211007199","US","United States of America","New Jersey","Middletown"
"211051816","211051823","US","United States of America","North Carolina","Hendersonville"
"211084544","211084551","US","United States of America","Virginia","Chantilly"
"211133640","211133647","US","United States of America","California","Bakersfield"
"211156552","211156559","US","United States of America","Georgia","Camak"
"211192512","211192519","US","United States of America","California","Bakersfield"
"211237472","211237479","US","United States of America","Colorado","Lakewood"
"211265560","211265567","US","United States of America","Wisconsin","Fitchburg"
"211306296","211306303","US","United States of America","Alabama","Wetumpka"
"211344352","211344367","US","United States of America","Massachusetts","Cambridge"
"211378280","211378287","US","United States of America","Florida","Pompano Beach"
"211420584","211420607","US","United States of America","Texas","Dallas"
"211456080","211456095","US","United States of America","Connecticut","Hartford"
"211507712","211508239","US","United States of America","Virginia","Arlington"
"211555600","211555615","US","United States of America","Missouri","Campbell"
"211577744","211577751","US","United States of America","California","Sacramento"
"211608640","211608643","US","United States of America","California","Felton"
"211640968","211640975","US","United States of America","Ohio","Reynoldsburg"
"211667969","211667969","US","United States of America","Missouri","Saint Ann"
"211699744","211699775","US","United States of America","California","Valencia"
"211731712","211732015","US","United States of America","Minnesota","Minneapolis"
"211775792","211775815","US","United States of America","New Jersey","Middletown"
"211831656","211831663","US","United States of America","South Carolina","Saint Matthews"
"211865176","211865183","US","United States of America","Alabama","Jackson"
"211911528","211911535","US","United States of America","California","Merced"
"211950088","211950095","US","United States of America","Wisconsin","Cedarburg"
"211980192","211980199","US","United States of America","New York","Manhattan"
"211999912","211999919","US","United States of America","California","El Segundo"
"212032592","212032599","US","United States of America","Texas","Celina"
"212052672","212052687","US","United States of America","Texas","Houston"
"212080768","212080895","US","United States of America","California","Los Angeles"
"212114336","212114343","US","United States of America","Delaware","Seaford"
"212144016","212144023","US","United States of America","Texas","Dallas"
"212178008","212178015","US","United States of America","Texas","Dallas"
"212225824","212225831","US","United States of America","Alabama","Northport"
"212276792","212276799","US","United States of America","Tennessee","Knoxville"
"212322616","212322623","US","United States of America","Texas","Amarillo"
"212357736","212357743","US","United States of America","Ohio","Jackson"
"212401924","212401927","US","United States of America","Georgia","Atlanta"
"212428128","212428143","US","United States of America","California","San Jose"
"212474928","212474943","US","United States of America","California","Foster City"
"212522296","212522375","US","United States of America","Texas","Dallas"
"212559344","212559351","US","United States of America","Kansas","Olathe"
"212627712","212627967","US","United States of America","Georgia","Atlanta"
"212678976","212679087","US","United States of America","Texas","Dallas"
"212715488","212715503","US","United States of America","Kentucky","Louisville"
"212755240","212755255","US","United States of America","Kentucky","Louisville"
"212774000","212774007","US","United States of America","Mississippi","Tupelo"
"212810648","212810655","US","United States of America","Texas","Houston"
"212850304","212850311","US","United States of America","Texas","Corpus Christi"
"212898320","212898327","US","United States of America","California","Sacramento"
"212931056","212931063","US","United States of America","Missouri","Saint Louis"
"212980748","212980751","US","United States of America","Ohio","Worthington"
"213034184","213034191","US","United States of America","Vermont","Essex Junction"
"213065376","213065383","US","United States of America","Louisiana","Slidell"
"213085056","213085063","US","United States of America","North Carolina","Winston-Salem"
"213140208","213140215","US","United States of America","Illinois","Alsip"
"213180016","213180031","US","United States of America","New Jersey","Middletown"
"213221432","213221439","US","United States of America","Illinois","Chicago Ridge"
"213274624","213274719","US","United States of America","Texas","Dallas"
"213307744","213307751","US","United States of America","South Carolina","North Charleston"
"213367760","213367767","US","United States of America","California","San Francisco"
"213399072","213399079","US","United States of America","California","Union City"
"213432088","213432095","US","United States of America","New Jersey","Piscataway"
"213467512","213467519","US","United States of America","Texas","Dallas"
"213497184","213497191","US","United States of America","Michigan","Detroit"
"213521672","213521679","US","United States of America","Mississippi","Meridian"
"213551128","213551135","US","United States of America","Texas","Dallas"
"213591496","213591503","US","United States of America","New Jersey","Piscataway"
"213633424","213633503","US","United States of America","Texas","Dallas"
"213652752","213652759","US","United States of America","Georgia","Fayetteville"
"213683312","213683319","US","United States of America","Texas","Spring"
"213705896","213705903","US","United States of America","Indiana","Hammond"
"213738376","213738383","US","United States of America","Mississippi","Hernando"
"213770832","213770839","US","United States of America","Texas","Dallas"
"213797160","213797167","US","United States of America","Texas","Hondo"
"213831792","213831799","US","United States of America","Texas","Nacogdoches"
"213851168","213851199","US","United States of America","Texas","Dallas"
"213876568","213876575","US","United States of America","California","King City"
"213905448","213905455","US","United States of America","Indiana","Lafayette"
"213950976","213950983","US","United States of America","Texas","Dallas"
"213996592","213996595","US","United States of America","Louisiana","Natalbany"
"214027192","214027199","US","United States of America","Connecticut","Groton"
"214125160","214125175","US","United States of America","Texas","Dallas"
"214153248","214153255","US","United States of America","New Jersey","Middletown"
"214210152","214210159","US","United States of America","Florida","Orlando"
"214266940","214266940","US","United States of America","Florida","Summerland Key"
"214297472","214297551","US","United States of America","New Jersey","Middletown"
"214319688","214319695","US","United States of America","Michigan","Durand"
"214351616","214351871","US","United States of America","Georgia","Atlanta"
"214396928","214396935","US","United States of America","New York","Newburgh"
"214435896","214435903","US","United States of America","California","National City"
"214460672","214460759","US","United States of America","Virginia","Arlington"
"214488192","214488199","US","United States of America","Missouri","Independence"
"214523368","214523375","US","United States of America","Tennessee","Hendersonville"
"214557152","214557183","US","United States of America","Texas","Dallas"
"214585184","214585191","US","United States of America","New Jersey","Middletown"
"214615504","214615511","US","United States of America","Idaho","Nampa"
"214639544","214639551","US","United States of America","California","Martinez"
"214661456","214661463","US","United States of America","New Jersey","Middletown"
"214690184","214690191","US","United States of America","California","Lincoln"
"214727464","214727471","US","United States of America","Illinois","Burr Ridge"
"214766064","214766071","US","United States of America","Texas","San Antonio"
"214806848","214806879","US","United States of America","New Jersey","Middletown"
"214838512","214838519","US","United States of America","California","Escondido"
"214859880","214859887","US","United States of America","Tennessee","Elizabethton"
"214887184","214887191","US","United States of America","Mississippi","Summit"
"214921968","214921975","US","United States of America","Illinois","Elmhurst"
"214962696","214962703","US","United States of America","Georgia","Atlanta"
"214981520","214981527","US","United States of America","Missouri","Clayton"
"214999112","214999151","US","United States of America","New Jersey","Middletown"
"215026088","215026095","US","United States of America","Missouri","Creve Coeur"
"215035864","215035871","US","United States of America","Oklahoma","Oklahoma City"
"215047544","215047551","US","United States of America","California","Los Angeles"
"215056696","215056703","US","United States of America","Mississippi","Biloxi"
"215075328","215075335","US","United States of America","Indiana","Merrillville"
"215122720","215122727","US","United States of America","Ohio","Columbus"
"215170120","215170207","US","United States of America","Texas","Dallas"
"215217048","215217055","US","United States of America","California","Mill Valley"
"215260080","215260087","US","United States of America","Georgia","Wadley"
"215420416","215420447","US","United States of America","Arkansas","El Dorado"
"215450344","215450351","US","United States of America","Texas","San Antonio"
"215463056","215463063","US","United States of America","Texas","Dallas"
"215475400","215475407","US","United States of America","California","Anaheim"
"215501456","215501463","US","United States of America","New Jersey","Middletown"
"215527120","215527127","US","United States of America","Texas","McKinney"
"215553296","215553303","US","United States of America","Texas","Coppell"
"215610808","215610815","US","United States of America","Illinois","Rolling Meadows"
"215680784","215680791","US","United States of America","Georgia","Dahlonega"
"215705408","215705415","US","United States of America","California","San Mateo"
"215733000","215733007","US","United States of America","Kansas","Overland Park"
"215762488","215762495","US","United States of America","Florida","Hollywood"
"215784728","215784735","US","United States of America","California","Portola Valley"
"215804600","215804607","US","United States of America","Florida","Fort Myers"
"215827496","215827503","US","United States of America","Texas","Dallas"
"215845968","215845975","US","United States of America","Pennsylvania","Milton"
"215863328","215863335","US","United States of America","North Carolina","Mocksville"
"215884352","215884359","US","United States of America","Missouri","Maplewood"
"215905840","215905847","US","United States of America","Tennessee","Franklin"
"215928736","215928751","US","United States of America","Texas","Dallas"
"216147416","216147423","US","United States of America","Florida","Plantation"
"216174984","216174999","US","United States of America","New Jersey","Middletown"
"216204432","216204447","US","United States of America","Texas","Goliad"
"216232360","216232375","US","United States of America","Missouri","Saint Louis"
"216256512","216256527","US","United States of America","South Carolina","Greenville"
"216281744","216281751","US","United States of America","Texas","Dallas"
"216325008","216325023","US","United States of America","Texas","Dallas"
"216348728","216348751","US","United States of America","California","Rocklin"
"216388792","216388799","US","United States of America","California","Carmel"
"216406616","216406623","US","United States of America","Ohio","Westlake"
"216435832","216435839","US","United States of America","Florida","Pensacola"
"216463352","216463359","US","United States of America","Virginia","Hampton"
"216491712","216491727","US","United States of America","New York","Canandaigua"
"216518416","216518527","US","United States of America","Texas","Dallas"
"216551264","216551271","US","United States of America","Wyoming","Casper"
"216576072","216576079","US","United States of America","Florida","Doral"
"216606920","216606927","US","United States of America","New Jersey","Middletown"
"216630760","216630767","US","United States of America","Texas","Dallas"
"216663056","216663071","US","United States of America","Alabama","Birmingham"
"216694360","216694367","US","United States of America","Tennessee","Franklin"
"216718360","216718479","US","United States of America","Texas","Dallas"
"216764752","216764759","US","United States of America","Florida","Miami"
"216787849","216787851","US","United States of America","Texas","Dallas"
"216829464","216829471","US","United States of America","Connecticut","North Haven"
"216862952","216862959","US","United States of America","Texas","Corsicana"
"216889272","216889287","US","United States of America","Texas","Dallas"
"216930352","216930367","US","United States of America","Colorado","Carbondale"
"216959408","216959415","US","United States of America","Texas","Dallas"
"216982872","216982879","US","United States of America","Tennessee","Portland"
"217013912","217013919","US","United States of America","Arkansas","North Little Rock"
"217043264","217043295","US","United States of America","Texas","Midland"
"217391360","217391615","US","United States of America","New York","New York City"
"217692416","217692671","US","United States of America","Texas","Dallas"
"218085824","218085887","US","United States of America","Ohio","Cleveland"
"220369472","220369535","SA","Saudi Arabia","Ar Riyad","Riyadh"
"224987648","224988159","NL","Netherlands (Kingdom of the)","Noord-Holland","Amsterdam"
"225111949","225111949","NL","Netherlands (Kingdom of the)","Noord-Holland","Amsterdam"
"234891520","234891775","JP","Japan","Osaka","Osaka"
"235750912","235751167","JP","Japan","Tottori","Tottori"
"237737472","237737727","KR","Korea (the Republic of)","Gyeongsangnam-do","Gimhae"
"241264640","241265151","IN","India","Haryana","Gurgaon"
"244003184","244003199","IN","India","Uttar Pradesh","Gorakhpur"
"244046544","244046559","IN","India","Assam","Kokrajhar"
"244864000","244864255","CN","China","Guangdong","Huizhou"
"245748992","245749247","VN","Viet Nam","Ha Noi","Hanoi"
"246147328","246147583","VN","Viet Nam","Lang Son","Van Linh"
"246549760","246550527","VN","Viet Nam","Ha Nam","Phu Ly"
"246896384","246896639","VN","Viet Nam","Binh Thuan","Phan Thiet"
"247333888","247334399","VN","Viet Nam","Ha Tinh","Ha Tinh"
"247991436","247991443","AU","Australia","New South Wales","Ryde"
"248015116","248015123","AU","Australia","New South Wales","Ryde"
"248032824","248032831","AU","Australia","New South Wales","Ryde"
"248064884","248064895","AU","Australia","Tasmania","Glebe"
"248102400","248102655","AU","Australia","Victoria","Melbourne"
"248139776","248139779","AU","Australia","Queensland","Brisbane"
"248172924","248172927","AU","Australia","New South Wales","Hurstville"
"248208688","248208767","AU","Australia","Queensland","Brisbane"
"248245320","248245323","AU","Australia","Western Australia","Perth"
"249716224","249716479","VN","Viet Nam","Yen Bai","Yen Bai"
"250166272","250166783","VN","Viet Nam","Ha Noi","Hanoi"
"250582016","250582271","VN","Viet Nam","Ha Noi","Hanoi"
"250977536","250978303","VN","Viet Nam","Dak Lak","Buon Ma Thuot"
"251584768","251585023","VN","Viet Nam","Ha Noi","Hanoi"
"266786830","266787071","US","United States of America","Washington","Seattle"
"279445504","279707647","SE","Sweden","Stockholms lan","Stockholm"
"285324930","285324930","SG","Singapore","Singapore","Singapore"
"290097152","290099199","GB","United Kingdom of Great Britain and Northern Ireland","England","Liverpool"
"293800337","293800339","SG","Singapore","Singapore","Singapore"
"318047744","318048511","US","United States of America","Washington","Seattle"
"339478528","339478783","ZA","South Africa","Western Cape","Cape Town"
"345833984","345834239","NO","Norway","Oslo","Oslo"
"385968640","385968895","US","United States of America","Massachusetts","Cambridge"
"387178752","387179007","US","United States of America","New York","New York City"
"387459736","387459743","US","United States of America","Pennsylvania","Philadelphia"
"387471112","387471119","US","United States of America","New Jersey","Carlstadt"
"387482576","387482583","US","United States of America","Colorado","Peyton"
"387494200","387494207","US","United States of America","Florida","Miami"
"387505944","387505951","US","United States of America","California","Fremont"
"387519144","387519151","US","United States of America","Illinois","Naperville"
"387532224","387532231","US","United States of America","West Virginia","Morgantown"
"387545568","387545575","US","United States of America","Virginia","Mechanicsville"
"387558448","387558455","US","United States of America","Texas","Dallas"
"387570824","387570831","US","United States of America","New Hampshire","Newmarket"
"387609662","387609678","NL","Netherlands (Kingdom of the)","Noord-Holland","Amsterdam"
"387842208","387842231","US","United States of America","Maryland","Baltimore"
"387853488","387853495","US","United States of America","California","Saint Helena"
"387868592","387868599","US","United States of America","New Jersey","Somerset"
"387878912","387878919","US","United States of America","Massachusetts","Boston"
"387889304","387889311","US","United States of America","Massachusetts","North Attleborough"
"387901424","387901439","US","United States of America","Minnesota","Saint Paul"
"387912016","387912023","US","United States of America","Florida","Stuart"
"387922888","387922895","US","United States of America","Florida","West Palm Beach"
"387934704","387934711","US","United States of America","Virginia","Virginia Beach"
"387951224","387951239","US","United States of America","Texas","Dallas"
"387964032","387964039","US","United States of America","District of Columbia","Washington"
"387989141","387989141","US","United States of America","Texas","Houston"
"388524224","388524228","US","United States of America","Massachusetts","Cambridge"
"389351936","389352191","US","United States of America","Georgia","Marietta"
"390066433","390066433","US","United States of America","New Jersey","Piscataway"
"390466102","390466104","US","United States of America","Illinois","Naperville"
"390468749","390468749","US","United States of America","Massachusetts","West Roxbury"
"390471854","390471856","US","United States of America","Colorado","Greenwood Village"
"390476077","390476077","US","United States of America","Illinois","Morton Grove"
"390529153","390529153","US","United States of America","California","Napa"
"390531978","390531980","US","United States of America","Georgia","Atlanta"
"390534930","390534932","US","United States of America","Oregon","Portland"
"390538101","390538101","US","United States of America","Texas","Wallisville"
"390542482","390542484","US","United States of America","Illinois","Naperville"
"390545290","390545292","US","United States of America","Illinois","Naperville"
"390564629","390564629","US","United States of America","Maryland","Woodlawn"
"390579478","390579488","US","United States of America","Washington","Seattle"
"390586005","390586005","US","United States of America","Illinois","Mendota"
"390590146","390590148","US","United States of America","Indiana","Indianapolis"
"391252092","391252093","US","United States of America","District of Columbia","Washington"
"391905690","391905691","US","United States of America","Texas","Dallas"
"392040704","392040735","US","United States of America","New York","Buffalo"
"392094432","392094443","US","United States of America","New York","Buffalo"
"392149184","392149215","US","United States of America","California","Rancho Cucamonga"
"392970240","392970495","US","United States of America","Virginia","Manassas"
"393900544","393901055","US","United States of America","Arkansas","Rogers"
"394514688","394516479","-","-","-","-"
"394914816","394915071","US","United States of America","New York","New York City"
"395443200","395443455","US","United States of America","New York","Bloomfield"
"395970560","395970815","US","United States of America","California","Fremont"
"396541952","396542207","US","United States of America","Texas","Dallas"
"397553920","397555711","-","-","-","-"
"398553171","398553171","US","United States of America","Ohio","Cleveland"
"399219746","399219747","US","United States of America","New York","New York City"
"399733369","399733376","US","United States of America","Massachusetts","Cambridge"
"400252928","400259071","ID","Indonesia","Jakarta Raya","Jakarta"
"400976016","400976031","MV","Maldives","Male","Male"
"401981184","401981439","US","United States of America","Massachusetts","Quincy"
"402024376","402024383","US","United States of America","New York","New York City"
"402243584","402247679","CA","Canada","Ontario","Toronto"
"402382072","402382075","US","United States of America","California","San Gabriel"
"402428937","402428937","US","United States of America","Iowa","Greene"
"402430161","402430162","US","United States of America","Iowa","Nora Springs"
"402431364","402431364","US","United States of America","Iowa","Floyd"
"402502076","402502103","US","United States of America","Texas","San Antonio"
"402744832","402745087","US","United States of America","Illinois","Chicago"
"403126528","403126783","US","United States of America","California","Cupertino"
"403480576","403480831","US","United States of America","Illinois","Chicago"
"403915008","403916287","US","United States of America","Washington","Seattle"
"404326400","404326655","US","United States of America","New York","West Edmeston"
"404679376","404679379","US","United States of America","New York","Brooklyn"
"404806656","404806911","US","United States of America","Idaho","Smelterville"
"405146368","405146453","US","United States of America","New York","Bethpage"
"405168888","405168895","US","United States of America","New York","Brooklyn"
"405216052","405216055","US","United States of America","Massachusetts","Pittsfield"
"405223808","405223815","US","United States of America","California","El Segundo"
"405232460","405232463","US","United States of America","New York","Cortland"
"405241184","405241187","US","United States of America","New York","Queens"
"405251144","405251159","US","United States of America","New York","New York City"
"405258848","405258855","US","United States of America","New York","Queensbury"
"405266112","405266115","US","United States of America","New York","New York City"
"405273440","405273447","US","United States of America","New York","Lancaster"
"405342223","405342223","US","United States of America","North Carolina","Raleigh"
"405346212","405346215","US","United States of America","Florida","Winter Park"
"405351364","405351367","US","United States of America","Pennsylvania","Johnstown"
"405356506","405356507","US","United States of America","California","San Jose"
"405455760","405455763","US","United States of America","Georgia","West Point"
"405477456","405477463","US","United States of America","California","Whittier"
"405484552","405484559","US","United States of America","California","El Segundo"
"405493024","405493035","US","United States of America","California","El Segundo"
"405501196","405501199","US","United States of America","California","Garden Grove"
"405508584","405508587","US","United States of America","California","Los Angeles"
"405521948","405521951","US","United States of America","Hawaii","Kailua-Kona"
"405536128","405536143","US","United States of America","California","El Segundo"
"405949696","405949951","CA","Canada","Quebec","Normandin"
"406339860","406339863","US","United States of America","Virginia","Vienna"
"406346896","406346903","US","United States of America","Ohio","Groveport"
"406509874","406509876","US","United States of America","New York","Sardinia"
"406845952","406846207","US","United States of America","New York","New York City"
"407062381","407062381","CA","Canada","British Columbia","Nelson"
"407200641","407200659","CA","Canada","British Columbia","Nanaimo"
"407302491","407302491","CA","Canada","British Columbia","Kootenay Bay"
"407328190","407328192","CA","Canada","British Columbia","Nelson"
"407459268","407459271","US","United States of America","Florida","Clearwater"
"407471372","407471375","US","United States of America","Florida","Orlando"
"407482256","407482259","US","United States of America","Florida","Bradenton"
"407494004","407494007","US","United States of America","Florida","Tampa"
"407551744","407551999","US","United States of America","North Carolina","Concord"
"407610161","407610161","US","United States of America","Georgia","Blue Ridge"
"407611755","407611755","US","United States of America","Georgia","McCaysville"
"407618816","407619071","US","United States of America","Colorado","Fort Carson"
"407747515","407747516","CA","Canada","Saskatchewan","Saskatoon"
"408094720","408095999","CA","Canada","Ontario","Brampton"
"408406494","408406496","CA","Canada","British Columbia","Vancouver"
"408521008","408521015","US","United States of America","New Jersey","Teaneck"
"408529664","408529671","US","United States of America","Connecticut","Southport"
"408699440","408699447","US","United States of America","California","Sacramento"
"408847360","408847615","US","United States of America","California","El Segundo"
"408969641","408969641","US","United States of America","Florida","Saint Petersburg"
"408994826","408994831","US","United States of America","Georgia","Evans"
"409012068","409012071","US","United States of America","New York","New York City"
"409019936","409019943","US","United States of America","New York","Buffalo"
"409027372","409027375","US","United States of America","New Hampshire","Plymouth"
"409035220","409035223","US","United States of America","Massachusetts","Pittsfield"
"409042868","409042887","US","United States of America","New York","Poughkeepsie"
"409050272","409050275","US","United States of America","New York","Buffalo"
"409057828","409057831","US","United States of America","New York","Buffalo"
"409066616","409066623","US","United States of America","New York","Rochester"
"409075396","409075399","US","United States of America","New York","Syracuse"
"409407224","409407227","US","United States of America","New York","Manhattan"
"409418748","409418751","US","United States of America","New Jersey","Newark"
"409429120","409429127","US","United States of America","New York","Wurtsboro"
"409438440","409438455","US","United States of America","New York","Buffalo"
"409445864","409445867","US","United States of America","New York","New York City"
"409453880","409453887","US","United States of America","New York","Clifton Park"
"409462260","409462263","US","United States of America","New York","New York City"
"409485449","409485449","US","United States of America","New Hampshire","Londonderry"
"409502738","409502740","US","United States of America","California","Cupertino"
"409575560","409575563","US","United States of America","New York","Lancaster"
"409583376","409583391","US","United States of America","New Jersey","Newark"
"409608048","409608055","US","United States of America","Illinois","Chicago"
"409614448","409614455","US","United States of America","Illinois","Naperville"
"409622572","409622575","US","United States of America","Ohio","Mentor"
"409630400","409630403","US","United States of America","Illinois","Naperville"
"409639836","409639839","US","United States of America","Illinois","Naperville"
"409647104","409647111","GB","United Kingdom of Great Britain and Northern Ireland","England","London"
"409653304","409653311","US","United States of America","North Carolina","Lake Waccamaw"
"409661480","409661483","US","United States of America","Illinois","Naperville"
"409861641","409861641","CA","Canada","Alberta","Calgary"
"410185344","410185351","CA","Canada","Ontario","Brampton"
"410492416","410492671","US","United States of America","Texas","Sherman"
"410717668","410717671","US","United States of America","Ohio","Hamilton"
"410727500","410727503","US","United States of America","Virginia","Vienna"
"410734428","410734431","US","United States of America","Ohio","Newark"
"410740968","410740975","US","United States of America","Texas","Houston"
"410750368","410750371","US","United States of America","Ohio","Fairborn"
"410757008","410757011","US","United States of America","Ohio","Trotwood"
"410763476","410763479","US","United States of America","Ohio","Lewisburg"
"410773424","410773427","US","United States of America","Kentucky","Louisville"
"410783584","410783587","US","United States of America","South Dakota","Sioux Falls"
"410818767","410818768","US","United States of America","District of Columbia","Washington"
"410822895","410822896","US","United States of America","Tennessee","Knoxville"
"410831173","410831174","US","United States of America","Connecticut","Bristol"
"410833586","410833592","US","United States of America","Massachusetts","Cambridge"
"410838341","410838341","US","United States of America","New Jersey","Eatontown"
"410844239","410844240","US","United States of America","New York","New York City"
"411140656","411140663","US","United States of America","Florida","Wimauma"
"411154932","411154935","US","United States of America","Florida","Safety Harbor"
"411480320","411480575","DE","Germany","Bayern","Munich"
"411644796","411644799","CA","Canada","Ontario","Newmarket"
"411746304","411747071","PR","Puerto Rico","Caguas","Caguas"
"411995792","411995807","US","United States of America","Ohio","Solon"
"412004824","412004831","US","United States of America","Virginia","Vienna"
"412014744","412014751","US","United States of America","North Carolina","Apex"
"412022464","412022467","US","United States of America","Georgia","Atlanta"
"412326912","412327167","US","United States of America","Massachusetts","Boston"
"412682051","412682052","CA","Canada","Ontario","Toronto"
"412702962","412702964","US","United States of America","Illinois","Naperville"
"412717388","412717391","US","United States of America","Texas","Live Oak"
"412723836","412723839","US","United States of America","Texas","Houston"
"412731544","412731551","US","United States of America","Texas","Austin"
"412739916","412739919","US","United States of America","Texas","Houston"
"412901632","412901887","US","United States of America","Arizona","Payson"
"413010500","413010555","US","United States of America","Wisconsin","Sun Prairie"
"413067584","413067591","US","United States of America","Alabama","Montevallo"
"413116000","413116023","US","United States of America","Maryland","Frederick"
"413133676","413133683","US","United States of America","Maryland","Frederick"
"413745184","413745191","US","United States of America","New York","Chatham"
"413753664","413753671","US","United States of America","New York","Buffalo"
"413901336","413901343","US","United States of America","New York","New York City"
"413909504","413909759","PR","Puerto Rico","Arecibo","Arecibo"
"413931792","413931795","US","United States of America","North Carolina","Fayetteville"
"413938560","413938563","US","United States of America","South Carolina","Columbia"
"413945468","413945471","US","United States of America","North Carolina","Greensboro"
"413951944","413951947","US","United States of America","North Carolina","Charlotte"
"413958740","413958743","US","United States of America","Kentucky","Louisville"
"413965324","413965327","US","United States of America","Kentucky","Somerset"
"413979356","413979359","US","United States of America","Pennsylvania","Erie"
"413986176","413986179","US","United States of America","North Carolina","Raleigh"
"413995164","413995167","US","United States of America","Texas","Round Rock"
"414003732","414003735","US","United States of America","Texas","Grand Prairie"
"414010860","414010863","US","United States of America","Texas","Round Rock"
"414018832","414018835","US","United States of America","Georgia","Atlanta"
"414031872","414031875","US","United States of America","Florida","Satellite Beach"
"414039656","414039663","US","United States of America","California","El Segundo"
"414046648","414046655","US","United States of America","Texas","Houston"
"414056272","414056279","US","United States of America","Texas","San Antonio"
"414205824","414205951","US","United States of America","South Carolina","Greenville"
"414240632","414240635","US","United States of America","California","Long Beach"
"414259140","414259143","US","United States of America","South Carolina","Spartanburg"
"414335872","414335935","US","United States of America","Georgia","Columbus"
"414348164","414348171","US","United States of America","Georgia","Dublin"
"414371452","414371455","US","United States of America","Texas","North Richland Hills"
"414442736","414442743","US","United States of America","Wisconsin","Madison"
"414469708","414469711","US","United States of America","Michigan","Plainwell"
"414513856","414513863","US","United States of America","Michigan","Mount Pleasant"
"414545184","414545255","US","United States of America","Maryland","Frederick"
"414577400","414577407","US","United States of America","South Carolina","Greenville"
"414612400","414612407","US","United States of America","Illinois","Naperville"
"414621476","414621479","US","United States of America","Missouri","Dardenne Prairie"
"414639196","414639199","US","United States of America","Illinois","Roxana"
"414646248","414646255","US","United States of America","Missouri","Dardenne Prairie"
"414960000","414960007","US","United States of America","New York","Shirley"
"414968488","414968511","US","United States of America","New York","Bronx"
"415136256","415136511","US","United States of America","New York","New Rochelle"
"415510904","415510911","US","United States of America","Minnesota","Marshall"
"415520320","415520335","US","United States of America","Maryland","Frederick"
"415528684","415528703","US","United States of America","Wisconsin","Green Bay"
"415564520","415564527","US","United States of America","Alabama","Montevallo"
"415572716","415572719","US","United States of America","Alabama","Decatur"
"415580568","415580575","US","United States of America","Maryland","Frederick"
"415592416","415592431","US","United States of America","Georgia","Atlanta"
"415697152","415697155","US","United States of America","California","City Of Industry"
"415703444","415703451","US","United States of America","California","El Segundo"
"415710824","415710827","US","United States of America","California","Los Angeles"
"415733552","415733555","US","United States of America","North Carolina","Salisbury"
"415740084","415740087","US","United States of America","North Carolina","Durham"
"415747672","415747679","US","United States of America","North Carolina","Greensboro"
"415754484","415754487","US","United States of America","North Carolina","Jacksonville"
"415796480","415798015","CA","Canada","Quebec","Montreal"
"416146816","416146819","US","United States of America","California","Escalon"
"416164256","416164263","US","United States of America","North Carolina","Charlotte"
"416611072","416611327","CA","Canada","Ontario","Chatham"
"416621660","416621663","US","United States of America","Michigan","Iron Mountain"
"416649560","416649567","US","United States of America","New York","Albany"
"416660328","416660331","US","United States of America","New York","Fayetteville"
"416668344","416668351","US","United States of America","New York","New York City"
"416677240","416677247","US","United States of America","New York","New York City"
"416734208","416734223","US","United States of America","Alabama","Madison"
"416815952","416815955","US","United States of America","South Carolina","Greenville"
"416841880","416841887","US","United States of America","Georgia","Atlanta"
"416871672","416871679","US","United States of America","Washington","Seattle"
"417224704","417224959","CA","Canada","Newfoundland and Labrador","Carbonear"
"417540608","417540611","US","United States of America","Florida","Tampa"
"417553560","417553567","US","United States of America","Florida","Orlando"
"417564836","417564839","US","United States of America","Texas","Live Oak"
"417572220","417572223","US","United States of America","Texas","San Antonio"
"417579860","417579863","US","United States of America","Texas","Houston"
"417591768","417591771","US","United States of America","Illinois","Naperville"
"417668576","417668583","US","United States of America","Pennsylvania","Allentown"
"417756208","417756215","US","United States of America","Minnesota","Wyoming"
"417846060","417846063","US","United States of America","Michigan","Oxford"
"417969096","417969097","US","United States of America","Florida","Fort Myers"
"418130432","418130943","US","United States of America","North Dakota","Grand Forks"
"418180608","418180863","US","United States of America","Michigan","Traverse City"
"418321743","418321743","US","United States of America","Georgia","Morganton"
"418421256","418421279","US","United States of America","Georgia","Atlanta"
"418430064","418430067","US","United States of America","Missouri","Saint Louis"
"418444968","418444971","US","United States of America","Texas","Fort Worth"
"418483640","418483655","US","United States of America","Maryland","Frederick"
"418554560","418554567","US","United States of America","Texas","Houston"
"418646148","418646148","CA","Canada","Saskatchewan","Saskatoon"
"418807696","418807703","US","United States of America","New York","Bethpage"
"418895872","418896895","US","United States of America","Michigan","Mancelona"
"453434880","453435391","IN","India","Delhi","New Delhi"
"455108036","455108039","AU","Australia","Tasmania","Glebe"
"455148088","455148095","AU","Australia","New South Wales","Sydney"
"455173124","455173127","AU","Australia","Victoria","Richmond"
"455206060","455206131","AU","Australia","New South Wales","Ryde"
"456665088","456665599","IN","India","Mizoram","Aizawl"
"457007360","457007615","IN","India","West Bengal","Chittaranjan"
"457426432","457429247","VN","Viet Nam","Ha Noi","Hanoi"
"457950208","457950463","VN","Viet Nam","Ha Noi","Hanoi"
"458445808","458445823","JP","Japan","Ibaraki","Hitachi"
"458634005","458634005","JP","Japan","Saitama","Honjo"
"458932997","458932997","JP","Japan","Tochigi","Oyama"
"460195768","460195775","JP","Japan","Tokyo","Tokyo"
"460411136","460413183","KR","Korea (the Republic of)","Daegu-gwangyeoksi","Daegu"
"461986304","461986559","JP","Japan","Saitama","Saitama"
"464060416","464060671","KR","Korea (the Republic of)","Daegu-gwangyeoksi","Daegu"
"468885760","468886015","TW","Taiwan (Province of China)","Taoyuan","Taoyuan"
"520292960","520293151","NL","Netherlands (Kingdom of the)","Gelderland","Arnhem"
"520507176","520507219","GB","United Kingdom of Great Britain and Northern Ireland","England","Leeds"
"520803840","520804607","CH","Switzerland","Zurich","Wallisellen"
"521134336","521134591","SI","Slovenia","Ljubljana","Ljubljana"
"521474304","521474559","NL","Netherlands (Kingdom of the)","Zuid-Holland","Poeldijk"
"521771520","521771775","DE","Germany","Baden-Wurttemberg","Karlsruhe"
"522134776","522134776","NL","Netherlands (Kingdom of the)","Noord-Holland","Amsterdam"
"522491392","522491647","FR","France","Auvergne-Rhone-Alpes","Clermont-Ferrand"
"522960661","522960670","AZ","Azerbaijan","Baki","Baku"
"523232391","523232398","NL","Netherlands (Kingdom of the)","Noord-Holland","Amsterdam"
"523471872","523472127","GB","United Kingdom of Great Britain and Northern Ireland","England","London"
"523770624","523771135","LV","Latvia","Riga","Riga"
"523978496","523978751","DE","Germany","Bremen","Bremen"
"524135680","524135935","PL","Poland","Podlaskie","Suwalki"
"526450688","526451199","MY","Malaysia","Wilayah Persekutuan Kuala Lumpur","Kuala Lumpur"
"527832064","527832319","GB","United Kingdom of Great Britain and Northern Ireland","England","Manchester"
"528035248","528035255","GB","United Kingdom of Great Britain and Northern Ireland","England","Ipswich"
"528074096","528074103","GB","United Kingdom of Great Britain and Northern Ireland","England","Ipswich"
"528451584","528451839","GB","United Kingdom of Great Britain and Northern Ireland","England","Bristol"
"529085440","529085695","NL","Netherlands (Kingdom of the)","Noord-Holland","Amsterdam"
"529587712","529588223","UA","Ukraine","Kyiv","Kyiv"
"529847296","529848319","GB","United Kingdom of Great Britain and Northern Ireland","England","London"
"529867140","529867143","NL","Netherlands (Kingdom of the)","Overijssel","Zwolle"
"529875040","529875047","NL","Netherlands (Kingdom of the)","Utrecht","Eemnes"
"529883920","529883927","NL","Netherlands (Kingdom of the)","Limburg","Heerlen"
"529892368","529892375","NL","Netherlands (Kingdom of the)","Zuid-Holland","Rotterdam"
"529901536","529901543","NL","Netherlands (Kingdom of the)","Drenthe","Assen"
"529910736","529910743","NL","Netherlands (Kingdom of the)","Zuid-Holland","Rotterdam"
"529920300","529920303","NL","Netherlands (Kingdom of the)","Flevoland","Dronten"
"530137856","530138111","CY","Cyprus","Pafos","Paphos"
"530580928","530580943","NL","Netherlands (Kingdom of the)","Zuid-Holland","Zoetermeer"
"530589168","530589175","NL","Netherlands (Kingdom of the)","Gelderland","Druten"
"530597184","530597191","NL","Netherlands (Kingdom of the)","Noord-Holland","Amsterdam"
"530605596","530605599","NL","Netherlands (Kingdom of the)","Fryslan","Leeuwarden"
"530614312","530614319","NL","Netherlands (Kingdom of the)","Noord-Holland","Amsterdam"
"530624016","530624023","NL","Netherlands (Kingdom of the)","Gelderland","Doetinchem"
"530633064","530633079","NL","Netherlands (Kingdom of the)","Zuid-Holland","The Hague"
"530641876","530641879","NL","Netherlands (Kingdom of the)","Zuid-Holland","Voorhout"
"530651416","530651423","NL","Netherlands (Kingdom of the)","Zuid-Holland","The Hague"
"530661672","530661687","NL","Netherlands (Kingdom of the)","Zuid-Holland","The Hague"
"530672152","530672159","NL","Netherlands (Kingdom of the)","Limburg","Maastricht"
"530711552","530711807","RU","Russian Federation","Permskiy kray","Kukushtan"
"531087616","531088639","SA","Saudi Arabia","Makkah al Mukarramah","Jeddah"
"531461376","531461631","RU","Russian Federation","Chelyabinskaya oblast'","Chelyabinsk"
"532005120","532005375","RU","Russian Federation","Krasnodarskiy kray","Krasnodar"
"532501248","532501503","IT","Italy","Marche","Fano"
"532811408","532811415","IT","Italy","Lombardia","Milan"
"532837368","532837375","IT","Italy","Lombardia","Milan"
"532858552","532858579","IT","Italy","Lombardia","Milan"
"532879324","532879327","IT","Italy","Lazio","Sermoneta"
"532895336","532895343","IT","Italy","Lazio","Rome"
"532916248","532916255","IT","Italy","Basilicata","Potenza"
"532940296","532940303","IT","Italy","Lombardia","Cesate"
"532959416","532959419","IT","Italy","Veneto","Conegliano"
"532984024","532984027","IT","Italy","Veneto","Mira"
"533008584","533008639","IT","Italy","Lombardia","Milan"
"533038064","533038067","IT","Italy","Umbria","Bastia"
"533056256","533057535","IT","Italy","Lombardia","Milan"
"533073360","533073367","IT","Italy","Lazio","Latina"
"533093948","533093951","IT","Italy","Emilia-Romagna","Piacenza"
"533128704","533128783","IT","Italy","Lazio","Rome"
"533164772","533164775","IT","Italy","Lazio","Rome"
"533197960","533197967","IT","Italy","Lazio","Rome"
"533569472","533569503","GB","United Kingdom of Great Britain and Northern Ireland","England","Leeds"
"533999616","534005759","IT","Italy","Lazio","Rome"
"534520832","534521855","DE","Germany","Hessen","Frankfurt am Main"
"536901632","536902143","US","United States of America","Virginia","Arlington"
"537505280","537506047","US","United States of America","Virginia","Arlington"
"537995008","537995263","US","United States of America","Virginia","Arlington"
"538565376","538565887","US","United States of America","New York","New York City"
"539227392","539227647","US","United States of America","New York","New York City"
"539831040","539831295","US","United States of America","Georgia","Atlanta"
"540318208","540318463","US","United States of America","New York","New York City"
"540746000","540746023","MX","Mexico","-","-"
"540789456","540789503","US","United States of America","Virginia","Arlington"
"540831016","540831023","CA","Canada","Alberta","Grande Prairie"
"541249024","541249535","US","United States of America","New York","New York City"
"542237696","542238719","US","United States of America","New York","New York City"
"542937088","542937343","US","United States of America","New York","New York City"
"543456000","543456255","US","United States of America","New Jersey","Middletown"
"544160512","544161279","US","United States of America","Virginia","Arlington"
"544758272","544758527","US","United States of America","Virginia","Arlington"
"545522944","545523199","US","United States of America","Illinois","Naperville"
"546221824","546222335","US","United States of America","California","Cupertino"
"551209216","551209727","US","United States of America","New York","New York City"
"551966720","551966975","US","United States of America","Virginia","Arlington"
"553448448","553448959","US","United States of America","New York","New York City"
"576954880","576955391","JO","Jordan","Al 'Asimah","Amman"
"579869413","579869418","US","United States of America","California","Mountain View"
"595722796","595722803","US","United States of America","Maryland","Frederick"
"595740720","595740727","US","United States of America","Wisconsin","Madison"
"595750352","595750359","US","United States of America","Tennessee","Paris"
"595760776","595760783","US","United States of America","Alabama","Autaugaville"
"595777028","595777031","US","United States of America","Oregon","Medford"
"595795904","595795919","US","United States of America","Nevada","Reno"
"595805552","595805559","US","United States of America","California","Anderson"
"595816256","595816263","US","United States of America","California","Cerritos"
"595825128","595825131","US","United States of America","Tennessee","Cookeville"
"595834332","595834335","US","United States of America","Maryland","Frederick"
"595844548","595844551","US","United States of America","Michigan","Petoskey"
"595985408","595986431","US","United States of America","New York","Plattsburgh"
"596026512","596026519","US","United States of America","Maryland","Frederick"
"596085016","596085019","US","United States of America","Alabama","Cullman"
"596741632","596741887","US","United States of America","Florida","Saint Petersburg"
"597149440","597149695","US","United States of America","Maryland","Frederick"
"605519360","605527295","CN","China","Zhejiang","Hangzhou"
"607858688","607861247","CN","China","Anhui","Hefei"
"608606976","608607231","ID","Indonesia","Riau","Pangkalan Balai"
"609014016","609014271","ID","Indonesia","Jambi","Sarolangun"
"609414912","609415167","ID","Indonesia","Sumatera Utara","Kabanjahe"
"610055424","610056191","ID","Indonesia","Jakarta Raya","Jakarta"
"613773056","613774847","CN","China","Jiangsu","Yangzhou"
"619211776","619213567","TW","Taiwan (Province of China)","Taichung","Taichung"
"619783168","619783679","JP","Japan","Ibaraki","Mito"
"620887880","620887895","FR","France","Occitanie","Saint-Thibery"
"621408000","621408255","IT","Italy","Lazio","Frosinone"
"621822608","621822623","DE","Germany","Hessen","Frankfurt am Main"
"622151424","622151679","RU","Russian Federation","Zabaykal'skiy kray","Chita"
"622604800","622605055","OM","Oman","Shamal al Batinah","Al Liwa"
"622828800","622829055","PL","Poland","Warminsko-Mazurskie","Kiezliny"
"623324928","623325183","KW","Kuwait","Al 'Asimah","Kuwait"
"623864320","623864575","PL","Poland","Malopolskie","Naprawa"
"624571452","624571454","DE","Germany","Hessen","Frankfurt am Main"
"624610696","624610703","FR","France","Nouvelle-Aquitaine","Latresne"
"624664172","624664255","FR","France","Hauts-de-France","Roubaix"
"624816472","624816472","FR","France","Ile-de-France","Paris"
"625025024","625025279","FR","France","Hauts-de-France","Roubaix"
"625410280","625410303","FR","France","Auvergne-Rhone-Alpes","Lyon"
"625423932","625423935","FR","France","Auvergne-Rhone-Alpes","Lyon"
"625445928","625445959","FR","France","Ile-de-France","Saint-Denis"
"625543936","625545215","UA","Ukraine","Zakarpatska oblast","Chop"
"625612156","625612159","NL","Netherlands (Kingdom of the)","Noord-Brabant","Waalre"
"625618236","625618239","NL","Netherlands (Kingdom of the)","Zuid-Holland","Gorinchem"
"625624524","625624527","NL","Netherlands (Kingdom of the)","Noord-Holland","Amsterdam"
"625630976","625630983","NL","Netherlands (Kingdom of the)","Noord-Brabant","Breda"
"625637200","625637203","NL","Netherlands (Kingdom of the)","Noord-Brabant","'s-Hertogenbosch"
"625643732","625643735","NL","Netherlands (Kingdom of the)","Overijssel","Zwolle"
"625650932","625650935","NL","Netherlands (Kingdom of the)","Zuid-Holland","Rotterdam"
"625658564","625658567","NL","Netherlands (Kingdom of the)","Overijssel","Zwolle"
"625816320","625816575","IQ","Iraq","Diyala","Khanaqin"
"627155202","627155711","NL","Netherlands (Kingdom of the)","Zuid-Holland","Leiden"
"627629568","627639551","SA","Saudi Arabia","Ar Riyad","Riyadh"
"627906360","627906375","PL","Poland","Mazowieckie","Warsaw"
"628342784","628343551","UA","Ukraine","Kyiv","Kyiv"
"628694784","628695039","SA","Saudi Arabia","Al Qasim","Buraydah"
"629163184","629163191","PL","Poland","Pomorskie","Gdansk"
"629176800","629176807","PL","Poland","Opolskie","Biala"
"629450240","629450495","ES","Spain","Castilla-La Mancha","El Provencio"
"629972224","629972351","BR","Brazil","Minas Gerais","Itabira"
"630227968","630235135","RU","Russian Federation","Moskva","Moscow"
"630631584","630631615","KZ","Kazakhstan","Ulytau oblysy","Kazakhstan"
"630692888","630692899","KZ","Kazakhstan","Shymkent","Shymkent"
"630976768","630977023","TR","Turkiye","Mardin","Hocakoy"
"631220736","631221247","IT","Italy","Veneto","Verona"
"631850496","631850751","FR","France","Auvergne-Rhone-Alpes","Creuzier-le-Vieux"
"632357888","632358143","IT","Italy","Piemonte","Ivrea"
"632894720","632894975","BE","Belgium","West-Vlaanderen","Kortrijk"
"632998584","632998591","IT","Italy","Lazio","Rome"
"633007760","633007763","IT","Italy","Abruzzo","Pescara"
"633184512","633185023","PT","Portugal","Leiria","Leiria"
"634048866","634048866","AE","United Arab Emirates","Dubayy","Dubai"
"634227296","634227303","IT","Italy","Liguria","Taggia"
"634243604","634243607","IT","Italy","Toscana","Pisa"
"634264056","634264059","IT","Italy","Piemonte","Ferrero"
"634292116","634292119","IT","Italy","Lombardia","Milan"
"634311504","634311507","IT","Italy","Emilia-Romagna","Modena"
"634339840","634339847","IT","Italy","Piemonte","Asti"
"634365824","634365827","IT","Italy","Marche","Fabriano"
"634416600","634416602","CH","Switzerland","Sankt Gallen","Sankt Gallen"
"635105769","635105771","NL","Netherlands (Kingdom of the)","Noord-Holland","Amsterdam"
"635298824","635298831","SE","Sweden","Vastra Gotalands lan","Moelndal"
"635854464","635854591","ES","Spain","Murcia, Region de","Murcia"
"636308480","636308735","IQ","Iraq","Baghdad","Baghdad"
"636763498","636763499","NL","Netherlands (Kingdom of the)","Noord-Holland","Amsterdam"
"636998768","636998771","PL","Poland","Zachodniopomorskie","Stargard Szczecinski"
"637330176","637330183","DE","Germany","Baden-Wurttemberg","Stuttgart"
"637543424","637544191","US","United States of America","Mississippi","Jackson"
"638064640","638064895","US","United States of America","Mississippi","Jackson"
"638853133","638853134","US","United States of America","Virginia","Arlington"
"638855215","638855216","US","United States of America","Georgia","Atlanta"
"638857267","638857268","US","United States of America","California","El Segundo"
"638859391","638859392","US","United States of America","California","San Francisco"
"638861599","638861600","US","United States of America","Georgia","Atlanta"
"638863727","638863728","US","United States of America","Georgia","Atlanta"
"639336209","639336210","US","United States of America","Florida","Tampa"
"639507553","639507553","US","United States of America","Massachusetts","Boston"
"639643058","639643063","US","United States of America","Georgia","Atlanta"
"639658728","639658729","US","United States of America","Virginia","Ashburn"
"639674546","639674551","US","United States of America","Georgia","Lithia Springs"
"639795648","639795711","US","United States of America","Virginia","Ashburn"
"640585728","640585983","US","United States of America","California","Cupertino"
"641301504","641301759","US","United States of America","District of Columbia","Washington"
"641800258","641800288","US","United States of America","New Jersey","Secaucus"
"641983488","641983743","US","United States of America","Ohio","Canton"
"642181120","642181247","US","United States of America","Nevada","Las Vegas"
"642449514","642449536","US","United States of America","Georgia","Atlanta"
"642647082","642647088","US","United States of America","Georgia","Atlanta"
"642886914","642886919","US","United States of America","New Jersey","Perth Amboy"
"643176832","643176959","CA","Canada","Ontario","Oakville"
"643309648","643309648","US","United States of America","District of Columbia","Washington"
"643339754","643339759","US","United States of America","Pennsylvania","Audubon"
"643351384","643351384","US","United States of America","Georgia","Atlanta"
"643358793","643358793","US","United States of America","California","San Jose"
"643364826","643364832","US","United States of America","Georgia","Atlanta"
"643386997","643386997","US","United States of America","New Jersey","Secaucus"
"643522816","643523583","US","United States of America","District of Columbia","Washington"
"643769472","643769855","US","United States of America","Maryland","Baltimore"
"643871288","643871288","CA","Canada","Ontario","Windsor"
"643918377","643918377","US","United States of America","Massachusetts","Boston"
"643974913","643974913","US","United States of America","New York","New York City"
"644006338","644006343","US","United States of America","Georgia","Atlanta"
"644043178","644043183","US","United States of America","California","El Segundo"
"644071641","644071641","US","United States of America","California","San Jose"
"644074433","644074433","CA","Canada","Ontario","Toronto"
"644077350","644077352","US","United States of America","Georgia","Atlanta"
"644086144","644086207","US","United States of America","Georgia","Atlanta"
"644122722","644122735","US","United States of America","District of Columbia","Washington"
"644165925","644165925","US","United States of America","Washington","Seattle"
"644194637","644194639","US","United States of America","New York","New York City"
"644212976","644212976","US","United States of America","Virginia","Ashburn"
"644281648","644281664","US","United States of America","California","El Segundo"
"644301442","644301442","CA","Canada","Ontario","Toronto"
"644302632","644302632","US","United States of America","Michigan","Detroit"
"644303791","644303791","US","United States of America","Georgia","Atlanta"
"644352513","644352513","US","United States of America","New York","Buffalo"
"644358416","644358423","US","United States of America","Nevada","North Las Vegas"
"644363338","644363339","US","United States of America","Georgia","Atlanta"
"644368070","644368072","US","United States of America","Georgia","Atlanta"
"644374021","644374021","US","United States of America","Florida","Miami"
"644381464","644381464","US","United States of America","California","La Jolla"
"644386186","644386188","US","United States of America","Georgia","Atlanta"
"644392035","644392035","US","United States of America","Texas","Austin"
"644398961","644398961","US","United States of America","New York","New York City"
"644403181","644403181","US","United States of America","Virginia","Dulles"
"644407129","644407129","US","United States of America","Florida","Boca Raton"
"644410953","644410953","US","United States of America","Maryland","Baltimore"
"644432162","644432168","US","United States of America","Georgia","Atlanta"
"644471810","644472063","US","United States of America","Georgia","Atlanta"
"644524760","644524760","US","United States of America","Georgia","Atlanta"
"644622984","644622984","CA","Canada","Ontario","Hamilton"
"644681973","644681973","NL","Netherlands (Kingdom of the)","Noord-Holland","Amsterdam"
"644752896","644752896","US","United States of America","Georgia","Marietta"
"644821824","644821824","US","United States of America","Massachusetts","Needham"
"644875589","644875589","US","United States of America","Illinois","Chicago"
"644878700","644878703","US","United States of America","Massachusetts","Boston"
"644881970","644881972","US","United States of America","Georgia","Atlanta"
"644884357","644884358","US","United States of America","New York","New York City"
"644979200","644979455","US","United States of America","Mississippi","Jackson"
"645111650","645111655","US","United States of America","Texas","Richardson"
"645295616","645295871","US","United States of America","District of Columbia","Washington"
"645425160","645425160","US","United States of America","Washington","Seattle"
"645502482","645502488","US","United States of America","Georgia","Atlanta"
"645532094","645532095","US","United States of America","New York","Brooklyn"
"645540513","645540513","CA","Canada","Quebec","Montreal"
"645546961","645546961","US","United States of America","Virginia","Dulles"
"645554182","645554200","US","United States of America","Georgia","Atlanta"
"645563531","645563531","US","United States of America","District of Columbia","Washington"
"645570144","645570144","US","United States of America","New Jersey","Clifton"
"645580345","645580345","US","United States of America","California","Santa Ana"
"645589706","645589712","US","United States of America","Illinois","Naperville"
"645681744","645681759","US","United States of America","North Carolina","Charlotte"
"645794793","645794793","US","United States of America","Illinois","Chicago"
"645892233","645892233","US","United States of America","Virginia","Dulles"
"646139776","646139903","CA","Canada","Ontario","Hamilton"
"646365104","646365111","US","United States of America","Georgia","Atlanta"
"646711384","646711391","US","United States of America","New York","New York City"
"646721306","646721312","US","United States of America","Georgia","Atlanta"
"646737074","646737079","US","United States of America","Georgia","Atlanta"
"646745417","646745417","US","United States of America","Arizona","Phoenix"
"646752066","646752071","US","United States of America","Georgia","Atlanta"
"646762776","646762783","US","United States of America","Maryland","Columbia"
"646772146","646772152","US","United States of America","Georgia","Atlanta"
"646845616","646845616","US","United States of America","District of Columbia","Washington"
"646855640","646855647","US","United States of America","Illinois","Waukegan"
"646870032","646870039","US","United States of America","New York","New York City"
"646884530","646884535","US","United States of America","Georgia","Atlanta"
"646897470","646897471","US","United States of America","Virginia","Manassas"
"646935040","646935295","US","United States of America","District of Columbia","Washington"
"647339008","647339263","US","United States of America","Georgia","Atlanta"
"647938816","647939071","US","United States of America","Iowa","Mason City"
"648540928","648541183","US","United States of America","Mississippi","Jackson"
"649395456","649395711","RO","Romania","Bucuresti","Bucharest"
"650106368","650106623","CO","Colombia","Meta","Villavicencio"
"650751232","650751487","US","United States of America","Mississippi","Jackson"
"651149729","651149730","HK","Hong Kong","Hong Kong","Hong Kong"
"651156853","651156853","HK","Hong Kong","Hong Kong","Hong Kong"
"651414528","651415551","BR","Brazil","Ceara","Eusebio"
"651908864","651909119","US","United States of America","Mississippi","Jackson"
"652350464","652350719","MY","Malaysia","Wilayah Persekutuan Kuala Lumpur","Kuala Lumpur"
"652817664","652817919","US","United States of America","District of Columbia","Washington"
"653582080","653582591","US","United States of America","New York","Albany"
"653963278","653963279","PE","Peru","Lima","Lima"
"656417536","656417791","PK","Pakistan","Khyber Pakhtunkhwa","Peshawar"
"656796160","656796415","PK","Pakistan","Punjab","Chiniot"
"657208320","657208575","PK","Pakistan","Sindh","Karachi"
"657760256","657761023","PK","Pakistan","Punjab","Chawinda"
"658376960","658377215","PK","Pakistan","Punjab","Gujar Khan"
"661810944","661811711","KR","Korea (the Republic of)","Seoul-teukbyeolsi","Seoul"
"663166976","663167999","CN","China","Guangxi Zhuangzu","Nanning"
"672869120","672869375","US","United States of America","Florida","Miami"
"676991504","676991519","US","United States of America","Virginia","Washington"
"677395696","677395711","US","United States of America","Washington","Redmond"
"677713920","677714111","US","United States of America","Washington","Redmond"
"677936384","677936639","SE","Sweden","Gavleborgs lan","Gavle"
"679486024","679486027","US","United States of America","Illinois","Naperville"
"679491936","679491947","US","United States of America","Illinois","Chicago"
"679501352","679501355","US","United States of America","New York","New York City"
"679508444","679508467","US","United States of America","Arkansas","Little Rock"
"679514908","679514923","US","United States of America","Texas","Dallas"
"679521844","679521847","US","United States of America","Kentucky","Whitley City"
"679530000","679530007","US","United States of America","Nevada","Henderson"
"679538953","679538953","US","United States of America","Indiana","Indianapolis"
"679549450","679549451","US","United States of America","South Carolina","Aiken"
"679557444","679557445","US","United States of America","Ohio","Canton"
"679564298","679564299","US","United States of America","New York","Bronx"
"679570376","679570379","US","United States of America","New York","New York City"
"679576170","679576170","US","United States of America","Ohio","Millfield"
"679584848","679584855","US","United States of America","Colorado","Aurora"
"679593032","679593039","US","United States of America","Ohio","Toledo"
"679597880","679597883","US","United States of America","New York","Lake Grove"
"679604890","679604895","US","United States of America","New York","New York City"
"679613976","679613979","US","United States of America","New Jersey","Lakewood"
"679621775","679621785","US","United States of America","Virginia","Ashburn"
"679629333","679629333","US","United States of America","North Carolina","Raleigh"
"679634396","679634399","US","United States of America","Iowa","Des Moines"
"679639918","679639919","US","United States of America","Illinois","Chicago"
"679646360","679646367","US","United States of America","Arkansas","Little Rock"
"679653604","679653611","US","United States of America","Arkansas","Little Rock"
"679663948","679663951","US","United States of America","California","San Jose"
"679670844","679670851","US","United States of America","Arkansas","Little Rock"
"679682176","679682183","US","United States of America","Virginia","Williamsburg"
"679688536","679688539","US","United States of America","Connecticut","Guilford"
"679694036","679694037","US","United States of America","Arkansas","Little Rock"
"679700858","679700858","US","United States of America","Pennsylvania","East Petersburg"
"679727200","679727203","US","United States of America","Georgia","Atlanta"
"679735212","679735219","US","United States of America","Texas","Houston"
"679745088","679745107","US","United States of America","New York","New York City"
"679760080","679760091","US","United States of America","Arkansas","Little Rock"
"679768752","679768755","US","United States of America","Georgia","Atlanta"
"679778680","679778683","US","United States of America","Texas","Lewisville"
"679786816","679786817","US","United States of America","New York","Latham"
"679799418","679799419","US","United States of America","Virginia","Ruther Glen"
"679812499","679812517","US","United States of America","Illinois","Chicago"
"679826004","679826007","US","United States of America","South Carolina","Greenville"
"679831724","679831727","US","United States of America","California","San Jose"
"679839447","679839449","US","United States of America","Arkansas","Little Rock"
"679859440","679859443","US","United States of America","Washington","Edmonds"
"679865008","679865011","US","United States of America","California","San Francisco"
"679871615","679871689","US","United States of America","New York","New York City"
"679878750","679878751","US","United States of America","Florida","Gibsonton"
"679885900","679885911","US","United States of America","Illinois","Chicago"
"679896220","679896223","US","United States of America","Texas","Dallas"
"679905978","679905978","US","United States of America","Texas","New Boston"
"679915080","679915083","US","United States of America","Illinois","Chicago"
"679927260","679927261","US","United States of America","Texas","Marble Falls"
"679943926","679943927","US","United States of America","Nebraska","Tecumseh"
"679949588","679949591","US","United States of America","Georgia","Dawsonville"
"679954950","679954951","US","United States of America","Massachusetts","Boston"
"679963632","679963639","US","United States of America","South Carolina","Greenville"
"679970408","679970411","US","United States of America","New York","New York City"
"679976720","679976735","US","United States of America","Indiana","Anderson"
"679982168","679982175","US","United States of America","Arkansas","Little Rock"
"679990784","679990791","US","United States of America","Arkansas","Little Rock"
"679998436","679998439","US","United States of America","Maine","Jay"
"680007336","680007337","US","United States of America","Illinois","Winchester"
"680014403","680014405","US","United States of America","District of Columbia","Washington"
"680022268","680022271","US","United States of America","Mississippi","Jackson"
"680028232","680028235","US","United States of America","New Jersey","Fairfield"
"680034480","680034487","US","United States of America","Arkansas","Little Rock"
"680043320","680043327","US","United States of America","Nebraska","Omaha"
"680057067","680057073","US","United States of America","Texas","Dallas"
"680076402","680076403","US","United States of America","Arkansas","Little Rock"
"680082972","680082987","US","United States of America","Texas","Houston"
"680091502","680091503","US","United States of America","Texas","Dallas"
"680099268","680099271","US","United States of America","Virginia","Ashburn"
"680106488","680106491","US","United States of America","Florida","Doral"
"680117170","680117171","US","United States of America","Tennessee","Piney Flats"
"680131122","680131123","US","United States of America","Texas","Dallas"
"680139748","680139751","US","United States of America","Texas","Dallas"
"680152686","680152687","US","United States of America","Georgia","Monroe"
"680161072","680161075","US","United States of America","Florida","Jacksonville"
"680169130","680169143","US","United States of America","Georgia","Atlanta"
"680186322","680186322","US","United States of America","Washington","Seattle"
"680195226","680195227","US","United States of America","Texas","Dallas"
"680202170","680202179","US","United States of America","Virginia","Richmond"
"680211926","680211927","US","United States of America","Pennsylvania","Philadelphia"
"680218956","680218959","US","United States of America","Michigan","Novi"
"680225668","680225671","US","United States of America","Arkansas","Little Rock"
"680234780","680234783","US","United States of America","California","Redwood City"
"680242260","680242263","US","United States of America","Georgia","Decatur"
"680250300","680250303","US","United States of America","Arkansas","Little Rock"
"680257820","680257823","US","United States of America","Texas","The Woodlands"
"680269228","680269239","US","United States of America","Arkansas","Little Rock"
"680277404","680277407","US","United States of America","Arkansas","Little Rock"
"680291380","680291383","US","United States of America","Iowa","Ames"
"680303356","680303359","US","United States of America","Tennessee","Brentwood"
"680309932","680309935","US","United States of America","California","Walnut Creek"
"680317200","680317207","US","United States of America","Illinois","Chicago"
"680324076","680324079","US","United States of America","California","Oceanside"
"680331708","680331711","US","United States of America","Washington","Longview"
"680339668","680339671","US","United States of America","Arkansas","Little Rock"
"680346800","680346803","US","United States of America","Illinois","Naperville"
"680354020","680354023","US","United States of America","Arkansas","Little Rock"
"680362920","680362923","US","United States of America","Kansas","Lenexa"
"680370108","680370111","US","United States of America","Illinois","Lombard"
"680380180","680380187","US","United States of America","Arkansas","Little Rock"
"680389072","680389075","US","United States of America","Texas","Farmers Branch"
"685733888","685734143","US","United States of America","Texas","Dallas"
"688541952","688542207","ZA","South Africa","Western Cape","Mfuleni"
"689079296","689079551","ZA","South Africa","Limpopo","Tshakhuma"
"689584896","689585407","ZA","South Africa","Gauteng","Pretoria"
"690158848","690159103","EG","Egypt","Al Jizah","Giza"
"690747392","690747647","EG","Egypt","Al Qahirah","Cairo"
"691632984","691632987","NG","Nigeria","Zamfara","Gusau"
"692289668","692289751","NG","Nigeria","Lagos","Lagos"
"692755712","692756479","ZA","South Africa","Gauteng","Krugersdorp"
"693100868","693100899","BI","Burundi","Bujumbura Mairie","Bujumbura"
"693731840","693732095","KE","Kenya","Taita/Taveta","Voi"
"694385664","694387455","DZ","Algeria","Oran","Oran"
"694697216","694697471","DZ","Algeria","Tiaret","Tiaret"
"695046912","695047167","DZ","Algeria","Blida","Chebli"
"695433984","695434239","ZA","South Africa","Northern Cape","De Aar"
"695993856","695994111","ZA","South Africa","Gauteng","Johannesburg"
"697048064","697048319","MA","Morocco","Rabat-Sale-Kenitra","Ezzhiliga"
"697876224","697898495","EG","Egypt","Al Qahirah","Cairo"
"699375411","699375411","ZW","Zimbabwe","Harare","Harare"
"700228264","700228783","TZ","Tanzania, the United Republic of","Dar es Salaam","Dar es Salaam"
"700927488","700927999","EG","Egypt","Al Qahirah","Cairo"
"701378093","701378093","KE","Kenya","Kericho","Kericho"
"701930584","701930587","MA","Morocco","Souss-Massa","Essaouira"
"702172171","702172171","NA","Namibia","Karas","Keetmanshoop"
"702527248","702527279","TZ","Tanzania, the United Republic of","Mjini Magharibi","Zanzibar"
"702998528","703000575","TN","Tunisia","Tunis","Tunis"
"703481856","703482879","EG","Egypt","Al Qahirah","Cairo"
"704315392","704315647","MA","Morocco","Marrakech-Safi","Sidi Rahhal"
"707848448","707848703","CN","China","Hunan","Hengyang"
"709530368","709530879","TW","Taiwan (Province of China)","Pingtung","Pingtung"
"710098944","710103039","CN","China","Guangdong","Guangzhou"
"711771136","711771903","IN","India","Gujarat","Surat"
"712240640","712240895","VN","Viet Nam","Ha Noi","Hanoi"
"712936448","712937983","JP","Japan","Aichi","Tokai"
"717114880","717116415","MY","Malaysia","Wilayah Persekutuan Kuala Lumpur","Kuala Lumpur"
"730990080","730990335","CA","Canada","Quebec","Montreal"
"732880119","732880121","CA","Canada","Quebec","Montreal"
"732923904","732924159","US","United States of America","New Mexico","Quay"
"736439807","736439807","TH","Thailand","Krung Thep Maha Nakhon","Suan Luang"
"737378304","737379327","CN","China","Fujian","Xiamen"
"738166016","738166271","IN","India","Maharashtra","Mumbai"
"741867792","741868031","US","United States of America","New York","Staten Island"
"742332032","742332047","US","United States of America","Colorado","Colorado Springs"
"747315712","747315967","FI","Finland","Uusimaa","Espoo"
"755207336","755207343","US","United States of America","Florida","Orlando"
"755217800","755217807","US","United States of America","Florida","Melbourne"
"755229928","755229935","US","United States of America","Florida","Tampa"
"755356672","755356927","BR","Brazil","Para","Ponta de Pedras"
"755639944","755639951","NL","Netherlands (Kingdom of the)","Noord-Holland","Amsterdam"
"755900416","755900927","TR","Turkiye","Istanbul","Istanbul"
"756365824","756366335","US","United States of America","Wisconsin","Stoughton"
"757189888","757190143","US","United States of America","District of Columbia","Washington"
"757690112","757694463","MM","Myanmar","Yangon","Yangon"
"757857956","757857959","US","United States of America","Michigan","Imlay City"
"758785536","758785791","US","United States of America","California","Santa Clara"
"758896664","758896671","US","United States of America","California","Santa Ana"
"758903664","758903671","US","United States of America","California","Los Angeles"
"758988800","758989311","US","United States of America","Virginia","Ashburn"
"759571143","759571143","BR","Brazil","Minas Gerais","Juiz de Fora"
"759827712","759827967","US","United States of America","Texas","Houston"
"760413184","760413439","CN","China","Xinjiang Uygur","Kashgar"
"760568713","760568718","CA","Canada","Quebec","Montreal"
"760730205","760730205","GB","United Kingdom of Great Britain and Northern Ireland","Scotland","Craigellachie"
"760943360","760943615","ZA","South Africa","Gauteng","Randburg"
"761272832","761273087","EG","Egypt","Al Buhayrah","Beheira"
"761547776","761548031","EG","Egypt","Bani Suwayf","Bani Suwayf"
"761851648","761851903","EG","Egypt","Suhaj","Akhmim"
"762331136","762332159","TH","Thailand","Krung Thep Maha Nakhon","Bangkok"
"762699776","762700799","IN","India","Telangana","Hyderabad"
"763377762","763377762","CY","Cyprus","Lefkosia","Nicosia"
"763593984","763594239","DE","Germany","Hessen","Frankfurt am Main"
"763824640","763824895","FR","France","Ile-de-France","Paris"
"764124288","764124933","DE","Germany","Hamburg","Hamburg"
"764419454","764419454","NL","Netherlands (Kingdom of the)","Noord-Holland","Amsterdam"
"764705664","764705665","NL","Netherlands (Kingdom of the)","Noord-Holland","Amsterdam"
"765003776","765004799","HK","Hong Kong","Hong Kong","Hong Kong"
"765233619","765233619","CY","Cyprus","Lemesos","Limassol"
"765510656","765511679","AR","Argentina","Santa Fe","Maria Teresa"
"765828096","765828351","BR","Brazil","Para","Marituba"
"766096308","766096311","BR","Brazil","Amazonas","Nova Vida"
"766399232","766399487","BR","Brazil","Bahia","Caripare"
"766680320","766680831","BR","Brazil","Bahia","Salvador"
"766985728","766985983","BR","Brazil","Rio de Janeiro","Barra Seca"
"767283712","767283967","SV","El Salvador","La Libertad","Antiguo Cuscatlan"
"767614834","767614834","GB","United Kingdom of Great Britain and Northern Ireland","England","London"
"768082944","768083455","ZA","South Africa","Eastern Cape","East London"
"768964608","768964863","ZM","Zambia","Muchinga","Mpika"
"769343744","769343999","MA","Morocco","Beni-Mellal-Khenifra","Khenifra"
"769793536","769793791","AR","Argentina","Chaco","Castelli"
"770092032","770092543","MX","Mexico","Sinaloa","Culiacan"
"770389014","770389014","BR","Brazil","Roraima","Antonio"
"770652672","770652927","BR","Brazil","Alagoas","Arapiraca"
"770996480","770996735","EG","Egypt","Bur Sa'id","Port Said"
"771521536","771522559","CN","China","Jiangsu","Suzhou"
"772066592","772066623","DE","Germany","Sachsen","Falkenstein"
"772387584","772388607","NO","Norway","Viken","Nesoddtangen"
"772622080","772622335","CZ","Czechia","Moravskoslezsky kraj","Ostrava"
"772895232","772895487","PL","Poland","Mazowieckie","Ustronie"
"773055488","773055503","AL","Albania","Elbasan","Cerrik"
"773172224","773172431","NL","Netherlands (Kingdom of the)","Zuid-Holland","Rotterdam"
"773329612","773329623","ES","Spain","Andalucia","Baeza"
"773351424","773351679","ES","Spain","Extremadura","Plasencia"
"773417204","773417215","ES","Spain","Madrid, Comunidad de","Madrid"
"773526848","773526859","ES","Spain","Madrid, Comunidad de","Madrid"
"773746688","773747711","DE","Germany","Mecklenburg-Vorpommern","Schwerin"
"773932557","773932557","DE","Germany","Hessen","Frankfurt am Main"
"773936234","773936236","DE","Germany","Hessen","Frankfurt am Main"
"773938761","773938762","DE","Germany","Hessen","Frankfurt am Main"
"774047547","774047548","FR","France","Centre-Val de Loire","Saint-Aignan"
"774186208","774186239","GB","United Kingdom of Great Britain and Northern Ireland","England","Greenford"
"774525184","774525951","BH","Bahrain","Al 'Asimah","Manama"
"774696528","774696535","IT","Italy","Liguria","Noli"
"774897580","774897623","RU","Russian Federation","Sankt-Peterburg","Saint Petersburg"
"775476992","775477247","BY","Belarus","Minskaya voblasts'","Zhodzina"
"775777792","775778047","RU","Russian Federation","Rostovskaya oblast'","Millerovo"
"776477184","776477695","RU","Russian Federation","Belgorodskaya oblast'","Belgorod"
"776839424","776839679","PL","Poland","Wielkopolskie","Poznan"
"778127064","778127103","RO","Romania","Arad","Arad"
"778670208","778670215","FR","France","Hauts-de-France","Roubaix"
"778928128","778928128","LV","Latvia","Riga","Riga"
"778990832","778990839","US","United States of America","Illinois","East Moline"
"779368192","779368447","IL","Israel","HaDarom","Ashqelon"
"779966720","779967487","AT","Austria","Karnten","Villach"
"780561408","780561663","PL","Poland","Slaskie","Katowice"
"780969216","780969279","CH","Switzerland","Zurich","Wallisellen"
"781193528","781193539","NL","Netherlands (Kingdom of the)","Zuid-Holland","Rotterdam"
"781204432","781204439","NL","Netherlands (Kingdom of the)","Noord-Holland","Amsterdam"
"781215568","781215655","NL","Netherlands (Kingdom of the)","Zuid-Holland","Rotterdam"
"781226304","781226311","NL","Netherlands (Kingdom of the)","Gelderland","Apeldoorn"
"781237088","781237095","NL","Netherlands (Kingdom of the)","Zuid-Holland","Papendrecht"
"781247776","781247783","NL","Netherlands (Kingdom of the)","Utrecht","Amerongen"
"781258880","781258887","NL","Netherlands (Kingdom of the)","Noord-Brabant","Goirle"
"781269520","781269523","NL","Netherlands (Kingdom of the)","Gelderland","Arnhem"
"781279768","781279771","NL","Netherlands (Kingdom of the)","Noord-Holland","Purmerend"
"781290304","781290307","NL","Netherlands (Kingdom of the)","Utrecht","Maarssen"
"781300672","781300675","NL","Netherlands (Kingdom of the)","Zuid-Holland","Rotterdam"
"781310668","781310671","NL","Netherlands (Kingdom of the)","Gelderland","Nunspeet"
"781363968","781364479","RU","Russian Federation","Permskiy kray","Kondratovo"
"781856512","781857023","TR","Turkiye","Ankara","Ankara"
"782159104","782159359","RU","Russian Federation","Krasnodarskiy kray","Gelendzhik"
"782606168","782606195","DE","Germany","Saarland","Saarlouis"
"782896400","782896407","PL","Poland","Slaskie","Katowice"
"782903528","782903535","PL","Poland","Mazowieckie","Konstancin-Jeziorna"
"782911372","782911375","PL","Poland","Kujawsko-Pomorskie","Swiekatowo"
"782917912","782917919","PL","Poland","Mazowieckie","Dziekanow Lesny"
"782924720","782924723","PL","Poland","Zachodniopomorskie","Walcz"
"782931244","782931247","PL","Poland","Warminsko-Mazurskie","Goldap"
"782938048","782938055","PL","Poland","Mazowieckie","Warsaw"
"782944864","782944867","PL","Poland","Slaskie","Raciborz"
"782952988","782952991","PL","Poland","Lubuskie","Deszczno"
"782963448","782963455","PL","Poland","Mazowieckie","Warsaw"
"782970504","782970507","PL","Poland","Wielkopolskie","Poznan"
"782979312","782979319","PL","Poland","Podlaskie","Suwalki"
"782987472","782987479","PL","Poland","Wielkopolskie","Poznan"
"782995728","782995735","PL","Poland","Pomorskie","Gdynia"
"783003976","783003983","PL","Poland","Mazowieckie","Warsaw"
"783012168","783012175","PL","Poland","Zachodniopomorskie","Koszalin"
"783020352","783020359","PL","Poland","Slaskie","Gora"
"783351040","783351295","GR","Greece","Voreio Aigaio","Mytilini"
"783852544","783857663","BH","Bahrain","Al 'Asimah","Manama"
"784416768","784417023","FR","France","Bretagne","Dinard"
"784998912","784999167","BE","Belgium","Brussels Hoofdstedelijk Gewest","Brussels"
"785413120","785413375","GB","United Kingdom of Great Britain and Northern Ireland","England","London"
"785946624","785946879","BY","Belarus","Horad Minsk","Minsk"
"786059504","786059511","FR","France","Hauts-de-France","Delincourt"
"786086696","786086703","FR","France","Ile-de-France","Champs-sur-Marne"
"786100720","786100735","FR","France","Ile-de-France","Saint-Denis"
"786563464","786563464","GB","United Kingdom of Great Britain and Northern Ireland","England","Notting Hill Gate"
"786746528","786746535","DE","Germany","Bayern","Zeil"
"787015360","787015391","DE","Germany","Baden-Wurttemberg","Ettlingen"
"787378944","787379455","PL","Poland","Wielkopolskie","Poznan"
"787897090","787897343","SE","Sweden","Hallands lan","Falkenberg"
"788045724","788045727","US","United States of America","New York","New York City"
"788471212","788471213","GB","United Kingdom of Great Britain and Northern Ireland","England","London"
"789138432","789138687","IN","India","Uttar Pradesh","Lucknow"
"789774552","789774559","US","United States of America","New Jersey","Elizabeth"
"789792176","789792183","US","United States of America","New Jersey","Plainfield"
"789808312","789808327","US","United States of America","New York","New York City"
"789837124","789837127","US","United States of America","New York","Bethpage"
"789914304","789914311","US","United States of America","New York","Melville"
"789925452","789925463","US","United States of America","New York","Brooklyn"
"789942464","789942471","US","United States of America","New Jersey","Lakewood"
"789959632","789959639","US","United States of America","New Jersey","Edison"
"789973936","789973943","US","United States of America","New Jersey","Oak Ridge"
"789985848","789985863","US","United States of America","New York","Hicksville"
"790009608","790009615","US","United States of America","New York","Bronx"
"790037264","790037271","US","United States of America","New York","West Islip"
"790046000","790046007","US","United States of America","New York","Hicksville"
"790054768","790054775","US","United States of America","New Jersey","Morristown"
"790063112","790063119","US","United States of America","New York","Hicksville"
"790071920","790071927","US","United States of America","New York","Bronx"
"790080760","790080775","US","United States of America","New York","Bronx"
"790381568","790382079","US","United States of America","California","Monterey Park"
"790854144","790854655","US","United States of America","Michigan","Kalamazoo"
"791281152","791281407","US","United States of America","California","Riverside"
"791422032","791422047","US","United States of America","Georgia","Gainesville"
"791434752","791434783","US","United States of America","Minnesota","Saint Cloud"
"791447764","791447771","US","United States of America","Maryland","Frederick"
"791459512","791459519","US","United States of America","California","El Segundo"
"791469208","791469215","US","United States of America","Tennessee","Blountville"
"791560488","791560495","US","United States of America","California","El Segundo"
"791568576","791568579","US","United States of America","California","Monterey Park"
"791578152","791578155","US","United States of America","Georgia","Suwanee"
"791586772","791586783","US","United States of America","Georgia","Atlanta"
"791597064","791597071","US","United States of America","South Carolina","Greenville"
"791604704","791604707","US","United States of America","Alabama","Montgomery"
"791612420","791612423","US","United States of America","Missouri","Farmington"
"791619624","791619631","US","United States of America","Missouri","Overland"
"791630724","791630735","US","United States of America","California","Cupertino"
"791653832","791653839","US","United States of America","Colorado","Durango"
"791695448","791695451","US","United States of America","Nevada","Reno"
"791713012","791713023","US","United States of America","Maryland","Frederick"
"791727440","791727503","US","United States of America","Georgia","Athens"
"791737372","791737375","US","United States of America","Georgia","Athens"
"791749056","791749063","US","United States of America","Minnesota","Rochester"
"791757200","791757203","US","United States of America","Wisconsin","Peshtigo"
"791768524","791768527","US","United States of America","Minnesota","Rosemount"
"791779080","791779087","US","United States of America","Alabama","Gardendale"
"791787120","791787127","US","United States of America","Maryland","Frederick"
"791801872","791801879","US","United States of America","Maryland","Frederick"
"791812040","791812043","US","United States of America","Michigan","Bay City"
"791829456","791829467","US","United States of America","Michigan","Grand Rapids"
"791838816","791838819","US","United States of America","Missouri","Overland"
"791847072","791847075","US","United States of America","Missouri","O'Fallon"
"791855072","791855079","US","United States of America","Georgia","Atlanta"
"791863904","791863907","US","United States of America","Missouri","Overland"
"791871840","791871847","US","United States of America","California","La Mirada"
"791880992","791881007","US","United States of America","California","El Segundo"
"791892352","791892359","US","United States of America","Connecticut","New Milford"
"791913560","791913571","US","United States of America","Washington","Seattle"
"791928188","791928191","US","United States of America","Maryland","Frederick"
"792097074","792097075","CA","Canada","New Brunswick","Fredericton"
"792559104","792559359","ES","Spain","Madrid, Comunidad de","Madrid"
"793603328","793604095","BR","Brazil","Sao Paulo","Sao Paulo"
"797686528","797687039","US","United States of America","California","El Segundo"
"798229248","798229503","US","United States of America","California","Guasti"
"798636032","798636287","US","United States of America","California","Guasti"
"799068928","799069183","US","United States of America","Texas","Pasadena"
"800356096","800356607","US","United States of America","California","El Segundo"
"800897280","800897791","US","United States of America","Texas","Dallas"
"801523712","801523967","US","United States of America","Nevada","Minden"
"802039296","802039551","US","United States of America","Florida","New Port Richey"
"802825472","802828287","US","United States of America","Texas","Tyler"
"803326492","803326495","US","United States of America","Maryland","Frederick"
"803336056","803336063","US","United States of America","Wisconsin","Eau Claire"
"803719168","803719423","US","United States of America","California","Atascadero"
"818750720","818750975","IE","Ireland","Dublin","Dublin"
"823031040","823031295","IN","India","Gujarat","Wadala"
"824890880","824891135","IN","India","Odisha","Bhubaneshwar"
"828446464","828446719","JP","Japan","Tokyo","Tokyo"
"830562048","830562303","JP","Japan","Ibaraki","Mito"
"831784192","831784447","PH","Philippines","Romblon","Panique"
"832520704","832520959","TW","Taiwan (Province of China)","Hualien","Hualien"
"833784064","833784319","AU","Australia","South Australia","Edithburgh"
"834251520","834251775","AU","Australia","Victoria","Doncaster"
"834961408","834962175","AU","Australia","Victoria","Melbourne"
"836794112","836794367","NZ","New Zealand","Canterbury","Christchurch"
"837213952","837214207","TH","Thailand","Nakhon Pathom","Sam Phran"
"838450688","838456831","IN","India","Maharashtra","Mumbai"
"838940160","838940160","US","United States of America","California","Santa Rosa"
"839245824","839246079","US","United States of America","Ohio","Cincinnati"
"840687616","840687871","US","United States of America","Texas","Tyler"
"841616939","841616940","US","United States of America","Ohio","Norwalk"
"842532676","842532679","US","United States of America","Texas","San Antonio"
"842799360","842799615","SA","Saudi Arabia","Makkah al Mukarramah","Jeddah"
"843425620","843425645","CA","Canada","British Columbia","Quesnel"
"843650232","843650239","US","United States of America","New Jersey","Newark"
"843662440","843662447","US","United States of America","Georgia","Marietta"
"843675968","843675975","US","United States of America","Illinois","Champaign"
"843689200","843689215","US","United States of America","New Jersey","Mount Laurel"
"843711064","843711071","US","United States of America","New York","Manhattan"
"843722376","843722379","US","United States of America","New York","Manhattan"
"843733768","843733775","US","United States of America","New York","Manhattan"
"843745208","843745215","US","United States of America","New York","Manhattan"
"843755448","843755455","US","United States of America","Illinois","Naperville"
"843766704","843766711","US","United States of America","Pennsylvania","Allentown"
"843777216","843777223","US","United States of America","New York","Endicott"
"843784464","843784471","US","United States of America","New York","Rochester"
"843793256","843793263","US","United States of America","New York","Medina"
"843803360","843803367","US","United States of America","New York","Lackawanna"
"843811360","843811367","US","United States of America","New York","Elmira"
"843819040","843819043","US","United States of America","New York","New York City"
"843828816","843828823","US","United States of America","New York","Jamaica"
"843839528","843839543","US","United States of America","New York","New York City"
"843850936","843850943","US","United States of America","California","Napa"
"843862704","843862711","US","United States of America","Illinois","Chicago"
"843875496","843875503","US","United States of America","Colorado","Westminster"
"843891656","843891663","US","United States of America","South Carolina","North Charleston"
"843906904","843906919","US","United States of America","Illinois","Chicago"
"843920544","843920551","US","United States of America","Minnesota","Woodbury"
"843932296","843932303","US","United States of America","Pennsylvania","Wyomissing"
"843945376","843945383","US","United States of America","Illinois","Chicago"
"843958800","843958815","US","United States of America","Michigan","Troy"
"843972032","843972039","US","United States of America","Michigan","Auburn Hills"
"843984072","843984079","US","United States of America","Washington","Seattle"
"843995400","843995415","US","United States of America","Pennsylvania","Lancaster"
"844007096","844007103","US","United States of America","New Jersey","Newark"
"844019784","844019791","US","United States of America","Oregon","Tualatin"
"844033344","844033351","US","United States of America","Virginia","Petersburg"
"844044608","844044615","US","United States of America","Illinois","Chicago"
"844056936","844056943","US","United States of America","Florida","Pompano Beach"
"844070408","844070431","US","United States of America","Illinois","Chicago"
"844082704","844082719","US","United States of America","Massachusetts","Natick"
"844093136","844093143","US","United States of America","California","San Francisco"
"844239872","844240127","US","United States of America","Missouri","Saint Louis"
"844370984","844370987","US","United States of America","Texas","Garland"
"844380780","844380783","US","United States of America","Texas","Houston"
"844389184","844389191","US","United States of America","Texas","Houston"
"844397008","844397023","US","United States of America","Texas","Mesquite"
"844405200","844405207","US","United States of America","Georgia","Atlanta"
"844414312","844414319","US","United States of America","Texas","Houston"
"844424736","844424767","US","United States of America","Texas","Liberty Hill"
"844630336","844630339","US","United States of America","Florida","Ormond Beach"
"844643196","844643219","US","United States of America","Florida","Orlando"
"844904448","844904703","CA","Canada","British Columbia","Vancouver"
"845185958","845185958","US","United States of America","North Carolina","Concord"
"845322240","845322495","CA","Canada","British Columbia","Coquitlam"
"846071296","846071807","US","United States of America","West Virginia","Charleston"
"846420311","846420311","US","United States of America","California","Culver City"
"846838219","846838221","US","United States of America","West Virginia","Chapmanville"
"847864320","847864831","US","United States of America","Massachusetts","Boston"
"848312746","848312752","US","United States of America","Florida","Saint Augustine"
"848328665","848328665","US","United States of America","Pennsylvania","New Castle"
"848339617","848339617","US","United States of America","Maryland","Gambrills"
"848350826","848350856","US","United States of America","West Virginia","Martinsburg"
"848361226","848361232","US","United States of America","District of Columbia","Washington"
"848371009","848371009","US","United States of America","California","Pleasanton"
"848379138","848379140","US","United States of America","California","Cupertino"
"848387864","848387864","US","United States of America","California","Cupertino"
"848395466","848395472","US","United States of America","California","Cupertino"
"848406161","848406161","US","United States of America","Minnesota","Maple Grove"
"848417434","848417452","US","United States of America","Washington","Seattle"
"848426417","848426417","US","United States of America","Oregon","Portland"
"848438973","848438973","US","United States of America","Georgia","Atlanta"
"848453001","848453001","US","United States of America","Georgia","Alpharetta"
"848468073","848468073","US","United States of America","Florida","Hallandale Beach"
"848479601","848479601","US","United States of America","Indiana","Bloomington"
"848488850","848488860","US","United States of America","Tennessee","Memphis"
"848498794","848498800","US","United States of America","Virginia","Ashland"
"848506161","848506161","US","United States of America","Virginia","Danville"
"848516422","848516428","US","United States of America","Pennsylvania","Lancaster"
"848526085","848526085","US","United States of America","California","Visalia"
"848535490","848535496","US","United States of America","Colorado","Greenwood Village"
"848543185","848543185","US","United States of America","Colorado","Denver"
"848553609","848553609","US","United States of America","Washington","Bellevue"
"848563242","848563248","US","United States of America","Texas","San Marcos"
"848574041","848574041","US","United States of America","Texas","Houston"
"848581722","848581724","US","United States of America","Michigan","Battle Creek"
"848588617","848588617","US","United States of America","Michigan","Southfield"
"848597366","848597376","US","United States of America","New York","New York City"
"848606565","848606565","US","United States of America","New Jersey","Dover"
"848616770","848616776","US","United States of America","New York","New York City"
"848628322","848628360","US","United States of America","Illinois","Naperville"
"848636905","848636905","US","United States of America","Illinois","Romeoville"
"848646626","848646640","US","United States of America","Illinois","Naperville"
"848654985","848654985","US","United States of America","Illinois","Elmhurst"
"848672657","848672657","US","United States of America","Florida","Edgewood"
"848689453","848689453","US","United States of America","Florida","Bonita Springs"
"848697870","848697888","US","United States of America","District of Columbia","Washington"
"848705270","848705272","US","United States of America","Massachusetts","Boston"
"848712946","848712948","US","United States of America","New York","New York City"
"848726553","848726553","US","United States of America","Florida","Sebring"
"848738274","848738312","US","United States of America","Florida","Pompano Beach"
"848749850","848749852","US","United States of America","Illinois","Naperville"
"848761586","848761599","US","United States of America","New York","New York City"
"848770666","848770672","US","United States of America","Maryland","Hyattsville"
"848793602","848793792","US","United States of America","Utah","Salt Lake City"
"848815030","848815032","US","United States of America","Pennsylvania","Pittsburgh"
"848827226","848827228","US","United States of America","Colorado","Greenwood Village"
"848844650","848844656","US","United States of America","Texas","Alief"
"848872818","848872824","US","United States of America","Pennsylvania","York"
"848909065","848909065","US","United States of America","Georgia","Atlanta"
"848929289","848929289","US","United States of America","Illinois","Naperville"
"848953649","848953649","US","United States of America","Michigan","Ann Arbor"
"849003793","849003793","US","United States of America","Virginia","Richmond"
"849880646","849880656","US","United States of America","California","Cupertino"
"849891210","849891232","US","United States of America","Utah","Salt Lake City"
"849903922","849903932","US","United States of America","Tennessee","Nashville"
"849916825","849916825","US","United States of America","Georgia","Alpharetta"
"849933726","849933752","US","United States of America","Georgia","Douglas"
"849944066","849944088","US","United States of America","Maryland","Baltimore"
"849953130","849953136","US","United States of America","Maryland","Towson"
"849963241","849963241","US","United States of America","District of Columbia","Washington"
"849972914","849972916","US","United States of America","Colorado","Greenwood Village"
"849979558","849979560","US","United States of America","Colorado","Greenwood Village"
"849986873","849986873","US","United States of America","Colorado","Littleton"
"849995209","849995209","US","United States of America","Colorado","Fort Collins"
"850003665","850003665","US","United States of America","Massachusetts","Boston"
"850011626","850011628","US","United States of America","New York","New York City"
"850019126","850019128","US","United States of America","Massachusetts","Cambridge"
"850028386","850028392","US","United States of America","Massachusetts","Cambridge"
"850040217","850040217","US","United States of America","Massachusetts","Boston"
"850047281","850047281","US","United States of America","Massachusetts","Needham"
"850055354","850055376","US","United States of America","Massachusetts","Cambridge"
"850063042","850063064","US","United States of America","Massachusetts","Cambridge"
"850070994","850071000","US","United States of America","Illinois","Naperville"
"850078090","850078096","US","United States of America","Illinois","Naperville"
"850086226","850086232","US","United States of America","Illinois","Naperville"
"850094689","850094689","US","United States of America","Illinois","Glenview"
"850102961","850102961","US","United States of America","Illinois","Homewood"
"850111573","850111573","US","United States of America","Illinois","Chicago"
"850120409","850120409","US","United States of America","Illinois","Downers Grove"
"850130614","850130616","US","United States of America","Illinois","Aurora"
"850140778","850140780","US","United States of America","Florida","Pompano Beach"
"850150298","850150312","US","United States of America","Florida","Miami"
"850162881","850162881","US","United States of America","Florida","Pompano Beach"
"850174294","850174336","US","United States of America","Texas","Houston"
"850187305","850187305","US","United States of America","Texas","Alvin"
"850199537","850199537","US","United States of America","Oregon","Tigard"
"850209633","850209633","US","United States of America","Oregon","Tigard"
"850217837","850217837","US","United States of America","Pennsylvania","State College"
"850226837","850226837","US","United States of America","Pennsylvania","Reading"
"850234686","850234704","US","United States of America","Michigan","Warren"
"850241792","850241836","US","United States of America","Michigan","Warren"
"850254173","850254173","US","United States of America","Minnesota","Shoreview"
"850265098","850265104","US","United States of America","New York","New York City"
"850274573","850274573","US","United States of America","New Jersey","Dover"
"850283105","850283105","US","United States of America","New Jersey","Bloomingdale"
"850291081","850291081","US","United States of America","New Jersey","Union"
"850301677","850301677","US","United States of America","Pennsylvania","Bensalem"
"850313909","850313909","US","United States of America","Pennsylvania","Sellersville"
"850324657","850324657","US","United States of America","Pennsylvania","Ivyland"
"850334737","850334737","US","United States of America","Washington","Tacoma"
"850346046","850346060","US","United States of America","Washington","Seattle"
"850357225","850357225","US","United States of America","Washington","SeaTac"
"850365814","850365816","US","United States of America","California","Cupertino"
"850372634","850372656","US","United States of America","California","Cupertino"
"850380425","850380425","US","United States of America","California","Santa Clara"
"850388701","850388701","US","United States of America","California","Walnut Creek"
"850938624","850938879","US","United States of America","New York","New York City"
"851298816","851301631","US","United States of America","New York","New York City"
"851452272","851452279","US","United States of America","Georgia","Alpharetta"
"851470536","851470543","US","United States of America","Michigan","Canton"
"851488328","851488335","US","United States of America","Florida","Miami"
"851503824","851503831","US","United States of America","New Jersey","Princeton"
"851522656","851522663","US","United States of America","California","Oakland"
"851543824","851543831","US","United States of America","Virginia","Arlington"
"851564160","851564167","US","United States of America","Oregon","Salem"
"851580816","851580839","US","United States of America","California","Sonora"
"851597960","851597975","US","United States of America","Illinois","Naperville"
"851611656","851611663","US","United States of America","Colorado","Denver"
"851627824","851627839","US","United States of America","Minnesota","Saint Paul"
"851642792","851642799","US","United States of America","Massachusetts","Kingston"
"851653128","851653135","US","United States of America","New Hampshire","Nashua"
"851664328","851664335","US","United States of America","West Virginia","Inwood"
"851677184","851677199","US","United States of America","Illinois","Chicago"
"851718640","851718655","US","United States of America","Pennsylvania","Warminster"
"851731064","851731071","US","United States of America","Georgia","Saint Simons Island"
"851748608","851748615","US","United States of America","California","Campbell"
"851761184","851761199","US","United States of America","Illinois","Chicago"
"851780896","851780911","US","United States of America","Pennsylvania","Bethel Park"
"851800200","851800207","US","United States of America","Michigan","Northville"
"851813032","851813039","US","United States of America","California","San Francisco"
"851827120","851827135","US","United States of America","Texas","Conroe"
"851944704","851944959","US","United States of America","New Jersey","Newark"
"851985457","851985457","US","United States of America","Illinois","Chicago"
"852004653","852004653","US","United States of America","Massachusetts","Lynn"
"852020194","852020208","US","United States of America","Illinois","Forest Park"
"852036169","852036169","US","United States of America","Pennsylvania","Scranton"
"852053837","852053837","US","United States of America","Michigan","Woodhaven"
"852074413","852074413","US","United States of America","Georgia","Atlanta"
"852091989","852091989","US","United States of America","Illinois","Elmhurst"
"852112794","852112816","US","United States of America","New York","New York City"
"852130834","852130872","US","United States of America","Illinois","Rockford"
"852147765","852147765","US","United States of America","Florida","Pompano Beach"
"852168310","852168312","US","United States of America","Illinois","Chicago"
"852187474","852187480","US","United States of America","Massachusetts","Cambridge"
"852204486","852204512","US","United States of America","Oregon","Troutdale"
"852223162","852223168","US","United States of America","Colorado","Snowmass Village"
"852242482","852242484","US","United States of America","New York","New York City"
"852258194","852258196","US","United States of America","California","Cupertino"
"852278193","852278193","US","United States of America","District of Columbia","Washington"
"852292457","852292457","US","United States of America","California","San Jose"
"852310369","852310369","US","United States of America","Georgia","Marietta"
"852327936","852328032","US","United States of America","Colorado","Greenwood Village"
"852344530","852344575","US","United States of America","District of Columbia","Washington"
"852364037","852364037","US","United States of America","Pennsylvania","Tarentum"
"852380793","852380793","US","United States of America","Texas","Humble"
"852397826","852397839","US","United States of America","Illinois","Elmhurst"
"852416754","852416756","US","United States of America","Illinois","Naperville"
"852434882","852434888","US","United States of America","Utah","Ogden"
"852453586","852453588","US","United States of America","North Carolina","Charlotte"
"852472593","852472593","US","United States of America","Utah","Logan"
"852500736","852501247","US","United States of America","California","Cupertino"
"852672256","852672511","US","United States of America","Michigan","Pontiac"
"852959744","852959999","US","United States of America","New York","New York City"
"853030825","853030825","US","United States of America","California","Santa Maria"
"853049769","853049769","US","United States of America","Georgia","Atlanta"
"853068314","853068416","US","United States of America","New York","New York City"
"853084434","853084524","US","United States of America","Maryland","Hancock"
"853098249","853098249","US","United States of America","Texas","Houston"
"853111569","853111569","US","United States of America","Washington","Seattle"
"853126845","853126845","US","United States of America","Indiana","Indianapolis"
"853141170","853141192","US","United States of America","Texas","Houston"
"853158521","853158521","US","United States of America","Colorado","Denver"
"853173514","853173524","US","United States of America","Florida","Panama City"
"853185746","853185776","US","United States of America","Michigan","Kalamazoo"
"853193074","853193076","US","United States of America","Michigan","Dearborn"
"853201786","853201844","US","United States of America","California","Sacramento"
"853220954","853220976","US","United States of America","Massachusetts","Cambridge"
"853235842","853235856","US","United States of America","Massachusetts","Cambridge"
"853252930","853252936","US","United States of America","South Carolina","Charleston"
"853264986","853265008","US","United States of America","Virginia","Sterling"
"853271552","853271552","US","United States of America","Virginia","Lexington"
"853281938","853282024","US","United States of America","Massachusetts","Cambridge"
"853296705","853296705","US","United States of America","Washington","Seattle"
"853311916","853311919","US","United States of America","California","San Carlos"
"853326697","853326697","US","United States of America","Oregon","Dayton"
"853342906","853342944","US","United States of America","New York","New York City"
"853357312","853357316","US","United States of America","California","Cupertino"
"853367722","853367724","US","United States of America","Illinois","Naperville"
"853385122","853385128","US","United States of America","New York","New York City"
"853400117","853400117","US","United States of America","Tennessee","Murfreesboro"
"853413666","853413672","US","United States of America","California","Cupertino"
"853438450","853438452","US","United States of America","Washington","Seattle"
"853454813","853454813","US","United States of America","Michigan","Flint"
"853463002","853463008","US","United States of America","Tennessee","Morristown"
"853469414","853469432","US","United States of America","Florida","Fort Myers"
"853478993","853478993","US","United States of America","Illinois","Decatur"
"853491617","853491617","US","United States of America","Illinois","Westmont"
"853514957","853514957","US","United States of America","Tennessee","Nashville"
"853529314","853529328","US","United States of America","Florida","Tallahassee"
"853545897","853545897","US","United States of America","Florida","Dade City North"
"853568549","853568549","US","United States of America","Michigan","Muskegon"
"853585753","853585753","US","United States of America","District of Columbia","Washington"
"853607353","853607353","US","United States of America","Maryland","Capitol Heights"
"853629281","853629281","US","United States of America","Virginia","Richmond"
"853653297","853653297","US","United States of America","Georgia","Atlanta"
"853675790","853675808","US","United States of America","Illinois","Chicago"
"853696217","853696217","US","United States of America","Illinois","Chicago"
"853717681","853717681","US","United States of America","Florida","Sebring"
"853736448","853736703","US","United States of America","Utah","Salt Lake City"
"853758833","853758833","US","United States of America","Georgia","Atlanta"
"853781301","853781301","US","United States of America","Illinois","Oswego"
"853806398","853806416","US","United States of America","New Jersey","Newark"
"853821952","853821952","US","United States of America","Maryland","Baltimore"
"853839301","853839301","US","United States of America","Georgia","Savannah"
"853858210","853858232","US","United States of America","New Mexico","Santa Fe"
"853873585","853873585","US","United States of America","Indiana","Speedway"
"853889610","853889624","US","United States of America","New Jersey","Princeton"
"853905322","853905328","US","United States of America","Illinois","Naperville"
"853916829","853916829","US","United States of America","Texas","Galveston"
"853931264","853931264","US","United States of America","California","Cupertino"
"853945857","853945857","US","United States of America","Massachusetts","Boston"
"853963193","853963193","US","United States of America","Illinois","Chicago"
"853981209","853981209","US","United States of America","Virginia","Richmond"
"853994493","853994493","US","United States of America","Connecticut","Berlin"
"854007926","854007928","US","United States of America","Georgia","Atlanta"
"854023990","854024048","US","United States of America","Michigan","Saint Clair Shores"
"854039920","854039968","US","United States of America","Massachusetts","Cambridge"
"854051840","854051840","US","United States of America","California","San Jose"
"854068266","854068308","US","United States of America","Illinois","Naperville"
"854086169","854086169","US","United States of America","Pennsylvania","Homestead"
"854105522","854105576","US","United States of America","Maryland","Ocean City"
"854123498","854123568","US","United States of America","Massachusetts","Cambridge"
"854140721","854140721","US","United States of America","Illinois","Decatur"
"854160458","854160468","US","United States of America","California","San Rafael"
"854177898","854177960","US","United States of America","Massachusetts","Cambridge"
"854195762","854195768","US","United States of America","Maryland","Baltimore"
"854215005","854215005","US","United States of America","Pennsylvania","Philadelphia"
"854232845","854232845","US","United States of America","Pennsylvania","Malvern"
"854253312","854253327","US","United States of America","New York","Brooklyn"
"854273926","854273960","US","United States of America","Massachusetts","Cambridge"
"854291633","854291633","US","United States of America","Massachusetts","Orleans"
"854313194","854313207","US","United States of America","Florida","Miami"
"854332614","854332656","US","United States of America","New York","New York City"
"854350625","854350625","US","United States of America","Tennessee","Nashville"
"854365696","854365788","US","United States of America","District of Columbia","Washington"
"854381738","854381768","US","United States of America","Massachusetts","Cambridge"
"854398265","854398265","US","United States of America","Washington","Bellevue"
"854415673","854415673","US","United States of America","Illinois","Chicago"
"854431565","854431565","US","United States of America","New Jersey","Newark"
"854449398","854449400","US","United States of America","California","San Mateo"
"854469001","854469001","US","United States of America","New Jersey","Vineland"
"854488320","854488328","US","United States of America","Massachusetts","Cambridge"
"854505313","854505313","US","United States of America","Tennessee","Gallatin"
"854519162","854519240","US","United States of America","Delaware","Dagsboro"
"854534297","854534297","US","United States of America","Connecticut","Hamden"
"854548882","854548884","US","United States of America","California","Cupertino"
"854566949","854566949","US","United States of America","Minnesota","Fridley"
"854586941","854586941","US","United States of America","Michigan","Ann Arbor"
"854659656","854659663","US","United States of America","Georgia","Atlanta"
"854767832","854767855","US","United States of America","Maryland","Baltimore"
"854821376","854821631","US","United States of America","Colorado","Pueblo"
"855143614","855143616","US","United States of America","Colorado","Greenwood Village"
"855427840","855428095","US","United States of America","New Hampshire","Manchester"
"856109312","856109567","GB","United Kingdom of Great Britain and Northern Ireland","Wales","Newport"
"856294726","856294755","US","United States of America","Virginia","Dulles"
"856297774","856297774","US","United States of America","Iowa","Des Moines"
"856300454","856300454","US","United States of America","Georgia","Atlanta"
"856304121","856304121","NL","Netherlands (Kingdom of the)","Noord-Holland","Amsterdam"
"856565248","856565503","GB","United Kingdom of Great Britain and Northern Ireland","England","Sheffield"
"859350272","859351807","AU","Australia","New South Wales","Sydney"
"860612352","860612463","FR","France","Hauts-de-France","Roubaix"
"860843088","860843095","TR","Turkiye","Aydin","Aydin"
"860972416","860972431","US","United States of America","Texas","Dallas"
"861471568","861471583","IT","Italy","Lombardia","Milan"
"861506576","861506583","GB","United Kingdom of Great Britain and Northern Ireland","England","London"
"862715904","862781439","DE","Germany","Bayern","Munich"
"866221024","866221031","RO","Romania","Bucuresti","Bucharest"
"867106816","867107071","NO","Norway","Vestland","Norheimsund"
"867603712","867603967","IE","Ireland","Kildare","Maynooth"
"868385795","868386081","GB","United Kingdom of Great Britain and Northern Ireland","England","London"
"868451112","868451115","GB","United Kingdom of Great Britain and Northern Ireland","England","London"
"869444128","869444135","PT","Portugal","Lisboa","Lisbon"
"872166912","872167167","SA","Saudi Arabia","Ash Sharqiyah","Dhahran"
"872331320","872331327","BE","Belgium","Vlaams-Brabant","Zaventem"
"872406432","872406439","GB","United Kingdom of Great Britain and Northern Ireland","England","London"
"878710784","878711039","US","United States of America","Texas","San Antonio"
"878815296","878815423","AT","Austria","Wien","Vienna"
"878894720","878895023","NL","Netherlands (Kingdom of the)","Noord-Holland","Amsterdam"
"879276288","879276543","DK","Denmark","Hovedstaden","Copenhagen"
"879874048","879878143","US","United States of America","California","San Francisco"
"880813056","880813823","US","United States of America","New York","New York City"
"880819999","880820001","US","United States of America","Texas","Dallas"
"881877638","881877638","US","United States of America","Texas","Santo"
"881905668","881905727","US","United States of America","Washington","Seattle"
"887081510","887081510","NL","Netherlands (Kingdom of the)","Noord-Holland","Amsterdam"
"887087691","887087692","US","United States of America","California","San Francisco"
"908337944","908337955","FR","France","Hauts-de-France","Roubaix"
"908423040","908423071","PT","Portugal","Lisboa","Lisbon"
"908497184","908497231","FR","France","Hauts-de-France","Roubaix"
"908583848","908583859","CA","Canada","Quebec","Montreal"
"956819456","956819711","US","United States of America","California","San Jose"
"961769472","961771519","QA","Qatar","Ad Dawhah","Doha"
"965019304","965019307","ES","Spain","Catalunya","Barcelona"
"965042144","965042151","DE","Germany","Berlin","Berlin"
"965538123","965538123","SG","Singapore","Singapore","Singapore"
"969039104","969039615","US","United States of America","California","San Jose"
"969612800","969613311","BE","Belgium","Brussels Hoofdstedelijk Gewest","Brussels"
"970084096","970084351","US","United States of America","California","San Jose"
"970446592","970447103","US","United States of America","California","San Jose"
"970709248","970709389","US","United States of America","California","San Jose"
"973317376","973317631","JP","Japan","Kumamoto","Kumamoto"
"974271460","974271518","CN","China","Nei Mongol","Hohhot"
"974794336","974794367","MY","Malaysia","Selangor","Cyberjaya"
"977600764","977600783","PH","Philippines","National Capital Region","Mandaluyong City"
"977645024","977645024","PH","Philippines","Pangasinan","Balungao"
"978331960","978332079","JP","Japan","Tokyo","Tokyo"
"979319808","979320831","JP","Japan","Tokyo","Tokyo"
"980415744","980416255","AU","Australia","New South Wales","Newcastle"
"982143027","982143028","JP","Japan","Tokyo","Tokyo"
"982147172","982147173","JP","Japan","Osaka","Osaka"
"983430832","983430839","JP","Japan","Hokkaido","Sapporo"
"983784637","983784637","AU","Australia","South Australia","Adelaide"
"985118464","985118975","JP","Japan","Tokyo","Tokyo"
"986860680","986860703","CN","China","Jiangsu","Suzhou"
"986944272","986944359","CN","China","Jiangsu","Suzhou"
"987168376","987168383","CN","China","Jiangsu","Wuxi"
"987297488","987297779","CN","China","Jiangsu","Changzhou"
"987615480","987615483","CN","China","Jiangsu","Nantong"
"987961088","987964927","KR","Korea (the Republic of)","Seoul-teukbyeolsi","Seoul"
"988875292","988875303","CN","China","Jiangsu","Wuxi"
"989219100","989219783","CN","China","Shanghai","Shanghai"
"989980416","989980671","KR","Korea (the Republic of)","Jeollabuk-do","Buan"
"991023104","991023615","KR","Korea (the Republic of)","Gyeonggi-do","Seongnam"
"991963556","991963559","CN","China","Guangdong","Guangzhou"
"992427752","992427755","CN","China","Guangdong","Foshan"
"993042002","993042002","CN","China","Shanxi","Yuncheng"
"995501056","995501311","JP","Japan","Aichi","Toyohashi"
"995987200","995987455","IN","India","Andhra Pradesh","Tadepallegudem"
"996392192","996392447","IN","India","Rajasthan","Neem ka Thana"
"996438256","996438263","AU","Australia","New South Wales","Yarra"
"996450280","996450303","AU","Australia","Victoria","Richmond"
"996459444","996459451","AU","Australia","Victoria","Richmond"
"996469880","996469883","AU","Australia","Tasmania","Glebe"
"997734704","997734783","TW","Taiwan (Province of China)","Hsinchu","Hsinchu"
"998031424","998031487","TW","Taiwan (Province of China)","Taoyuan","Taoyuan"
"998270103","998270105","JP","Japan","Tokyo","Tokyo"
"998274767","998274767","JP","Japan","Saitama","Misato"
"999296600","999296607","IN","India","Punjab","Ludhiana"
"999311808","999311871","IN","India","Delhi","Delhi"
"999338384","999338391","IN","India","Chhattisgarh","Bilaspur"
"999386181","999386183","IN","India","Delhi","Delhi"
"999400072","999400099","IN","India","Delhi","Delhi"
"999419648","999419679","IN","India","Karnataka","Bengaluru"
"999966344","999966351","AU","Australia","New South Wales","Macquarie Park"
"999988608","999988615","AU","Australia","New South Wales","Macquarie Park"
"1000232240","1000232447","JP","Japan","Tokyo","Tokyo"
"1001571840","1001572095","IN","India","Himachal Pradesh","Dagshai"
"1006773624","1006773663","CN","China","Hebei","Shijiazhuang"
"1007474688","1007476991","CN","China","Zhejiang","Ningbo"
"1008728320","1008728355","CN","China","Nei Mongol","Baotou"
"1008777672","1008777679","JP","Japan","Shizuoka","Shizuoka"
"1009377024","1009379327","JP","Japan","Tokyo","Tokyo"
"1009982208","1009982463","MY","Malaysia","Johor","Tampoi"
"1010395136","1010396671","JP","Japan","Osaka","Osaka"
"1011875328","1011876351","JP","Japan","Tokyo","Tokyo"
"1013336064","1013336319","JP","Japan","Niigata","Tarodai"
"1014344960","1014345471","JP","Japan","Tokyo","Tokyo"
"1015665920","1015667455","JP","Japan","Tokyo","Tokyo"
"1017425920","1017428479","CN","China","Gansu","Jiayuguan"
"1019136092","1019136111","CN","China","Zhejiang","Shaoxing"
"1019203616","1019203623","CN","China","Zhejiang","Jinhua"
"1020397384","1020397384","CN","China","Shandong","Jinan"
"1020688872","1020688879","CN","China","Shandong","Zaozhuang"
"1021813681","1021813681","AU","Australia","Queensland","Brisbane"
"1021817918","1021817920","AU","Australia","Western Australia","Gudarra"
"1022317056","1022317567","JP","Japan","Hokkaido","Sapporo"
"1022392596","1022392599","AU","Australia","Western Australia","Perth"
"1022430248","1022430251","AU","Australia","New South Wales","Northmead"
"1022473236","1022473239","AU","Australia","Tasmania","Glebe"
"1022498276","1022498283","AU","Australia","New South Wales","Ryde"
"1022530560","1022531071","AU","Australia","New South Wales","Sydney"
"1022699176","1022699183","TW","Taiwan (Province of China)","Hsinchu","Hsinchu"
"1023008976","1023009055","TW","Taiwan (Province of China)","Kaohsiung","Kaohsiung"
"1023514112","1023514367","IN","India","Andhra Pradesh","Nagari"
"1023938970","1023938972","AU","Australia","Victoria","Healesville"
"1023941690","1023941692","AU","Australia","Victoria","Melbourne"
"1024862976","1024864255","JP","Japan","Tokyo","Tokyo"
"1025404032","1025404063","TW","Taiwan (Province of China)","Hsinchu","Hsinchu"
"1025822240","1025822271","KR","Korea (the Republic of)","Gyeonggi-do","Suwon"
"1027054592","1027054847","CN","China","Hebei","Shijiazhuang"
"1027870832","1027870839","AU","Australia","Tasmania","Glebe"
"1027937964","1027937967","AU","Australia","Tasmania","Glebe"
"1027951096","1027951099","AU","Australia","Victoria","Richmond"
"1027961920","1027961935","AU","Australia","New South Wales","Lane Cove"
"1028416512","1028417279","KR","Korea (the Republic of)","Gyeonggi-do","Seongnam"
"1029198356","1029198359","AU","Australia","Victoria","Melbourne"
"1029386752","1029387263","TH","Thailand","Krung Thep Maha Nakhon","Bangkok"
"1029681132","1029681135","IN","India","Maharashtra","Mumbai"
"1030881024","1030881279","JP","Japan","Osaka","Osaka"
"1031366520","1031366527","JP","Japan","Saga","Kanzaki"
"1031950336","1031952383","CN","China","Zhejiang","Ningbo"
"1032085320","1032085327","CN","China","Beijing","Beijing"
"1032371416","1032371451","CN","China","Hubei","Xiaogan"
"1032717920","1032717951","CN","China","Guangdong","Dongguan"
"1032834512","1032834515","CN","China","Guangdong","Meizhou"
"1033008556","1033008559","CN","China","Guangdong","Heyuan"
"1033534864","1033534871","CN","China","Fujian","Jinjiang"
"1033862912","1033863167","CN","China","Gansu","Tianshui"
"1034152192","1034153033","CN","China","Henan","Zhengzhou"
"1034204752","1034204759","CN","China","Zhejiang","Yiwu"
"1034904832","1034904835","CN","China","Shandong","Xintai"
"1035059832","1035059847","CN","China","Beijing","Beijing"
"1035630592","1035632639","CN","China","Hunan","Yongzhou"
"1036217088","1036217855","JP","Japan","Hyogo","Amagasaki"
"1036411648","1036411903","JP","Japan","Shizuoka","Numazu"
"1036871168","1036871423","JP","Japan","Tochigi","Ashikaga"
"1037404760","1037404767","JP","Japan","Hyogo","Kakogawa"
"1037736800","1037736831","TW","Taiwan (Province of China)","Taichung","Taichung"
"1037788816","1037788823","TW","Taiwan (Province of China)","Tainan","Tainan"
"1037917504","1037917535","TW","Taiwan (Province of China)","Miaoli","Miaoli"
"1037978400","1037978407","TW","Taiwan (Province of China)","Hsinchu","Hsinchu"
"1038573568","1038581759","TW","Taiwan (Province of China)","Taipei","Taipei"
"1039254272","1039254527","CN","China","Fujian","Nanping"
"1039562880","1039562883","IN","India","Madhya Pradesh","Bihar"
"1039592240","1039592247","IN","India","Delhi","Delhi"
"1040272800","1040272847","GR","Greece","Attiki","Athens"
"1040348472","1040348479","CH","Switzerland","Basel-Stadt","Basel"
"1040371832","1040371835","CH","Switzerland","Sankt Gallen","Rheineck"
"1040472328","1040472331","DE","Germany","Hessen","Frankfurt am Main"
"1040640656","1040640671","GB","United Kingdom of Great Britain and Northern Ireland","England","Sunderland"
"1040974104","1040974111","NL","Netherlands (Kingdom of the)","Noord-Holland","Amsterdam-Zuidoost"
"1041279232","1041279487","NO","Norway","Oslo","Oslo"
"1041500344","1041500359","SE","Sweden","Stockholms lan","Solna"
"1041515168","1041515175","SE","Sweden","Uppsala lan","Uppsala"
"1041533440","1041533471","SE","Sweden","Stockholms lan","Handen"
"1041611064","1041611071","NL","Netherlands (Kingdom of the)","Limburg","Maastricht"
"1041633232","1041633239","ES","Spain","Madrid, Comunidad de","Madrid"
"1041700624","1041700631","FR","France","Ile-de-France","Paris"
"1041756376","1041756379","DE","Germany","Berlin","Berlin"
"1041838128","1041838135","NL","Netherlands (Kingdom of the)","Drenthe","Emmen"
"1041949850","1041949850","DE","Germany","Nordrhein-Westfalen","Overath"
"1042025416","1042025427","PT","Portugal","Lisboa","Lisbon"
"1042066016","1042066031","PT","Portugal","Lisboa","Carnaxide"
"1042154338","1042154338","GB","United Kingdom of Great Britain and Northern Ireland","England","Reading"
"1042156902","1042156903","GB","United Kingdom of Great Britain and Northern Ireland","Wales","Cardiff"
"1042164747","1042164749","GB","United Kingdom of Great Britain and Northern Ireland","Scotland","Edinburgh"
"1042171710","1042171724","GB","United Kingdom of Great Britain and Northern Ireland","England","Sheffield"
"1042174486","1042174486","GB","United Kingdom of Great Britain and Northern Ireland","England","Brent"
"1042179301","1042179301","GB","United Kingdom of Great Britain and Northern Ireland","Wales","Cardiff"
"1042183344","1042183344","GB","United Kingdom of Great Britain and Northern Ireland","England","Reading"
"1042191303","1042191304","GB","United Kingdom of Great Britain and Northern Ireland","England","Reading"
"1042193520","1042193520","GB","United Kingdom of Great Britain and Northern Ireland","England","London"
"1042203725","1042203726","GB","United Kingdom of Great Britain and Northern Ireland","England","London"
"1042205263","1042205264","GB","United Kingdom of Great Britain and Northern Ireland","Wales","Cardiff"
"1042209539","1042209539","GB","United Kingdom of Great Britain and Northern Ireland","Wales","Cardiff"
"1042211616","1042211616","GB","United Kingdom of Great Britain and Northern Ireland","England","Reading"
"1042219165","1042219166","GB","United Kingdom of Great Britain and Northern Ireland","Scotland","Edinburgh"
"1042226466","1042226466","GB","United Kingdom of Great Britain and Northern Ireland","England","Bournemouth"
"1042229246","1042229246","GB","United Kingdom of Great Britain and Northern Ireland","England","Manchester"
"1042235236","1042235236","GB","United Kingdom of Great Britain and Northern Ireland","England","Reading"
"1042237990","1042237990","GB","United Kingdom of Great Britain and Northern Ireland","Wales","Cardiff"
"1042239835","1042239835","GB","United Kingdom of Great Britain and Northern Ireland","Wales","Cardiff"
"1042242353","1042242358","GB","United Kingdom of Great Britain and Northern Ireland","England","Reading"
"1042249216","1042249223","GB","United Kingdom of Great Britain and Northern Ireland","England","Reading"
"1042257115","1042257116","GB","United Kingdom of Great Britain and Northern Ireland","England","Reading"
"1042261176","1042261180","GB","United Kingdom of Great Britain and Northern Ireland","England","Reading"
"1042268604","1042268605","GB","United Kingdom of Great Britain and Northern Ireland","England","London"
"1042281920","1042281943","GB","United Kingdom of Great Britain and Northern Ireland","England","Reading"
"1042552832","1042553087","ES","Spain","Extremadura","Caceres"
"1042826344","1042826347","PL","Poland","Slaskie","Katowice"
"1042881024","1042881535","BE","Belgium","Brussels Hoofdstedelijk Gewest","Brussels"
"1042910064","1042910071","NL","Netherlands (Kingdom of the)","Noord-Holland","Haarlem"
"1042929760","1042929855","NL","Netherlands (Kingdom of the)","Zuid-Holland","The Hague"
"1043131392","1043132415","FI","Finland","Kanta-Hame","Vantaa"
"1043386400","1043386623","PT","Portugal","Lisboa","Lisbon"
"1043605307","1043605307","DE","Germany","Hamburg","Hamburg"
"1043645194","1043645194","DE","Germany","Nordrhein-Westfalen","Dortmund"
"1043661944","1043661944","DE","Germany","Nordrhein-Westfalen","Koeln"
"1043664348","1043664350","DE","Germany","Nordrhein-Westfalen","Dusseldorf"
"1043667514","1043667515","DE","Germany","Niedersachsen","Evershorst"
"1043728384","1043728639","DE","Germany","Hamburg","Hamburg"
"1043782216","1043782223","DE","Germany","Baden-Wurttemberg","Tuebingen"
"1043791280","1043791287","DE","Germany","Bayern","Munich"
"1043852096","1043852103","DE","Germany","Baden-Wurttemberg","Mannheim"
"1044051992","1044051995","FR","France","Hauts-de-France","Roubaix"
"1044418160","1044418161","GB","United Kingdom of Great Britain and Northern Ireland","England","High Wycombe"
"1044429744","1044429751","GB","United Kingdom of Great Britain and Northern Ireland","England","Norwich"
"1044436456","1044436479","GB","United Kingdom of Great Britain and Northern Ireland","England","Shoreham-by-Sea"
"1044443736","1044443737","GB","United Kingdom of Great Britain and Northern Ireland","England","Eastbourne"
"1044582000","1044582007","HU","Hungary","Budapest","Budapest"
"1044595856","1044595871","SI","Slovenia","Trzin","Trzin"
"1044697472","1044697487","AT","Austria","Oberosterreich","Rohrbach"
"1044986224","1044986231","FI","Finland","Varsinais-Suomi","Ylane"
"1045093177","1045093179","GR","Greece","Kentriki Makedonia","Sindos"
"1045287092","1045287103","HU","Hungary","Budapest","Budapest"
"1045436640","1045436643","DE","Germany","Baden-Wurttemberg","Muggensturm"
"1045611792","1045611807","ES","Spain","Andalucia","Almeria"
"1045856792","1045856795","IT","Italy","Emilia-Romagna","Parma"
"1046038528","1046038655","PL","Poland","Malopolskie","Krakow"
"1046088235","1046088235","IL","Israel","HaMerkaz","Netanya"
"1046101432","1046101439","IL","Israel","Tel Aviv","Tel Aviv"
"1046121631","1046121631","IL","Israel","Hefa","Haifa"
"1046127397","1046127397","IL","Israel","Hefa","Haifa"
"1046139513","1046139516","IL","Israel","Hefa","Haifa"
"1046353488","1046353503","IT","Italy","Lombardia","Vimercate"
"1046392376","1046392383","IT","Italy","Emilia-Romagna","Fiorano Modenese"
"1046486640","1046486643","DE","Germany","Hamburg","Hamburg"
"1046499176","1046499199","DE","Germany","Hessen","Frankfurt am Main"
"1046515392","1046515455","DE","Germany","Hamburg","Hamburg"
"1046531700","1046531703","DE","Germany","Hamburg","Hamburg"
"1046571464","1046571471","ES","Spain","Madrid, Comunidad de","Madrid"
"1046653440","1046653695","IT","Italy","Sicilia","Agrigento"
"1046711332","1046711343","AT","Austria","Wien","Vienna"
"1046728368","1046728407","AT","Austria","Wien","Vienna"
"1046828952","1046828959","IT","Italy","Piemonte","Avigliana"
"1046937424","1046937431","FR","France","Pays-de-la-Loire","Nantes"
"1047115520","1047115527","GB","United Kingdom of Great Britain and Northern Ireland","England","Farnham"
"1047397584","1047397599","IT","Italy","Lombardia","Seriate"
"1047411980","1047411983","IT","Italy","Lombardia","Milan"
"1047423472","1047423475","IT","Italy","Calabria","Paola"
"1047448536","1047448543","IT","Italy","Piemonte","Torino"
"1047517584","1047517599","PL","Poland","Pomorskie","Gdansk"
"1047725861","1047725861","GB","United Kingdom of Great Britain and Northern Ireland","England","London"
"1047728220","1047728220","US","United States of America","Florida","Boca Raton"
"1047730238","1047730238","RU","Russian Federation","Moskva","Moscow"
"1047733391","1047733391","BE","Belgium","Brussels Hoofdstedelijk Gewest","Brussels"
"1047735065","1047735065","BE","Belgium","Brussels Hoofdstedelijk Gewest","Brussels"
"1047736670","1047736670","CA","Canada","Quebec","Montreal"
"1047739658","1047739658","DE","Germany","Bayern","Munich"
"1047744448","1047744448","FR","France","Ile-de-France","Paris"
"1047753048","1047753048","LV","Latvia","Riga","Riga"
"1047757201","1047757201","US","United States of America","Virginia","Ashburn"
"1047759923","1047759923","SG","Singapore","Singapore","Singapore"
"1047761524","1047761524","US","United States of America","California","San Jose"
"1047762940","1047762940","BG","Bulgaria","Sofia (stolitsa)","Sofia"
"1047764553","1047764554","DE","Germany","Hessen","Frankfurt am Main"
"1047766661","1047766661","DE","Germany","Bayern","Munich"
"1047768008","1047768009","GB","United Kingdom of Great Britain and Northern Ireland","England","London"
"1047769352","1047769352","NL","Netherlands (Kingdom of the)","Noord-Holland","Amsterdam"
"1047770737","1047770739","US","United States of America","Texas","Dallas"
"1047772067","1047772071","BE","Belgium","Brussels Hoofdstedelijk Gewest","Brussels"
"1047773448","1047773448","NL","Netherlands (Kingdom of the)","Noord-Holland","Amsterdam"
"1047775172","1047775172","FR","France","Ile-de-France","Paris"
"1047776489","1047776489","SE","Sweden","Stockholms lan","Solna"
"1047777725","1047777725","SE","Sweden","Stockholms lan","Solna"
"1047783589","1047783589","BE","Belgium","Brussels Hoofdstedelijk Gewest","Brussels"
"1048014064","1048014495","SE","Sweden","Stockholms lan","Solna"
"1048282640","1048282647","IT","Italy","Lazio","Rome"
"1048304016","1048304023","IT","Italy","Sicilia","Messina"
"1048769024","1048769535","GB","United Kingdom of Great Britain and Northern Ireland","England","Wirral"
"1048861656","1048861663","NL","Netherlands (Kingdom of the)","Zuid-Holland","Leiden"
"1048881520","1048881527","NL","Netherlands (Kingdom of the)","Zuid-Holland","Ouddorp"
"1048900536","1048900543","NL","Netherlands (Kingdom of the)","Gelderland","Eibergen"
"1049358336","1049358591","EG","Egypt","Al Gharbiyah","Al Mahallah al Kubra"
"1049679224","1049679255","DE","Germany","Hessen","Frankfurt am Main"
"1049903616","1049903871","PL","Poland","Slaskie","Blachownia"
"1050195352","1050195359","DE","Germany","Baden-Wurttemberg","Murr"
"1050237856","1050237871","DE","Germany","Nordrhein-Westfalen","Dusseldorf"
"1050254384","1050254391","DE","Germany","Nordrhein-Westfalen","Essen"
"1050266636","1050266639","DE","Germany","Berlin","Berlin"
"1050280763","1050280772","DE","Germany","Berlin","Berlin"
"1050289527","1050289528","DE","Germany","Bayern","Munich"
"1050332512","1050332519","DE","Germany","Hessen","Oberursel"
"1050453232","1050453239","DE","Germany","Niedersachsen","Hanover"
"1050506744","1050506751","DE","Germany","Bremen","Bremen"
"1050531776","1050531783","DE","Germany","Sachsen","Zwickau"
"1050608127","1050608127","DE","Germany","Nordrhein-Westfalen","Gutersloh"
"1050609949","1050609949","DE","Germany","Bayern","Munich"
"1050610993","1050610993","DE","Germany","Bayern","Nuremberg"
"1050627400","1050627407","DE","Germany","Brandenburg","Potsdam"
"1050644496","1050644503","DE","Germany","Sachsen","Dresden"
"1050670624","1050670631","DE","Germany","Baden-Wurttemberg","Tuebingen"
"1050713552","1050713559","FR","France","Pays-de-la-Loire","Le Mans"
"1050797872","1050797879","FR","France","Centre-Val de Loire","Azay-le-Rideau"
"1051014432","1051014439","RU","Russian Federation","Moskva","Moscow"
"1051193692","1051193695","CH","Switzerland","Bern","Biel"
"1051315360","1051315367","GR","Greece","Peloponnisos","Nafplio"
"1051491336","1051491343","GB","United Kingdom of Great Britain and Northern Ireland","England","York"
"1051554224","1051554239","GB","United Kingdom of Great Britain and Northern Ireland","England","Tewkesbury"
"1051753720","1051753727","BG","Bulgaria","Varna","Devnya"
"1051954283","1051954285","NL","Netherlands (Kingdom of the)","Noord-Holland","Amsterdam"
"1052100184","1052100187","SE","Sweden","Orebro lan","Orebro"
"1052226560","1052226623","FI","Finland","Pohjois-Pohjanmaa","Oulu"
"1052345216","1052345247","FR","France","Ile-de-France","Levallois-Perret"
"1052466464","1052466495","FR","France","Ile-de-France","Paris"
"1052605120","1052605183","GB","United Kingdom of Great Britain and Northern Ireland","Wales","Caerphilly"
"1052665848","1052665855","GB","United Kingdom of Great Britain and Northern Ireland","England","Waltham Cross"
"1053012480","1053012735","NL","Netherlands (Kingdom of the)","Noord-Brabant","Meerhoven"
"1053166080","1053166335","DK","Denmark","Sjaelland","Nykobing Falster"
"1053316720","1053316727","GB","United Kingdom of Great Britain and Northern Ireland","England","Wokingham"
"1053426944","1053427199","CH","Switzerland","Fribourg","Fribourg"
"1053742432","1053742847","DE","Germany","Nordrhein-Westfalen","Koeln"
"1053771240","1053771247","NL","Netherlands (Kingdom of the)","Gelderland","Wageningen"
"1053786992","1053786999","NL","Netherlands (Kingdom of the)","Noord-Brabant","Cuijk"
"1053801832","1053801839","NL","Netherlands (Kingdom of the)","Limburg","Venlo"
"1053815744","1053815759","NL","Netherlands (Kingdom of the)","Zuid-Holland","Rotterdam"
"1053934336","1053934591","CZ","Czechia","Moravskoslezsky kraj","Ostrava"
"1054212096","1054212111","DE","Germany","Berlin","Berlin"
"1054252912","1054252919","DE","Germany","Berlin","Berlin"
"1054422672","1054422695","DE","Germany","Bayern","Munich"
"1054734985","1054734985","BE","Belgium","Antwerpen","Antwerpen"
"1054953965","1054953965","DE","Germany","Sachsen","Dresden"
"1054957621","1054957621","DE","Germany","Berlin","Berlin"
"1054969264","1054969271","DE","Germany","Hessen","Dillenburg"
"1055329104","1055329791","RU","Russian Federation","Moskva","Moscow"
"1055504272","1055504279","PL","Poland","Mazowieckie","Warsaw"
"1055723328","1055723391","FI","Finland","Kanta-Hame","Vantaa"
"1056035059","1056035063","FI","Finland","Etela-Pohjanmaa","Lahti"
"1056083664","1056083703","DK","Denmark","Midtjylland","Tranbjerg"
"1056122528","1056122535","DK","Denmark","Hovedstaden","Taastrup"
"1056209176","1056209179","FR","France","Hauts-de-France","Thourotte"
"1056316716","1056316716","DE","Germany","Rheinland-Pfalz","Pirmasens"
"1056620544","1056621567","NL","Netherlands (Kingdom of the)","Noord-Brabant","Eindhoven"
"1056706507","1056706508","GB","United Kingdom of Great Britain and Northern Ireland","England","Reading"
"1056720101","1056720101","GB","United Kingdom of Great Britain and Northern Ireland","England","Middlesbrough"
"1056734967","1056734969","GB","United Kingdom of Great Britain and Northern Ireland","England","Liverpool"
"1056742687","1056742687","GB","United Kingdom of Great Britain and Northern Ireland","England","Leeds"
"1056755539","1056755541","GB","United Kingdom of Great Britain and Northern Ireland","England","Newbury"
"1056760717","1056760717","GB","United Kingdom of Great Britain and Northern Ireland","Scotland","Renfrew"
"1056772968","1056772970","GB","United Kingdom of Great Britain and Northern Ireland","Scotland","Edinburgh"
"1056779296","1056779296","GB","United Kingdom of Great Britain and Northern Ireland","Scotland","Edinburgh"
"1056781799","1056781799","GB","United Kingdom of Great Britain and Northern Ireland","England","Hayes"
"1056787529","1056787529","GB","United Kingdom of Great Britain and Northern Ireland","Wales","Cardiff"
"1056807942","1056807944","GB","United Kingdom of Great Britain and Northern Ireland","England","Haughley"
"1056827744","1056827759","GB","United Kingdom of Great Britain and Northern Ireland","Scotland","Edinburgh"
"1056844499","1056844512","GB","United Kingdom of Great Britain and Northern Ireland","Scotland","Edinburgh"
"1056854627","1056854627","GB","United Kingdom of Great Britain and Northern Ireland","Wales","Cardiff"
"1056863151","1056863151","GB","United Kingdom of Great Britain and Northern Ireland","England","Colchester"
"1056873799","1056873799","GB","United Kingdom of Great Britain and Northern Ireland","England","London"
"1056904007","1056904009","GB","United Kingdom of Great Britain and Northern Ireland","Scotland","Edinburgh"
"1056909591","1056909591","GB","United Kingdom of Great Britain and Northern Ireland","England","Hayes"
"1056913642","1056913642","GB","United Kingdom of Great Britain and Northern Ireland","England","Birmingham"
"1056923539","1056923539","GB","United Kingdom of Great Britain and Northern Ireland","England","Leeds"
"1056937086","1056937215","GB","United Kingdom of Great Britain and Northern Ireland","England","Reading"
"1056953627","1056953629","GB","United Kingdom of Great Britain and Northern Ireland","Scotland","Edinburgh"
"1057191424","1057191679","US","United States of America","New Jersey","Newark"
"1058102016","1058102527","US","United States of America","New Jersey","Newark"
"1059565824","1059566591","US","United States of America","New York","New York City"
"1061203584","1061203615","US","United States of America","Washington","East Wenatchee"
"1061244465","1061244465","US","United States of America","New Jersey","Piscataway"
"1061263750","1061263752","US","United States of America","California","El Segundo"
"1061277952","1061278207","US","United States of America","New Jersey","Newark"
"1061323264","1061323327","US","United States of America","Texas","Houston"
"1061459344","1061459351","US","United States of America","Virginia","Ashburn"
"1061598032","1061598039","US","United States of America","Virginia","Ashburn"
"1061736448","1061736703","US","United States of America","Illinois","Naperville"
"1061883136","1061883391","US","United States of America","Illinois","Savoy"
"1061981264","1061981279","US","United States of America","California","Newport Beach"
"1062089296","1062089303","US","United States of America","Virginia","Ashburn"
"1062171240","1062171247","US","United States of America","Virginia","Ashburn"
"1062271280","1062271287","US","United States of America","Virginia","Ashburn"
"1062306048","1062306303","US","United States of America","New Jersey","Newark"
"1062430288","1062430303","US","United States of America","Ohio","Columbus"
"1062495202","1062495204","US","United States of America","New York","New York City"
"1062529168","1062529183","US","United States of America","Washington","Redmond"
"1062605376","1062605383","US","United States of America","Michigan","Novi"
"1062672304","1062672311","US","United States of America","Indiana","Richmond"
"1062746592","1062746623","US","United States of America","Virginia","Ashburn"
"1062820160","1062820223","US","United States of America","Virginia","Chantilly"
"1062946400","1062946559","US","United States of America","Virginia","Ashburn"
"1063106272","1063106303","US","United States of America","Virginia","Ashburn"
"1063257600","1063257855","US","United States of America","North Carolina","Wilmington"
"1063341888","1063341951","US","United States of America","Texas","Del Rio"
"1063407896","1063407903","US","United States of America","New York","New York City"
"1063464114","1063464167","US","United States of America","Virginia","Ashburn"
"1063545856","1063546111","US","United States of America","Delaware","Wilmington"
"1063672512","1063672575","US","United States of America","Virginia","Ashburn"
"1063808128","1063808391","US","United States of America","Massachusetts","Cambridge"
"1063945968","1063945983","US","United States of America","Virginia","Ashburn"
"1064101456","1064101471","US","United States of America","Virginia","Ashburn"
"1064199904","1064199935","US","United States of America","Louisiana","Oakdale"
"1064251920","1064251927","US","United States of America","Georgia","Alpharetta"
"1064289792","1064290047","US","United States of America","Mississippi","Jackson"
"1064318672","1064318679","US","United States of America","Michigan","Ann Arbor"
"1064346880","1064347135","US","United States of America","Massachusetts","Cambridge"
"1064450541","1064450541","US","United States of America","California","Los Angeles"
"1064509152","1064509159","US","United States of America","District of Columbia","Washington"
"1064572672","1064572927","US","United States of America","Massachusetts","Cambridge"
"1064679768","1064679775","US","United States of America","Virginia","Ashburn"
"1064744032","1064744063","US","United States of America","Michigan","Bingham Farms"
"1064821464","1064821503","US","United States of America","Virginia","Ashburn"
"1064952960","1064953023","US","United States of America","Virginia","Ashburn"
"1065016576","1065016703","US","United States of America","Massachusetts","Cambridge"
"1065055920","1065055927","US","United States of America","California","San Jose"
"1065157344","1065157351","US","United States of America","Connecticut","Fairfield"
"1065183810","1065183812","US","United States of America","District of Columbia","Washington"
"1065187178","1065187180","US","United States of America","New Jersey","Newark"
"1065190462","1065190464","US","United States of America","California","El Segundo"
"1065198200","1065198207","US","United States of America","New York","Bronx"
"1065295104","1065295167","US","United States of America","Indiana","Elkhart"
"1065416704","1065417215","US","United States of America","District of Columbia","Washington"
"1065591808","1065592063","US","United States of America","Indiana","Fort Wayne"
"1065975552","1065975583","US","United States of America","Minnesota","New Brighton"
"1066027720","1066027743","US","United States of America","Arkansas","Little Rock"
"1066046496","1066046503","US","United States of America","New York","Albany"
"1066066704","1066066711","US","United States of America","California","Beverly Hills"
"1066080360","1066080363","US","United States of America","Arkansas","Little Rock"
"1066100544","1066100575","US","United States of America","New Jersey","Dayton"
"1066116832","1066116847","US","United States of America","Arkansas","Little Rock"
"1066135680","1066135743","US","United States of America","New York","Fairport"
"1066257281","1066257281","US","United States of America","Pennsylvania","Pittsburgh"
"1066317438","1066317441","US","United States of America","Minnesota","Perham"
"1066409778","1066409780","US","United States of America","Texas","Houston"
"1066416597","1066416597","US","United States of America","Minnesota","Minneapolis"
"1066430089","1066430089","US","United States of America","Nevada","Las Vegas"
"1066445725","1066445725","US","United States of America","New York","New York City"
"1066462342","1066462344","US","United States of America","Washington","Seattle"
"1066478392","1066478471","US","United States of America","California","San Jose"
"1066491008","1066491103","US","United States of America","California","San Jose"
"1066504173","1066504173","US","United States of America","Utah","Salt Lake City"
"1066517120","1066517127","US","United States of America","Washington","Bellevue"
"1066532808","1066532815","US","United States of America","Georgia","Atlanta"
"1066546641","1066546641","US","United States of America","Iowa","Cedar Rapids"
"1066564104","1066564159","US","United States of America","Louisiana","Monroe"
"1066573630","1066573632","US","United States of America","California","Los Angeles"
"1066592658","1066592660","US","United States of America","Georgia","Atlanta"
"1066599026","1066599028","US","United States of America","New Jersey","Newark"
"1066613584","1066613591","US","United States of America","Idaho","Idaho Falls"
"1066632690","1066632692","US","United States of America","California","Cupertino"
"1066656632","1066656639","US","United States of America","Texas","Hearne"
"1066674005","1066674005","US","United States of America","New York","Albany"
"1066687229","1066687229","US","United States of America","New York","Albany"
"1066695272","1066695311","US","United States of America","California","San Jose"
"1066705118","1066705120","US","United States of America","Wyoming","Burlington"
"1066716048","1066716055","US","United States of America","Louisiana","Monroe"
"1066730281","1066730282","US","United States of America","Iowa","Cedar Rapids"
"1066740974","1066740984","US","United States of America","Pennsylvania","Philadelphia"
"1066759800","1066759839","US","United States of America","Louisiana","Monroe"
"1066776576","1066776583","US","United States of America","New York","New York City"
"1066790320","1066790327","US","United States of America","California","Burbank"
"1066805714","1066805716","US","United States of America","Washington","Tukwila"
"1066823680","1066823684","US","United States of America","Wyoming","Burlington"
"1066848377","1066848377","US","United States of America","California","Burbank"
"1066869645","1066869645","US","United States of America","Minnesota","Minneapolis"
"1066885945","1066885945","US","United States of America","Georgia","Forest Park"
"1066901538","1066901544","US","United States of America","New York","New York City"
"1066915633","1066915633","US","United States of America","Minnesota","Minneapolis"
"1067191010","1067191012","US","United States of America","Utah","Salt Lake City"
"1067198725","1067198725","US","United States of America","New York","New York City"
"1067208401","1067208401","US","United States of America","California","Los Angeles"
"1067216077","1067216077","US","United States of America","Pennsylvania","Pittsburgh"
"1067221961","1067221961","US","United States of America","Nevada","Las Vegas"
"1067230981","1067230981","US","United States of America","California","Burbank"
"1067242934","1067242948","US","United States of America","Utah","Salt Lake City"
"1067253030","1067253032","US","United States of America","Georgia","Atlanta"
"1067261165","1067261165","US","United States of America","Iowa","Cedar Rapids"
"1067271014","1067271028","US","United States of America","Louisiana","Monroe"
"1067280896","1067280896","US","United States of America","Indiana","Indianapolis"
"1067293160","1067293167","US","United States of America","South Dakota","Sturgis"
"1067301058","1067301060","US","United States of America","Missouri","Kansas City"
"1067314344","1067314359","US","United States of America","Louisiana","Monroe"
"1067324026","1067324028","US","United States of America","Louisiana","Monroe"
"1067330560","1067330815","US","United States of America","California","San Jose"
"1067340120","1067340127","US","United States of America","Virginia","Chester"
"1067351346","1067351404","US","United States of America","New York","New York City"
"1067360249","1067360249","US","United States of America","North Carolina","Charlotte"
"1067368594","1067368608","US","United States of America","Texas","Dallas"
"1067381365","1067381365","US","United States of America","California","Sunnyvale"
"1067418222","1067418224","US","United States of America","New York","New York City"
"1067423922","1067423924","US","United States of America","Georgia","Atlanta"
"1067437757","1067437757","US","United States of America","Minnesota","Duluth"
"1067447301","1067447301","US","United States of America","Iowa","Cedar Rapids"
"1067584768","1067584831","US","United States of America","Mississippi","Jackson"
"1067849584","1067849599","US","United States of America","Georgia","Atlanta"
"1068133616","1068133631","US","United States of America","Pennsylvania","Danboro"
"1068437520","1068437527","US","United States of America","Illinois","Franklin Park"
"1069668320","1069668879","US","United States of America","California","San Francisco"
"1069805984","1069806015","US","United States of America","California","San Diego"
"1069933920","1069933951","US","United States of America","California","San Francisco"
"1070046696","1070046719","US","United States of America","California","San Francisco"
"1070134680","1070134783","US","United States of America","California","Los Angeles"
"1070240152","1070240167","US","United States of America","California","San Luis Obispo"
"1070351464","1070351471","US","United States of America","California","San Francisco"
"1070476168","1070476175","US","United States of America","Texas","Dallas"
"1070655819","1070655820","US","United States of America","California","Tustin"
"1071077014","1071077014","US","United States of America","California","Los Angeles"
"1071254595","1071254596","HK","Hong Kong","Hong Kong","Hong Kong"
"1071271523","1071271525","HK","Hong Kong","Hong Kong","Hong Kong"
"1071289938","1071289938","ZA","South Africa","Gauteng","Johannesburg"
"1071298057","1071298057","JP","Japan","Tokyo","Tokyo"
"1071313446","1071313446","DE","Germany","Hessen","Frankfurt am Main"
"1071400379","1071400379","FR","France","Ile-de-France","Paris"
"1071510593","1071510596","HK","Hong Kong","Hong Kong","Hong Kong"
"1071581502","1071581504","HK","Hong Kong","Hong Kong","Hong Kong"
"1071587393","1071587394","US","United States of America","Texas","Dallas"
"1071592337","1071592338","NL","Netherlands (Kingdom of the)","Noord-Holland","Amsterdam"
"1071649488","1071649495","US","United States of America","Minnesota","Wayzata"
"1071681408","1071681423","US","United States of America","California","San Jose"
"1071714448","1071714463","US","United States of America","Louisiana","Monroe"
"1071741760","1071741775","US","United States of America","Colorado","Denver"
"1071770880","1071771391","US","United States of America","Utah","Salt Lake City"
"1071797049","1071797049","US","United States of America","North Carolina","Charlotte"
"1071833736","1071833759","US","United States of America","Washington","Seattle"
"1071856440","1071856455","US","United States of America","California","San Jose"
"1071895840","1071895847","US","United States of America","Washington","Ridgefield"
"1071939088","1071939103","US","United States of America","Washington","Federal Way"
"1071961601","1071961601","US","United States of America","New Jersey","Piscataway"
"1071981695","1071981696","US","United States of America","Texas","Houston"
"1071987105","1071987105","US","United States of America","New Jersey","Piscataway"
"1072004808","1072004815","US","United States of America","Michigan","Manton"
"1072037230","1072037240","US","United States of America","California","San Jose"
"1072067449","1072067449","US","United States of America","Ohio","Cleveland"
"1072093736","1072093743","US","United States of America","Arizona","Scottsdale"
"1072118272","1072119295","US","United States of America","Washington","Tukwila"
"1072175125","1072175125","US","United States of America","Michigan","Southfield"
"1072190338","1072190340","US","United States of America","Georgia","Atlanta"
"1072199346","1072199348","US","United States of America","New York","New York City"
"1072207593","1072207593","US","United States of America","Ohio","Cleveland"
"1072214669","1072214669","US","United States of America","Virginia","Arlington"
"1072218586","1072218588","US","United States of America","Louisiana","Monroe"
"1072231214","1072231216","US","United States of America","Indiana","Indianapolis"
"1072240189","1072240189","MX","Mexico","Ciudad de Mexico","Mexico City"
"1072246189","1072246189","US","United States of America","Iowa","Cedar Rapids"
"1072258488","1072258495","US","United States of America","Arizona","Phoenix"
"1072265760","1072265775","US","United States of America","Texas","Cleveland"
"1072289040","1072289047","US","United States of America","Pennsylvania","McMurray"
"1072302912","1072302919","US","United States of America","Missouri","Jefferson City"
"1072314402","1072314408","US","United States of America","California","Los Angeles"
"1072328037","1072328037","US","United States of America","Texas","Houston"
"1072337249","1072337249","US","United States of America","Oregon","Portland"
"1072349050","1072349052","US","United States of America","Georgia","Atlanta"
"1072357629","1072357629","US","United States of America","Iowa","Cedar Rapids"
"1072367681","1072367681","US","United States of America","California","Sunnyvale"
"1072376690","1072376704","US","United States of America","New York","New York City"
"1072387589","1072387589","US","United States of America","New Jersey","Piscataway"
"1072397305","1072397305","US","United States of America","Iowa","Cedar Rapids"
"1072460032","1072460064","US","United States of America","Washington","Seattle"
"1072491265","1072491265","US","United States of America","California","Sunnyvale"
"1072502942","1072502944","US","United States of America","Georgia","Atlanta"
"1072513478","1072513484","US","United States of America","Maryland","Rockville"
"1072535322","1072535336","US","United States of America","New Jersey","Newark"
"1072543074","1072543076","US","United States of America","Massachusetts","Boston"
"1072552629","1072552629","US","United States of America","Colorado","Denver"
"1072566496","1072566503","US","United States of America","Florida","Ocala"
"1072580574","1072580576","US","United States of America","Illinois","Naperville"
"1072603032","1072603039","US","United States of America","Arizona","Scottsdale"
"1072614765","1072614765","US","United States of America","Montana","Billings"
"1072633921","1072633921","US","United States of America","North Carolina","Charlotte"
"1072644978","1072644980","US","United States of America","California","El Segundo"
"1072658752","1072658759","US","United States of America","Washington","Bremerton"
"1072669946","1072669951","US","United States of America","Louisiana","Monroe"
"1072688345","1072688345","US","United States of America","Georgia","Forest Park"
"1072742400","1072742911","US","United States of America","New York","New York City"
"1073076480","1073076735","US","United States of America","California","Los Angeles"
"1073196072","1073196075","US","United States of America","Massachusetts","Concord"
"1073404993","1073404996","US","United States of America","Washington","Quincy"
"1073481688","1073481695","US","United States of America","Minnesota","Stillwater"
"1073504792","1073504823","US","United States of America","Illinois","Chicago"
"1073518252","1073518255","US","United States of America","Arkansas","Little Rock"
"1073530920","1073530923","US","United States of America","Virginia","Manassas"
"1073547912","1073547915","US","United States of America","Oregon","Canby"
"1073558384","1073558407","US","United States of America","Arkansas","Little Rock"
"1073568512","1073568519","US","United States of America","Colorado","Colorado Springs"
"1073580168","1073580175","US","United States of America","Arizona","Tempe"
"1073587440","1073587447","US","United States of America","New Mexico","Albuquerque"
"1073597932","1073597933","US","United States of America","Arkansas","Little Rock"
"1073609856","1073609856","US","United States of America","Arkansas","Little Rock"
"1073619084","1073619087","US","United States of America","Minnesota","Minneapolis"
"1073638258","1073638263","US","United States of America","Iowa","Coralville"
"1073669416","1073669423","US","United States of America","Indiana","Indianapolis"
"1073678398","1073678398","US","United States of America","Colorado","Longmont"
"1073684614","1073684614","US","United States of America","Colorado","Security-Widefield"
"1073695112","1073695135","US","United States of America","Arkansas","Little Rock"
"1073706251","1073706251","US","United States of America","New Mexico","Albuquerque"
"1073716864","1073716865","US","United States of America","Illinois","Chicago"
"1073734912","1073734919","US","United States of America","Colorado","Colorado Springs"
"1074030824","1074030847","US","United States of America","Virginia","Roanoke"
"1074242816","1074243071","US","United States of America","Illinois","Naperville"
"1074524416","1074525439","US","United States of America","Massachusetts","Cambridge"
"1074722336","1074722367","US","United States of America","California","Culver City"
"1074920084","1074920091","US","United States of America","California","Los Angeles"
"1075032000","1075032031","US","United States of America","New Jersey","Cranbury"
"1075168012","1075168015","US","United States of America","California","San Rafael"
"1075223200","1075223431","US","United States of America","North Carolina","Raleigh"
"1075330885","1075330885","US","United States of America","Georgia","Marietta"
"1075338948","1075339011","US","United States of America","New York","New York City"
"1075347548","1075347551","US","United States of America","Illinois","Chicago"
"1075358224","1075358227","US","United States of America","Pennsylvania","Johnstown"
"1075365890","1075365895","US","United States of America","Arkansas","Little Rock"
"1075378592","1075378595","US","United States of America","Texas","Rowlett"
"1075556304","1075556319","US","United States of America","Illinois","Rolling Meadows"
"1075798584","1075798591","US","United States of America","California","Huntington Park"
"1075812272","1075812287","US","United States of America","Georgia","Atlanta"
"1075945264","1075945287","US","United States of America","Wisconsin","Durand"
"1075962637","1075962637","US","United States of America","South Dakota","Webster"
"1075963797","1075963797","US","United States of America","South Dakota","Lake Norden"
"1076055808","1076056319","US","United States of America","New York","New York City"
"1076345360","1076345599","CA","Canada","Ontario","Woodstock"
"1076513920","1076513927","US","United States of America","California","Healdsburg"
"1076610465","1076610491","US","United States of America","California","Santa Barbara"
"1076825744","1076825747","US","United States of America","Massachusetts","Plainville"
"1076835136","1076835139","US","United States of America","Texas","Plano"
"1076846712","1076846713","US","United States of America","Texas","Plano"
"1076856124","1076856143","US","United States of America","Texas","Plano"
"1076868400","1076868479","US","United States of America","Texas","Dallas"
"1076881720","1076881723","US","United States of America","Virginia","Reston"
"1077025688","1077025695","US","United States of America","Virginia","Ashburn"
"1077078110","1077078110","US","United States of America","Michigan","Lansing"
"1077228240","1077228247","US","United States of America","South Carolina","Mount Pleasant"
"1077368040","1077368063","US","United States of America","Virginia","Ashburn"
"1077505752","1077505759","US","United States of America","California","Sacramento"
"1077601892","1077601905","US","United States of America","North Carolina","Charlotte"
"1077650141","1077650141","CA","Canada","British Columbia","Nanaimo"
"1077674640","1077674703","US","United States of America","Texas","Austin"
"1077687512","1077687515","US","United States of America","California","La Puente"
"1077700120","1077700127","US","United States of America","California","La Verne"
"1077713760","1077713767","US","United States of America","California","Los Angeles"
"1077724936","1077724943","US","United States of America","California","Los Angeles"
"1077737920","1077737927","US","United States of America","California","Sacramento"
"1077843968","1077844223","US","United States of America","Minnesota","Rochester"
"1077906572","1077906575","US","United States of America","Illinois","Chicago"
"1077916700","1077916703","US","United States of America","Wisconsin","Appleton"
"1077973968","1077974015","US","United States of America","Nebraska","Blair"
"1078085504","1078085567","US","United States of America","Louisiana","Baton Rouge"
"1078350147","1078350175","US","United States of America","New York","New York City"
"1078437568","1078437599","US","United States of America","California","Sunol"
"1078584568","1078584575","US","United States of America","California","Los Angeles"
"1078703472","1078703511","US","United States of America","Hawaii","Honolulu"
"1078891699","1078891775","US","United States of America","North Carolina","Charlotte"
"1078993112","1078993115","US","United States of America","New York","Buffalo"
"1079006680","1079006687","US","United States of America","Florida","Miami"
"1079022920","1079022923","US","United States of America","Texas","San Antonio"
"1079039144","1079039147","US","United States of America","New York","Buffalo"
"1079046744","1079046747","US","United States of America","Arkansas","Little Rock"
"1079232544","1079232559","US","United States of America","Maryland","Frederick"
"1079242076","1079242079","US","United States of America","Minnesota","Marshall"
"1079558552","1079558559","US","United States of America","Texas","Brownsville"
"1079593904","1079593928","US","United States of America","North Carolina","Greensboro"
"1079622400","1079622655","US","United States of America","Nebraska","Lincoln"
"1079729552","1079729559","US","United States of America","California","San Jose"
"1079943424","1079943679","CA","Canada","Ontario","Toronto"
"1080640512","1080640767","US","United States of America","Tennessee","Nashville"
"1080915328","1080915455","US","United States of America","Michigan","Southfield"
"1081128435","1081128435","US","United States of America","Massachusetts","Boston"
"1081247824","1081247831","CA","Canada","Quebec","Montreal"
"1081304224","1081304255","US","United States of America","Massachusetts","Worcester"
"1081450496","1081460735","US","United States of America","Virginia","Ashburn"
"1081577072","1081577079","US","United States of America","Massachusetts","Waltham"
"1081866528","1081866543","US","United States of America","Texas","Dallas"
"1081880128","1081880143","US","United States of America","California","San Francisco"
"1081895424","1081895679","US","United States of America","Virginia","Ashburn"
"1081906080","1081906111","US","United States of America","Colorado","Denver"
"1081917722","1081917728","US","United States of America","New York","New York City"
"1081929357","1081929358","US","United States of America","Virginia","Dulles"
"1081934407","1081934407","US","United States of America","Texas","Dallas"
"1081939347","1081939347","US","United States of America","Washington","Seattle"
"1081941130","1081941131","US","United States of America","Arizona","Phoenix"
"1081945760","1081945767","US","United States of America","California","Los Angeles"
"1081961248","1081961279","US","United States of America","Texas","Houston"
"1081980416","1081980423","US","United States of America","Texas","Austin"
"1081984361","1081984361","US","United States of America","Texas","Dallas"
"1082029160","1082029167","US","United States of America","Kansas","Lenexa"
"1082217984","1082218239","US","United States of America","Tennessee","Arlington"
"1082570496","1082570751","US","United States of America","Texas","Dallas"
"1082718892","1082718895","US","United States of America","Michigan","Portage"
"1082806432","1082806447","US","United States of America","Ohio","Mason"
"1082982720","1082982767","CA","Canada","Manitoba","Winnipeg"
"1083030256","1083030263","US","United States of America","Michigan","Byron Center"
"1083457696","1083457711","US","United States of America","California","San Ramon"
"1083650600","1083650607","US","United States of America","Kansas","Bonner Springs"
"1083986688","1083986943","US","United States of America","Georgia","Atlanta"
"1084173958","1084173960","US","United States of America","Pennsylvania","Philadelphia"
"1084316632","1084316671","US","United States of America","California","Los Angeles"
"1084461672","1084461679","US","United States of America","Texas","Dallas"
"1084596224","1084596231","US","United States of America","California","El Segundo"
"1084735888","1084735999","US","United States of America","California","Los Angeles"
"1084860256","1084861215","US","United States of America","California","San Francisco"
"1084989184","1084989191","US","United States of America","California","Cameron Park"
"1085118464","1085119487","US","United States of America","California","San Francisco"
"1085231488","1085231503","US","United States of America","California","Santa Rosa"
"1085599744","1085599999","CA","Canada","British Columbia","Vancouver"
"1085628504","1085628511","US","United States of America","West Virginia","Keyser"
"1085739704","1085739711","US","United States of America","California","Lakewood"
"1085748304","1085748307","US","United States of America","California","Costa Mesa"
"1085755936","1085755943","US","United States of America","California","El Segundo"
"1085763836","1085763839","US","United States of America","California","Los Angeles"
"1085774048","1085774051","US","United States of America","California","San Diego"
"1085782320","1085782323","US","United States of America","Texas","Dallas"
"1085789712","1085789715","US","United States of America","Texas","Lancaster"
"1085797368","1085797371","US","United States of America","Texas","El Paso"
"1085972712","1085972715","US","United States of America","California","Oakland"
"1086198356","1086198359","US","United States of America","Oregon","Bend"
"1086282928","1086282931","US","United States of America","California","Los Angeles"
"1086361248","1086361263","US","United States of America","Kentucky","Buckner"
"1086593708","1086593711","US","United States of America","Iowa","Sioux City"
"1086614784","1086614799","US","United States of America","Maryland","Owings Mills"
"1086625806","1086625806","US","United States of America","Wisconsin","Madison"
"1086645130","1086645131","US","United States of America","Alabama","Hoover"
"1086653028","1086653031","US","United States of America","Colorado","Denver"
"1086666898","1086666898","US","United States of America","Texas","Dallas"
"1086679864","1086679871","US","United States of America","Arkansas","Little Rock"
"1086697648","1086697651","US","United States of America","Texas","Melissa"
"1086707304","1086707311","US","United States of America","Arkansas","Little Rock"
"1086725454","1086725454","US","United States of America","Wisconsin","Green Bay"
"1086736292","1086736295","US","United States of America","Kentucky","Corbin"
"1086742512","1086742513","US","United States of America","Massachusetts","Hyannis"
"1086748559","1086748569","US","United States of America","Minnesota","Minneapolis"
"1086758671","1086758691","US","United States of America","Illinois","Chicago"
"1086776352","1086776359","US","United States of America","Washington","Maple Valley"
"1086790811","1086790811","US","United States of America","Michigan","Clarkston"
"1086808044","1086808047","US","United States of America","Texas","Winnie"
"1086816352","1086816367","US","United States of America","Arkansas","Little Rock"
"1086823083","1086823101","US","United States of America","Missouri","Saint Louis"
"1086834504","1086834511","US","United States of America","New Hampshire","Dover"
"1086842725","1086842725","US","United States of America","Iowa","Cedar Rapids"
"1086948144","1086948151","US","United States of America","California","Los Angeles"
"1087249224","1087249227","US","United States of America","New York","New York City"
"1087269998","1087269999","US","United States of America","New York","New York City"
"1087300384","1087300391","US","United States of America","California","Milpitas"
"1087395139","1087395140","US","United States of America","Arizona","Phoenix"
"1087427887","1087427888","US","United States of America","Texas","Dallas"
"1087508063","1087508064","US","United States of America","Louisiana","Monroe"
"1087530289","1087530290","FR","France","Ile-de-France","Paris"
"1087586885","1087586886","US","United States of America","California","San Jose"
"1087619883","1087619896","US","United States of America","Louisiana","Monroe"
"1087652927","1087652929","US","United States of America","Georgia","Atlanta"
"1087707121","1087707122","GB","United Kingdom of Great Britain and Northern Ireland","England","London"
"1087781907","1087781908","US","United States of America","Louisiana","Monroe"
"1087799637","1087799638","GB","United Kingdom of Great Britain and Northern Ireland","England","London"
"1087807873","1087807874","DE","Germany","Hessen","Frankfurt am Main"
"1087839887","1087839888","US","United States of America","Louisiana","Monroe"
"1087861307","1087861312","US","United States of America","Louisiana","Monroe"
"1087899152","1087899255","US","United States of America","Texas","Euless"
"1088029048","1088029055","US","United States of America","Texas","Dallas"
"1088147976","1088147983","US","United States of America","Texas","Plano"
"1088473200","1088473231","US","United States of America","Georgia","Atlanta"
"1088801792","1088802815","CA","Canada","Ontario","Brampton"
"1088915180","1088915181","CA","Canada","Ontario","Grafton"
"1089066784","1089066791","US","United States of America","Michigan","Allen Park"
"1089205377","1089205377","JP","Japan","Tokyo","Tokyo"
"1089372672","1089372679","US","United States of America","New York","New York City"
"1089478741","1089478741","US","United States of America","Texas","Dallas"
"1089691451","1089691476","US","United States of America","District of Columbia","Washington"
"1090120704","1090120959","US","United States of America","Maryland","Lanham"
"1090233836","1090233836","US","United States of America","South Dakota","Gregory"
"1090343698","1090343699","US","United States of America","Texas","Austin"
"1090847296","1090847391","US","United States of America","Georgia","Stone Mountain"
"1090986216","1090986231","CA","Canada","British Columbia","Surrey"
"1091443456","1091443487","US","United States of America","Colorado","Greenwood Village"
"1091592736","1091592783","US","United States of America","Texas","Fort Worth"
"1091742720","1091742975","CH","Switzerland","Valais","Brig"
"1091797728","1091797728","US","United States of America","California","Cupertino"
"1092027633","1092027633","US","United States of America","Missouri","Chesterfield"
"1092036793","1092036793","US","United States of America","South Carolina","Coosawhatchie"
"1092233800","1092233807","US","United States of America","Texas","Kerrville"
"1092502368","1092502375","US","United States of America","Wisconsin","Mequon"
"1092510368","1092510371","US","United States of America","Wisconsin","Greenfield"
"1092517160","1092517163","US","United States of America","Wisconsin","Green Bay"
"1092782336","1092782591","US","United States of America","Florida","Fort Lauderdale"
"1093113536","1093113599","CA","Canada","Ontario","Niagara Falls"
"1093302336","1093302399","US","United States of America","Texas","Dallas"
"1093385800","1093385807","US","United States of America","Texas","Plano"
"1093710080","1093710335","BB","Barbados","Christ Church","Oistins"
"1093852336","1093852343","US","United States of America","Washington","Lynnwood"
"1093895056","1093895063","US","United States of America","New York","Hauppauge"
"1093924152","1093924159","US","United States of America","Massachusetts","Cambridge"
"1094155984","1094155985","US","United States of America","Washington","Redmond"
"1094336850","1094336856","US","United States of America","Illinois","Chicago"
"1094475320","1094475327","US","United States of America","California","Orange"
"1094749688","1094749695","US","United States of America","Texas","Dallas"
"1094871072","1094871103","US","United States of America","Texas","Plano"
"1094975248","1094975255","US","United States of America","Oklahoma","Edmond"
"1095089416","1095089615","US","United States of America","Texas","Richardson"
"1095205136","1095205167","US","United States of America","Texas","Corpus Christi"
"1095416592","1095416607","US","United States of America","Kansas","Overland Park"
"1095742368","1095742399","US","United States of America","Arizona","Scottsdale"
"1095750079","1095750079","US","United States of America","Texas","Spearman"
"1095751333","1095751333","US","United States of America","Oklahoma","Beaver"
"1095752815","1095752815","US","United States of America","Texas","Booker"
"1095903400","1095903407","US","United States of America","Texas","Dallas"
"1096050688","1096051199","US","United States of America","Washington","Seattle"
"1096382112","1096382127","US","United States of America","North Carolina","Raleigh"
"1096485464","1096485471","US","United States of America","Ohio","Akron"
"1096559125","1096559126","CA","Canada","Ontario","Enniskerry"
"1096574600","1096574600","CA","Canada","Ontario","Port Colborne"
"1096728342","1096728342","CA","Canada","Ontario","Hamilton"
"1096782042","1096782042","CA","Canada","Ontario","Barrie"
"1096980768","1096980771","US","United States of America","Missouri","Saint Louis"
"1097044752","1097044819","SE","Sweden","Uppsala lan","Uppsala"
"1097106928","1097106935","US","United States of America","Colorado","Englewood"
"1097156014","1097156016","US","United States of America","Arizona","Phoenix"
"1097199400","1097199407","US","United States of America","Georgia","Atlanta"
"1097236520","1097236527","US","United States of America","Washington","Bellevue"
"1097259392","1097259399","US","United States of America","Colorado","Fort Collins"
"1097297936","1097297943","US","United States of America","California","San Jose"
"1097328480","1097328487","US","United States of America","Utah","Centerville"
"1097521408","1097521663","US","United States of America","Massachusetts","Cambridge"
"1097869816","1097869823","US","United States of America","Georgia","Austell"
"1097881269","1097881269","US","United States of America","Iowa","Cedar Rapids"
"1097899337","1097899337","US","United States of America","Florida","Orlando"
"1097918810","1097918812","US","United States of America","Louisiana","Monroe"
"1097933157","1097933157","US","United States of America","California","Sunnyvale"
"1097946478","1097946480","US","United States of America","Missouri","Kansas City"
"1097970448","1097970495","US","United States of America","Louisiana","Monroe"
"1097986769","1097986769","US","United States of America","Washington","Seattle"
"1097998981","1097998981","US","United States of America","Georgia","Forest Park"
"1098007144","1098007151","US","United States of America","Florida","Clearwater"
"1098020696","1098020727","US","United States of America","Louisiana","Monroe"
"1098039341","1098039341","US","United States of America","Colorado","Denver"
"1098055023","1098055028","US","United States of America","Colorado","Highlands Ranch"
"1098076378","1098076384","US","United States of America","Wyoming","Burlington"
"1098090752","1098090783","US","United States of America","Florida","Miami"
"1098104722","1098104724","US","United States of America","Florida","Miami"
"1098122072","1098122079","US","United States of America","Texas","San Antonio"
"1098146640","1098146647","US","United States of America","Missouri","Kansas City"
"1098167357","1098167357","US","United States of America","Arizona","Phoenix"
"1098179072","1098179079","US","United States of America","Colorado","Denver"
"1098188494","1098188500","US","United States of America","California","San Jose"
"1098200770","1098200772","US","United States of America","New Mexico","Albuquerque"
"1098220613","1098220613","US","United States of America","Illinois","Chicago"
"1098237153","1098237153","US","United States of America","Iowa","Cedar Rapids"
"1098254558","1098254560","US","United States of America","Illinois","Chicago"
"1098267974","1098267976","US","United States of America","Georgia","Atlanta"
"1098285466","1098285480","US","United States of America","Indiana","Indianapolis"
"1098324496","1098324503","US","United States of America","Wisconsin","Madison"
"1098345566","1098345568","US","United States of America","California","San Jose"
"1098358048","1098358055","US","United States of America","Missouri","Otterville"
"1098374862","1098374868","US","United States of America","New Jersey","Newark"
"1098393088","1098393215","US","United States of America","Alabama","Decatur"
"1098419136","1098419167","US","United States of America","Texas","Austin"
"1098434880","1098434903","US","United States of America","Louisiana","Monroe"
"1098445638","1098445640","US","United States of America","Louisiana","Monroe"
"1098463302","1098463304","US","United States of America","Colorado","Greenwood Village"
"1098483322","1098483324","US","United States of America","Arizona","Phoenix"
"1098490731","1098490732","US","United States of America","Missouri","Kansas City"
"1098513280","1098513287","US","United States of America","Wisconsin","Webster"
"1098526178","1098526207","US","United States of America","California","San Jose"
"1098539872","1098539879","US","United States of America","Missouri","Jefferson City"
"1098552705","1098552705","US","United States of America","California","Burbank"
"1098576118","1098576120","US","United States of America","Texas","Lewisville"
"1098597416","1098597416","US","United States of America","Illinois","Chicago"
"1098609042","1098609044","US","United States of America","Indiana","Indianapolis"
"1098623737","1098623737","US","United States of America","Montana","Billings"
"1098641664","1098641671","US","United States of America","California","Van Nuys"
"1098660360","1098660375","US","United States of America","Arizona","Tempe"
"1098692897","1098692897","US","United States of America","Kansas","Lawrence"
"1098702361","1098702361","US","United States of America","North Carolina","Charlotte"
"1098714814","1098714820","US","United States of America","New York","New York City"
"1098731217","1098731217","US","United States of America","New York","Albany"
"1098759070","1098759072","US","United States of America","Wyoming","Burlington"
"1098770960","1098770967","US","United States of America","California","San Francisco"
"1098784313","1098784313","US","United States of America","Virginia","Arlington"
"1098797758","1098797760","US","United States of America","Minnesota","Rochester"
"1098815969","1098815969","US","United States of America","Texas","Dallas"
"1098829454","1098829456","US","United States of America","District of Columbia","Washington"
"1098858928","1098858959","US","United States of America","Louisiana","Monroe"
"1098875904","1098875927","US","United States of America","Louisiana","Monroe"
"1098895296","1098895327","US","United States of America","Louisiana","Monroe"
"1099172650","1099172672","US","United States of America","California","Los Angeles"
"1099182453","1099182453","US","United States of America","Tennessee","Memphis"
"1099190993","1099190993","US","United States of America","Indiana","Indianapolis"
"1099202738","1099202740","US","United States of America","New Mexico","Albuquerque"
"1099212080","1099212111","US","United States of America","Louisiana","Monroe"
"1099221880","1099221887","US","United States of America","Massachusetts","Quincy"
"1099231920","1099231927","US","United States of America","Colorado","Colorado Springs"
"1099259414","1099259416","US","United States of America","Georgia","Atlanta"
"1099474711","1099474711","US","United States of America","Arizona","Payson"
"1099697418","1099697424","US","United States of America","North Carolina","Chapel Hill"
"1099707128","1099707135","US","United States of America","Tennessee","Nashville"
"1099718280","1099718295","US","United States of America","Colorado","Denver"
"1099728241","1099728241","US","United States of America","Colorado","Colorado Springs"
"1099740705","1099740705","US","United States of America","Florida","Tampa"
"1099754705","1099754705","US","United States of America","Ohio","Cleveland"
"1099780182","1099780184","US","United States of America","California","El Segundo"
"1099804160","1099804279","US","United States of America","Georgia","Atlanta"
"1099819925","1099819925","US","United States of America","Texas","Dallas"
"1099961250","1099961264","US","United States of America","New Jersey","Newark"
"1099970856","1099970863","US","United States of America","Arizona","Phoenix"
"1099982026","1099982032","US","United States of America","Illinois","Naperville"
"1099991280","1099991287","US","United States of America","Alabama","Ozark"
"1100000254","1100000255","US","United States of America","Washington","Seattle"
"1100008864","1100008871","US","United States of America","Minnesota","Minneapolis"
"1100021605","1100021605","US","United States of America","North Carolina","Charlotte"
"1100291732","1100291744","US","United States of America","Missouri","Kansas City"
"1100482978","1100482988","US","United States of America","Georgia","Atlanta"
"1100491520","1100491520","US","United States of America","Florida","Miami"
"1100497541","1100497541","US","United States of America","Indiana","Rochester"
"1100502686","1100502716","US","United States of America","California","Los Angeles"
"1100510678","1100510680","US","United States of America","Louisiana","Monroe"
"1100518994","1100518996","US","United States of America","Louisiana","Monroe"
"1100526840","1100526847","US","United States of America","Wisconsin","La Crosse"
"1100533485","1100533485","US","United States of America","Virginia","Arlington"
"1100540704","1100540735","US","United States of America","Colorado","Westminster"
"1100546346","1100546348","US","United States of America","Texas","Dallas"
"1100552530","1100552532","US","United States of America","North Carolina","Asheville"
"1100564021","1100564021","US","United States of America","California","Los Angeles"
"1100572109","1100572109","US","United States of America","Virginia","Sterling"
"1100578598","1100578600","US","United States of America","California","El Segundo"
"1100587369","1100587369","US","United States of America","Nebraska","Omaha"
"1100594502","1100594504","US","United States of America","New York","New York City"
"1100600802","1100600824","US","United States of America","Pennsylvania","Philadelphia"
"1100608544","1100608551","US","United States of America","California","San Jose"
"1100614797","1100614797","US","United States of America","Georgia","Forest Park"
"1100624257","1100624257","US","United States of America","Nevada","Las Vegas"
"1100632058","1100632060","US","United States of America","Florida","Orlando"
"1100638197","1100638197","US","United States of America","New Jersey","Piscataway"
"1100646538","1100646540","US","United States of America","Georgia","Atlanta"
"1100655102","1100655103","US","United States of America","Florida","Orlando"
"1100665778","1100665780","US","United States of America","New Mexico","Albuquerque"
"1100674040","1100674047","US","United States of America","Idaho","Nampa"
"1100692869","1100692869","US","United States of America","Nevada","Las Vegas"
"1100707469","1100707469","US","United States of America","New York","Rochester"
"1100716880","1100716895","US","United States of America","Louisiana","Monroe"
"1100729392","1100729399","US","United States of America","Colorado","Denver"
"1100738328","1100738335","US","United States of America","Washington","Seattle"
"1100750278","1100750280","US","United States of America","California","Los Angeles"
"1100776689","1100776689","US","United States of America","Florida","Tampa"
"1100784069","1100784069","US","United States of America","Iowa","Cedar Rapids"
"1100786841","1100786841","US","United States of America","Iowa","Cedar Rapids"
"1100793149","1100793149","US","United States of America","Pennsylvania","Philadelphia"
"1100800270","1100800272","US","United States of America","Missouri","Kansas City"
"1100805665","1100805665","US","United States of America","Maryland","Baltimore"
"1100816818","1100816820","US","United States of America","District of Columbia","Washington"
"1100826274","1100826276","US","United States of America","Indiana","Indianapolis"
"1100874634","1100874636","US","United States of America","Florida","Miami"
"1100882646","1100882648","US","United States of America","Pennsylvania","Pittsburgh"
"1100891765","1100891765","US","United States of America","Colorado","Denver"
"1100897768","1100897791","US","United States of America","Louisiana","Monroe"
"1100902553","1100902553","US","United States of America","Colorado","Denver"
"1100908782","1100908784","US","United States of America","Florida","Orlando"
"1100915064","1100915071","US","United States of America","Minnesota","Hugo"
"1100925648","1100925687","US","United States of America","California","San Jose"
"1100933998","1100934000","US","United States of America","Louisiana","Monroe"
"1100960512","1100960767","US","United States of America","Louisiana","Monroe"
"1101368515","1101368515","US","United States of America","New York","New York City"
"1101745920","1101746687","US","United States of America","Mississippi","Jackson"
"1101991888","1101991895","CO","Colombia","Valle del Cauca","Yumbo"
"1101999896","1101999903","US","United States of America","Illinois","Glendale Heights"
"1102513536","1102513663","JM","Jamaica","Saint Andrew","Half Way Tree"
"1102997708","1102997711","US","United States of America","North Carolina","Charlotte"
"1103094420","1103094423","US","United States of America","North Carolina","Thomasville"
"1103110932","1103110935","US","United States of America","Pennsylvania","Jessup"
"1103186432","1103186687","US","United States of America","Texas","Marshall"
"1103251693","1103251693","US","United States of America","Massachusetts","Boston"
"1103295728","1103295743","US","United States of America","Virginia","Ashburn"
"1103357202","1103357204","US","United States of America","New York","New York City"
"1103360090","1103360092","US","United States of America","Michigan","Ann Arbor"
"1103371200","1103371231","US","United States of America","New Jersey","Teaneck"
"1103425048","1103425055","US","United States of America","Wisconsin","Oak Creek"
"1103493632","1103493663","US","United States of America","California","San Bernardino"
"1103573800","1103573807","US","United States of America","Virginia","Sterling"
"1103632608","1103632615","US","United States of America","California","Gardena"
"1103699216","1103699391","US","United States of America","Virginia","Ashburn"
"1103746640","1103746655","US","United States of America","Illinois","Frankfort"
"1103782752","1103782775","US","United States of America","Virginia","Ashburn"
"1103825496","1103825527","US","United States of America","Virginia","Ashburn"
"1103870144","1103870463","US","United States of America","Massachusetts","Cambridge"
"1103920992","1103921007","US","United States of America","Illinois","Schaumburg"
"1103969616","1103969623","US","United States of America","Maryland","Frederick"
"1104021336","1104021359","US","United States of America","Virginia","Ashburn"
"1104051141","1104051141","US","United States of America","Virginia","Arlington"
"1104066233","1104066233","US","United States of America","California","Santa Clara"
"1104104184","1104104188","US","United States of America","District of Columbia","Washington"
"1104116488","1104116495","US","United States of America","Pennsylvania","Johnstown"
"1104145338","1104145340","US","United States of America","Ohio","Cleveland"
"1104154112","1104154112","US","United States of America","New York","New York City"
"1104172709","1104172709","US","United States of America","Georgia","Atlanta"
"1104217150","1104217151","US","United States of America","Virginia","Ashburn"
"1104258016","1104258031","US","United States of America","Illinois","Highland Park"
"1104301904","1104301919","US","United States of America","Virginia","King George"
"1104347520","1104347551","US","United States of America","Massachusetts","Chelmsford"
"1104390120","1104390135","US","United States of America","Virginia","Ashburn"
"1104456480","1104456487","US","United States of America","Oregon","Silverton"
"1104518640","1104518647","US","United States of America","Florida","Coral Gables"
"1104574208","1104574239","US","United States of America","Massachusetts","Cambridge"
"1104624128","1104624135","US","United States of America","New York","New York City"
"1104712288","1104712295","US","United States of America","New Jersey","Little Falls"
"1104757208","1104757215","US","United States of America","Virginia","Ashburn"
"1104791560","1104791567","US","United States of America","Massachusetts","Winchester"
"1104854792","1104854799","US","United States of America","Virginia","Ashburn"
"1104927888","1104927895","US","United States of America","District of Columbia","Washington"
"1104965944","1104965951","US","United States of America","New Jersey","Cranford"
"1105103008","1105103015","US","United States of America","Pennsylvania","Conshohocken"
"1105136896","1105137023","US","United States of America","New Jersey","Newark"
"1105187872","1105187879","US","United States of America","Virginia","Arlington"
"1105746688","1105747967","US","United States of America","Massachusetts","Cambridge"
"1106286784","1106286847","US","United States of America","Florida","Boca Raton"
"1106379496","1106379503","US","United States of America","New York","New York City"
"1106403152","1106403167","US","United States of America","Pennsylvania","Monroeville"
"1106440304","1106440311","US","United States of America","New Jersey","Kenilworth"
"1106519104","1106519111","US","United States of America","Pennsylvania","Bensalem"
"1106567680","1106567935","US","United States of America","California","Bloomington"
"1106670400","1106670431","US","United States of America","Virginia","Arlington"
"1106785312","1106785391","US","United States of America","Virginia","Ashburn"
"1107171680","1107171687","US","United States of America","Michigan","Auburn Hills"
"1107296536","1107296543","US","United States of America","Florida","Jacksonville"
"1107310320","1107310327","US","United States of America","Florida","Orlando"
"1107325976","1107325983","US","United States of America","Arkansas","Little Rock"
"1107338872","1107338879","US","United States of America","Louisiana","Eunice"
"1107355344","1107355351","US","United States of America","North Carolina","Reidsville"
"1107689724","1107689724","US","United States of America","South Dakota","Gary"
"1107690913","1107690913","US","United States of America","South Dakota","Clear Lake"
"1107692039","1107692039","US","United States of America","South Dakota","Astoria"
"1107693193","1107693193","US","United States of America","South Dakota","Milbank"
"1107789464","1107789471","US","United States of America","Washington","Tukwila"
"1107801008","1107801023","US","United States of America","New York","New York City"
"1107972440","1107972607","US","United States of America","California","Los Angeles"
"1108304896","1108305151","US","United States of America","Florida","Tampa"
"1108358088","1108358095","US","United States of America","New Jersey","Princeton"
"1108378617","1108378617","US","United States of America","Michigan","Southfield"
"1108381184","1108381187","US","United States of America","Arkansas","Little Rock"
"1108402874","1108402875","US","United States of America","Pennsylvania","Eagleville"
"1108499036","1108499039","ZA","South Africa","Mpumalanga","Carolina"
"1108542840","1108542841","US","United States of America","Florida","Tallahassee"
"1108547090","1108547091","US","United States of America","Texas","Brownfield"
"1108553032","1108553039","US","United States of America","California","Concord"
"1108559104","1108559107","US","United States of America","Virginia","McLean"
"1108564608","1108564615","US","United States of America","Georgia","Acworth"
"1108571884","1108571903","US","United States of America","New York","New York City"
"1108577438","1108577439","US","United States of America","Illinois","Springfield"
"1108585472","1108585473","US","United States of America","Virginia","Ashburn"
"1108591001","1108591001","US","United States of America","Texas","Dallas"
"1108601988","1108601989","US","United States of America","Washington","Seattle"
"1108606360","1108606367","US","United States of America","New Mexico","Ruidoso"
"1108793856","1108794367","HK","Hong Kong","Hong Kong","Hong Kong"
"1109077280","1109077287","US","United States of America","California","El Segundo"
"1109132545","1109132546","US","United States of America","Virginia","Arlington"
"1109139377","1109139377","US","United States of America","California","Los Angeles"
"1109239720","1109239727","US","United States of America","Utah","Park City"
"1109410956","1109410959","US","United States of America","Kentucky","Campbellsville"
"1109422638","1109422638","US","United States of America","Massachusetts","Springfield"
"1109464727","1109464727","SG","Singapore","Singapore","Singapore"
"1109630656","1109630695","US","United States of America","Arkansas","Little Rock"
"1109756016","1109756063","US","United States of America","Colorado","Denver"
"1109964499","1109964499","US","United States of America","California","Irvine"
"1110166520","1110166527","US","United States of America","Iowa","Titonka"
"1110229801","1110229801","US","United States of America","Georgia","McCaysville"
"1110341106","1110341119","US","United States of America","Colorado","Denver"
"1110510838","1110510847","US","United States of America","Indiana","Indianapolis"
"1110522974","1110522980","US","United States of America","Kansas","Kansas City"
"1110531253","1110531253","US","United States of America","Indiana","Indianapolis"
"1110538273","1110538273","US","United States of America","Georgia","Rising Fawn"
"1110640749","1110640749","US","United States of America","Oregon","Portland"
"1110872516","1110872519","US","United States of America","Virginia","Arlington"
"1110886944","1110886951","US","United States of America","Arizona","Mesa"
"1110913648","1110913655","US","United States of America","Tennessee","Cordova"
"1111033880","1111033887","US","United States of America","North Carolina","Wake Forest"
"1111040600","1111040603","US","United States of America","North Carolina","Wilmington"
"1111047348","1111047351","US","United States of America","Georgia","Atlanta"
"1111054472","1111054479","US","United States of America","North Carolina","Raleigh"
"1111061544","1111061551","US","United States of America","New York","New York City"
"1111071952","1111071959","US","United States of America","New York","New York City"
"1111080904","1111080911","US","United States of America","North Carolina","Durham"
"1111087928","1111087939","US","United States of America","New York","New York City"
"1111094984","1111094987","US","United States of America","North Carolina","Charlotte"
"1111290488","1111290495","US","United States of America","Texas","Rosharon"
"1111350640","1111350703","US","United States of America","New York","New York City"
"1111497616","1111497623","US","United States of America","Texas","Houston"
"1111524256","1111524264","US","United States of America","North Carolina","Charlotte"
"1111532537","1111532537","US","United States of America","Missouri","Olivette"
"1111543802","1111543807","US","United States of America","North Carolina","Charlotte"
"1111552858","1111552863","US","United States of America","Indiana","Indianapolis"
"1111921760","1111921767","CA","Canada","Quebec","Montreal"
"1112069704","1112069711","US","United States of America","Texas","Richardson"
"1112285696","1112285951","US","United States of America","Texas","Huntsville"
"1112387904","1112387967","US","United States of America","Ohio","Columbus"
"1112556824","1112556824","US","United States of America","Tennessee","Nashville"
"1112625184","1112625187","US","United States of America","California","Ceres"
"1112739414","1112739424","US","United States of America","Georgia","Dunwoody"
"1112746344","1112746351","US","United States of America","Virginia","Norfolk"
"1112751770","1112751808","US","United States of America","Florida","Miami Springs"
"1112757482","1112757482","US","United States of America","North Carolina","Wilmington"
"1112762834","1112762836","US","United States of America","North Carolina","Greensboro"
"1112768641","1112768641","US","United States of America","North Carolina","Cashiers"
"1112776128","1112776131","US","United States of America","Arkansas","Little Rock"
"1112782989","1112782989","US","United States of America","South Carolina","Golden Grove"
"1112789858","1112789860","US","United States of America","South Carolina","Charleston"
"1112797334","1112797336","US","United States of America","North Carolina","Charlotte"
"1112852854","1112852859","US","United States of America","Arkansas","Little Rock"
"1112895856","1112895871","US","United States of America","Texas","Austin"
"1113194446","1113194447","US","United States of America","Massachusetts","Boston"
"1113300540","1113300543","US","United States of America","Hawaii","Kailua-Kona"
"1113570816","1113571327","US","United States of America","Georgia","Atlanta"
"1113989120","1113989183","US","United States of America","Alabama","Montgomery"
"1114211584","1114211839","US","United States of America","District of Columbia","Washington"
"1114449456","1114449671","US","United States of America","New York","Albany"
"1114538568","1114538575","CA","Canada","Quebec","Warwick"
"1114659136","1114659143","US","United States of America","Arkansas","Hazen"
"1114849362","1114849363","US","United States of America","New York","Bath"
"1115110963","1115110963","US","United States of America","Wyoming","Jackson"
"1115245800","1115245815","US","United States of America","California","San Francisco"
"1115355136","1115355399","US","United States of America","California","San Diego"
"1115466240","1115466247","US","United States of America","California","El Segundo"
"1115587184","1115588607","US","United States of America","California","Fresno"
"1115702432","1115702463","US","United States of America","Massachusetts","Waltham"
"1115722608","1115722615","US","United States of America","Texas","Denton"
"1115727318","1115727318","US","United States of America","South Dakota","Willow Lake"
"1115782304","1115782335","US","United States of America","North Carolina","Charlotte"
"1116173832","1116173855","CA","Canada","Ontario","Toronto"
"1116316760","1116316767","US","United States of America","Texas","Richardson"
"1116465472","1116465535","US","United States of America","Texas","Plano"
"1116665536","1116665599","US","United States of America","Texas","Plano"
"1117031042","1117031048","US","United States of America","Missouri","Saint Louis"
"1117043090","1117043124","US","United States of America","Missouri","Chesterfield"
"1117051033","1117051033","US","United States of America","Ohio","Cincinnati"
"1117060170","1117060172","US","United States of America","Missouri","Olivette"
"1117283808","1117283839","US","United States of America","New York","Troy"
"1117318280","1117318287","US","United States of America","Tennessee","Nashville"
"1117336332","1117336335","US","United States of America","New Jersey","Denville"
"1117355044","1117355071","US","United States of America","Illinois","Chicago"
"1117495988","1117495999","US","United States of America","Arkansas","Little Rock"
"1117514592","1117514599","US","United States of America","New York","Central Islip"
"1117779479","1117779500","NL","Netherlands (Kingdom of the)","Noord-Holland","Amsterdam"
"1117949344","1117949359","US","United States of America","Washington","Bellevue"
"1117997251","1117997253","CA","Canada","British Columbia","Vancouver"
"1118010880","1118011135","US","United States of America","California","Los Angeles"
"1118314498","1118314527","US","United States of America","Georgia","Atlanta"
"1118480712","1118480719","US","United States of America","Indiana","Crown Point"
"1118619424","1118619455","US","United States of America","Iowa","Whiting"
"1118674632","1118674635","US","United States of America","New Mexico","Ruidoso"
"1118693868","1118693869","US","United States of America","New York","New York City"
"1118967808","1118967935","US","United States of America","Virginia","Bristow"
"1119157268","1119157303","US","United States of America","California","Los Angeles"
"1119238008","1119238015","US","United States of America","Washington","Vancouver"
"1119441898","1119441898","CA","Canada","Alberta","Calgary"
"1119584296","1119584303","US","United States of America","Georgia","Atlanta"
"1119625056","1119625059","US","United States of America","Michigan","Saint Helen"
"1119645348","1119645351","US","United States of America","Wisconsin","Sheboygan"
"1119653384","1119653391","US","United States of America","Wisconsin","Jacksonport"
"1119740672","1119740799","US","United States of America","Missouri","Dardenne Prairie"
"1119831552","1119831559","US","United States of America","Wisconsin","Peshtigo"
"1119841840","1119841847","US","United States of America","Minnesota","Owatonna"
"1119849932","1119849975","US","United States of America","Maryland","Frederick"
"1120158005","1120158028","US","United States of America","New York","New York City"
"1120206696","1120206703","US","United States of America","Texas","Dallas"
"1120520528","1120520535","CA","Canada","Quebec","Pointe-Claire"
"1120780243","1120780243","US","United States of America","Texas","Austin"
"1120944384","1120944895","US","United States of America","Wisconsin","Wisconsin Rapids"
"1121009248","1121009287","CA","Canada","Quebec","Montreal"
"1121252368","1121252391","US","United States of America","Florida","Fort Lauderdale"
"1121313280","1121313295","US","United States of America","Arizona","Scottsdale"
"1121329812","1121329815","US","United States of America","California","La Mirada"
"1121357640","1121357643","US","United States of America","California","Los Angeles"
"1121384184","1121384187","US","United States of America","California","Monterey Park"
"1121421872","1121421875","US","United States of America","California","Cupertino"
"1121499440","1121499455","US","United States of America","Pennsylvania","Elizabethtown"
"1121536124","1121536127","US","United States of America","Pennsylvania","Muncy"
"1121552361","1121552361","US","United States of America","California","San Jose"
"1121561055","1121561055","US","United States of America","Florida","Pembroke Pines"
"1121584456","1121584463","US","United States of America","New York","Syracuse"
"1121857024","1121857279","US","United States of America","Oregon","Bend"
"1121997672","1121997679","US","United States of America","Arizona","Tempe"
"1122039736","1122039743","US","United States of America","Colorado","Littleton"
"1122196992","1122197247","US","United States of America","Delaware","Wilmington"
"1122490536","1122490879","US","United States of America","New York","Albany"
"1122850048","1122850303","US","United States of America","New York","New York City"
"1123209728","1123211263","US","United States of America","Illinois","Staunton"
"1123351536","1123351551","CA","Canada","Ontario","Mississauga"
"1123565172","1123565175","US","United States of America","Illinois","Chicago"
"1123571630","1123571633","US","United States of America","Illinois","Chicago"
"1123598848","1123599103","NL","Netherlands (Kingdom of the)","Zuid-Holland","The Hague"
"1123681798","1123681800","US","United States of America","Georgia","Atlanta"
"1123684019","1123684020","US","United States of America","Georgia","Atlanta"
"1123745459","1123745459","US","United States of America","Georgia","Atlanta"
"1123766352","1123766367","US","United States of America","Arkansas","Little Rock"
"1123860224","1123860231","US","United States of America","New Jersey","Edison"
"1124053664","1124053695","US","United States of America","Arkansas","Little Rock"
"1124685088","1124685107","US","United States of America","Florida","Orlando"
"1124774144","1124774399","US","United States of America","Texas","San Antonio"
"1124993183","1124993184","US","United States of America","Illinois","Champaign"
"1124996721","1124996722","US","United States of America","California","Los Angeles"
"1124999390","1124999390","US","United States of America","Pennsylvania","Philadelphia"
"1125003358","1125003358","US","United States of America","Oklahoma","Tulsa"
"1125007331","1125007336","US","United States of America","Louisiana","Monroe"
"1125017913","1125017913","US","United States of America","Minnesota","Duluth"
"1125024591","1125024592","US","United States of America","Idaho","Boise"
"1125048624","1125048639","US","United States of America","Florida","Naples"
"1125159337","1125159338","GB","United Kingdom of Great Britain and Northern Ireland","England","Yateley"
"1125163733","1125163734","GB","United Kingdom of Great Britain and Northern Ireland","England","London"
"1125167115","1125167116","US","United States of America","Arizona","Phoenix"
"1125170070","1125170070","US","United States of America","Illinois","Chicago"
"1125206780","1125206782","US","United States of America","Arizona","Phoenix"
"1125210078","1125210078","US","United States of America","District of Columbia","Washington"
"1125213977","1125213978","US","United States of America","California","Los Angeles"
"1125228697","1125228698","US","United States of America","Washington","Seattle"
"1125241685","1125241686","US","United States of America","Michigan","Detroit"
"1125528710","1125528710","NL","Netherlands (Kingdom of the)","Noord-Holland","Amsterdam"
"1126184000","1126184031","US","United States of America","Alabama","Tuscaloosa"
"1126474240","1126474271","US","United States of America","Ohio","Youngstown"
"1126554704","1126554879","US","United States of America","Michigan","Southfield"
"1126653168","1126653183","US","United States of America","Texas","Plano"
"1126779048","1126779055","US","United States of America","Colorado","Colorado Springs"
"1126957824","1126958079","US","United States of America","Virginia","Ashburn"
"1127234024","1127234031","US","United States of America","Texas","Houston"
"1127355392","1127356543","US","United States of America","Washington","Vancouver"
"1127490564","1127490567","US","United States of America","Wisconsin","New Berlin"
"1127497616","1127497619","US","United States of America","Ohio","Newark"
"1127509140","1127509143","US","United States of America","California","Palm Desert"
"1127520512","1127520519","US","United States of America","California","San Diego"
"1127528496","1127528511","US","United States of America","California","Santa Ana"
"1127537368","1127537379","US","United States of America","Idaho","Coeur d'Alene"
"1127546312","1127546315","US","United States of America","Kansas","Lenexa"
"1127553784","1127553787","US","United States of America","Ohio","North Canton"
"1127566012","1127566015","US","United States of America","Alabama","Dothan"
"1127576868","1127576871","US","United States of America","California","Santa Monica"
"1127586836","1127586839","US","United States of America","Wisconsin","De Pere"
"1127594312","1127594327","US","United States of America","Wisconsin","Mukwonago"
"1127608004","1127608007","US","United States of America","Wisconsin","Menomonee Falls"
"1127888896","1127889407","US","United States of America","California","San Diego"
"1127999561","1127999561","US","United States of America","New Jersey","North Bergen"
"1128027136","1128030207","US","United States of America","Arizona","Prescott"
"1128148260","1128148261","US","United States of America","Maryland","Urbana"
"1128161472","1128161487","US","United States of America","Georgia","Atlanta"
"1128174644","1128174645","US","United States of America","Virginia","Ashburn"
"1128188784","1128188789","US","United States of America","Arkansas","Little Rock"
"1128212136","1128212139","US","United States of America","Florida","Bay Harbor Islands"
"1128324760","1128324767","US","United States of America","Texas","Plano"
"1128502504","1128502511","US","United States of America","Texas","Dallas"
"1128566397","1128566397","CA","Canada","Quebec","Sherbrooke"
"1128604128","1128604135","CA","Canada","Quebec","Berthierville"
"1128634280","1128634287","CA","Canada","Ontario","Rockland"
"1128676758","1128676759","CA","Canada","Ontario","Brampton"
"1128711332","1128711335","CA","Canada","Ontario","Greater Sudbury"
"1128715128","1128715135","CA","Canada","Ontario","Whitedog"
"1128766823","1128766823","CA","Canada","Ontario","Oshawa"
"1128787688","1128787695","CA","Canada","Quebec","Trois-Rivieres"
"1129188248","1129188343","US","United States of America","Florida","Tampa"
"1129198512","1129198519","US","United States of America","Texas","San Antonio"
"1129206468","1129206475","US","United States of America","Texas","Houston"
"1129216368","1129216375","US","United States of America","Texas","Laredo"
"1129229184","1129229191","US","United States of America","Florida","Winter Park"
"1129243504","1129243511","US","United States of America","Alabama","Birmingham"
"1129255100","1129255103","US","United States of America","Texas","Fredericksburg"
"1129264348","1129264351","US","United States of America","Texas","Allen"
"1129272924","1129272935","US","United States of America","Texas","Houston"
"1129282592","1129282599","US","United States of America","Texas","San Antonio"
"1129296820","1129296823","US","United States of America","Florida","Daytona Beach"
"1129307584","1129307591","US","United States of America","Texas","Houston"
"1129349120","1129349631","US","United States of America","New Jersey","Rahway"
"1129576625","1129576626","US","United States of America","New Jersey","Oakland"
"1129920000","1129920255","US","United States of America","Virginia","Ashburn"
"1130259200","1130259455","US","United States of America","Massachusetts","Cambridge"
"1130411504","1130411775","US","United States of America","Georgia","Atlanta"
"1130499344","1130499351","US","United States of America","Minnesota","Golden Valley"
"1130591232","1130591487","US","United States of America","Louisiana","Monroe"
"1131157248","1131158527","US","United States of America","Massachusetts","Cambridge"
"1131447368","1131447455","US","United States of America","California","San Diego"
"1131546592","1131548159","US","United States of America","California","Fresno"
"1131663616","1131663623","US","United States of America","California","El Segundo"
"1131773944","1131773951","US","United States of America","California","Sacramento"
"1131913488","1131913495","US","United States of America","California","San Francisco"
"1132058064","1132058175","US","United States of America","California","San Diego"
"1132187904","1132187911","US","United States of America","California","El Segundo"
"1132403456","1132403463","US","United States of America","California","El Segundo"
"1132472794","1132472812","US","United States of America","California","Los Angeles"
"1132506968","1132506975","US","United States of America","Arizona","Phoenix"
"1132530896","1132530903","US","United States of America","Utah","Saratoga Springs"
"1132552608","1132552647","US","United States of America","California","San Jose"
"1132576410","1132576412","US","United States of America","Florida","Miami"
"1132586594","1132586596","US","United States of America","Missouri","Kansas City"
"1132596192","1132596207","US","United States of America","Louisiana","Monroe"
"1132605165","1132605165","US","United States of America","Virginia","Arlington"
"1132625529","1132625529","US","United States of America","Texas","Fort Worth"
"1132642850","1132642852","US","United States of America","Texas","Dallas"
"1132667377","1132667377","US","United States of America","Florida","Fort Myers"
"1132690304","1132690311","US","United States of America","Kansas","Lenexa"
"1132713042","1132713060","US","United States of America","Texas","Dallas"
"1132728218","1132728220","US","United States of America","Georgia","Atlanta"
"1132747309","1132747309","US","United States of America","New Jersey","Piscataway"
"1132762761","1132762761","US","United States of America","Texas","Houston"
"1132771802","1132771804","US","United States of America","Missouri","Kansas City"
"1132784874","1132784876","US","United States of America","California","San Diego"
"1132797842","1132797844","US","United States of America","Washington","Tukwila"
"1132816128","1132816383","US","United States of America","California","San Jose"
"1132834696","1132834719","US","United States of America","Louisiana","Monroe"
"1132850944","1132850951","US","United States of America","Georgia","Atlanta"
"1132865425","1132865425","US","United States of America","Washington","Tukwila"
"1132885561","1132885561","US","United States of America","Tennessee","Memphis"
"1132897890","1132897892","US","United States of America","Colorado","Greenwood Village"
"1132926200","1132926207","US","United States of America","Arizona","Phoenix"
"1132942757","1132942757","US","United States of America","North Carolina","Rocky Mount"
"1132963853","1132963853","US","United States of America","Iowa","Cedar Rapids"
"1132979419","1132979420","US","United States of America","California","San Jose"
"1133373120","1133373139","US","United States of America","Virginia","Ashburn"
"1133777542","1133777588","US","United States of America","Texas","Houston"
"1133795366","1133795372","US","United States of America","Louisiana","Monroe"
"1133821029","1133821029","US","United States of America","Minnesota","Minneapolis"
"1133833838","1133833848","US","United States of America","Texas","Dallas"
"1133972492","1133972499","US","United States of America","Pennsylvania","Philadelphia"
"1133996132","1133996135","US","United States of America","New York","Bohemia"
"1134015520","1134015527","US","United States of America","New Jersey","Florham Park"
"1134032912","1134032923","US","United States of America","Illinois","Naperville"
"1134259712","1134259967","US","United States of America","Virginia","Ashburn"
"1134693376","1134693631","US","United States of America","Indiana","Griffith"
"1135092736","1135093247","US","United States of America","Washington","Spokane"
"1135492096","1135492607","US","United States of America","California","Chico"
"1135753795","1135753795","US","United States of America","Georgia","Stone Mountain"
"1135788778","1135788784","US","United States of America","Washington","Vancouver"
"1135797504","1135797688","US","United States of America","New Jersey","Verona"
"1135804829","1135804829","US","United States of America","Connecticut","Hartford"
"1135809825","1135809825","US","United States of America","Pennsylvania","Doylestown"
"1135813786","1135813792","US","United States of America","Florida","Crawfordville"
"1135821881","1135821881","US","United States of America","Florida","Dade City North"
"1135826441","1135826441","US","United States of America","Maryland","Poolesville"
"1135834637","1135834637","US","United States of America","Michigan","Battle Creek"
"1135843289","1135843289","US","United States of America","Virginia","Purcellville"
"1135853602","1135853604","US","United States of America","Pennsylvania","Tarentum"
"1135863926","1135863928","US","United States of America","Vermont","Williston"
"1136065024","1136066047","US","United States of America","Utah","Salt Lake City"
"1136479744","1136480255","US","United States of America","Oregon","Beaverton"
"1136911877","1136911878","US","United States of America","Washington","Quincy"
"1137151106","1137151112","US","United States of America","Virginia","McLean"
"1137222208","1137222223","US","United States of America","Texas","Houston"
"1137244152","1137244223","US","United States of America","Texas","Houston"
"1137401616","1137401631","US","United States of America","California","Hemet"
"1137420268","1137420271","US","United States of America","California","Anaheim"
"1137596344","1137596351","US","United States of America","Illinois","Ottawa"
"1137749152","1137749159","US","United States of America","New York","Buffalo"
"1137771776","1137772031","US","United States of America","North Carolina","Shallotte"
"1138004800","1138004807","US","United States of America","Colorado","Denver"
"1138118712","1138118715","US","United States of America","California","Los Angeles"
"1138243840","1138244095","CA","Canada","Ontario","North York"
"1138454934","1138454934","US","United States of America","Texas","Gainesville"
"1138467688","1138467688","US","United States of America","Oklahoma","Texhoma"
"1138468883","1138468883","US","United States of America","Texas","Gruver"
"1138470114","1138470114","US","United States of America","Oklahoma","Adams"
"1138526136","1138526143","IN","India","Maharashtra","Pune"
"1138592823","1138592826","US","United States of America","Texas","Sulphur Springs"
"1138777924","1138777927","CA","Canada","Ontario","Thornhill"
"1139412224","1139412479","US","United States of America","Tennessee","Johnson City"
"1139689568","1139689727","US","United States of America","California","San Jose"
"1140228352","1140228607","US","United States of America","New York","Corinth"
"1140750848","1140751103","US","United States of America","Illinois","Naperville"
"1141973496","1141973503","US","United States of America","Kentucky","Louisville"
"1142221256","1142221263","US","United States of America","Texas","Dallas"
"1142317568","1142317583","US","United States of America","Illinois","Naperville"
"1142416384","1142416391","US","United States of America","Illinois","Naperville"
"1143271936","1143272447","US","United States of America","Michigan","Chelsea"
"1143694336","1143695359","US","United States of America","Michigan","Chelsea"
"1144132352","1144132607","US","United States of America","Indiana","Bloomington"
"1144550144","1144550399","US","United States of America","Florida","Sarasota"
"1144983040","1144983551","US","United States of America","Florida","Tallahassee"
"1145131240","1145131243","US","United States of America","California","Sacramento"
"1145220096","1145220223","US","United States of America","Utah","Murray"
"1145389257","1145389257","US","United States of America","South Dakota","Winner"
"1145390320","1145390320","US","United States of America","South Dakota","Hartford"
"1145391390","1145391390","US","United States of America","South Dakota","Custer"
"1145392461","1145392461","US","United States of America","South Dakota","Mission"
"1145393511","1145393511","US","United States of America","South Dakota","Hartford"
"1145394563","1145394563","US","United States of America","South Dakota","Martin"
"1145395615","1145395615","US","United States of America","South Dakota","Rosebud"
"1145396664","1145396665","US","United States of America","South Dakota","Hot Springs"
"1145458808","1145458815","US","United States of America","Kansas","Overland Park"
"1145569280","1145569535","US","United States of America","Virginia","Arlington"
"1145716392","1145716431","US","United States of America","Texas","Dallas"
"1145914496","1145914527","US","United States of America","Indiana","Daleville"
"1146056480","1146056487","US","United States of America","Illinois","Union"
"1146400768","1146402815","US","United States of America","Michigan","Grand Rapids"
"1146423417","1146423417","US","United States of America","Colorado","Greenwood Village"
"1146426055","1146426055","US","United States of America","Massachusetts","Yarmouth"
"1146431441","1146431441","US","United States of America","Utah","Salt Lake City"
"1146434514","1146434516","US","United States of America","Georgia","Atlanta"
"1146437949","1146437950","US","United States of America","New Mexico","Tijeras"
"1146441814","1146441814","US","United States of America","Maryland","Frederick"
"1146445854","1146445864","US","United States of America","Florida","Miami"
"1146448685","1146448685","US","United States of America","Colorado","Pueblo"
"1146452625","1146452625","US","United States of America","Georgia","Augusta"
"1146456586","1146456588","US","United States of America","Maryland","Baltimore"
"1146460053","1146460054","US","United States of America","Oregon","Salem"
"1146463181","1146463181","US","United States of America","New Hampshire","Lebanon"
"1146467103","1146467104","US","United States of America","Illinois","Schaumburg"
"1146469966","1146469968","US","United States of America","California","Cupertino"
"1146473425","1146473425","US","United States of America","Tennessee","Whitehaven"
"1146477312","1146477328","US","United States of America","Florida","Fort Lauderdale"
"1146481407","1146481407","US","United States of America","Michigan","Dearborn"
"1146485791","1146485804","US","United States of America","Texas","Houston"
"1146489017","1146489017","US","United States of America","Oregon","Portland"
"1146491623","1146491623","US","United States of America","Washington","Everett"
"1146493946","1146493946","US","United States of America","South Carolina","Walterboro"
"1146496469","1146496469","US","United States of America","Indiana","Kokomo"
"1146498868","1146498868","US","United States of America","Florida","Lake Worth"
"1146501554","1146501554","US","United States of America","Louisiana","West Monroe"
"1146504391","1146504392","US","United States of America","Tennessee","Nashville"
"1146509586","1146509586","US","United States of America","Georgia","Marietta"
"1146512891","1146512892","US","United States of America","Michigan","Dearborn"
"1146516914","1146516916","US","United States of America","Illinois","Naperville"
"1146519641","1146519642","US","United States of America","Colorado","Fort Collins"
"1146523594","1146523594","US","United States of America","California","San Francisco"
"1146526778","1146526780","US","United States of America","Pennsylvania","Norristown"
"1146531019","1146531020","US","United States of America","District of Columbia","Washington"
"1146534590","1146534592","US","United States of America","Illinois","Naperville"
"1146538265","1146538265","US","United States of America","Arizona","Pima"
"1146541650","1146541650","US","United States of America","Pennsylvania","Norristown"
"1146544674","1146544676","US","United States of America","Massachusetts","Cambridge"
"1146547767","1146547772","US","United States of America","New York","New York City"
"1146551541","1146551541","US","United States of America","Virginia","Alexandria"
"1146554744","1146554744","US","United States of America","Massachusetts","Cambridge"
"1146562645","1146562645","US","United States of America","South Carolina","Charleston"
"1146575762","1146575762","US","United States of America","New York","New York City"
"1146587969","1146587969","US","United States of America","Maryland","Rockville"
"1146591337","1146591337","US","United States of America","Massachusetts","West Roxbury"
"1146595373","1146595373","US","United States of America","Virginia","Alexandria"
"1146599011","1146599016","US","United States of America","New York","New York City"
"1146602037","1146602037","US","United States of America","California","Hayward"
"1146604741","1146604741","US","United States of America","Illinois","Chicago"
"1146608169","1146608170","US","United States of America","Oregon","Beaverton"
"1146611747","1146611752","US","United States of America","Illinois","Oak Brook"
"1146614410","1146614410","US","United States of America","New York","New York City"
"1146616919","1146616919","US","United States of America","California","Novato"
"1146749976","1146750271","US","United States of America","Texas","Richardson"
"1146958272","1146958335","US","United States of America","Texas","Dallas"
"1148095488","1148096511","US","United States of America","Arizona","Phoenix"
"1148267520","1148267775","US","United States of America","Washington","Kennewick"
"1148367464","1148367471","US","United States of America","Georgia","Atlanta"
"1148418120","1148418123","US","United States of America","South Carolina","Spartanburg"
"1148426512","1148426527","US","United States of America","Maryland","Frederick"
"1148436712","1148436719","US","United States of America","South Carolina","Greenville"
"1148447216","1148447223","US","United States of America","South Carolina","Spartanburg"
"1148457496","1148457503","US","United States of America","Washington","Seattle"
"1148468536","1148468539","US","United States of America","Oregon","Lincoln City"
"1148517968","1148517971","US","United States of America","Maryland","Frederick"
"1148578688","1148578815","US","United States of America","Nebraska","Lincoln"
"1148658688","1148659711","US","United States of America","North Carolina","Hickory"
"1148826192","1148826199","US","United States of America","California","San Francisco"
"1149042760","1149042767","US","United States of America","California","San Francisco"
"1149468160","1149497343","US","United States of America","Virginia","Arlington"
"1150086144","1150086655","US","United States of America","New York","New York City"
"1150228794","1150228800","US","United States of America","Kentucky","Lexington"
"1150240778","1150240784","US","United States of America","North Carolina","Durham"
"1150253071","1150253074","US","United States of America","Florida","Jacksonville Beach"
"1150274501","1150274501","US","United States of America","Kentucky","Cave City"
"1150357570","1150357570","CA","Canada","Alberta","Calgary"
"1150813888","1150813919","US","United States of America","Texas","Dallas"
"1151356736","1151356895","US","United States of America","Virginia","Ashburn"
"1151826176","1151826687","US","United States of America","Tennessee","Nashville"
"1152173312","1152173567","US","United States of America","Illinois","Chicago"
"1152387757","1152387757","US","United States of America","Idaho","Boise"
"1152391565","1152391565","US","United States of America","South Dakota","Sioux Falls"
"1152394906","1152394908","US","United States of America","New York","New York City"
"1152398362","1152398372","US","United States of America","Florida","Miami"
"1152404333","1152404333","US","United States of America","Missouri","Kansas City"
"1152408825","1152408825","US","United States of America","Arizona","Tucson"
"1152414517","1152414517","US","United States of America","Iowa","Cedar Rapids"
"1152418221","1152418221","US","United States of America","Ohio","Cleveland"
"1152421897","1152421897","US","United States of America","North Carolina","Charlotte"
"1152425394","1152425400","US","United States of America","District of Columbia","Washington"
"1152465262","1152465276","US","United States of America","Arizona","Phoenix"
"1152503961","1152503961","US","United States of America","Georgia","Atlanta"
"1152558306","1152558324","US","United States of America","California","Santa Clara"
"1152978568","1152978571","US","United States of America","Oregon","Warrenton"
"1153043456","1153044479","US","United States of America","Washington","Kennewick"
"1153171704","1153171707","US","United States of America","Maryland","Frederick"
"1153182888","1153182899","US","United States of America","Illinois","Naperville"
"1153201688","1153201727","US","United States of America","Missouri","Saint Louis"
"1153290324","1153290327","US","United States of America","Texas","Rockwall"
"1153366016","1153366527","US","United States of America","California","West Covina"
"1153400728","1153400735","US","United States of America","Tennessee","Maryville"
"1153425292","1153425295","US","United States of America","Maryland","Frederick"
"1153634816","1153635327","US","United States of America","New York","New York City"
"1153687032","1153687039","US","United States of America","Connecticut","Stamford"
"1153695744","1153696511","US","United States of America","New York","New York City"
"1154438656","1154439167","US","United States of America","Alabama","Birmingham"
"1155033408","1155033439","US","United States of America","Texas","Dallas"
"1156172548","1156172551","US","United States of America","California","San Jose"
"1156338032","1156338039","US","United States of America","Massachusetts","Cambridge"
"1157131552","1157131567","US","United States of America","Texas","Dallas"
"1157271968","1157271983","US","United States of America","Texas","Plano"
"1157497344","1157497455","US","United States of America","Texas","Dallas"
"1157721664","1157721679","US","United States of America","Oregon","McMinnville"
"1157822448","1157822463","US","United States of America","Colorado","Denver"
"1158130048","1158130943","US","United States of America","Texas","Houston"
"1158372096","1158372351","CA","Canada","Saskatchewan","Regina"
"1158615104","1158615295","NL","Netherlands (Kingdom of the)","Noord-Holland","Amsterdam"
"1158940544","1158940559","US","United States of America","Virginia","Dulles"
"1158978560","1158978815","US","United States of America","Idaho","Blackfoot"
"1159106112","1159106112","US","United States of America","New York","New York City"
"1159302910","1159302911","US","United States of America","Delaware","Wilmington"
"1159459560","1159459567","US","United States of America","New York","Ossining"
"1159542816","1159542823","US","United States of America","Alabama","Falkville"
"1159633158","1159633158","US","United States of America","Georgia","Atlanta"
"1159671208","1159671215","US","United States of America","New Jersey","Mount Laurel"
"1159680384","1159680415","US","United States of America","Ohio","Toledo"
"1159692808","1159692823","HK","Hong Kong","Hong Kong","Hong Kong"
"1159858688","1159859199","US","United States of America","Arkansas","Little Rock"
"1160085592","1160085607","US","United States of America","Texas","Dallas"
"1160162036","1160162039","US","United States of America","New York","New York City"
"1160208640","1160209151","US","United States of America","Maine","Rockland"
"1160312955","1160313087","US","United States of America","Georgia","Athens"
"1160686096","1160686103","CA","Canada","Ontario","Toronto"
"1160822784","1160823295","CA","Canada","Alberta","Sherwood Park"
"1161197696","1161197711","US","United States of America","Iowa","Mason City"
"1161411840","1161412095","US","United States of America","Texas","Dallas"
"1161777896","1161777903","US","United States of America","California","Torrance"
"1161790761","1161790761","US","United States of America","California","Encino"
"1161793371","1161793371","US","United States of America","District of Columbia","Washington"
"1161797442","1161797442","US","United States of America","District of Columbia","Washington"
"1161843735","1161843747","US","United States of America","Missouri","Kansas City"
"1161955169","1161955169","US","United States of America","Iowa","Grundy Center"
"1162032384","1162032399","US","United States of America","Pennsylvania","Lansdale"
"1162412588","1162412599","US","United States of America","Georgia","Atlanta"
"1162481904","1162481919","US","United States of America","New Jersey","Springfield"
"1162509928","1162509935","US","United States of America","New Jersey","Newark"
"1162541208","1162541215","US","United States of America","New Jersey","Newark"
"1162550296","1162550303","US","United States of America","California","Van Nuys"
"1162558384","1162558387","US","United States of America","California","Carlsbad"
"1162567312","1162567315","US","United States of America","California","Hemet"
"1162575736","1162575743","US","United States of America","California","Van Nuys"
"1162584072","1162584079","US","United States of America","California","Santa Monica"
"1162592320","1162592327","US","United States of America","California","Los Angeles"
"1162601544","1162601551","US","United States of America","California","El Segundo"
"1162713600","1162715135","US","United States of America","North Carolina","West Jefferson"
"1162724861","1162724861","US","United States of America","South Dakota","Pine Ridge"
"1162725903","1162725903","US","United States of America","South Dakota","Dell Rapids"
"1162726936","1162726936","US","United States of America","South Dakota","Winner"
"1162727982","1162727982","US","United States of America","South Dakota","Witten"
"1162729018","1162729018","US","United States of America","South Dakota","Mission"
"1162730098","1162730098","US","United States of America","South Dakota","White River"
"1162731174","1162731174","US","United States of America","South Dakota","Avon"
"1162732210","1162732210","US","United States of America","South Dakota","Kyle"
"1162733240","1162733240","US","United States of America","South Dakota","Martin"
"1162734281","1162734281","US","United States of America","South Dakota","Dell Rapids"
"1162735328","1162735328","US","United States of America","Iowa","Wall Lake"
"1162736363","1162736363","US","United States of America","South Dakota","Canistota"
"1162737394","1162737394","US","United States of America","South Dakota","Wall"
"1162738433","1162738433","US","United States of America","South Dakota","Martin"
"1162739496","1162739496","US","United States of America","South Dakota","Interior"
"1163223215","1163223215","US","United States of America","Georgia","Jasper"
"1163225685","1163225685","US","United States of America","Georgia","Ellijay"
"1163228097","1163228097","US","United States of America","Georgia","Dahlonega"
"1163229306","1163229306","US","United States of America","Georgia","Ellijay"
"1163230553","1163230553","US","United States of America","Georgia","Mineral Bluff"
"1163413872","1163413895","US","United States of America","Arizona","Phoenix"
"1163435776","1163436031","US","United States of America","New York","New York City"
"1163554704","1163554751","CA","Canada","Ontario","Etobicoke"
"1163882620","1163882719","US","United States of America","Wisconsin","Milwaukee"
"1164565552","1164565759","US","United States of America","California","Los Angeles"
"1164808960","1164809015","US","United States of America","New York","New York City"
"1165117440","1165117951","US","United States of America","New Jersey","Newark"
"1165559040","1165559295","US","United States of America","New Jersey","Newark"
"1166024192","1166024703","US","United States of America","Wisconsin","Appleton"
"1166254080","1166254080","US","United States of America","Utah","Washington"
"1166479440","1166479443","US","United States of America","Illinois","Naperville"
"1166486472","1166486479","US","United States of America","Ohio","Columbus"
"1166493420","1166493423","US","United States of America","Kentucky","Lexington"
"1166500556","1166500559","US","United States of America","Virginia","Vienna"
"1166733824","1166734591","US","United States of America","Virginia","Arlington"
"1166773724","1166773725","US","United States of America","Texas","Houston"
"1166781285","1166781285","US","United States of America","Florida","Naples"
"1166785150","1166785156","US","United States of America","New York","New York City"
"1166788599","1166788600","US","United States of America","California","Cupertino"
"1166792517","1166792517","US","United States of America","Virginia","Manassas"
"1166797527","1166797528","US","United States of America","Illinois","Champaign"
"1166801358","1166801360","US","United States of America","Michigan","Southfield"
"1167047680","1167048191","US","United States of America","Maryland","Baltimore"
"1167106560","1167107071","US","United States of America","Montana","Billings"
"1167178200","1167178207","US","United States of America","Montana","Bozeman"
"1167258560","1167258623","US","United States of America","Colorado","Greenwood Village"
"1167438856","1167438911","US","United States of America","Texas","Beaumont"
"1167693184","1167693191","US","United States of America","Texas","Houston"
"1167905065","1167905067","CA","Canada","Ontario","Malton"
"1167996928","1167997183","CA","Canada","Quebec","Varennes"
"1168072672","1168072675","CA","Canada","Quebec","Montreal"
"1168406528","1168406615","US","United States of America","Florida","Boca Raton"
"1168562740","1168562755","US","United States of America","Texas","Austin"
"1168591376","1168591383","US","United States of America","Washington","Mukilteo"
"1168654336","1168655871","US","United States of America","Utah","Orem"
"1168774192","1168774199","US","United States of America","California","Los Angeles"
"1168784852","1168784863","US","United States of America","California","Los Angeles"
"1169031370","1169031372","US","United States of America","California","San Jose"
"1169033953","1169033953","US","United States of America","California","San Jose"
"1169036630","1169036632","US","United States of America","Washington","Seattle"
"1169062832","1169062839","GB","United Kingdom of Great Britain and Northern Ireland","England","London"
"1169069520","1169069527","US","United States of America","Indiana","New Castle"
"1169217408","1169217439","US","United States of America","New York","New York City"
"1169330180","1169330183","US","United States of America","Texas","Austin"
"1169341752","1169341775","US","United States of America","Texas","Austin"
"1169595544","1169595647","US","United States of America","Texas","Dallas"
"1170280928","1170280935","US","United States of America","New York","Selkirk"
"1170290204","1170290207","US","United States of America","New York","New York City"
"1170299640","1170299647","US","United States of America","New York","Fairport"
"1170308448","1170308455","US","United States of America","New York","Vestal"
"1170319416","1170319431","US","United States of America","New York","New York City"
"1170330808","1170330811","US","United States of America","New York","Manhattan"
"1170348331","1170348331","US","United States of America","Georgia","Ellijay"
"1170349585","1170349587","US","United States of America","Georgia","Ellijay"
"1170495712","1170495719","CA","Canada","British Columbia","North Vancouver"
"1171264000","1171264255","US","United States of America","Virginia","Arlington"
"1171513344","1171513599","US","United States of America","Virginia","Arlington"
"1171640832","1171640839","US","United States of America","Illinois","Naperville"
"1171804160","1171804335","US","United States of America","Virginia","Arlington"
"1171990272","1171990535","US","United States of America","Illinois","Naperville"
"1172189952","1172190207","US","United States of America","New York","New York City"
"1172412160","1172412191","US","United States of America","Virginia","Arlington"
"1172641648","1172641791","US","United States of America","California","Irvine"
"1173005312","1173005567","US","United States of America","New York","New York City"
"1173329120","1173329127","US","United States of America","Texas","Dallas"
"1173358762","1173358762","US","United States of America","Pennsylvania","Torresdale"
"1173362766","1173362768","US","United States of America","New York","New York City"
"1173365883","1173365884","US","United States of America","Illinois","Naperville"
"1173368610","1173368624","US","United States of America","Illinois","Naperville"
"1173373870","1173373872","US","United States of America","Illinois","Naperville"
"1173377350","1173377352","US","United States of America","Illinois","Naperville"
"1173381117","1173381117","US","United States of America","Illinois","Homewood"
"1173385113","1173385114","US","United States of America","California","San Francisco"
"1173390197","1173390197","US","United States of America","Illinois","Mount Prospect"
"1173397473","1173397473","US","United States of America","Florida","Sebastian"
"1173403678","1173403680","US","United States of America","Michigan","Dearborn"
"1173410818","1173410828","US","United States of America","Minnesota","Minneapolis"
"1173418114","1173418120","US","United States of America","Virginia","Richmond"
"1173424582","1173424582","US","United States of America","Connecticut","Middletown"
"1173429781","1173429781","US","United States of America","Connecticut","Hartford"
"1173435202","1173435204","US","United States of America","Maryland","Baltimore"
"1173441209","1173441210","US","United States of America","California","San Jose"
"1173444558","1173444560","US","United States of America","District of Columbia","Washington"
"1173447993","1173447994","US","United States of America","Michigan","Pontiac"
"1173450938","1173450938","US","United States of America","Connecticut","Bristol"
"1173454598","1173454600","US","United States of America","Tennessee","Knoxville"
"1173462781","1173462781","US","United States of America","Texas","Houston"
"1173473054","1173473056","US","United States of America","Massachusetts","Cambridge"
"1173482014","1173482036","US","United States of America","New York","New York City"
"1173620224","1173621503","US","United States of America","Arizona","Pima"
"1174007808","1174008063","US","United States of America","Pennsylvania","Bensalem"
"1174144690","1174144691","US","United States of America","Virginia","Arlington"
"1174148253","1174148253","US","United States of America","Michigan","Jackson"
"1174152725","1174152725","US","United States of America","Florida","Naples"
"1174158038","1174158040","US","United States of America","Washington","Seattle"
"1174164483","1174164485","US","United States of America","Florida","Miami"
"1174171854","1174171864","US","United States of America","Massachusetts","Cambridge"
"1174180478","1174180480","US","United States of America","Florida","Palatka"
"1174188033","1174188033","US","United States of America","New Jersey","Plainfield"
"1174198241","1174198241","US","United States of America","Florida","Dade City North"
"1175477248","1175477759","US","United States of America","Pennsylvania","State College"
"1175998400","1175998404","CA","Canada","Ontario","Elgin"
"1176011075","1176011076","CA","Canada","Ontario","Coboconk"
"1176074424","1176074431","CA","Canada","Ontario","Scarborough"
"1176141282","1176141282","CA","Canada","Ontario","Whitby"
"1176188650","1176188652","CA","Canada","Ontario","Toronto"
"1176227266","1176227267","CA","Canada","Ontario","Toronto"
"1176315294","1176315296","CA","Canada","Ontario","Hamilton"
"1176445440","1176445695","CA","Canada","Ontario","Toronto"
"1176474368","1176474623","CA","Canada","Ontario","Cooksville"
"1176676640","1176676671","US","United States of America","Michigan","Southfield"
"1176822822","1176822822","US","United States of America","California","Tracy"
"1177175036","1177175037","US","United States of America","New York","New York City"
"1177226844","1177226892","US","United States of America","Tennessee","Nashville"
"1177235117","1177235117","US","United States of America","Florida","Winter Beach"
"1177243898","1177243899","US","United States of America","Georgia","Acworth"
"1177252925","1177252925","US","United States of America","South Carolina","Golden Grove"
"1177261396","1177261399","US","United States of America","Oklahoma","Oklahoma City"
"1177271165","1177271165","US","United States of America","Tennessee","Nashville"
"1177281176","1177281184","US","United States of America","Arkansas","Little Rock"
"1177287943","1177287943","US","United States of America","North Carolina","Cashiers"
"1177596472","1177596472","CA","Canada","Ontario","Toronto"
"1177638912","1177639167","CA","Canada","Ontario","Goderich"
"1177732818","1177732818","CA","Canada","Ontario","Hamilton"
"1177780626","1177780627","CA","Canada","Ontario","Greater Sudbury"
"1177870089","1177870092","CA","Canada","Ontario","Elmvale"
"1177924047","1177924047","CA","Canada","Quebec","Quebec"
"1177960994","1177960996","CA","Canada","Ontario","Toronto"
"1178016561","1178016561","CA","Canada","Ontario","Toronto"
"1178339760","1178339767","US","United States of America","Pennsylvania","Sharon"
"1178347996","1178347999","US","United States of America","Ohio","Germantown"
"1178356096","1178356127","US","United States of America","Ohio","Cincinnati"
"1178365216","1178365223","US","United States of America","New York","New York City"
"1178372440","1178372447","US","United States of America","Virginia","Vienna"
"1178380008","1178380011","US","United States of America","Illinois","Naperville"
"1178387088","1178387099","US","United States of America","New York","New York City"
"1178398436","1178398439","US","United States of America","North Carolina","Monroe"
"1178408852","1178408867","US","United States of America","Virginia","Vienna"
"1178417616","1178417623","US","United States of America","Virginia","Vienna"
"1178424824","1178424827","US","United States of America","North Carolina","Durham"
"1178432776","1178432779","US","United States of America","North Carolina","Apex"
"1178440868","1178440871","US","United States of America","Virginia","Ashburn"
"1178449272","1178449279","US","United States of America","Ohio","Columbus"
"1178457816","1178457823","US","United States of America","California","El Segundo"
"1178466724","1178466727","US","United States of America","Kentucky","Lawrenceburg"
"1178476200","1178476207","US","United States of America","Ohio","Youngstown"
"1178488048","1178488063","US","United States of America","Georgia","Atlanta"
"1178497464","1178497467","US","United States of America","North Carolina","Charlotte"
"1178505320","1178505327","US","United States of America","Ohio","Cleveland"
"1178514068","1178514071","US","United States of America","Ohio","Mason"
"1178523692","1178523695","US","United States of America","Ohio","Port Clinton"
"1178533220","1178533231","US","United States of America","Virginia","Vienna"
"1178542624","1178542631","US","United States of America","Ohio","Dayton"
"1178551704","1178551707","US","United States of America","North Carolina","Swansboro"
"1178560000","1178560007","US","United States of America","New York","New York City"
"1178568472","1178568479","US","United States of America","Georgia","Atlanta"
"1178576788","1178576791","US","United States of America","New York","New York City"
"1178586808","1178586815","US","United States of America","North Carolina","Newport"
"1178594464","1178594487","US","United States of America","Georgia","Atlanta"
"1178758338","1178758340","CA","Canada","British Columbia","Victoria"
"1178910118","1178910118","CA","Canada","British Columbia","Maple Ridge"
"1179012008","1179012008","CA","Canada","British Columbia","Maple Ridge"
"1179081570","1179081583","CA","Canada","British Columbia","New Westminster"
"1179265323","1179265323","CA","Canada","Alberta","Edmonton"
"1179814912","1179815167","CA","Canada","Quebec","Quebec"
"1180200448","1180200479","US","United States of America","Michigan","Taylor"
"1180222456","1180222463","US","United States of America","Connecticut","Branford"
"1180238144","1180238151","US","United States of America","New Hampshire","Concord"
"1180267928","1180267943","US","United States of America","Washington","Everett"
"1180284688","1180284695","US","United States of America","Oregon","Sherwood"
"1180306904","1180306911","US","United States of America","Pennsylvania","Fort Washington"
"1180327752","1180327759","US","United States of America","Maryland","Ocean City"
"1180350976","1180350983","US","United States of America","New Jersey","Mount Laurel"
"1180381968","1180381991","US","United States of America","Delaware","Newark"
"1180408120","1180408127","US","United States of America","Maryland","North East"
"1180431576","1180431591","US","United States of America","Illinois","Wheaton"
"1180449332","1180449335","US","United States of America","Texas","San Marcos"
"1181349632","1181349887","US","United States of America","New Hampshire","Manchester"
"1181870080","1181870143","US","United States of America","Illinois","Naperville"
"1181950128","1181950135","US","United States of America","Texas","San Antonio"
"1182042624","1182042627","US","United States of America","Texas","Portland"
"1182049952","1182049959","US","United States of America","Texas","Waco"
"1182057672","1182057727","US","United States of America","Texas","Houston"
"1182065200","1182065207","US","United States of America","Texas","Plano"
"1182081172","1182081175","US","United States of America","Texas","Weslaco"
"1182089000","1182089015","US","United States of America","Texas","Houston"
"1182145856","1182145863","US","United States of America","Texas","El Paso"
"1182153664","1182153671","US","United States of America","Illinois","Naperville"
"1182161808","1182161815","US","United States of America","California","El Segundo"
"1182169568","1182169591","US","United States of America","Texas","Austin"
"1182627136","1182627147","US","United States of America","Georgia","Atlanta"
"1182660856","1182660863","US","United States of America","Texas","Laredo"
"1183064832","1183065087","US","United States of America","Texas","Houston"
"1183382136","1183382143","US","United States of America","Texas","Dallas"
"1183774984","1183775231","US","United States of America","Illinois","Chicago"
"1184296672","1184296703","US","United States of America","Texas","Dallas"
"1184770400","1184770431","US","United States of America","Texas","Dallas"
"1184862688","1184862719","US","United States of America","Louisiana","New Orleans"
"1186477824","1186478079","US","United States of America","District of Columbia","Washington"
"1189213448","1189213503","US","United States of America","Illinois","Chicago"
"1189441792","1189442047","US","United States of America","Michigan","Southfield"
"1189755392","1189755423","US","United States of America","Virginia","Arlington"
"1190077440","1190078463","US","United States of America","Illinois","Chicago"
"1190449664","1190449919","US","United States of America","Virginia","Arlington"
"1190705408","1190707199","US","United States of America","Texas","Dallas"
"1190983648","1190983679","US","United States of America","Louisiana","Baton Rouge"
"1191313920","1191314431","US","United States of America","Indiana","Indianapolis"
"1191575664","1191575671","US","United States of America","California","Lathrop"
"1191589376","1191589379","US","United States of America","California","Rocklin"
"1191601704","1191601711","US","United States of America","Oregon","Beaverton"
"1191718176","1191718179","US","United States of America","Alabama","Decatur"
"1191765452","1191765463","US","United States of America","Nebraska","Kearney"
"1191800740","1191800743","US","United States of America","California","South Lake Tahoe"
"1191840020","1191840023","US","United States of America","Michigan","Kalamazoo"
"1191955596","1191955599","US","United States of America","Texas","Fort Worth"
"1192005576","1192005583","US","United States of America","Alabama","Birmingham"
"1192056140","1192056143","US","United States of America","Michigan","Bronson"
"1192068352","1192068383","US","United States of America","Wisconsin","Madison"
"1192100340","1192100343","US","United States of America","Georgia","Gainesville"
"1192149588","1192149591","US","United States of America","Missouri","Saint Louis"
"1192172796","1192172799","US","United States of America","Georgia","Atlanta"
"1192193076","1192193083","US","United States of America","Texas","Keller"
"1192474964","1192474975","US","United States of America","Texas","Houston"
"1192918016","1192918271","US","United States of America","Michigan","Sterling"
"1193134929","1193134929","US","United States of America","California","Fairfield"
"1193349632","1193349887","US","United States of America","Louisiana","Monroe"
"1193750200","1193750239","US","United States of America","Louisiana","Monroe"
"1193805032","1193805039","US","United States of America","Illinois","Naperville"
"1193815288","1193815295","US","United States of America","Texas","Irving"
"1193825640","1193825643","US","United States of America","Texas","Richardson"
"1193836132","1193836135","US","United States of America","Texas","Waco"
"1193853144","1193853151","US","United States of America","Texas","Austin"
"1193863760","1193863767","US","United States of America","Texas","Eagle Pass"
"1193874832","1193874839","US","United States of America","Texas","San Antonio"
"1193888808","1193888815","US","United States of America","Florida","Plant City"
"1193905368","1193905375","US","United States of America","Texas","Grand Prairie"
"1193914560","1193914567","US","United States of America","Texas","Spring Branch"
"1193923652","1193923655","US","United States of America","Florida","Orlando"
"1193934092","1193934095","US","United States of America","Texas","Austin"
"1193952856","1193952863","US","United States of America","Texas","Plano"
"1193962104","1193962111","US","United States of America","Texas","Schertz"
"1193973536","1193973543","US","United States of America","Texas","Taylor"
"1193988232","1193988267","US","United States of America","Texas","Houston"
"1193999076","1193999079","US","United States of America","Texas","Houston"
"1194011736","1194011743","US","United States of America","Florida","Orlando"
"1194024048","1194024055","US","United States of America","Florida","Saint Pete Beach"
"1194036556","1194036563","US","United States of America","Florida","Orlando"
"1194049336","1194049355","US","United States of America","Florida","Orlando"
"1194060276","1194060319","US","United States of America","Florida","Orlando"
"1194092564","1194092607","US","United States of America","Georgia","Atlanta"
"1194191104","1194191111","US","United States of America","Georgia","Atlanta"
"1194203562","1194203566","US","United States of America","Florida","Jacksonville"
"1194256704","1194256711","US","United States of America","Florida","Melbourne"
"1194604032","1194604287","US","United States of America","Nevada","Henderson"
"1195018752","1195019007","US","United States of America","Pennsylvania","Gettysburg"
"1195508000","1195508031","US","United States of America","Virginia","Vienna"
"1195517176","1195517183","US","United States of America","Virginia","Ashburn"
"1195528432","1195528447","US","United States of America","Ohio","Lyndhurst"
"1195545360","1195545371","US","United States of America","Virginia","Ashburn"
"1195555400","1195555407","US","United States of America","Kentucky","Owensboro"
"1195574168","1195574171","US","United States of America","Ohio","North Canton"
"1195583396","1195583399","US","United States of America","Ohio","Galion"
"1195593072","1195593079","US","United States of America","Kentucky","Cynthiana"
"1195625864","1195625867","US","United States of America","Ohio","Bridgetown"
"1195722752","1195724799","US","United States of America","North Carolina","Apex"
"1196296848","1196296855","US","United States of America","Texas","Fredericksburg"
"1196305048","1196305055","US","United States of America","Texas","McKinney"
"1196313368","1196313371","US","United States of America","Texas","Harlingen"
"1196322112","1196322119","US","United States of America","Texas","Mission"
"1196330688","1196330691","US","United States of America","Texas","Arlington"
"1196338944","1196338951","US","United States of America","Texas","San Antonio"
"1196347328","1196347391","US","United States of America","Texas","Round Rock"
"1196357812","1196357815","US","United States of America","Texas","Dallas"
"1196497064","1196497067","US","United States of America","Georgia","Gainesville"
"1196622952","1196622955","US","United States of America","Michigan","Alpena"
"1196645416","1196645451","US","United States of America","California","El Segundo"
"1196718428","1196718431","US","United States of America","California","South Lake Tahoe"
"1196772932","1196772935","US","United States of America","South Carolina","Greenville"
"1196825732","1196825735","US","United States of America","Missouri","Saint Peters"
"1196853848","1196853855","US","United States of America","Maryland","Frederick"
"1196965672","1196965679","US","United States of America","Massachusetts","Holden"
"1197189120","1197189375","US","United States of America","Texas","Keller"
"1197230860","1197230863","US","United States of America","California","Monterey Park"
"1197284416","1197284459","US","United States of America","Maryland","Frederick"
"1197414728","1197414731","US","United States of America","California","Hesperia"
"1197456968","1197456975","US","United States of America","California","San Gabriel"
"1197562128","1197562159","US","United States of America","Virginia","Ashburn"
"1197904128","1197904383","US","United States of America","New York","New York City"
"1198535426","1198535680","US","United States of America","Pennsylvania","Pittsburgh"
"1198894848","1198895103","US","United States of America","Rhode Island","Narragansett"
"1199307032","1199307055","US","United States of America","Texas","Keller"
"1199699544","1199699687","US","United States of America","California","Pleasanton"
"1199987616","1199987647","US","United States of America","California","Pleasanton"
"1200392776","1200392783","US","United States of America","Texas","Dallas"
"1200836864","1200837119","US","United States of America","Virginia","Arlington"
"1201262016","1201262031","US","United States of America","Missouri","Kansas City"
"1201551360","1201552127","US","United States of America","New York","New York City"
"1201909248","1201909503","US","United States of America","Maryland","Capitol Heights"
"1202317992","1202317999","US","United States of America","Texas","Kemah"
"1202692096","1202692607","US","United States of America","Delaware","Newark"
"1203216128","1203216383","US","United States of America","New York","New York City"
"1203667200","1203667455","US","United States of America","New York","Dobbs Ferry"
"1204038912","1204039167","US","United States of America","Florida","North Miami Beach"
"1204428032","1204428543","US","United States of America","California","Cupertino"
"1205186048","1205189887","US","United States of America","Ohio","Mansfield"
"1205896448","1205896703","US","United States of America","Pennsylvania","Philadelphia"
"1206358528","1206358783","US","United States of America","Washington","Everett"
"1206748416","1206748671","US","United States of America","Oregon","Salem"
"1207282808","1207282815","US","United States of America","Maryland","Crownsville"
"1207752536","1207752543","US","United States of America","Texas","Grapevine"
"1208097192","1208097263","CA","Canada","New Brunswick","Moncton"
"1208277136","1208277143","US","United States of America","Maryland","Baltimore"
"1208505088","1208505599","US","United States of America","Nebraska","Omaha"
"1208738060","1208738063","US","United States of America","California","Hayward"
"1208790692","1208790727","CA","Canada","Quebec","Montreal"
"1208927024","1208927024","SG","Singapore","Singapore","Singapore"
"1208957888","1208957915","CA","Canada","Ontario","Toronto"
"1209019836","1209019839","US","United States of America","Nebraska","Grand Island"
"1209078452","1209078459","US","United States of America","Florida","Orlando"
"1209091844","1209091855","US","United States of America","Florida","Orlando"
"1209166185","1209166185","US","United States of America","Georgia","Blue Ridge"
"1209245456","1209245471","US","United States of America","Colorado","Loveland"
"1209443328","1209443455","US","United States of America","Massachusetts","Westford"
"1209634848","1209634855","US","United States of America","Colorado","Littleton"
"1209701720","1209701727","US","United States of America","Texas","Idalou"
"1209910282","1209910284","US","United States of America","Washington","Seattle"
"1209913774","1209913784","US","United States of America","Texas","Dallas"
"1209992734","1209992734","US","United States of America","Florida","Jacksonville"
"1210015365","1210015365","US","United States of America","Florida","Orlando"
"1210047627","1210047627","US","United States of America","Florida","Orlando"
"1210470928","1210470959","CA","Canada","Ontario","Burlington"
"1210778544","1210778559","US","United States of America","Georgia","Atlanta"
"1210786808","1210786815","US","United States of America","New York","Horseheads"
"1210796464","1210796467","US","United States of America","New York","New York City"
"1210806184","1210806191","US","United States of America","New York","Brooklyn"
"1210820536","1210820559","US","United States of America","New York","New York City"
"1210831432","1210831447","US","United States of America","Illinois","Naperville"
"1210841000","1210841007","US","United States of America","Georgia","Atlanta"
"1210845550","1210845550","US","United States of America","Kentucky","Lowmansville"
"1210908152","1210908159","US","United States of America","Arizona","Phoenix"
"1210948792","1210948799","US","United States of America","New York","Lockport"
"1210956560","1210956563","US","United States of America","Massachusetts","North Adams"
"1210965228","1210965239","US","United States of America","California","El Segundo"
"1210972864","1210972883","US","United States of America","New York","New York City"
"1211142480","1211142495","US","United States of America","Texas","Round Rock"
"1211383101","1211383101","GB","United Kingdom of Great Britain and Northern Ireland","England","London"
"1211464480","1211464495","CA","Canada","Quebec","Montreal"
"1212289536","1212289791","US","United States of America","Virginia","Alexandria"
"1212803584","1212803839","US","United States of America","New Jersey","Wrightstown"
"1213326336","1213326591","US","United States of America","Maryland","Odenton"
"1213822464","1213822975","US","United States of America","New York","New York City"
"1214697472","1214697983","US","United States of America","Georgia","Atlanta"
"1216386152","1216386159","US","United States of America","Texas","McAllen"
"1216468992","1216469247","US","United States of America","California","San Francisco"
"1216601780","1216601783","US","United States of America","Texas","Austin"
"1216978144","1216978147","CA","Canada","Ontario","Caledonia"
"1217003888","1217003967","CA","Canada","Quebec","Montreal"
"1217040728","1217040735","CA","Canada","Quebec","Montreal"
"1217071076","1217071079","CA","Canada","Ontario","Toronto"
"1217079180","1217079183","CA","Canada","Ontario","Brampton"
"1217092368","1217092371","CA","Canada","Ontario","Etobicoke"
"1217206272","1217206527","CA","Canada","Ontario","Toronto"
"1217303896","1217303903","CA","Canada","Alberta","Calgary"
"1217336240","1217336243","CA","Canada","Ontario","London"
"1217340964","1217340967","CA","Canada","Ontario","Innisfil"
"1217347304","1217347311","CA","Canada","Ontario","Pickering"
"1217351984","1217351987","CA","Canada","Ontario","Toronto"
"1217356724","1217356727","CA","Canada","Ontario","St. Thomas"
"1217912832","1217918975","US","United States of America","Florida","Boca Raton"
"1218412576","1218412639","US","United States of America","Texas","Dallas"
"1218722357","1218722357","US","United States of America","Missouri","Kansas City"
"1218732565","1218732565","US","United States of America","Iowa","Cedar Rapids"
"1218739641","1218739641","US","United States of America","Arizona","Phoenix"
"1218754472","1218754479","US","United States of America","Louisiana","Monroe"
"1218770854","1218770860","US","United States of America","Colorado","Greenwood Village"
"1218786482","1218786488","US","United States of America","Oregon","Portland"
"1218800806","1218800808","US","United States of America","Colorado","Highlands Ranch"
"1218808832","1218809111","US","United States of America","New York","New York City"
"1218826936","1218826943","US","United States of America","Texas","Fort Worth"
"1218839221","1218839221","US","United States of America","Georgia","Forest Park"
"1218852310","1218852324","US","United States of America","New York","New York City"
"1218867381","1218867381","US","United States of America","Virginia","Arlington"
"1218965259","1218965261","US","United States of America","Arizona","Tempe"
"1219420012","1219420015","US","United States of America","Wisconsin","Gillett"
"1219558144","1219558399","US","United States of America","Illinois","Naperville"
"1219713552","1219713555","US","United States of America","Texas","Wichita Falls"
"1220278880","1220278887","US","United States of America","Florida","Dover"
"1222519296","1222519807","US","United States of America","Oklahoma","Oklahoma City"
"1223459840","1223460351","US","United States of America","Florida","Fort Myers"
"1224223592","1224223599","US","United States of America","New York","Yonkers"
"1224271760","1224271839","US","United States of America","Arkansas","Little Rock"
"1224702208","1224702463","US","United States of America","Missouri","Columbia"
"1224721589","1224721589","US","United States of America","Georgia","Blue Ridge"
"1224722878","1224722880","US","United States of America","Georgia","Ellijay"
"1224724096","1224724096","US","United States of America","Georgia","Ellijay"
"1224975360","1224975615","US","United States of America","Colorado","Greenwood Village"
"1225385728","1225385983","US","United States of America","Illinois","Naperville"
"1225729792","1225730047","US","United States of America","California","Los Angeles"
"1226070784","1226071039","US","United States of America","Utah","American Fork"
"1226451712","1226452479","US","United States of America","New Mexico","Albuquerque"
"1226883840","1226884095","US","United States of America","Texas","Conroe"
"1227286528","1227286783","US","United States of America","New York","New York City"
"1227690240","1227690495","US","United States of America","Illinois","Naperville"
"1228043520","1228043775","US","United States of America","Indiana","Elkhart"
"1228449280","1228449791","US","United States of America","Florida","Cutler"
"1228886528","1228886783","US","United States of America","Utah","Pleasant Grove"
"1229244416","1229244671","US","United States of America","Vermont","Hartland"
"1229554688","1229555199","US","United States of America","Illinois","Mount Prospect"
"1229997312","1229997567","US","United States of America","New Jersey","Atlantic City"
"1230390272","1230390527","US","United States of America","Maryland","Long Beach"
"1230752768","1230753023","US","United States of America","Tennessee","Winchester"
"1231114496","1231114751","US","United States of America","Washington","Seattle"
"1231521792","1231522047","US","United States of America","Indiana","Noblesville"
"1232022272","1232022527","US","United States of America","Illinois","Naperville"
"1232488448","1232488959","US","United States of America","Georgia","Atlanta"
"1232946432","1232946943","US","United States of America","Florida","Boca Raton"
"1233337856","1233340159","US","United States of America","South Carolina","Charleston"
"1233782528","1233782783","US","United States of America","Florida","Pompano Beach"
"1234149632","1234149887","US","United States of America","Connecticut","Bridgeport"
"1234578176","1234578431","US","United States of America","New Jersey","Bedminster"
"1234981632","1234981887","US","United States of America","Florida","Naples"
"1235304960","1235305215","US","United States of America","Michigan","Taylor"
"1235723008","1235723263","US","United States of America","New Hampshire","Manchester"
"1236067840","1236068095","US","United States of America","Maryland","Fort George G. Meade"
"1236416256","1236416511","US","United States of America","New Jersey","Mount Laurel"
"1236781056","1236781311","US","United States of America","Texas","Baytown"
"1237174016","1237174271","US","United States of America","California","Cupertino"
"1237541632","1237542143","US","United States of America","New Jersey","Rahway"
"1237897984","1237898239","US","United States of America","Maryland","Baltimore"
"1238220288","1238220543","US","United States of America","Florida","Miami"
"1238606336","1238606591","US","United States of America","Illinois","Bloomington"
"1238993664","1238993919","US","United States of America","South Carolina","Goose Creek"
"1239323136","1239323391","US","United States of America","California","Cupertino"
"1239681536","1239683327","US","United States of America","New Mexico","Albuquerque"
"1240078592","1240078847","US","United States of America","Connecticut","Hartford"
"1240449280","1240449535","US","United States of America","Washington","Seattle"
"1240775936","1240777215","US","United States of America","Florida","Miami"
"1241101568","1241101823","US","United States of America","Massachusetts","Plymouth"
"1241434880","1241435135","US","United States of America","Washington","Federal Way"
"1241870592","1241870847","US","United States of America","New York","New York City"
"1242046624","1242046671","US","United States of America","Arkansas","Little Rock"
"1242075496","1242075511","US","United States of America","Arkansas","Little Rock"
"1242102363","1242102363","US","United States of America","Kentucky","Stanton"
"1242125288","1242125295","US","United States of America","New Jersey","Tinton Falls"
"1242146336","1242146367","US","United States of America","Illinois","Chicago"
"1242162984","1242162985","US","United States of America","Georgia","Garden City"
"1242184808","1242184815","US","United States of America","California","Los Angeles"
"1242204618","1242204619","US","United States of America","New Jersey","Eatontown"
"1242224206","1242224207","US","United States of America","New York","New York City"
"1242250368","1242250431","US","United States of America","Illinois","Rolling Meadows"
"1242267404","1242267411","US","United States of America","Colorado","Denver"
"1242290560","1242290567","US","United States of America","District of Columbia","Washington"
"1242317413","1242317413","CA","Canada","Ontario","Kingston"
"1242334256","1242334258","CA","Canada","Ontario","Brampton"
"1242426680","1242426687","CA","Canada","Ontario","Richmond Hill"
"1242504447","1242504447","CA","Canada","Ontario","Stouffville"
"1242514027","1242514028","CA","Canada","Ontario","Oshawa"
"1242559488","1242559743","CA","Canada","Ontario","Orleans"
"1243247616","1243248127","US","United States of America","New York","New York City"
"1243874210","1243874210","US","United States of America","Ohio","Freeport"
"1244136014","1244136014","US","United States of America","Michigan","Muskegon"
"1244139825","1244139825","US","United States of America","Washington","Seattle"
"1244279040","1244279295","US","United States of America","Pennsylvania","Leola"
"1244339200","1244339455","US","United States of America","Minnesota","Jordan"
"1244612352","1244612607","US","United States of America","Pennsylvania","Leola"
"1245501952","1245510399","US","United States of America","Washington","Bellevue"
"1245586400","1245586403","US","United States of America","California","Anaheim"
"1245597840","1245597851","US","United States of America","Illinois","Naperville"
"1245607832","1245607839","US","United States of America","Georgia","Atlanta"
"1245617664","1245617671","US","United States of America","California","Corona Del Mar"
"1245628400","1245628407","US","United States of America","California","Los Angeles"
"1245638264","1245638271","US","United States of America","California","Covina"
"1245975040","1245975295","US","United States of America","New Jersey","Newark"
"1246852752","1246852767","US","United States of America","Pennsylvania","Lewisburg"
"1247093224","1247093231","US","United States of America","Washington","Kelso"
"1247218808","1247218815","US","United States of America","California","Los Angeles"
"1247229336","1247229343","US","United States of America","California","El Segundo"
"1247241484","1247241495","US","United States of America","Wisconsin","Appleton"
"1247251228","1247251235","US","United States of America","Virginia","Vienna"
"1247262860","1247262863","US","United States of America","Nebraska","Lincoln"
"1247273944","1247273947","US","United States of America","Ohio","Columbus"
"1247482392","1247482399","US","United States of America","Missouri","Kansas City"
"1247597960","1247597967","US","United States of America","Colorado","Boulder"
"1247626336","1247626343","US","United States of America","Illinois","Elmhurst"
"1247641384","1247641407","US","United States of America","New Jersey","Mount Laurel"
"1247681536","1247682263","US","United States of America","Pennsylvania","Philadelphia"
"1247730904","1247730911","US","United States of America","Delaware","Georgetown"
"1247753696","1247753703","US","United States of America","Utah","Logan"
"1247777856","1247777863","US","United States of America","Texas","Houston"
"1248237312","1248237567","US","United States of America","New Jersey","Hackensack"
"1248831744","1248831999","US","United States of America","Pennsylvania","Pittsburgh"
"1249016320","1249016831","US","United States of America","North Carolina","Wilkesboro"
"1249219584","1249220607","US","United States of America","New York","Brooklyn"
"1249337856","1249338111","US","United States of America","Illinois","Naperville"
"1249597152","1249597215","US","United States of America","Michigan","Ann Arbor"
"1249709440","1249709471","IT","Italy","Lombardia","Milan"
"1249791040","1249791087","US","United States of America","Ohio","Chillicothe"
"1250820264","1250820267","US","United States of America","Illinois","Naperville"
"1250829032","1250829035","US","United States of America","Ohio","Westerville"
"1250838580","1250838583","US","United States of America","Ohio","Newton Falls"
"1250847904","1250847911","US","United States of America","Ohio","Hilliard"
"1250855136","1250855143","US","United States of America","Kentucky","Louisville"
"1250862984","1250862987","US","United States of America","Virginia","Vienna"
"1250870960","1250870963","US","United States of America","Kentucky","Louisville"
"1250878800","1250878807","US","United States of America","Ohio","Cincinnati"
"1250886392","1250886399","US","United States of America","Virginia","Vienna"
"1250896340","1250896343","US","United States of America","Kentucky","Edgewood"
"1250906960","1250906963","US","United States of America","Kentucky","Louisville"
"1250917104","1250917111","US","United States of America","Ohio","Twinsburg"
"1250929148","1250929151","US","United States of America","Ohio","Louisville"
"1250940600","1250940603","US","United States of America","Kentucky","Lexington"
"1252360192","1252361983","US","United States of America","Tennessee","Nashville"
"1254127104","1254127359","US","United States of America","Texas","Victoria"
"1254589641","1254589641","US","United States of America","Illinois","Chicago"
"1254598912","1254598975","US","United States of America","Florida","Weston"
"1254605850","1254605856","US","United States of America","Pennsylvania","Philadelphia"
"1254614480","1254614511","US","United States of America","Virginia","Arlington"
"1254718661","1254718662","US","United States of America","California","San Jose"
"1254914688","1254914695","US","United States of America","Michigan","East Lansing"
"1255017184","1255017191","US","United States of America","California","Montclair"
"1255215104","1255217759","US","United States of America","New York","Chatham"
"1255457576","1255457579","US","United States of America","California","Newport Beach"
"1255470116","1255470119","US","United States of America","California","Irvine"
"1255515392","1255515407","CA","Canada","Ontario","Brampton"
"1255784960","1255784967","BE","Belgium","Antwerpen","Antwerpen"
"1255808044","1255808047","US","United States of America","Ohio","Chillicothe"
"1255820976","1255820991","US","United States of America","Kentucky","Louisville"
"1255829696","1255829703","US","United States of America","Pennsylvania","Erie"
"1255838304","1255838311","US","United States of America","Kentucky","Louisville"
"1255847192","1255847199","US","United States of America","Georgia","Atlanta"
"1255858752","1255858759","US","United States of America","North Carolina","Charlotte"
"1255867840","1255867871","US","United States of America","New York","New York City"
"1255877432","1255877435","US","United States of America","Illinois","Naperville"
"1255889172","1255889175","US","United States of America","Ohio","Cincinnati"
"1255899608","1255899615","US","United States of America","Kentucky","Georgetown"
"1255912792","1255912811","US","United States of America","Virginia","Vienna"
"1255922728","1255922735","US","United States of America","Ohio","Youngstown"
"1255936000","1255938047","GB","United Kingdom of Great Britain and Northern Ireland","England","London"
"1256123376","1256123391","US","United States of America","Kansas","Overland Park"
"1256159280","1256159283","US","United States of America","Virginia","Ashburn"
"1256708544","1256708607","US","United States of America","Texas","Dallas"
"1258325760","1258325767","US","United States of America","Illinois","Naperville"
"1258881552","1258881663","US","United States of America","Illinois","Chicago"
"1259202816","1259202823","US","United States of America","California","Irvine"
"1259508488","1259508735","US","United States of America","Texas","Dallas"
"1259929280","1259929295","US","United States of America","California","Torrance"
"1260350464","1260350975","US","United States of America","Kansas","Kansas City"
"1260740864","1260740887","US","United States of America","Michigan","Dearborn"
"1261057024","1261058047","US","United States of America","California","Fresno"
"1261483256","1261483263","US","United States of America","Kansas","Wichita"
"1261832712","1261832719","US","United States of America","Texas","Dallas"
"1262196736","1262198015","US","United States of America","Missouri","Springfield"
"1262491136","1262491647","US","United States of America","Tennessee","Memphis"
"1262879232","1262879487","US","United States of America","Colorado","Littleton"
"1263256324","1263256327","US","United States of America","Michigan","Battle Creek"
"1263310908","1263310911","US","United States of America","Colorado","Englewood"
"1263371242","1263371243","US","United States of America","North Carolina","Charlotte"
"1263554136","1263554175","US","United States of America","Hawaii","Kihei"
"1263994872","1263994879","US","United States of America","Texas","El Paso"
"1264006116","1264006119","US","United States of America","Texas","Austin"
"1264218112","1264220159","US","United States of America","Kentucky","Covington"
"1264730368","1264730623","US","United States of America","California","San Diego"
"1264785128","1264785135","US","United States of America","New York","Westhampton Beach"
"1264793760","1264793767","US","United States of America","New York","New Hyde Park"
"1264802520","1264802527","US","United States of America","New York","Brooklyn"
"1264810880","1264810887","US","United States of America","New Jersey","Dover"
"1264819424","1264819431","US","United States of America","New Jersey","Piscataway"
"1264828048","1264828055","US","United States of America","New Jersey","Wayne"
"1264836832","1264836839","US","United States of America","New York","Bronx"
"1264911616","1264914431","US","United States of America","California","Santa Rosa"
"1265018232","1265018232","US","United States of America","South Dakota","Estelline"
"1265019425","1265019425","US","United States of America","South Dakota","Clear Lake"
"1265020974","1265020974","US","United States of America","South Dakota","Waubay"
"1265023017","1265023017","US","United States of America","South Dakota","Milbank"
"1265024164","1265024164","US","United States of America","South Dakota","Brookings"
"1265162496","1265162751","US","United States of America","Mississippi","Darling"
"1265633752","1265633755","US","United States of America","Florida","Clearwater"
"1265643592","1265643599","US","United States of America","Florida","Ellenton"
"1265656348","1265656351","US","United States of America","Florida","Plant City"
"1265671153","1265671153","US","United States of America","Florida","Orlando"
"1265774112","1265774135","US","United States of America","Alabama","Birmingham"
"1266249984","1266250495","US","United States of America","Louisiana","Monroe"
"1266649408","1266649415","US","United States of America","New York","Seaford"
"1266657912","1266657919","US","United States of America","New York","Peekskill"
"1266666640","1266666647","US","United States of America","New York","East Meadow"
"1266675320","1266675327","US","United States of America","New Jersey","Saddle River"
"1266723184","1266723199","US","United States of America","Illinois","East Alton"
"1266824508","1266824511","US","United States of America","Tennessee","Blountville"
"1266842112","1266842367","US","United States of America","Tennessee","Livingston"
"1266924880","1266924903","US","United States of America","Georgia","Gainesville"
"1267029416","1267029419","US","United States of America","Michigan","Kalamazoo"
"1267279556","1267279571","US","United States of America","Maryland","Frederick"
"1267293212","1267293215","US","United States of America","South Carolina","Greenville"
"1267430912","1267432447","US","United States of America","Virginia","Suffolk"
"1267489524","1267489527","US","United States of America","California","Pasadena"
"1267569920","1267570175","US","United States of America","Maryland","Frederick"
"1267738576","1267738583","US","United States of America","Minnesota","Eden Prairie"
"1267781000","1267781007","US","United States of America","Massachusetts","Chelmsford"
"1267812656","1267812663","US","United States of America","New Jersey","Mount Laurel"
"1267834160","1267834167","US","United States of America","New Jersey","Mount Laurel"
"1267867784","1267867791","US","United States of America","Minnesota","Edina"
"1267885416","1267885423","US","United States of America","Illinois","La Grange"
"1267903872","1267903879","US","United States of America","Minnesota","Hastings"
"1267969552","1267969567","US","United States of America","Mississippi","Corinth"
"1268001504","1268001511","US","United States of America","Colorado","Littleton"
"1268020696","1268020703","US","United States of America","Colorado","Denver"
"1268064608","1268064615","US","United States of America","California","Mill Valley"
"1268091456","1268091463","US","United States of America","Connecticut","Waterbury"
"1268110008","1268110015","US","United States of America","Illinois","Chicago"
"1268132368","1268132391","US","United States of America","New Jersey","Mount Laurel"
"1268180304","1268180311","US","United States of America","Illinois","Midlothian"
"1268198160","1268198167","US","United States of America","Florida","Naples"
"1268222992","1268223023","US","United States of America","New Jersey","Newark"
"1268401984","1268401999","CA","Canada","Quebec","Quebec"
"1268793344","1268793855","US","United States of America","Minnesota","Minneapolis"
"1270026240","1270028287","US","United States of America","Ohio","Ironton"
"1271209984","1271212031","US","United States of America","Alabama","Birmingham"
"1274788096","1274788351","US","United States of America","New Jersey","Morristown"
"1275449600","1275450367","US","United States of America","Ohio","Mansfield"
"1275613288","1275613295","US","United States of America","Missouri","Saint Louis"
"1275713944","1275713951","CA","Canada","Quebec","Montreal"
"1275879616","1275879695","US","United States of America","Illinois","Chicago"
"1275903992","1275903999","US","United States of America","Georgia","Suwanee"
"1276291072","1276291327","US","United States of America","Tennessee","Nashville"
"1276720896","1276721151","US","United States of America","Colorado","Denver"
"1277253120","1277253375","US","United States of America","California","Los Angeles"
"1277678080","1277678335","US","United States of America","Ohio","Bridgetown"
"1278545696","1278545703","US","United States of America","California","San Fernando"
"1278553744","1278553751","US","United States of America","California","El Segundo"
"1278561792","1278561807","US","United States of America","California","El Segundo"
"1278569728","1278569747","US","United States of America","California","El Segundo"
"1278578156","1278578167","US","United States of America","California","Oxnard"
"1278586264","1278586271","US","United States of America","California","Van Nuys"
"1278594344","1278594347","US","United States of America","California","San Diego"
"1278601780","1278601791","US","United States of America","California","San Diego"
"1278911376","1278911383","US","United States of America","Wisconsin","Muskego"
"1279182848","1279183871","US","United States of America","Colorado","Denver"
"1279448832","1279448863","CA","Canada","Ontario","Scarborough"
"1279546624","1279546879","CA","Canada","Ontario","Hamilton"
"1279754649","1279754652","CA","Canada","Ontario","Britannia"
"1279918764","1279918767","CA","Canada","Saskatchewan","Saskatoon"
"1279927689","1279927689","US","United States of America","Pennsylvania","Philadelphia"
"1279935128","1279935131","US","United States of America","California","San Diego"
"1279943328","1279943331","US","United States of America","Texas","La Porte"
"1279949720","1279949727","US","United States of America","Ohio","Fairfield"
"1280049152","1280049663","US","United States of America","California","Temecula"
"1280251512","1280251519","US","United States of America","Illinois","Naperville"
"1280264700","1280264703","US","United States of America","California","El Segundo"
"1280275064","1280275071","US","United States of America","California","San Pedro"
"1280284264","1280284271","US","United States of America","California","Santa Paula"
"1280293416","1280293423","US","United States of America","California","El Segundo"
"1280303336","1280303343","US","United States of America","California","El Segundo"
"1280313072","1280313079","US","United States of America","California","Santa Monica"
"1280321432","1280321451","US","United States of America","California","El Segundo"
"1280329368","1280329375","US","United States of America","California","Palmdale"
"1280337432","1280337439","US","United States of America","California","El Segundo"
"1280345680","1280345687","US","United States of America","California","Los Angeles"
"1280353456","1280353463","US","United States of America","California","Compton"
"1280361628","1280361639","US","United States of America","California","El Segundo"
"1280370192","1280370199","US","United States of America","California","Anaheim"
"1280381272","1280381275","US","United States of America","California","Garden Grove"
"1280389624","1280389627","US","United States of America","California","Carson"
"1280399920","1280399927","US","United States of America","California","El Segundo"
"1280410216","1280410223","US","United States of America","California","El Segundo"
"1280419356","1280419359","US","United States of America","California","El Segundo"
"1280427804","1280427831","US","United States of America","California","El Segundo"
"1280436376","1280436383","US","United States of America","California","Garden Grove"
"1280509724","1280509727","US","United States of America","California","San Diego"
"1280518912","1280518919","US","United States of America","California","South Pasadena"
"1280875776","1280876031","US","United States of America","Hawaii","Honolulu"
"1281369409","1281369411","US","United States of America","Colorado","Centennial"
"1281387568","1281387571","US","United States of America","Colorado","Denver"
"1281391285","1281391285","US","United States of America","Connecticut","Bristol"
"1281656832","1281657343","US","United States of America","Virginia","Arlington"
"1282062080","1282062335","US","United States of America","Florida","Ponte Vedra"
"1282487808","1282488319","US","United States of America","New Mexico","Albuquerque"
"1282896128","1282896639","US","United States of America","Massachusetts","Maynard"
"1283371008","1283373055","US","United States of America","California","Cupertino"
"1283744768","1283745023","US","United States of America","California","San Jose"
"1284075008","1284075263","US","United States of America","Florida","Fort Lauderdale"
"1284598016","1284598783","US","United States of America","Georgia","Atlanta"
"1285019904","1285020159","US","United States of America","New York","New York City"
"1285419008","1285419263","US","United States of America","Illinois","Northfield"
"1285559502","1285559503","US","United States of America","Georgia","Alpharetta"
"1285572320","1285572327","US","United States of America","Georgia","Boston"
"1285590818","1285590819","US","United States of America","Illinois","Chicago"
"1285605088","1285605088","US","United States of America","Georgia","Atlanta"
"1285630016","1285630017","US","United States of America","Connecticut","Waterford"
"1285654280","1285654295","US","United States of America","Pennsylvania","Bethlehem"
"1285665432","1285665447","US","United States of America","Arkansas","Little Rock"
"1285872642","1285872643","US","United States of America","Washington","Union Gap"
"1286697216","1286697471","US","United States of America","Kentucky","Lexington"
"1287521388","1287521391","US","United States of America","Kentucky","Lexington"
"1287529360","1287529367","US","United States of America","Illinois","Naperville"
"1287537652","1287537655","US","United States of America","Ohio","Kenton"
"1287545368","1287545375","US","United States of America","Ohio","Ripley"
"1287589891","1287589911","US","United States of America","Illinois","Champaign"
"1287602496","1287602623","US","United States of America","Washington","Seattle"
"1287900160","1287900671","US","United States of America","South Carolina","Lake Wylie"
"1288270064","1288270159","US","United States of America","Texas","Houston"
"1288601088","1288601855","US","United States of America","New York","New York City"
"1289025792","1289026047","US","United States of America","New York","New York City"
"1289554944","1289555199","US","United States of America","New York","New York City"
"1289981592","1289981599","US","United States of America","Texas","Dallas"
"1290306304","1290306311","US","United States of America","Michigan","Dearborn"
"1290632712","1290632959","US","United States of America","California","Los Angeles"
"1291052288","1291052295","US","United States of America","Illinois","Naperville"
"1291334920","1291335127","US","United States of America","California","Los Angeles"
"1291680640","1291680767","US","United States of America","Michigan","Kalamazoo"
"1292002048","1292002303","DE","Germany","Bayern","Munich"
"1292395008","1292395263","DE","Germany","Niedersachsen","Wilhelmshaven"
"1292723712","1292723967","DE","Germany","Berlin","Berlin"
"1293145344","1293145599","NO","Norway","Nordland","Nordfjord"
"1293582592","1293582847","ES","Spain","Galicia","Pontevedra"
"1293974806","1293974867","IT","Italy","Abruzzo","Scafa"
"1294204928","1294205439","RO","Romania","Bucuresti","Bucharest"
"1294524320","1294524351","NO","Norway","Oslo","Oslo"
"1294676288","1294676295","IT","Italy","Emilia-Romagna","Modena"
"1294691608","1294691615","IT","Italy","Sardegna","Orosei"
"1294897071","1294897074","RS","Serbia","Beograd","Belgrade"
"1294965015","1294965015","UA","Ukraine","Kyiv","Kyiv"
"1295284992","1295294207","UA","Ukraine","Kyiv","Kyiv"
"1295763360","1295763391","CH","Switzerland","Zurich","Zurich"
"1295783440","1295783447","NL","Netherlands (Kingdom of the)","Zuid-Holland","Rotterdam"
"1295792432","1295792439","NL","Netherlands (Kingdom of the)","Noord-Holland","Amsterdam"
"1295801440","1295801455","NL","Netherlands (Kingdom of the)","Zuid-Holland","Rotterdam"
"1295810192","1295810199","NL","Netherlands (Kingdom of the)","Overijssel","Almelo"
"1295819008","1295819015","NL","Netherlands (Kingdom of the)","Fryslan","Bolsward"
"1295827648","1295827655","NL","Netherlands (Kingdom of the)","Gelderland","Duiven"
"1295836784","1295836791","NL","Netherlands (Kingdom of the)","Limburg","Heerlen"
"1295846632","1295846635","NL","Netherlands (Kingdom of the)","Noord-Holland","Hoofddorp"
"1295855792","1295855799","NL","Netherlands (Kingdom of the)","Limburg","Heythuysen"
"1295865040","1295865047","NL","Netherlands (Kingdom of the)","Utrecht","Veenendaal"
"1295874284","1295874287","NL","Netherlands (Kingdom of the)","Drenthe","Meppel"
"1295883048","1295883055","NL","Netherlands (Kingdom of the)","Limburg","Roermond"
"1295892960","1295892975","NL","Netherlands (Kingdom of the)","Zuid-Holland","Rotterdam"
"1295903000","1295903003","NL","Netherlands (Kingdom of the)","Noord-Holland","Heemskerk"
"1296242800","1296242807","DE","Germany","Hessen","Bensheim"
"1296254686","1296254688","DE","Germany","Rheinland-Pfalz","Isenburg"
"1296256826","1296256828","DE","Germany","Rheinland-Pfalz","Isenburg"
"1296261053","1296261053","NL","Netherlands (Kingdom of the)","Noord-Holland","Amsterdam"
"1296363808","1296363903","DK","Denmark","Midtjylland","Silkeborg"
"1296590848","1296591359","ES","Spain","Madrid, Comunidad de","Madrid"
"1296904704","1296904959","BG","Bulgaria","Kyustendil","Dupnitsa"
"1296937736","1296937743","FR","France","Ile-de-France","Levallois-Perret"
"1297242880","1297243135","RU","Russian Federation","Kamchatskiy kray","Petropavlovsk-Kamchatskiy"
"1297537080","1297537087","FI","Finland","Uusimaa","Helsinki"
"1297681656","1297681663","IT","Italy","Emilia-Romagna","Argelato"
"1297747774","1297747774","NL","Netherlands (Kingdom of the)","Limburg","Kerkrade"
"1297883136","1297888767","PL","Poland","Zachodniopomorskie","Koszalin"
"1298117768","1298117823","GB","United Kingdom of Great Britain and Northern Ireland","England","Leeds"
"1298520320","1298520575","GB","United Kingdom of Great Britain and Northern Ireland","England","Manchester"
"1298918768","1298918775","IE","Ireland","Dublin","Dublin"
"1299036928","1299036991","CH","Switzerland","Ticino","Bellinzona"
"1299611392","1299611647","AT","Austria","Steiermark","Sankt Marein bei Knittelfeld"
"1300204800","1300205055","IL","Israel","HaMerkaz","Rehovot"
"1300576256","1300576511","FR","France","Ile-de-France","Paris"
"1300935680","1300936191","IL","Israel","Yerushalayim","Jerusalem"
"1301486848","1301487103","FR","France","Normandie","Caen"
"1301864704","1301865215","FR","France","Ile-de-France","Saint-Denis"
"1302180096","1302180351","FR","France","Provence-Alpes-Cote-d'Azur","Saint-Raphael"
"1302222152","1302222159","FR","France","Auvergne-Rhone-Alpes","Allonzier-la-Caille"
"1302313728","1302313983","FR","France","Hauts-de-France","Roubaix"
"1302560768","1302561023","NL","Netherlands (Kingdom of the)","Fryslan","Leeuwarden"
"1302832640","1302832895","NL","Netherlands (Kingdom of the)","Noord-Brabant","Eindhoven"
"1303112448","1303112703","NL","Netherlands (Kingdom of the)","Zuid-Holland","Rotterdam"
"1303457024","1303457279","DE","Germany","Nordrhein-Westfalen","Dusseldorf"
"1303806720","1303806975","DE","Germany","Rheinland-Pfalz","Isenburg"
"1304228096","1304228351","DE","Germany","Sachsen","Dresden"
"1304605696","1304605951","FR","France","Hauts-de-France","Compiegne"
"1305086464","1305086719","FR","France","Provence-Alpes-Cote-d'Azur","La Farlede"
"1305553664","1305553919","ES","Spain","Pais Vasco","Irura"
"1306530560","1306530815","ES","Spain","Canarias","Las Palmas de Gran Canaria"
"1306591440","1306591447","ES","Spain","Canarias","Adeje"
"1306678044","1306678047","ES","Spain","Catalunya","Barcelona"
"1306721384","1306721391","ES","Spain","Madrid, Comunidad de","Madrid"
"1306800640","1306800895","ES","Spain","Illes Balears","Ibiza"
"1306902784","1306903039","ES","Spain","Madrid, Comunidad de","Pezuela de las Torres"
"1307006404","1307006407","ES","Spain","Murcia, Region de","Murcia"
"1307288880","1307288895","DE","Germany","Sachsen","Chemnitz"
"1307544016","1307544031","IT","Italy","Lombardia","Milan"
"1307723896","1307723935","AT","Austria","Oberosterreich","Ried im Innkreis"
"1307863928","1307863967","DE","Germany","Saarland","Saarlouis"
"1308011092","1308011323","GB","United Kingdom of Great Britain and Northern Ireland","Scotland","Glasgow"
"1308271616","1308271871","NL","Netherlands (Kingdom of the)","Noord-Brabant","Eindhoven"
"1308391872","1308391887","PL","Poland","Lodzkie","Lodz"
"1308526592","1308526847","PL","Poland","Dolnoslaskie","Zgorzelec"
"1308865792","1308866047","HR","Croatia","Grad Zagreb","Zagreb"
"1308930368","1308930622","IT","Italy","Lazio","Rome"
"1309000200","1309000207","IT","Italy","Sicilia","Marsala"
"1309076608","1309076623","IT","Italy","Lazio","Rome"
"1309196860","1309196871","PL","Poland","Wielkopolskie","Poznan"
"1309292544","1309292799","PL","Poland","Lubuskie","Zielona Gora"
"1309353336","1309353343","PL","Poland","Lodzkie","Lodz"
"1309369788","1309369791","PL","Poland","Kujawsko-Pomorskie","Kcynia"
"1309945856","1309949951","BE","Belgium","Oost-Vlaanderen","Gent"
"1310528768","1310529023","RU","Russian Federation","Chelyabinskaya oblast'","Kyshtym"
"1310935296","1310935551","DE","Germany","Nordrhein-Westfalen","Aachen"
"1311172056","1311172063","IR","Iran (Islamic Republic of)","Tehran","Tehran"
"1311454976","1311455231","DE","Germany","Baden-Wurttemberg","Heidelberg"
"1311685200","1311685207","DE","Germany","Bayern","Nuremberg"
"1311704024","1311704031","DE","Germany","Sachsen","Falkenstein"
"1311722280","1311722319","DE","Germany","Bayern","Nuremberg"
"1311740064","1311740095","DE","Germany","Bayern","Gunzenhausen"
"1311760088","1311760111","DE","Germany","Sachsen","Falkenstein"
"1311946752","1311947007","DE","Germany","Niedersachsen","Oldenburg"
"1312478464","1312478719","LT","Lithuania","Vilniaus apskritis","Vilnius"
"1313060608","1313062911","SE","Sweden","Stockholms lan","Solna"
"1313471232","1313471487","SE","Sweden","Vasternorrlands lan","Kramfors"
"1314128640","1314129151","LV","Latvia","Riga","Riga"
"1314797568","1314797823","DE","Germany","Baden-Wurttemberg","Sulzbach am Kocher"
"1315116800","1315117055","SK","Slovakia","Trenciansky kraj","Nove Mesto nad Vahom"
"1315629056","1315632127","RU","Russian Federation","Moskva","Moscow"
"1315886080","1315886335","CZ","Czechia","Stredocesky kraj","Milovice"
"1316352000","1316352511","FR","France","Ile-de-France","Saint-Denis"
"1316839936","1316840447","FR","France","Pays-de-la-Loire","Nantes"
"1317247056","1317247063","PL","Poland","Pomorskie","Malbork"
"1317414448","1317414455","IT","Italy","Abruzzo","Popoli"
"1317715712","1317715967","RU","Russian Federation","Tatarstan, Respublika","Leninogorsk"
"1318156288","1318156543","GB","United Kingdom of Great Britain and Northern Ireland","England","Bridlington"
"1318508800","1318509055","GB","United Kingdom of Great Britain and Northern Ireland","England","Barking"
"1318600538","1318600538","NL","Netherlands (Kingdom of the)","Noord-Holland","Amsterdam"
"1318709070","1318709070","FR","France","Ile-de-France","Paris"
"1318818845","1318818846","FR","France","Grand-Est","Strasbourg"
"1319124992","1319125503","TR","Turkiye","Samsun","Samsun"
"1319505152","1319505407","TR","Turkiye","Ankara","Ankara"
"1319873792","1319874047","TR","Turkiye","Ankara","Ankara"
"1320279296","1320279551","TR","Turkiye","Ankara","Ankara"
"1320775168","1320775423","TR","Turkiye","Samsun","Samsun"
"1321167616","1321167871","TR","Turkiye","Adana","Kadirli"
"1321598208","1321598463","FR","France","Ile-de-France","Paris"
"1321950976","1321951231","FR","France","Occitanie","Berat"
"1323306188","1323306190","US","United States of America","Washington","Seattle"
"1323326505","1323326509","US","United States of America","Washington","Seattle"
"1323346777","1323346780","US","United States of America","Washington","Seattle"
"1323365297","1323365307","US","United States of America","Washington","Seattle"
"1323382765","1323382769","US","United States of America","Washington","Seattle"
"1323401051","1323401053","US","United States of America","Washington","Seattle"
"1323415459","1323415511","US","United States of America","Washington","Seattle"
"1323431189","1323431192","US","United States of America","Washington","Seattle"
"1323448413","1323448495","US","United States of America","Washington","Seattle"
"1323467170","1323467215","US","United States of America","Washington","Seattle"
"1323487932","1323487962","US","United States of America","Washington","Seattle"
"1323505645","1323505646","US","United States of America","Washington","Seattle"
"1323525487","1323525493","US","United States of America","Washington","Seattle"
"1323543282","1323543282","US","United States of America","Washington","Seattle"
"1323564129","1323564129","FR","France","Provence-Alpes-Cote-d'Azur","Le Val"
"1323582382","1323582382","FR","France","Hauts-de-France","Boue"
"1323600983","1323600983","FR","France","Grand-Est","Steinbach"
"1323614236","1323614236","FR","France","Provence-Alpes-Cote-d'Azur","Vidauban"
"1323629585","1323629589","US","United States of America","Washington","Seattle"
"1323651076","1323651096","US","United States of America","Washington","Seattle"
"1323669692","1323669710","US","United States of America","Washington","Seattle"
"1323685411","1323685427","US","United States of America","Washington","Seattle"
"1323708354","1323708362","US","United States of America","Washington","Seattle"
"1323729417","1323729424","US","United States of America","Washington","Seattle"
"1323747490","1323747498","US","United States of America","Washington","Seattle"
"1323963392","1323964415","GP","Guadeloupe","Guadeloupe","Basse-Terre"
"1324517632","1324517887","FR","France","Ile-de-France","Paris"
"1325001984","1325002239","FR","France","Normandie","Portbail"
"1325826816","1325827071","IT","Italy","Emilia-Romagna","San Mauro Pascoli"
"1326118144","1326118399","IT","Italy","Lazio","Rome"
"1326538752","1326539007","IT","Italy","Lazio","Rome"
"1326850816","1326851071","IT","Italy","Puglia","Margherita di Savoia"
"1327153408","1327153663","IT","Italy","Basilicata","Bernalda"
"1327572736","1327572991","IT","Italy","Emilia-Romagna","Modena"
"1327905024","1327906303","IT","Italy","Lazio","Oriolo Romano"
"1328295936","1328296191","IT","Italy","Lombardia","Milan"
"1328677120","1328677375","IT","Italy","Friuli-Venezia Giulia","San Giorgio della Richinvelda"
"1328993792","1328994047","IT","Italy","Calabria","Reggio Calabria"
"1329340928","1329341439","IT","Italy","Lombardia","Milan"
"1330615040","1330615295","GB","United Kingdom of Great Britain and Northern Ireland","England","Bristol"
"1331144704","1331145727","FR","France","Provence-Alpes-Cote-d'Azur","Aix-en-Provence"
"1331677696","1331677951","FR","France","Auvergne-Rhone-Alpes","Lapalisse"
"1332023631","1332023631","RS","Serbia","Zlatiborski okrug","Zlatibor"
"1332030679","1332030686","RS","Serbia","Beograd","Belgrade"
"1332184576","1332184831","GR","Greece","Voreio Aigaio","Myrina"
"1332627919","1332627922","NL","Netherlands (Kingdom of the)","Noord-Holland","Amsterdam"
"1333129728","1333129983","ES","Spain","Andalucia","Cordoba"
"1333435136","1333435391","RU","Russian Federation","Moskva","Moscow"
"1333489512","1333489519","GB","United Kingdom of Great Britain and Northern Ireland","England","Brighton"
"1333920000","1333920255","GR","Greece","Ipeiros","Anatoli"
"1334256864","1334256871","IT","Italy","Marche","Saltara"
"1334407824","1334407839","NL","Netherlands (Kingdom of the)","Zuid-Holland","Rotterdam"
"1334836768","1334836799","FR","France","Ile-de-France","Paris"
"1335450368","1335452927","ES","Spain","Catalunya","Barcelona"
"1335947008","1335947135","NO","Norway","Vestfold og Telemark","Hof"
"1336232960","1336233471","RU","Russian Federation","Moskva","Moscow"
"1336853040","1336853047","FR","France","Grand-Est","Strasbourg"
"1336860848","1336860855","FR","France","Ile-de-France","Paris"
"1336912368","1336912386","IR","Iran (Islamic Republic of)","Tehran","Tehran"
"1337657556","1337657559","PL","Poland","Podlaskie","Bialystok"
"1337663280","1337663283","PL","Poland","Lubuskie","Trzebiel"
"1337669687","1337669687","PL","Poland","Mazowieckie","Warsaw"
"1337675172","1337675175","PL","Poland","Zachodniopomorskie","Koszalin"
"1337680696","1337680703","PL","Poland","Mazowieckie","Legionowo"
"1337686608","1337686615","PL","Poland","Wielkopolskie","Poznan"
"1337692520","1337692527","PL","Poland","Malopolskie","Stary Sacz"
"1337698848","1337698855","PL","Poland","Slaskie","Czeladz"
"1337704936","1337704939","PL","Poland","Slaskie","Poraj"
"1337711352","1337711359","PL","Poland","Malopolskie","Krakow"
"1337717680","1337717683","PL","Poland","Lubuskie","Miedzyrzecz"
"1337724880","1337724883","PL","Poland","Mazowieckie","Blonie"
"1337731208","1337731211","PL","Poland","Slaskie","Trzebinia"
"1337737756","1337737759","PL","Poland","Podlaskie","Augustow"
"1337744752","1337744759","PL","Poland","Podkarpackie","Krasne"
"1337750996","1337750999","PL","Poland","Opolskie","Biala"
"1337757388","1337757399","PL","Poland","Mazowieckie","Warsaw"
"1337764740","1337764743","PL","Poland","Slaskie","Cieszyn"
"1337771360","1337771371","PL","Poland","Slaskie","Rybnik"
"1337778356","1337778359","PL","Poland","Zachodniopomorskie","Koszalin"
"1337784980","1337784983","PL","Poland","Lubelskie","Zamosc"
"1337792096","1337792103","PL","Poland","Slaskie","Zywiec"
"1337798492","1337798495","PL","Poland","Podkarpackie","Mielec"
"1337805408","1337805447","PL","Poland","Slaskie","Katowice"
"1337813113","1337813113","PL","Poland","Dolnoslaskie","Milicz"
"1337819752","1337819755","PL","Poland","Wielkopolskie","Zlotow"
"1337826392","1337826395","PL","Poland","Malopolskie","Sulecin"
"1337833072","1337833087","PL","Poland","Slaskie","Sosnowiec"
"1337839892","1337839895","PL","Poland","Dolnoslaskie","Wroclaw"
"1337846528","1337846531","PL","Poland","Wielkopolskie","Piaski"
"1337854304","1337854307","PL","Poland","Podlaskie","Bialystok"
"1337861752","1337861887","PL","Poland","Mazowieckie","Warsaw"
"1337870000","1337870007","PL","Poland","Wielkopolskie","Leszno"
"1337877276","1337877279","PL","Poland","Wielkopolskie","Kolo"
"1337885312","1337885315","PL","Poland","Mazowieckie","Kaluszyn"
"1337893040","1337893071","PL","Poland","Malopolskie","Krakow"
"1337900936","1337900959","PL","Poland","Dolnoslaskie","Wroclaw"
"1337909120","1337909127","PL","Poland","Mazowieckie","Warsaw"
"1337917048","1337917059","PL","Poland","Dolnoslaskie","Wroclaw"
"1341177856","1341181951","DE","Germany","Nordrhein-Westfalen","Muenster"
"1342248144","1342248151","GB","United Kingdom of Great Britain and Northern Ireland","England","Reading"
"1342451456","1342451711","GB","United Kingdom of Great Britain and Northern Ireland","England","North Shields"
"1342800640","1342800895","FR","France","Occitanie","Rabastens-de-Bigorre"
"1343044096","1343044351","FR","France","Provence-Alpes-Cote-d'Azur","Lambesc"
"1343236504","1343236507","IT","Italy","Lombardia","Turbigo"
"1343252648","1343252655","IT","Italy","Lombardia","Milan"
"1343274812","1343274847","IT","Italy","Lombardia","Milan"
"1343299344","1343299351","IT","Italy","Lazio","Guarcino"
"1343316964","1343316967","IT","Italy","Lombardia","Cantu"
"1343332080","1343332083","IT","Italy","Lombardia","Milan"
"1343352312","1343352319","IT","Italy","Abruzzo","Popoli"
"1343368208","1343368215","IT","Italy","Lombardia","Milan"
"1343381392","1343381399","IT","Italy","Friuli-Venezia Giulia","Pordenone"
"1343397248","1343397263","IT","Italy","Piemonte","Cuneo"
"1343413704","1343413711","IT","Italy","Liguria","Genova"
"1343432964","1343432967","IT","Italy","Lazio","Rome"
"1343447196","1343447199","IT","Italy","Marche","Cerreto d'Esi"
"1343461728","1343461759","IT","Italy","Lombardia","Milan"
"1343476080","1343476083","IT","Italy","Sicilia","Barrafranca"
"1343497264","1343497267","IT","Italy","Veneto","Vicenza"
"1343511740","1343511743","IT","Italy","Veneto","Rovigo"
"1343527576","1343527583","IT","Italy","Valle d'Aosta","Valtournenche"
"1343542464","1343542467","IT","Italy","Emilia-Romagna","Bologna"
"1343565920","1343565943","IT","Italy","Lazio","Rome"
"1343579572","1343579575","IT","Italy","Emilia-Romagna","Reggio nell'Emilia"
"1343594192","1343594207","IT","Italy","Lombardia","Milan"
"1343608192","1343608207","IT","Italy","Sicilia","Palermo"
"1343633184","1343633191","IT","Italy","Basilicata","Pisticci"
"1343650696","1343650699","IT","Italy","Lombardia","Milan"
"1343664088","1343664095","IT","Italy","Lazio","Rome"
"1343684128","1343684135","IT","Italy","Trentino-Alto Adige","Marche"
"1343707552","1343707555","IT","Italy","Emilia-Romagna","Piacenza"
"1343721764","1343721767","IT","Italy","Toscana","Arezzo"
"1343736720","1343736735","IT","Italy","Lombardia","Milan"
"1343806464","1343806719","ES","Spain","Murcia, Region de","Murcia"
"1344327936","1344329215","ES","Spain","Madrid, Comunidad de","Madrid"
"1344981504","1344981759","GB","United Kingdom of Great Britain and Northern Ireland","England","Liverpool"
"1345321984","1345322239","GB","United Kingdom of Great Britain and Northern Ireland","England","Liverpool"
"1345536768","1345537023","PL","Poland","Warminsko-Mazurskie","Olsztyn"
"1345622124","1345622127","PL","Poland","Mazowieckie","Warsaw"
"1345628640","1345628659","PL","Poland","Dolnoslaskie","Legnica"
"1345634832","1345634835","PL","Poland","Slaskie","Myszkow"
"1345641412","1345641415","PL","Poland","Zachodniopomorskie","Drawno"
"1345648064","1345648071","PL","Poland","Mazowieckie","Sochaczew"
"1345655496","1345655503","PL","Poland","Wielkopolskie","Pniewy"
"1345662664","1345662671","PL","Poland","Lodzkie","Rzgow"
"1345670160","1345670163","PL","Poland","Zachodniopomorskie","Szczecin"
"1345677712","1345677715","PL","Poland","Mazowieckie","Warsaw"
"1345684840","1345684843","PL","Poland","Wielkopolskie","Trzcianka"
"1345692264","1345692267","PL","Poland","Dolnoslaskie","Katy Wroclawskie"
"1345699712","1345699715","PL","Poland","Wielkopolskie","Poznan"
"1345706976","1345706979","PL","Poland","Wielkopolskie","Rogozno"
"1345713576","1345713579","PL","Poland","Slaskie","Bytom"
"1345785340","1345785343","PL","Poland","Slaskie","Katowice"
"1345793456","1345793471","PL","Poland","Mazowieckie","Warsaw"
"1345801276","1345801279","PL","Poland","Warminsko-Mazurskie","Gietrzwald"
"1345808280","1345808295","PL","Poland","Mazowieckie","Warsaw"
"1345816736","1345816759","PL","Poland","Mazowieckie","Warsaw"
"1345827104","1345827107","PL","Poland","Mazowieckie","Warsaw"
"1345838016","1345838023","PL","Poland","Mazowieckie","Warsaw"
"1345941760","1345942015","NL","Netherlands (Kingdom of the)","Zuid-Holland","Rotterdam"
"1346275496","1346275503","DK","Denmark","Syddanmark","Padborg"
"1346345216","1346345247","DK","Denmark","Hovedstaden","Copenhagen"
"1346421456","1346421471","NO","Norway","Vestland","Maloy"
"1346569454","1346569454","SE","Sweden","Skane lan","Malmoe"
"1346751128","1346751135","DE","Germany","Sachsen","Grund"
"1346887936","1346888191","IT","Italy","Lombardia","Milan"
"1347203072","1347203327","RU","Russian Federation","Moskva","Moscow"
"1347507522","1347507524","GB","United Kingdom of Great Britain and Northern Ireland","England","London"
"1347778048","1347780095","SE","Sweden","Vastra Gotalands lan","Nossebro"
"1348049080","1348049087","RU","Russian Federation","Kemerovskaya oblast'","Kemerovo"
"1348279216","1348279263","IE","Ireland","Louth","Dundalk"
"1348453396","1348453399","GB","United Kingdom of Great Britain and Northern Ireland","England","Croydon"
"1348989696","1348989951","ES","Spain","Galicia","Lugo"
"1349361456","1349361463","AT","Austria","Wien","Vienna"
"1349585064","1349585071","NL","Netherlands (Kingdom of the)","Zuid-Holland","Barendrecht"
"1349752576","1349752831","NL","Netherlands (Kingdom of the)","Noord-Brabant","Oosterhout"
"1350044312","1350044319","AT","Austria","Oberosterreich","Gmunden"
"1350052970","1350052970","AT","Austria","Salzburg","Zell am See"
"1350063040","1350063040","AT","Austria","Tirol","Leutasch"
"1350068984","1350068987","AT","Austria","Vorarlberg","Buers"
"1350080760","1350080763","AT","Austria","Niederosterreich","Weitra"
"1350096712","1350096715","AT","Austria","Steiermark","Triebendorf"
"1350102644","1350102647","AT","Austria","Wien","Vienna"
"1350153696","1350153699","AT","Austria","Niederosterreich","Wiener Neustadt"
"1350163841","1350163841","AT","Austria","Oberosterreich","Perg"
"1350174452","1350174455","AT","Austria","Steiermark","Riegersburg"
"1350180856","1350180859","AT","Austria","Steiermark","Leibnitz"
"1350188280","1350188287","AT","Austria","Wien","Vienna"
"1350194568","1350194575","AT","Austria","Wien","Vienna"
"1350205860","1350205863","AT","Austria","Niederosterreich","Grossweikersdorf"
"1350217164","1350217167","AT","Austria","Steiermark","Admont"
"1350226504","1350226511","AT","Austria","Wien","Vienna"
"1350232360","1350232363","AT","Austria","Salzburg","Radstadt"
"1350255252","1350255255","AT","Austria","Wien","Vienna"
"1350261904","1350261907","AT","Austria","Niederosterreich","Wieselburg"
"1350272072","1350272075","AT","Austria","Oberosterreich","Steyr"
"1350285064","1350285067","AT","Austria","Steiermark","Fehring"
"1350291880","1350291887","AT","Austria","Wien","Vienna"
"1350319960","1350320111","FR","France","Ile-de-France","Saint-Denis"
"1351467008","1351475199","DE","Germany","Rheinland-Pfalz","Neuwied"
"1351804848","1351804855","DE","Germany","Niedersachsen","Celle"
"1351894222","1351894222","DE","Germany","Berlin","Berlin"
"1351921377","1351921377","DE","Germany","Hessen","Oberursel"
"1351924731","1351924731","DE","Germany","Nordrhein-Westfalen","Dusseldorf"
"1351954184","1351954191","DE","Germany","Thuringen","Singen"
"1351982200","1351982203","DE","Germany","Niedersachsen","Northeim"
"1352005864","1352005871","DE","Germany","Bayern","Kelheim"
"1352040640","1352040703","DE","Germany","Nordrhein-Westfalen","Dusseldorf"
"1352055776","1352055847","DE","Germany","Bremen","Bremen"
"1352147292","1352147295","DE","Germany","Baden-Wurttemberg","Gaildorf"
"1352287416","1352287439","DE","Germany","Bremen","Bremen"
"1352291234","1352291234","DE","Germany","Hamburg","Hamburg"
"1352321088","1352321095","DE","Germany","Nordrhein-Westfalen","Dusseldorf"
"1352341544","1352341551","DE","Germany","Baden-Wurttemberg","Weinsberg"
"1352351280","1352351287","DE","Germany","Thuringen","Gotha"
"1352376568","1352376575","DE","Germany","Niedersachsen","Seesen"
"1352384676","1352384679","DE","Germany","Hamburg","Hamburg"
"1352385704","1352385705","DE","Germany","Berlin","Berlin"
"1352386744","1352386744","DE","Germany","Baden-Wurttemberg","Rottweil"
"1352387791","1352387791","DE","Germany","Baden-Wurttemberg","Ravensburg"
"1352388847","1352388847","DE","Germany","Hessen","Darmstadt"
"1352389899","1352389899","DE","Germany","Hamburg","Hamburg"
"1352390957","1352390957","DE","Germany","Nordrhein-Westfalen","Koeln"
"1352392009","1352392010","DE","Germany","Bayern","Nuremberg"
"1352393075","1352393075","DE","Germany","Thuringen","Koblenz"
"1352394634","1352394634","DE","Germany","Thuringen","Eisenach"
"1352397023","1352397023","DE","Germany","Baden-Wurttemberg","Freiburg"
"1352398092","1352398092","DE","Germany","Hamburg","Hamburg"
"1352399124","1352399124","DE","Germany","Bayern","Dingolfing"
"1352400164","1352400164","DE","Germany","Niedersachsen","Celle"
"1352408024","1352408031","DE","Germany","Bremen","Bremen"
"1352452072","1352452079","DE","Germany","Bayern","Heilbronn"
"1352499744","1352499747","DE","Germany","Hessen","Darmstadt"
"1352552336","1352552345","DE","Germany","Hessen","Frankfurt am Main"
"1352776928","1352776935","DK","Denmark","Hovedstaden","Frederiksberg"
"1352922176","1352922391","DK","Denmark","Midtjylland","Tranbjerg"
"1353064440","1353064447","DK","Denmark","Syddanmark","Odense"
"1353182352","1353182367","DK","Denmark","Midtjylland","Tranbjerg"
"1353233592","1353233607","GB","United Kingdom of Great Britain and Northern Ireland","England","London"
"1353283112","1353283115","IT","Italy","Lombardia","Milan"
"1353660340","1353660343","GB","United Kingdom of Great Britain and Northern Ireland","England","Salisbury"
"1353717504","1353718271","GB","United Kingdom of Great Britain and Northern Ireland","England","Leeds"
"1354191104","1354191359","IT","Italy","Lazio","Oriolo Romano"
"1354513664","1354513919","CZ","Czechia","Kralovehradecky kraj","Broumov"
"1354673664","1354673919","DE","Germany","Sachsen","Forchheim"
"1354842640","1354842751","GB","United Kingdom of Great Britain and Northern Ireland","Scotland","Edinburgh"
"1354849175","1354849177","GB","United Kingdom of Great Britain and Northern Ireland","Scotland","Edinburgh"
"1354852799","1354852825","GB","United Kingdom of Great Britain and Northern Ireland","Scotland","Edinburgh"
"1354877934","1354877934","GB","United Kingdom of Great Britain and Northern Ireland","England","Croydon"
"1354899830","1354899830","GB","United Kingdom of Great Britain and Northern Ireland","England","Slough"
"1354918887","1354918941","GB","United Kingdom of Great Britain and Northern Ireland","Scotland","Edinburgh"
"1354936376","1354936383","GB","United Kingdom of Great Britain and Northern Ireland","England","Brent"
"1354967276","1354967279","GB","United Kingdom of Great Britain and Northern Ireland","England","Warrington"
"1354998515","1354998517","GB","United Kingdom of Great Britain and Northern Ireland","Scotland","Edinburgh"
"1355093776","1355093783","DK","Denmark","Syddanmark","Give"
"1355203136","1355203143","DK","Denmark","Hovedstaden","Taastrup"
"1355347456","1355347583","BE","Belgium","Antwerpen","Antwerpen"
"1355766816","1355767039","IT","Italy","Lazio","Rome"
"1355919218","1355919219","GB","United Kingdom of Great Britain and Northern Ireland","England","Morley"
"1356005376","1356036095","IT","Italy","Toscana","Arezzo"
"1356558592","1356558847","CH","Switzerland","Basel-Landschaft","Pratteln"
"1357125764","1357125767","DE","Germany","Mecklenburg-Vorpommern","Oldenburg"
"1357141712","1357141719","DE","Germany","Nordrhein-Westfalen","Emsdetten"
"1357294080","1357294335","IL","Israel","Hefa","Haifa"
"1357507072","1357507839","LV","Latvia","Dobeles novads","Dobele"
"1357656832","1357657087","FR","France","Ile-de-France","Paris"
"1357874526","1357874526","FR","France","Provence-Alpes-Cote-d'Azur","Marseille"
"1357883381","1357883381","FI","Finland","Uusimaa","Helsinki"
"1357894020","1357894023","PL","Poland","Pomorskie","Gdansk"
"1357989246","1357989247","AE","United Arab Emirates","Dubayy","Dubai"
"1358098584","1358098591","NL","Netherlands (Kingdom of the)","Groningen","Ter Apel"
"1358168832","1358169087","DE","Germany","Nordrhein-Westfalen","Koeln"
"1358384416","1358384447","IT","Italy","Lombardia","Milan"
"1358563712","1358563715","CZ","Czechia","Kraj Vysocina","Merin"
"1358736000","1358736031","SE","Sweden","Stockholms lan","Stockholm"
"1358787260","1358787263","DE","Germany","Nordrhein-Westfalen","Duisburg"
"1358885920","1358886143","SE","Sweden","Vastra Gotalands lan","Toereboda"
"1359000928","1359000959","NO","Norway","Viken","Kolbotn"
"1359106676","1359106678","GB","United Kingdom of Great Britain and Northern Ireland","England","Bracknell"
"1359174944","1359175167","GB","United Kingdom of Great Britain and Northern Ireland","Scotland","Port Glasgow"
"1359280640","1359281151","RU","Russian Federation","Novgorodskaya oblast'","Velikiy Novgorod"
"1359552256","1359552383","RU","Russian Federation","Ivanovskaya oblast'","Komsomol'sk"
"1359804097","1359804111","RO","Romania","Neamt","Piatra Neamt"
"1359972152","1359972223","PL","Poland","Mazowieckie","Warsaw"
"1360250624","1360251391","NL","Netherlands (Kingdom of the)","Noord-Holland","Amsterdam"
"1360437248","1360441343","FI","Finland","Uusimaa","Helsinki"
"1360749611","1360749611","PL","Poland","Mazowieckie","Warsaw"
"1360960928","1360960959","DE","Germany","Mecklenburg-Vorpommern","Leist"
"1361485568","1361485823","ES","Spain","Andalucia","Dalias"
"1362118912","1362119167","FR","France","Normandie","Mortagne-au-Perche"
"1362761520","1362761551","NL","Netherlands (Kingdom of the)","Zuid-Holland","The Hague"
"1363184640","1363185663","FR","France","Grand-Est","Strasbourg"
"1363723824","1363723979","IT","Italy","Lombardia","Milan"
"1363757904","1363757911","IT","Italy","Lazio","Rome"
"1363882120","1363882135","IT","Italy","Lazio","Rome"
"1364199834","1364199884","FR","France","Auvergne-Rhone-Alpes","Lyon"
"1364211552","1364211552","FR","France","Auvergne-Rhone-Alpes","Lyon"
"1364222201","1364222201","FR","France","Bretagne","La Gouesniere"
"1364241951","1364241952","FR","France","Occitanie","Blagnac"
"1364251440","1364251441","FR","France","Occitanie","Blagnac"
"1364259016","1364259023","FR","France","Hauts-de-France","Lille"
"1364648704","1364649471","GB","United Kingdom of Great Britain and Northern Ireland","England","Sunbury-on-Thames"
"1365011032","1365011103","CH","Switzerland","Aargau","Baden"
"1365214384","1365214391","RU","Russian Federation","Tverskaya oblast'","Tverskaya"
"1365477376","1365477631","GB","United Kingdom of Great Britain and Northern Ireland","England","Holton le Clay"
"1365630976","1365631231","GB","United Kingdom of Great Britain and Northern Ireland","England","Newcastle upon Tyne"
"1365918976","1365919231","GB","United Kingdom of Great Britain and Northern Ireland","Wales","Bridgend"
"1366194432","1366194687","GB","United Kingdom of Great Britain and Northern Ireland","England","Guildford"
"1366319032","1366319055","IT","Italy","Lombardia","Milan"
"1366342808","1366342815","IT","Italy","Friuli-Venezia Giulia","Trieste"
"1366381064","1366381071","IT","Italy","Liguria","Savona"
"1366405880","1366405887","IT","Italy","Umbria","Assisi"
"1366443536","1366443551","IT","Italy","Lombardia","Milan"
"1366469568","1366469575","IT","Italy","Lombardia","Milan"
"1366503440","1366503447","IT","Italy","Marche","Matelica"
"1366535456","1366535463","IT","Italy","Lazio","Albano Laziale"
"1366568817","1366568817","IT","Italy","Lombardia","Pavia"
"1366583576","1366583576","IT","Italy","Lombardia","Milan"
"1366586003","1366586003","IT","Italy","Sicilia","Scuola"
"1366607432","1366607439","IT","Italy","Liguria","Rapallo"
"1366622140","1366622142","IT","Italy","Veneto","Verona"
"1366637901","1366637901","IT","Italy","Umbria","Porto"
"1366644576","1366644591","IT","Italy","Toscana","Pisa"
"1366666321","1366666321","IT","Italy","Lazio","Frosinone"
"1366668365","1366668365","IT","Italy","Sardegna","Oristano"
"1366711552","1366711559","IT","Italy","Lombardia","Olgiate Olona"
"1366750428","1366750428","IT","Italy","Friuli-Venezia Giulia","Pontebba"
"1366777008","1366777011","IT","Italy","Emilia-Romagna","Rimini"
"1366792293","1366792293","IT","Italy","Puglia","Putignano"
"1366793417","1366793417","IT","Italy","Trentino-Alto Adige","Marco"
"1366835160","1366835175","IT","Italy","Lombardia","Brescia"
"1366904896","1366904959","IT","Italy","Toscana","Siena"
"1366947216","1366947223","IT","Italy","Toscana","Massa"
"1366971816","1366971819","IT","Italy","Lombardia","Milan"
"1366980092","1366980095","IT","Italy","Lombardia","Milan"
"1367008472","1367008479","IT","Italy","Veneto","Selvazzano Dentro"
"1367026300","1367026307","IT","Italy","Lombardia","Monza"
"1367037864","1367037871","IT","Italy","Toscana","Siena"
"1367068040","1367068047","IT","Italy","Veneto","Verona"
"1367080104","1367080111","IT","Italy","Emilia-Romagna","Bagnolo in Piano"
"1367397392","1367397399","GB","United Kingdom of Great Britain and Northern Ireland","England","Potters Bar"
"1367546808","1367546815","GB","United Kingdom of Great Britain and Northern Ireland","England","London"
"1367773584","1367773599","GB","United Kingdom of Great Britain and Northern Ireland","England","Clare"
"1367977136","1367977143","GB","United Kingdom of Great Britain and Northern Ireland","England","Bradford"
"1368315904","1368316159","GB","United Kingdom of Great Britain and Northern Ireland","England","Manchester"
"1368449704","1368449711","GB","United Kingdom of Great Britain and Northern Ireland","England","London"
"1368499840","1368499871","GB","United Kingdom of Great Britain and Northern Ireland","England","Portsmouth"
"1368653824","1368654079","GB","United Kingdom of Great Britain and Northern Ireland","England","Bognor Regis"
"1368984064","1368984319","GB","United Kingdom of Great Britain and Northern Ireland","England","Chester"
"1369262592","1369262847","GB","United Kingdom of Great Britain and Northern Ireland","Scotland","Kyle"
"1369728000","1369728255","BE","Belgium","Vlaams-Brabant","Zaventem"
"1369971040","1369971199","GB","United Kingdom of Great Britain and Northern Ireland","England","Exeter"
"1370204192","1370204199","GB","United Kingdom of Great Britain and Northern Ireland","England","Grantham"
"1370296320","1370296831","GB","United Kingdom of Great Britain and Northern Ireland","England","London"
"1370373384","1370373391","IT","Italy","Lombardia","Nuvolera"
"1370470016","1370470143","FI","Finland","Paijat-Hame","Orimattila"
"1370680576","1370680831","GB","United Kingdom of Great Britain and Northern Ireland","Wales","Bridgend"
"1371183104","1371183359","GR","Greece","Attiki","Athens"
"1371232165","1371232165","GB","United Kingdom of Great Britain and Northern Ireland","England","Bracknell"
"1371255441","1371255451","GB","United Kingdom of Great Britain and Northern Ireland","England","Bracknell"
"1371273128","1371273128","GB","United Kingdom of Great Britain and Northern Ireland","England","Chesterfield"
"1371574488","1371574491","PT","Portugal","Lisboa","Lisbon"
"1371818240","1371818495","RO","Romania","Alba","Rimetea"
"1372153372","1372153372","GB","United Kingdom of Great Britain and Northern Ireland","England","London"
"1372167421","1372167423","DE","Germany","Sachsen","Dresden"
"1372570112","1372570367","NL","Netherlands (Kingdom of the)","Utrecht","Amersfoort"
"1372616008","1372616015","IT","Italy","Lombardia","Milan"
"1372745840","1372745843","PL","Poland","Malopolskie","Andrychow"
"1372752663","1372752685","DE","Germany","Nordrhein-Westfalen","Dortmund"
"1373220864","1373221119","AT","Austria","Niederosterreich","Sankt Veit an der Golsen"
"1373346184","1373346199","PL","Poland","Lodzkie","Lodz"
"1373497088","1373497343","CH","Switzerland","Solothurn","Solothurn"
"1373579648","1373579671","AT","Austria","Karnten","Klagenfurt am Woerthersee"
"1373598608","1373598611","AT","Austria","Oberosterreich","Linz"
"1373613884","1373613887","AT","Austria","Niederosterreich","Moosbrunn"
"1373630608","1373630727","AT","Austria","Wien","Vienna"
"1373916124","1373916124","NL","Netherlands (Kingdom of the)","Noord-Holland","Amsterdam"
"1374250752","1374251007","SE","Sweden","Vasternorrlands lan","Sundsvall"
"1374802432","1374802943","BE","Belgium","Hainaut","La Louviere"
"1375080168","1375080179","BE","Belgium","Oost-Vlaanderen","Sint-Niklaas"
"1375179776","1375180031","BE","Belgium","Brabant wallon","Incourt"
"1375476050","1375476050","FR","France","Ile-de-France","Montreuil"
"1375490040","1375490047","FR","France","Ile-de-France","Buchelay"
"1375506824","1375506831","FR","France","Centre-Val de Loire","Le Blanc"
"1375521856","1375521859","FR","France","Occitanie","Blagnac"
"1375667200","1375667215","FR","France","Ile-de-France","Paris"
"1375675072","1375675083","FR","France","Ile-de-France","Paris"
"1375683528","1375683535","FR","France","Ile-de-France","Fontenay-sous-Bois"
"1375691824","1375691839","FR","France","Bretagne","Guipavas"
"1375701015","1375701055","FR","France","Occitanie","Blagnac"
"1375710272","1375710279","FR","France","Ile-de-France","Paris"
"1375719192","1375719199","FR","France","Ile-de-France","Paris"
"1375727424","1375727431","FR","France","Centre-Val de Loire","Tours"
"1375908096","1375908351","GB","United Kingdom of Great Britain and Northern Ireland","England","Letchworth"
"1376238080","1376238591","GB","United Kingdom of Great Britain and Northern Ireland","England","London"
"1376490496","1376491007","GB","United Kingdom of Great Britain and Northern Ireland","England","North Shields"
"1376692943","1376692945","GB","United Kingdom of Great Britain and Northern Ireland","Scotland","Edinburgh"
"1376876544","1376876799","GB","United Kingdom of Great Britain and Northern Ireland","England","Maidenhead"
"1377129472","1377129727","HK","Hong Kong","Hong Kong","Hong Kong"
"1377380864","1377381119","DE","Germany","Berlin","Berlin"
"1377810432","1377810943","GB","United Kingdom of Great Britain and Northern Ireland","Wales","Cardiff"
"1378013184","1378017279","GB","United Kingdom of Great Britain and Northern Ireland","England","Liverpool"
"1378092896","1378092911","GB","United Kingdom of Great Britain and Northern Ireland","England","Skelmersdale"
"1378429952","1378430975","PL","Poland","Malopolskie","Krakow"
"1378552890","1378552890","GB","United Kingdom of Great Britain and Northern Ireland","England","Croydon"
"1378648078","1378648079","GB","United Kingdom of Great Britain and Northern Ireland","England","London"
"1378657256","1378657256","GB","United Kingdom of Great Britain and Northern Ireland","Wales","Cardiff"
"1378716374","1378716374","GB","United Kingdom of Great Britain and Northern Ireland","England","Croydon"
"1378720813","1378720813","GB","United Kingdom of Great Britain and Northern Ireland","England","Nottingham"
"1379066624","1379068159","IT","Italy","Lombardia","Milan"
"1379417600","1379417855","IT","Italy","Friuli-Venezia Giulia","Trieste"
"1379740928","1379741183","IT","Italy","Emilia-Romagna","Modena"
"1380038656","1380039167","FR","France","Ile-de-France","Paris"
"1380301496","1380301503","GB","United Kingdom of Great Britain and Northern Ireland","England","Kidlington"
"1380797312","1380797343","RO","Romania","Caras-Severin","Obreja"
"1380948544","1380948607","RO","Romania","Neamt","Horia"
"1381318384","1381318391","IT","Italy","Campania","Naples"
"1381368832","1381369087","ES","Spain","Castilla-La Mancha","Hijes"
"1382047744","1382049071","DE","Germany","Saarland","Merzig"
"1382220784","1382220791","NO","Norway","Oslo","Oslo"
"1382338560","1382338575","DE","Germany","Rheinland-Pfalz","Minden"
"1382405888","1382406143","NL","Netherlands (Kingdom of the)","Zuid-Holland","Katwijk aan Zee"
"1382934016","1382936831","GB","United Kingdom of Great Britain and Northern Ireland","England","London"
"1383190432","1383190439","IT","Italy","Piemonte","Mondovi"
"1383295718","1383295719","DE","Germany","Rheinland-Pfalz","Unnau"
"1383618560","1383618815","FR","France","Pays-de-la-Loire","Nantes"
"1383971072","1383971327","FR","France","Ile-de-France","Levallois-Perret"
"1384301257","1384301258","ES","Spain","Pais Vasco","Derio"
"1384393664","1384393671","HR","Croatia","Primorsko-goranska zupanija","Rijeka"
"1384514264","1384514267","NO","Norway","More og Romsdal","Eide"
"1384531000","1384531007","NO","Norway","Viken","Moss"
"1384569100","1384569103","IT","Italy","Lombardia","Milan"
"1384574059","1384574059","IT","Italy","Lombardia","Tirano"
"1384588456","1384588535","DE","Germany","Bayern","Munich"
"1384795872","1384795872","FR","France","Ile-de-France","La Garenne-Colombes"
"1384938120","1384938127","RU","Russian Federation","Pskovskaya oblast'","Pskov"
"1385021800","1385021807","IE","Ireland","Louth","Drogheda"
"1385069432","1385069439","CZ","Czechia","Praha, Hlavni mesto","Prague"
"1385210880","1385211135","HU","Hungary","Bekes","Bucsa"
"1385519648","1385519679","DE","Germany","Bayern","Furth"
"1385664536","1385664543","TR","Turkiye","Adiyaman","Saglik"
"1386211328","1386211583","ES","Spain","Valenciana, Comunidad","Babel"
"1386377856","1386377871","RU","Russian Federation","Primorskiy kray","Vladivostok"
"1386612512","1386612519","IL","Israel","HaTsafon","Afula"
"1386798336","1386798591","NL","Netherlands (Kingdom of the)","Zuid-Holland","Rotterdam"
"1387335792","1387336743","PL","Poland","Mazowieckie","Warsaw"
"1387543391","1387543392","IT","Italy","Lombardia","Milan"
"1387800352","1387800359","IT","Italy","Lombardia","Gerenzano"
"1387816640","1387816647","IT","Italy","Veneto","Chioggia"
"1387841840","1387841855","IT","Italy","Trentino-Alto Adige","Bolzano"
"1387865208","1387865227","IT","Italy","Lazio","Rome"
"1387882104","1387882111","IT","Italy","Emilia-Romagna","Reno"
"1387901160","1387901167","IT","Italy","Calabria","Cosenza"
"1387912700","1387912703","IT","Italy","Sicilia","Agrigento"
"1387927972","1387927975","IT","Italy","Trentino-Alto Adige","Sesto"
"1387944856","1387944863","IT","Italy","Veneto","Casale di Scodosia"
"1387962784","1387962791","IT","Italy","Piemonte","Torino"
"1387975936","1387975951","IT","Italy","Basilicata","Croce"
"1387986856","1387986863","IT","Italy","Lombardia","Rho"
"1387999736","1387999743","IT","Italy","Lombardia","Milan"
"1388012884","1388012887","IT","Italy","Marche","Monte San Giusto"
"1388032240","1388032247","IT","Italy","Calabria","Reggio Calabria"
"1388043540","1388043543","IT","Italy","Emilia-Romagna","Castelnuovo Rangone"
"1388065904","1388065911","IT","Italy","Lombardia","Bergamo"
"1388085192","1388085199","IT","Italy","Liguria","Genova"
"1388100056","1388100063","IT","Italy","Lombardia","Chiari"
"1388111392","1388111407","IT","Italy","Veneto","Garda"
"1388129896","1388129903","IT","Italy","Lazio","Cassino"
"1388146064","1388146071","IT","Italy","Marche","Polverigi"
"1388164736","1388164743","IT","Italy","Trentino-Alto Adige","Arco"
"1388186912","1388186919","IT","Italy","Lombardia","Gallarate"
"1388211776","1388211791","IT","Italy","Lazio","Rome"
"1388229736","1388229743","IT","Italy","Marche","Pesaro"
"1388242984","1388242991","IT","Italy","Toscana","Arezzo"
"1388261760","1388261763","IT","Italy","Lazio","Sperlonga"
"1388276336","1388276351","IT","Italy","Marche","Urbino"
"1388296864","1388296871","IT","Italy","Campania","Naples"
"1388312104","1388312119","IT","Italy","Campania","Naples"
"1388472584","1388472587","DE","Germany","Berlin","Berlin"
"1388684329","1388684329","AT","Austria","Wien","Vienna"
"1388873600","1388873607","KZ","Kazakhstan","Ulytau oblysy","Kazakhstan"
"1388888708","1388888715","KZ","Kazakhstan","Aqmola oblysy","Kokshetau"
"1388898216","1388898227","KZ","Kazakhstan","Aqmola oblysy","Kokshetau"
"1389189376","1389189631","PS","Palestine, State of","Nablus","Nablus"
"1389387712","1389387719","RU","Russian Federation","Nizhegorodskaya oblast'","Kstovo"
"1389576192","1389592575","GB","United Kingdom of Great Britain and Northern Ireland","England","London"
"1390053552","1390053567","AT","Austria","Niederosterreich","Maria Enzersdorf"
"1390643200","1390643711","FR","France","Pays-de-la-Loire","Dreffeac"
"1391354880","1391355903","FR","France","Centre-Val de Loire","Montargis"
"1392543548","1392543555","PL","Poland","Mazowieckie","Warsaw"
"1392552280","1392552287","PL","Poland","Lodzkie","Sieradz"
"1392560440","1392560447","PL","Poland","Slaskie","Tychy"
"1392568256","1392568271","PL","Poland","Lodzkie","Piotrkow Trybunalski"
"1392707076","1392707123","PL","Poland","Mazowieckie","Warsaw"
"1392715144","1392715151","PL","Poland","Mazowieckie","Nieporet"
"1392722666","1392722667","PL","Poland","Lodzkie","Piotrkow Trybunalski"
"1392729264","1392729271","PL","Poland","Podkarpackie","Zagorz"
"1392736208","1392736227","PL","Poland","Lodzkie","Lodz"
"1392742960","1392742963","PL","Poland","Opolskie","Zawadzkie"
"1392750644","1392750647","PL","Poland","Kujawsko-Pomorskie","Ciechocinek"
"1392757888","1392757895","PL","Poland","Lubelskie","Rzeczyca"
"1392764552","1392764555","PL","Poland","Swietokrzyskie","Brzeziny"
"1392790528","1392790783","PL","Poland","Dolnoslaskie","Jaworzyna Slaska"
"1393149696","1393150719","PL","Poland","Mazowieckie","Warsaw"
"1393299048","1393299051","PL","Poland","Lodzkie","Piotrkow Trybunalski"
"1393305464","1393305471","PL","Poland","Opolskie","Sidzina"
"1393311824","1393311827","PL","Poland","Lubelskie","Pulawy"
"1393318256","1393318275","PL","Poland","Wielkopolskie","Poznan"
"1393325852","1393325855","PL","Poland","Mazowieckie","Plock"
"1393333116","1393333119","PL","Poland","Warminsko-Mazurskie","Maldyty"
"1393339640","1393339647","PL","Poland","Malopolskie","Wadowice"
"1393346996","1393347007","PL","Poland","Slaskie","Zory"
"1393353372","1393353375","PL","Poland","Warminsko-Mazurskie","Elblag"
"1393360524","1393360527","PL","Poland","Slaskie","Katowice"
"1393367872","1393367879","PL","Poland","Opolskie","Biala"
"1393374720","1393374735","PL","Poland","Zachodniopomorskie","Koszalin"
"1393382292","1393382295","PL","Poland","Slaskie","Ustron"
"1393389780","1393389783","PL","Poland","Pomorskie","Chojnice"
"1393396936","1393396939","PL","Poland","Wielkopolskie","Pila"
"1393404528","1393404531","PL","Poland","Warminsko-Mazurskie","Elblag"
"1393411328","1393411331","PL","Poland","Slaskie","Katowice"
"1393417984","1393417991","PL","Poland","Podkarpackie","Bojanow"
"1393425360","1393425367","PL","Poland","Mazowieckie","Siedlce"
"1393431936","1393431943","PL","Poland","Dolnoslaskie","Zlotoryja"
"1393438900","1393438903","PL","Poland","Lodzkie","Piotrkow Trybunalski"
"1393445488","1393445503","PL","Poland","Lodzkie","Pabianice"
"1393452564","1393452567","PL","Poland","Kujawsko-Pomorskie","Bydgoszcz"
"1393459400","1393459407","PL","Poland","Slaskie","Chorzow"
"1393466472","1393466475","PL","Poland","Slaskie","Zory"
"1393473040","1393473047","PL","Poland","Slaskie","Gora"
"1393479752","1393479755","PL","Poland","Slaskie","Zory"
"1393487176","1393487183","PL","Poland","Mazowieckie","Warsaw"
"1393494068","1393494071","PL","Poland","Slaskie","Pyskowice"
"1393500806","1393500807","PL","Poland","Lodzkie","Piotrkow Trybunalski"
"1393507944","1393507947","PL","Poland","Swietokrzyskie","Lopuszno"
"1393515412","1393515415","PL","Poland","Pomorskie","Gdynia"
"1393522616","1393522623","PL","Poland","Zachodniopomorskie","Swinoujscie"
"1393530532","1393530535","PL","Poland","Opolskie","Chrzastowice"
"1393537848","1393537851","PL","Poland","Warminsko-Mazurskie","Ostroda"
"1393546144","1393546175","PL","Poland","Lubuskie","Swidnica"
"1393553488","1393553491","PL","Poland","Mazowieckie","Warsaw"
"1393561572","1393561575","PL","Poland","Wielkopolskie","Koscian"
"1393568284","1393568299","PL","Poland","Mazowieckie","Warsaw"
"1393574852","1393574855","PL","Poland","Mazowieckie","Warsaw"
"1393582332","1393582351","PL","Poland","Slaskie","Katowice"
"1393588488","1393588491","PL","Poland","Malopolskie","Tarnow"
"1393595172","1393595175","PL","Poland","Slaskie","Ruda Slaska"
"1393601556","1393601559","PL","Poland","Mazowieckie","Warsaw"
"1393607848","1393607851","PL","Poland","Pomorskie","Sopot"
"1393614196","1393614199","PL","Poland","Wielkopolskie","Leszno"
"1393620536","1393620539","PL","Poland","Lodzkie","Sieradz"
"1393627144","1393627147","PL","Poland","Malopolskie","Lapczyca"
"1393633464","1393633467","PL","Poland","Dolnoslaskie","Prochowice"
"1393640252","1393640255","PL","Poland","Lodzkie","Piotrkow Trybunalski"
"1393648468","1393648471","PL","Poland","Dolnoslaskie","Legnica"
"1393654840","1393654843","PL","Poland","Malopolskie","Krakow"
"1393661376","1393661383","PL","Poland","Slaskie","Strumien"
"1393667996","1393668003","PL","Poland","Slaskie","Gora"
"1393674840","1393674843","PL","Poland","Slaskie","Rogow"
"1393681048","1393681055","PL","Poland","Malopolskie","Raciechowice"
"1393687632","1393687639","PL","Poland","Podkarpackie","Kolbuszowa"
"1393695592","1393695599","PL","Poland","Slaskie","Raciborz"
"1393702712","1393702715","PL","Poland","Slaskie","Herby"
"1393709672","1393709687","PL","Poland","Kujawsko-Pomorskie","Torun"
"1393717663","1393717663","PL","Poland","Lodzkie","Skierniewice"
"1393725184","1393725191","PL","Poland","Lodzkie","Piotrkow Trybunalski"
"1393732904","1393732911","PL","Poland","Lubelskie","Lubycza Krolewska"
"1393741836","1393741839","PL","Poland","Slaskie","Katowice"
"1393749752","1393749759","PL","Poland","Kujawsko-Pomorskie","Osielsko"
"1393758144","1393758151","PL","Poland","Mazowieckie","Milanowek"
"1393766440","1393766443","PL","Poland","Wielkopolskie","Tarnowo Podgorne"
"1393774560","1393774567","PL","Poland","Slaskie","Czestochowa"
"1393782904","1393782907","PL","Poland","Lodzkie","Piotrkow Trybunalski"
"1393793264","1393793267","PL","Poland","Lodzkie","Piotrkow Trybunalski"
"1393801808","1393801815","PL","Poland","Mazowieckie","Warsaw"
"1393810740","1393810743","PL","Poland","Lodzkie","Piotrkow Trybunalski"
"1393819488","1393819499","PL","Poland","Podkarpackie","Rzeszow"
"1394128640","1394128895","PL","Poland","Swietokrzyskie","Samborzec"
"1394438656","1394438911","PL","Poland","Lodzkie","Lodz"
"1394925056","1394925567","ES","Spain","Castilla-La Mancha","Tomelloso"
"1395646976","1395647487","ES","Spain","Catalunya","Barcelona"
"1396179968","1396180223","ES","Spain","Canarias","Santiago del Teide"
"1396707168","1396707171","AT","Austria","Oberosterreich","Gmunden"
"1396725416","1396725423","AT","Austria","Wien","Vienna"
"1396743368","1396743375","AT","Austria","Steiermark","Frohnleiten"
"1396762232","1396762239","AT","Austria","Tirol","Innsbruck"
"1396782992","1396783023","AT","Austria","Oberosterreich","Linz"
"1396806608","1396806655","AT","Austria","Vorarlberg","Dornbirn"
"1396823552","1396823567","AT","Austria","Steiermark","Graz"
"1397130368","1397130371","IE","Ireland","Louth","Drogheda"
"1397204104","1397204107","IE","Ireland","Westmeath","Athlone"
"1397223016","1397223019","IE","Ireland","Wexford","Wexford"
"1397540864","1397541119","CH","Switzerland","Luzern","Luzern"
"1397901568","1397901823","NL","Netherlands (Kingdom of the)","Limburg","Maastricht"
"1398307072","1398307199","DK","Denmark","Syddanmark","Tommerup"
"1398459256","1398459271","DK","Denmark","Midtjylland","Tranbjerg"
"1398548992","1398549247","DK","Denmark","Syddanmark","Haderslev"
"1398738976","1398738983","DK","Denmark","Syddanmark","Middelfart"
"1398940716","1398940719","GB","United Kingdom of Great Britain and Northern Ireland","England","Chester-le-Street"
"1399098220","1399098223","GB","United Kingdom of Great Britain and Northern Ireland","England","Beverley"
"1399224484","1399224495","FI","Finland","Etela-Pohjanmaa","Lapua"
"1399281920","1399282175","IT","Italy","Lazio","Rome"
"1399382272","1399382527","GB","United Kingdom of Great Britain and Northern Ireland","England","Exeter"
"1399765536","1399765567","AE","United Arab Emirates","'Ajman","'Ajman"
"1399940096","1399940351","FR","France","Occitanie","Tarbes"
"1400481280","1400481535","IR","Iran (Islamic Republic of)","Ilam","Mehran"
"1401312000","1401312255","BE","Belgium","Antwerpen","Mechelen"
"1401542656","1401542911","RU","Russian Federation","Moskva","Moscow"
"1401862400","1401863679","PL","Poland","Malopolskie","Krakow"
"1402062048","1402062127","FI","Finland","Uusimaa","Helsinki"
"1402229504","1402229759","BG","Bulgaria","Haskovo","Svilengrad"
"1402342259","1402342259","CH","Switzerland","Zurich","Zurich"
"1402349580","1402349580","CH","Switzerland","Zurich","Feldmeilen"
"1402470296","1402470303","GB","United Kingdom of Great Britain and Northern Ireland","England","Birmingham"
"1403467656","1403467657","FR","France","Ile-de-France","Paris"
"1403607008","1403607359","FR","France","Ile-de-France","Issy-les-Moulineaux"
"1403976192","1403976447","RU","Russian Federation","Bashkortostan, Respublika","Avdon"
"1405155328","1405155583","FR","France","Hauts-de-France","Lille"
"1405479936","1405480447","FR","France","Ile-de-France","Issy-les-Moulineaux"
"1405907456","1405907711","FR","France","Auvergne-Rhone-Alpes","Sallanches"
"1406014832","1406014839","FR","France","Auvergne-Rhone-Alpes","Saint-Vallier"
"1406030500","1406030911","FR","France","Auvergne-Rhone-Alpes","Lyon"
"1406052888","1406052895","FR","France","Auvergne-Rhone-Alpes","Lyon"
"1406074408","1406074411","FR","France","Hauts-de-France","Mory"
"1406371104","1406371111","IT","Italy","Veneto","Casier"
"1406620928","1406621695","AT","Austria","Salzburg","Salzburg"
"1406778706","1406778711","IT","Italy","Toscana","Castelfiorentino"
"1407091008","1407091015","CH","Switzerland","Fribourg","La Tour-de-Treme"
"1407456256","1407456511","BG","Bulgaria","Sofia (stolitsa)","Sofia"
"1407702744","1407702755","DE","Germany","Hessen","Frankfurt am Main"
"1407744664","1407744671","NL","Netherlands (Kingdom of the)","Gelderland","Horst"
"1407761184","1407761191","NL","Netherlands (Kingdom of the)","Noord-Brabant","Dongen"
"1407777128","1407777135","NL","Netherlands (Kingdom of the)","Gelderland","Arnhem"
"1407965184","1407965215","GR","Greece","Kentriki Makedonia","Thessaloniki"
"1408139600","1408139603","PL","Poland","Kujawsko-Pomorskie","Swiecie"
"1408283800","1408283807","PT","Portugal","Evora","Redondo"
"1408347820","1408347823","EE","Estonia","-","-"
"1408539520","1408539647","GB","United Kingdom of Great Britain and Northern Ireland","England","Sunbury-on-Thames"
"1409018368","1409019135","SE","Sweden","Stockholms lan","Stockholm"
"1409502208","1409502463","HU","Hungary","Csongrad-Csanad","Hodmezovasarhely"
"1410196736","1410196991","GB","United Kingdom of Great Britain and Northern Ireland","England","London"
"1410298880","1410299903","LT","Lithuania","Vilniaus apskritis","Vilnius"
"1410442204","1410442223","DE","Germany","Nordrhein-Westfalen","Gutersloh"
"1410541824","1410541831","GB","United Kingdom of Great Britain and Northern Ireland","England","Salford"
"1410595491","1410595499","GB","United Kingdom of Great Britain and Northern Ireland","England","Maidenhead"
"1410945536","1410946047","NL","Netherlands (Kingdom of the)","Noord-Brabant","Oosterhout"
"1411370752","1411371007","NL","Netherlands (Kingdom of the)","Noord-Holland","Amsterdam"
"1411858624","1411858687","DE","Germany","Bayern","Pavelsbach"
"1412182741","1412182741","TR","Turkiye","Istanbul","Maltepe"
"1412425728","1412426751","IR","Iran (Islamic Republic of)","Tehran","Tehran"
"1412924324","1412924327","FR","France","Centre-Val de Loire","Saint-Aignan"
"1412930040","1412930047","FR","France","Centre-Val de Loire","Saint-Aignan"
"1412936944","1412936951","FR","France","Occitanie","Narbonne"
"1413185280","1413185535","DE","Germany","Schleswig-Holstein","Wacken"
"1413533696","1413533951","GB","United Kingdom of Great Britain and Northern Ireland","England","Nethertown"
"1413838592","1413838847","GB","United Kingdom of Great Britain and Northern Ireland","England","Hanthorpe"
"1414268928","1414269183","ES","Spain","Valenciana, Comunidad","Valencia"
"1414723328","1414723583","NL","Netherlands (Kingdom of the)","Zuid-Holland","Rotterdam"
"1414992384","1414992639","NL","Netherlands (Kingdom of the)","Zuid-Holland","Benthuizen"
"1415587648","1415587663","FR","France","Ile-de-France","Boulogne-Billancourt"
"1415993856","1415994623","FR","France","Ile-de-France","Saint-Denis"
"1416830976","1416831999","AT","Austria","Wien","Vienna"
"1416923071","1416923072","DE","Germany","Hessen","Frankfurt am Main"
"1416925903","1416925912","DE","Germany","Hessen","Frankfurt am Main"
"1416949337","1416949337","IE","Ireland","Galway","Galway"
"1417141248","1417141759","DE","Germany","Hessen","Frankfurt am Main"
"1419362304","1419366399","DE","Germany","Rheinland-Pfalz","Idar-Oberstein"
"1422082048","1422084863","BE","Belgium","Limburg","Hasselt"
"1422356480","1422356503","BE","Belgium","Brussels Hoofdstedelijk Gewest","Brussels"
"1422483208","1422483407","DE","Germany","Nordrhein-Westfalen","Herford"
"1422673292","1422673331","RU","Russian Federation","Sankt-Peterburg","Saint Petersburg"
"1422714016","1422714111","RU","Russian Federation","Moskva","Moscow"
"1423230976","1423231231","NO","Norway","Oslo","Oslo"
"1423736576","1423736831","IT","Italy","Campania","Castellabate"
"1424227328","1424227583","CH","Switzerland","Schwyz","Ibach"
"1424597760","1424597855","IT","Italy","Lombardia","Milan"
"1424956416","1424956543","US","United States of America","Arkansas","Little Rock"
"1425230336","1425230591","RO","Romania","Teleorman","Rosiorii de Vede"
"1425755136","1425755391","FI","Finland","Uusimaa","Helsinki"
"1425863232","1425863239","GB","United Kingdom of Great Britain and Northern Ireland","England","Humber"
"1425911536","1425911543","IT","Italy","Veneto","Montegrotto Terme"
"1425957506","1425957506","CH","Switzerland","Bern","Zollikofen"
"1426128128","1426128383","CH","Switzerland","Ticino","Bellinzona"
"1426506240","1426506495","CH","Switzerland","Aargau","Baden"
"1426782101","1426782102","DE","Germany","Bayern","Nuremberg"
"1427009720","1427009727","PL","Poland","Slaskie","Katowice"
"1427255112","1427255119","IT","Italy","Piemonte","Torino"
"1427275180","1427275203","IT","Italy","Liguria","Genova"
"1427306560","1427306567","IT","Italy","Lombardia","Milan"
"1427361432","1427361551","NO","Norway","Oslo","Oslo"
"1427501616","1427501679","RU","Russian Federation","Moskva","Moscow"
"1427810960","1427810975","RU","Russian Federation","Kirovskaya oblast'","Kazan'"
"1428156928","1428157183","PL","Poland","Podlaskie","Bialystok"
"1428184848","1428184855","IT","Italy","Veneto","Schio"
"1428202176","1428202183","IT","Italy","Piemonte","Torino"
"1428214320","1428214327","IT","Italy","Lazio","Rome"
"1428235028","1428235031","IT","Italy","Veneto","Luca"
"1428250772","1428250779","IT","Italy","Lombardia","Milan"
"1428266456","1428266463","IT","Italy","Toscana","Rosignano Marittimo"
"1428282972","1428282975","IT","Italy","Sicilia","Belpasso"
"1428303852","1428303855","IT","Italy","Lombardia","Milan"
"1428319608","1428319615","IT","Italy","Veneto","Veneto"
"1428339808","1428339815","IT","Italy","Lombardia","Milan"
"1428365372","1428365375","IT","Italy","Lazio","Latina"
"1428380896","1428380903","IT","Italy","Piemonte","Torino"
"1428396088","1428396095","IT","Italy","Toscana","Lucca"
"1428413376","1428413383","IT","Italy","Toscana","Sesto Fiorentino"
"1428435936","1428435943","IT","Italy","Lombardia","Assago"
"1428450756","1428450759","IT","Italy","Trentino-Alto Adige","Merano"
"1428470864","1428470871","IT","Italy","Lombardia","Lecco"
"1428486288","1428486303","IT","Italy","Lazio","Rome"
"1428510784","1428510787","IT","Italy","Emilia-Romagna","Bologna"
"1428525344","1428525351","IT","Italy","Veneto","Quinto Vicentino"
"1428543504","1428543511","IT","Italy","Emilia-Romagna","Rimini"
"1428568624","1428568631","IT","Italy","Lombardia","San Donato Milanese"
"1428585296","1428585303","IT","Italy","Liguria","Rapallo"
"1428605816","1428605823","IT","Italy","Friuli-Venezia Giulia","Lignano Sabbiadoro"
"1428646872","1428646879","IT","Italy","Lombardia","Garbagnate Milanese"
"1428667184","1428667191","IT","Italy","Campania","Naples"
"1428682968","1428682975","IT","Italy","Lazio","Aprilia"
"1428708576","1428708603","IT","Italy","Lombardia","Milan"
"1428724008","1428724015","IT","Italy","Piemonte","Ivrea"
"1428737296","1428737303","IT","Italy","Friuli-Venezia Giulia","Codroipo"
"1428758632","1428758639","IT","Italy","Lombardia","Milan"
"1428776120","1428776127","IT","Italy","Lazio","Rome"
"1428798696","1428798711","IT","Italy","Campania","Trentola"
"1428815440","1428815455","IT","Italy","Calabria","Martino"
"1428840968","1428840971","IT","Italy","Lombardia","Milan"
"1428855516","1428855523","IT","Italy","Lombardia","Milan"
"1428871696","1428871719","IT","Italy","Lombardia","Vergiate"
"1428893304","1428893311","IT","Italy","Lombardia","Milan"
"1428909720","1428909727","IT","Italy","Emilia-Romagna","Riccione Marina"
"1428929224","1428929231","IT","Italy","Calabria","Filadelfia"
"1428960616","1428960623","IT","Italy","Toscana","Sansepolcro"
"1428979024","1428979039","IT","Italy","Piemonte","Predosa"
"1428999744","1428999751","IT","Italy","Sicilia","Acireale"
"1429023928","1429023935","IT","Italy","Abruzzo","Teramo"
"1429043760","1429043763","IT","Italy","Veneto","Mira"
"1429066376","1429066383","IT","Italy","Campania","Naples"
"1429077804","1429077807","IT","Italy","Emilia-Romagna","Reggio nell'Emilia"
"1429094872","1429094879","IT","Italy","Trentino-Alto Adige","Male"
"1429116240","1429116247","IT","Italy","Lazio","Anzio"
"1429136344","1429136351","IT","Italy","Lombardia","Milan"
"1429149160","1429149163","IT","Italy","Abruzzo","Alanno"
"1429168536","1429168543","IT","Italy","Emilia-Romagna","Riccione Marina"
"1429180216","1429180223","IT","Italy","Toscana","Impruneta"
"1429195272","1429195279","IT","Italy","Lazio","Rome"
"1429205128","1429205135","IT","Italy","Lazio","Frosinone"
"1429499904","1429500415","ES","Spain","Galicia","O Carballino"
"1430009600","1430009855","ES","Spain","Castilla y Leon","Zamora"
"1430450176","1430450431","HU","Hungary","Budapest","Budapest"
"1430750208","1430750463","CZ","Czechia","Moravskoslezsky kraj","Vrbno pod Pradedem"
"1431413760","1431414783","DK","Denmark","Hovedstaden","Copenhagen"
"1431963792","1431963799","CH","Switzerland","Fribourg","Bulle"
"1432189892","1432189903","CZ","Czechia","Jihomoravsky kraj","Brno"
"1432504832","1432505087","TR","Turkiye","Ankara","Ankara"
"1432896768","1432897023","TR","Turkiye","Balikesir","Burhaniye"
"1433337880","1433337887","TR","Turkiye","Izmir","Izmir"
"1433603192","1433603199","DE","Germany","Baden-Wurttemberg","Karlsruhe"
"1433996800","1433997311","RO","Romania","Mures","Craiesti"
"1434219160","1434219287","AT","Austria","Wien","Vienna"
"1434243464","1434243471","AT","Austria","Salzburg","Salzburg"
"1434264584","1434264591","AT","Austria","Wien","Vienna"
"1434283760","1434283775","AT","Austria","Salzburg","Koppl"
"1434307280","1434307287","AT","Austria","Oberosterreich","Linz"
"1434328072","1434328087","AT","Austria","Wien","Vienna"
"1434349456","1434349463","AT","Austria","Oberosterreich","Attnang-Puchheim"
"1434369928","1434369931","AT","Austria","Wien","Vienna"
"1434454608","1434454615","PL","Poland","Lodzkie","Lodz"
"1434473172","1434473175","PL","Poland","Mazowieckie","Warsaw"
"1434662004","1434662007","FI","Finland","Kanta-Hame","Vantaa"
"1435411712","1435414783","RU","Russian Federation","Sankt-Peterburg","Saint Petersburg"
"1435690827","1435690827","NL","Netherlands (Kingdom of the)","Noord-Brabant","Eindhoven"
"1436161280","1436163583","OM","Oman","Masqat","Muscat"
"1436750080","1436750335","CZ","Czechia","Praha, Hlavni mesto","Prague"
"1437156864","1437156895","FR","France","Provence-Alpes-Cote-d'Azur","Ollioules"
"1438033008","1438033015","DE","Germany","Berlin","Berlin"
"1438214528","1438214559","IR","Iran (Islamic Republic of)","Mazandaran","Babol"
"1438336000","1438338815","BG","Bulgaria","Plovdiv","Plovdiv"
"1438358095","1438358095","US","United States of America","Michigan","Ann Arbor"
"1438682156","1438682167","RU","Russian Federation","Sankt-Peterburg","Saint Petersburg"
"1438994720","1438994751","DE","Germany","Thuringen","Roth"
"1439232324","1439232327","NO","Norway","Vestland","Sandsli"
"1439632504","1439632511","CZ","Czechia","Liberecky kraj","Liberec"
"1440279296","1440279551","SK","Slovakia","Bratislavsky kraj","Nove Mesto"
"1440524896","1440524903","DE","Germany","Bayern","Weilheim"
"1440619520","1440620799","PL","Poland","Slaskie","Katowice"
"1440843008","1440843263","SE","Sweden","Dalarnas lan","Ekfannsberget"
"1441344512","1441344767","DE","Germany","Bayern","Munich"
"1441627392","1441627648","US","United States of America","Georgia","Atlanta"
"1441885184","1441885439","PT","Portugal","Regiao Autonoma dos Acores","Ponta Delgada"
"1442320200","1442320207","SK","Slovakia","Nitriansky kraj","Topolcany"
"1442706432","1442706687","EE","Estonia","Harjumaa","Lagedi"
"1443141632","1443141887","GB","United Kingdom of Great Britain and Northern Ireland","England","Poulton le Fylde"
"1443485440","1443485695","GB","United Kingdom of Great Britain and Northern Ireland","England","Sunbury-on-Thames"
"1443737344","1443737599","GB","United Kingdom of Great Britain and Northern Ireland","England","Uxbridge"
"1444108032","1444108287","GB","United Kingdom of Great Britain and Northern Ireland","England","Wakefield"
"1444564480","1444564735","GB","United Kingdom of Great Britain and Northern Ireland","England","Walton le Dale"
"1444692612","1444692614","GB","United Kingdom of Great Britain and Northern Ireland","England","London"
"1445028352","1445029631","HR","Croatia","Grad Zagreb","Zagreb"
"1445680044","1445680047","IE","Ireland","Monaghan","Monaghan"
"1445953536","1445953539","IE","Ireland","Roscommon","Roscommon"
"1445976120","1445976127","IE","Ireland","Cork","Cork"
"1446349152","1446349319","GB","United Kingdom of Great Britain and Northern Ireland","England","London"
"1446407232","1446407263","GB","United Kingdom of Great Britain and Northern Ireland","England","Brighton"
"1446438384","1446438391","GB","United Kingdom of Great Britain and Northern Ireland","England","Colchester"
"1446606336","1446606847","IR","Iran (Islamic Republic of)","Alborz","Karaj"
"1446818304","1446818559","FI","Finland","Varsinais-Suomi","Turku"
"1447050176","1447050191","FR","France","Ile-de-France","Paris"
"1447137664","1447137671","FR","France","Ile-de-France","Villetaneuse"
"1447176448","1447176703","FR","France","Ile-de-France","Paris"
"1447746304","1447746559","FR","France","Auvergne-Rhone-Alpes","Brioude"
"1448266240","1448266495","NL","Netherlands (Kingdom of the)","Gelderland","Borculo"
"1448558848","1448559103","NL","Netherlands (Kingdom of the)","Gelderland","Apeldoorn"
"1448926720","1448926975","NL","Netherlands (Kingdom of the)","Zuid-Holland","Rijswijk"
"1449345280","1449346047","AE","United Arab Emirates","Ash Shariqah","Sharjah"
"1449584896","1449585151","RU","Russian Federation","Primorskiy kray","Vozdvizhenka"
"1449822658","1449822671","GB","United Kingdom of Great Britain and Northern Ireland","England","Manchester"
"1450127360","1450127871","NO","Norway","Oslo","Oslo"
"1450362624","1450362879","FI","Finland","Varsinais-Suomi","Uusikaupunki"
"1450859008","1450859263","RO","Romania","Cluj","Tauti"
"1451110144","1451110399","RO","Romania","Dolj","Secu"
"1451386624","1451386879","GB","United Kingdom of Great Britain and Northern Ireland","England","London"
"1451655936","1451656191","GB","United Kingdom of Great Britain and Northern Ireland","England","Bromley"
"1451928576","1451928831","GB","United Kingdom of Great Britain and Northern Ireland","England","Manchester"
"1452194816","1452195071","GB","United Kingdom of Great Britain and Northern Ireland","England","Scaleby"
"1452464128","1452464383","GB","United Kingdom of Great Britain and Northern Ireland","England","Bodmin"
"1452730624","1452730879","GB","United Kingdom of Great Britain and Northern Ireland","England","Warrington"
"1453001472","1453001983","GB","United Kingdom of Great Britain and Northern Ireland","England","Manchester"
"1453268736","1453268991","GB","United Kingdom of Great Britain and Northern Ireland","England","Manchester"
"1453538304","1453538559","GB","United Kingdom of Great Britain and Northern Ireland","Scotland","Carluke"
"1453805312","1453805567","GB","United Kingdom of Great Britain and Northern Ireland","England","Brent"
"1454070528","1454070783","GB","United Kingdom of Great Britain and Northern Ireland","Scotland","Edinburgh"
"1454338048","1454338303","GB","United Kingdom of Great Britain and Northern Ireland","England","Abingdon"
"1454607872","1454608383","GB","United Kingdom of Great Britain and Northern Ireland","England","London"
"1454876928","1454877183","GB","United Kingdom of Great Britain and Northern Ireland","England","Seacroft"
"1455195360","1455195383","GB","United Kingdom of Great Britain and Northern Ireland","England","London"
"1455217072","1455217087","GB","United Kingdom of Great Britain and Northern Ireland","England","Bristol"
"1455408640","1455408895","GB","United Kingdom of Great Britain and Northern Ireland","England","Seacroft"
"1455738112","1455738367","FR","France","Centre-Val de Loire","Villandry"
"1456190208","1456190463","FR","France","Auvergne-Rhone-Alpes","Annemasse"
"1456508416","1456508671","FR","France","Hauts-de-France","Marle"
"1456829952","1456830207","FR","France","Nouvelle-Aquitaine","Saint-Cyprien"
"1457137920","1457138175","FR","France","Ile-de-France","Chatenay-sur-Seine"
"1457468416","1457468671","FR","France","Bretagne","Clohars-Carnoet"
"1458122496","1458122751","FR","France","Nouvelle-Aquitaine","Nieulle-sur-Seudre"
"1458444544","1458444799","FR","France","Ile-de-France","Saint-Arnoult-en-Yvelines"
"1458855680","1458855935","FR","France","Centre-Val de Loire","Azay-le-Ferron"
"1459227392","1459227647","FR","France","Occitanie","Tarbes"
"1459676160","1459676415","IT","Italy","Piemonte","Torino"
"1459993600","1459993855","IT","Italy","Liguria","Castelnuovo Magra"
"1460314624","1460314879","IT","Italy","Lombardia","Voghera"
"1460634368","1460634623","IT","Italy","Lombardia","Milan"
"1460957696","1460957951","IT","Italy","Calabria","Rende"
"1461629184","1461631487","IT","Italy","Lombardia","Milan"
"1462802204","1462802207","DK","Denmark","Midtjylland","Tranbjerg"
"1463052136","1463052175","DK","Denmark","Midtjylland","Tranbjerg"
"1463169900","1463169919","DK","Denmark","Midtjylland","Tranbjerg"
"1463604736","1463605247","DK","Denmark","Hovedstaden","Copenhagen"
"1463771232","1463771239","DK","Denmark","Midtjylland","Tranbjerg"
"1464084992","1464085247","IL","Israel","Yerushalayim","Jerusalem"
"1464631296","1464631551","BG","Bulgaria","Sofia (stolitsa)","Sofia"
"1465455104","1465455359","FR","France","Centre-Val de Loire","Saint-Florent-sur-Cher"
"1465797368","1465797375","FI","Finland","Pirkanmaa","Tampere"
"1466236928","1466237439","PT","Portugal","Lisboa","Lisbon"
"1466492320","1466492375","DK","Denmark","Hovedstaden","Taastrup"
"1467188736","1467188991","GB","United Kingdom of Great Britain and Northern Ireland","England","Cambridge"
"1467404816","1467404831","RU","Russian Federation","Moskva","Moscow"
"1467441305","1467441305","DE","Germany","Hessen","Frankfurt am Main"
"1467510824","1467510825","FR","France","Ile-de-France","Paris"
"1467703296","1467704575","DE","Germany","Hamburg","Hamburg"
"1468049360","1468049375","DE","Germany","Nordrhein-Westfalen","Gutersloh"
"1468075336","1468075343","DE","Germany","Nordrhein-Westfalen","Bonn"
"1468083880","1468083887","DE","Germany","Sachsen","Grimma"
"1468088821","1468088821","DE","Germany","Baden-Wurttemberg","Bingen"
"1468089887","1468089887","DE","Germany","Schleswig-Holstein","Neustadt in Holstein"
"1468090966","1468090966","DE","Germany","Bayern","Vilsbiburg"
"1468092050","1468092050","DE","Germany","Nordrhein-Westfalen","Bochum"
"1468093126","1468093126","DE","Germany","Berlin","Berlin"
"1468094210","1468094210","DE","Germany","Sachsen","Dresden"
"1468095353","1468095353","DE","Germany","Bayern","Munich"
"1468097509","1468097509","DE","Germany","Niedersachsen","Lingen"
"1468098624","1468098625","DE","Germany","Mecklenburg-Vorpommern","Rostock"
"1468099711","1468099711","DE","Germany","Nordrhein-Westfalen","Essen"
"1468100799","1468100799","DE","Germany","Berlin","Berlin"
"1468101904","1468101904","DE","Germany","Baden-Wurttemberg","Heidelberg"
"1468102998","1468102998","DE","Germany","Baden-Wurttemberg","Stuttgart"
"1468104062","1468104062","DE","Germany","Hessen","Wiesbaden"
"1468108072","1468108079","DE","Germany","Rheinland-Pfalz","Neuwied"
"1468116352","1468116359","DE","Germany","Brandenburg","Senftenberg"
"1468124528","1468124543","DE","Germany","Berlin","Berlin"
"1468133080","1468133087","DE","Germany","Brandenburg","Trebus"
"1468141560","1468141567","DE","Germany","Berlin","Berlin"
"1468150040","1468150047","DE","Germany","Baden-Wurttemberg","Mannheim"
"1468158416","1468158423","DE","Germany","Sachsen-Anhalt","Biesenthal"
"1468166696","1468166703","DE","Germany","Sachsen-Anhalt","Quedlinburg"
"1468420864","1468421119","DE","Germany","Sachsen-Anhalt","Worlitz"
"1469980672","1469984767","DE","Germany","Sachsen","Bischofswerda"
"1471856155","1471856155","DE","Germany","Berlin","Berlin"
"1472074400","1472074415","DE","Germany","Bremen","Bremen"
"1472085520","1472085527","DE","Germany","Baden-Wurttemberg","Annaberg"
"1472143432","1472143439","DE","Germany","Nordrhein-Westfalen","Velbert"
"1472412160","1472412671","NL","Netherlands (Kingdom of the)","Flevoland","Dronten"
"1472541336","1472541343","SK","Slovakia","Nitriansky kraj","Kolarovo"
"1472973478","1472973478","GR","Greece","Attiki","Athens"
"1473036924","1473036927","PL","Poland","Wielkopolskie","Poznan"
"1473380608","1473380863","NL","Netherlands (Kingdom of the)","Limburg","Venlo"
"1473920000","1473920511","ES","Spain","Galicia","Pontevedra"
"1474370816","1474370887","RU","Russian Federation","Khabarovskiy kray","Khabarovsk"
"1474856448","1474856703","GB","United Kingdom of Great Britain and Northern Ireland","England","London"
"1475333206","1475333206","CH","Switzerland","Zurich","Zurich"
"1475418468","1475418471","IT","Italy","Lazio","Rome"
"1475683584","1475683839","DE","Germany","Niedersachsen","Strucklingen"
"1475866088","1475866095","IT","Italy","Campania","Naples"
"1476233730","1476233984","NL","Netherlands (Kingdom of the)","Zuid-Holland","Leiden"
"1476808704","1476809727","ES","Spain","Aragon","Zaragoza"
"1477486336","1477486591","ES","Spain","Galicia","Ourense"
"1478235904","1478236159","ES","Spain","Andalucia","Granada"
"1478501768","1478501775","IT","Italy","Lombardia","Cremona"
"1478520144","1478520151","IT","Italy","Lazio","Martelli"
"1478545248","1478545255","IT","Italy","Friuli-Venezia Giulia","Tavagnacco"
"1478566744","1478566751","IT","Italy","Emilia-Romagna","Formigine"
"1478584100","1478584103","IT","Italy","Toscana","Florence"
"1478604688","1478604695","IT","Italy","Campania","Massa di Somma"
"1478632904","1478632907","IT","Italy","Piemonte","Alessandria"
"1478653480","1478653487","IT","Italy","Lazio","Rome"
"1478670640","1478670671","IT","Italy","Lombardia","Milan"
"1478682140","1478682143","IT","Italy","Lombardia","Castel Goffredo"
"1478702488","1478702495","IT","Italy","Trentino-Alto Adige","Marco"
"1478722864","1478722871","IT","Italy","Toscana","Montemurlo"
"1478738320","1478738327","IT","Italy","Lombardia","Milan"
"1478750384","1478750391","IT","Italy","Lombardia","Fontanella"
"1478777984","1478777987","IT","Italy","Lombardia","Milan"
"1478802784","1478802787","IT","Italy","Veneto","Vicenza"
"1478818336","1478818343","IT","Italy","Veneto","Sedico"
"1478839800","1478839807","IT","Italy","Lombardia","Melzo"
"1478858952","1478858955","IT","Italy","Lombardia","Milan"
"1478872924","1478872927","IT","Italy","Lombardia","Milan"
"1478899264","1478899279","IT","Italy","Lazio","Rome"
"1478915352","1478915359","IT","Italy","Toscana","Florence"
"1478943328","1478943335","IT","Italy","Emilia-Romagna","Piacenza"
"1478962408","1478962411","IT","Italy","Toscana","Bucine"
"1478986368","1478986375","IT","Italy","Lombardia","Milan"
"1479000840","1479000847","IT","Italy","Puglia","Foggia"
"1479034440","1479034447","IT","Italy","Sardegna","Cagliari"
"1479057568","1479057599","IT","Italy","Trentino-Alto Adige","Marche"
"1479070796","1479070799","IT","Italy","Lombardia","Milan"
"1479081656","1479081659","IT","Italy","Emilia-Romagna","Castelnuovo Rangone"
"1479110968","1479110975","IT","Italy","Lazio","Rome"
"1479121484","1479121491","IT","Italy","Lombardia","Milan"
"1479140016","1479140027","IT","Italy","Sardegna","Cagliari"
"1479170752","1479170759","IT","Italy","Lombardia","Milan"
"1479191768","1479191771","IT","Italy","Trentino-Alto Adige","Trento"
"1479204784","1479204791","IT","Italy","Veneto","Venice"
"1479234256","1479234263","IT","Italy","Lombardia","Milan"
"1479250152","1479250159","IT","Italy","Lombardia","Milan"
"1479298080","1479298087","IT","Italy","Lombardia","Milan"
"1479314096","1479314103","IT","Italy","Umbria","Perugia"
"1479324576","1479324583","IT","Italy","Sardegna","Oristano"
"1479336808","1479336815","IT","Italy","Emilia-Romagna","Pianoro"
"1479368992","1479369007","IT","Italy","Lombardia","Milan"
"1479381480","1479381495","IT","Italy","Puglia","Casamassima"
"1479408008","1479408015","IT","Italy","Lazio","Rome"
"1479431712","1479431719","IT","Italy","Calabria","Martino"
"1479444960","1479444963","IT","Italy","Trentino-Alto Adige","Levico Terme"
"1479474032","1479474047","IT","Italy","Trentino-Alto Adige","Sciaves"
"1479518808","1479518811","IT","Italy","Basilicata","Bella"
"1479594304","1479594319","IT","Italy","Lombardia","Milan"
"1479611020","1479611023","IT","Italy","Toscana","Sansepolcro"
"1479621852","1479621855","IT","Italy","Lombardia","Milan"
"1479638552","1479638559","IT","Italy","Lazio","Rome"
"1479649648","1479649655","IT","Italy","Puglia","Torremaggiore"
"1479660784","1479660791","IT","Italy","Campania","Somma Vesuviana"
"1479684864","1479684903","IT","Italy","Lazio","Rome"
"1479715416","1479715423","IT","Italy","Liguria","Bolano"
"1479729128","1479729143","IT","Italy","Lombardia","Milan"
"1479757680","1479757687","IT","Italy","Veneto","Rubano"
"1479771032","1479771039","IT","Italy","Friuli-Venezia Giulia","Trieste"
"1479792064","1479792067","IT","Italy","Veneto","Mozzecane"
"1479833400","1479833407","IT","Italy","Veneto","Padova"
"1479857304","1479857307","IT","Italy","Marche","Ancona"
"1479867088","1479867095","IT","Italy","Abruzzo","Castelli"
"1479896640","1479896647","IT","Italy","Campania","Altavilla Irpina"
"1479917296","1479917303","IT","Italy","Sicilia","Catania"
"1479934896","1479934911","IT","Italy","Lombardia","Roncello"
"1479963952","1479963959","IT","Italy","Lombardia","Busto Arsizio"
"1479976256","1479976295","IT","Italy","Lombardia","Milan"
"1479989096","1479989103","IT","Italy","Lombardia","Mesero"
"1480019504","1480019511","IT","Italy","Friuli-Venezia Giulia","Udine"
"1480032064","1480032095","IT","Italy","Veneto","Salzano"
"1480056224","1480056231","IT","Italy","Piemonte","Torino"
"1480083064","1480083071","IT","Italy","Liguria","Genova"
"1480097376","1480097383","IT","Italy","Lazio","Latina"
"1480121872","1480121887","IT","Italy","Lombardia","Milan"
"1480135136","1480135143","IT","Italy","Toscana","Florence"
"1480155296","1480155303","IT","Italy","Campania","Saviano"
"1480179360","1480179367","IT","Italy","Campania","Naples"
"1480218448","1480218455","IT","Italy","Lazio","Rome"
"1480243739","1480243741","IT","Italy","Emilia-Romagna","Cesena"
"1480253792","1480253799","IT","Italy","Marche","Jesi"
"1480267064","1480267071","IT","Italy","Toscana","Florence"
"1480286816","1480286819","IT","Italy","Calabria","Crotone"
"1480301296","1480301303","IT","Italy","Lombardia","Milan"
"1480324704","1480324707","IT","Italy","Puglia","Foggia"
"1480367912","1480367919","IT","Italy","Calabria","Mauro"
"1480395136","1480395143","IT","Italy","Emilia-Romagna","Bologna"
"1480415800","1480415807","IT","Italy","Veneto","Luca"
"1480424554","1480424554","IT","Italy","Emilia-Romagna","Bologna"
"1480437248","1480437255","IT","Italy","Lombardia","Milan"
"1480460864","1480460871","IT","Italy","Campania","Ponte"
"1480480240","1480480247","IT","Italy","Emilia-Romagna","San Giovanni in Persiceto"
"1480504960","1480504967","IT","Italy","Emilia-Romagna","Reno"
"1480531852","1480531855","IT","Italy","Abruzzo","Colonnella"
"1480547216","1480547223","IT","Italy","Lazio","Rome"
"1480560800","1480560807","IT","Italy","Lombardia","Milan"
"1480574024","1480574031","IT","Italy","Toscana","Carrara"
"1480602368","1480602623","DE","Germany","Sachsen-Anhalt","Halle (Saale)"
"1480950272","1480950783","DE","Germany","Hessen","Schluchtern"
"1481323776","1481324543","DE","Germany","Hessen","Eschborn"
"1481594016","1481594111","DE","Germany","Thuringen","Sulzbach"
"1481618872","1481618879","DE","Germany","Thuringen","Sulzbach"
"1481787448","1481787455","RU","Russian Federation","Moskva","Moscow"
"1482126560","1482126571","IT","Italy","Piemonte","Torino"
"1482387456","1482387711","NO","Norway","Viken","Skui"
"1482822400","1482822400","GB","United Kingdom of Great Britain and Northern Ireland","England","London"
"1482988288","1482988543","CZ","Czechia","Stredocesky kraj","Podebrady"
"1483997908","1483997911","AT","Austria","Tirol","Innsbruck"
"1484005776","1484005783","AT","Austria","Salzburg","Saalfelden am Steinernen Meer"
"1484012296","1484012299","AT","Austria","Steiermark","Gratwein"
"1484020128","1484020131","AT","Austria","Karnten","Moosburg"
"1484028168","1484028171","AT","Austria","Vorarlberg","Bregenz"
"1484033300","1484033303","AT","Austria","Niederosterreich","Schwarzau im Gebirge"
"1484041832","1484041835","AT","Austria","Steiermark","Sinabelkirchen"
"1484049696","1484049707","AT","Austria","Wien","Vienna"
"1484092160","1484092415","AT","Austria","Steiermark","Halbenrain"
"1485100032","1485100287","HU","Hungary","Budapest","Budapest"
"1486014224","1486014247","CZ","Czechia","Praha, Hlavni mesto","Prague"
"1486194432","1486194439","IT","Italy","Campania","Caserta"
"1486229248","1486254079","DE","Germany","Sachsen-Anhalt","Magdeburg"
"1486353688","1486353695","BE","Belgium","Oost-Vlaanderen","Gent"
"1486741096","1486741115","PT","Portugal","Lisboa","Lisbon"
"1487025664","1487025919","FR","France","Provence-Alpes-Cote-d'Azur","Salernes"
"1487317760","1487318015","FR","France","Occitanie","Saint-Quentin-la-Poterie"
"1487595008","1487595263","FR","France","Occitanie","Belesta"
"1487866368","1487866623","FR","France","Occitanie","Lisle-sur-Tarn"
"1488159488","1488159743","FR","France","Nouvelle-Aquitaine","Poitiers"
"1488457216","1488457471","FR","France","Bourgogne-Franche-Comte","Orchamps-Vennes"
"1488745472","1488745727","FR","France","Bourgogne-Franche-Comte","Lons-le-Saunier"
"1489389760","1489389775","DE","Germany","Bayern","Nuremberg"
"1489415296","1489415303","DE","Germany","Bayern","Gunzenhausen"
"1489435329","1489435330","DE","Germany","Bayern","Nuremberg"
"1489638400","1489639935","FR","France","Ile-de-France","Paris"
"1489807672","1489807679","KZ","Kazakhstan","Ulytau oblysy","Kazakhstan"
"1489818524","1489818527","KZ","Kazakhstan","Qaraghandy oblysy","Saran"
"1489829048","1489829059","KZ","Kazakhstan","Ulytau oblysy","Kazakhstan"
"1490144275","1490144278","GB","United Kingdom of Great Britain and Northern Ireland","England","London"
"1490470288","1490470290","CA","Canada","Quebec","Montreal"
"1490568639","1490568642","LT","Lithuania","Vilniaus apskritis","Vilnius"
"1490825328","1490825455","PL","Poland","Mazowieckie","Warsaw"
"1491391232","1491391487","TR","Turkiye","Aksaray","Eskil"
"1491778304","1491778559","TR","Turkiye","Samsun","Samsun"
"1492221952","1492222207","TR","Turkiye","Hatay","Antioch"
"1492634368","1492634623","TR","Turkiye","Ankara","Ankara"
"1493051136","1493051391","TR","Turkiye","Ankara","Ankara"
"1493138736","1493138743","TR","Turkiye","Ankara","Ankara"
"1493171556","1493171559","TR","Turkiye","Gaziantep","Gaziantep"
"1493614848","1493615103","ES","Spain","Castilla-La Mancha","Sesena"
"1493961984","1493962239","DE","Germany","Thuringen","Erfurt"
"1494293760","1494294015","HR","Croatia","Sisacko-moslavacka zupanija","Sisak"
"1494573376","1494573411","DE","Germany","Saarland","Saarlouis"
"1494860480","1494860487","PL","Poland","Slaskie","Chorzow"
"1495142752","1495142911","BE","Belgium","Brussels Hoofdstedelijk Gewest","Brussels"
"1495292196","1495292197","GB","United Kingdom of Great Britain and Northern Ireland","England","Marylebone"
"1495529728","1495529983","PT","Portugal","Lisboa","Lisbon"
"1495821824","1495822335","IR","Iran (Islamic Republic of)","Tehran","Tehran"
"1496122624","1496122879","US","United States of America","New York","New York City"
"1496978816","1496985087","DE","Germany","Baden-Wurttemberg","Karlsruhe"
"1497746432","1497746687","PL","Poland","Slaskie","Wilkowice"
"1498389504","1498390527","PL","Poland","Dolnoslaskie","Wroclaw"
"1498782208","1498782463","FR","France","Pays-de-la-Loire","Nantes"
"1499202816","1499203071","FR","France","Ile-de-France","Meudon"
"1499496576","1499496579","IT","Italy","Lazio","Rome"
"1499506424","1499506427","IT","Italy","Piemonte","Chieri"
"1499516176","1499516179","IT","Italy","Piemonte","Borgomanero"
"1499526656","1499526719","IT","Italy","Lombardia","Milan"
"1499574072","1499574079","IT","Italy","Calabria","Cosenza"
"1499583520","1499583527","IT","Italy","Toscana","Lucca"
"1499591892","1499591895","IT","Italy","Lombardia","Milan"
"1499825384","1499825391","IE","Ireland","Meath","Dunboyne"
"1500178696","1500178699","KZ","Kazakhstan","Qaraghandy oblysy","Aktau"
"1500673792","1500674047","PT","Portugal","Porto","Amarante"
"1500916325","1500916325","IT","Italy","Calabria","Anna"
"1501029052","1501029135","IT","Italy","Lazio","Rome"
"1501717248","1501717503","ES","Spain","Madrid, Comunidad de","Madrid"
"1502180864","1502181119","RO","Romania","Cluj","Tauti"
"1502615099","1502617599","DE","Germany","Bayern","Soden"
"1502970593","1502970593","US","United States of America","New York","New York City"
"1502972517","1502972518","SG","Singapore","Singapore","Singapore"
"1502974422","1502974424","DE","Germany","Rheinland-Pfalz","Isenburg"
"1502982551","1502982552","DE","Germany","Rheinland-Pfalz","Isenburg"
"1502984331","1502984332","DE","Germany","Rheinland-Pfalz","Isenburg"
"1503002624","1503003135","GE","Georgia","Tbilisi","Tbilisi"
"1503805696","1503805951","NO","Norway","Nordland","Narvik"
"1504150528","1504150783","CZ","Czechia","Praha, Hlavni mesto","Prague"
"1504390396","1504390399","PL","Poland","Lubelskie","Lublin"
"1504403396","1504403399","PL","Poland","Mazowieckie","Warsaw"
"1504426792","1504426799","PL","Poland","Pomorskie","Gdynia"
"1504641136","1504641523","RU","Russian Federation","Moskva","Moscow"
"1505268224","1505268479","DK","Denmark","Syddanmark","Sherrebek"
"1505637376","1505637631","CZ","Czechia","Kraj Vysocina","Zd'ar nad Sazavou"
"1505745344","1505745351","GB","United Kingdom of Great Britain and Northern Ireland","England","London"
"1506087632","1506087639","GB","United Kingdom of Great Britain and Northern Ireland","England","Sherborne"
"1506095590","1506095591","GB","United Kingdom of Great Britain and Northern Ireland","England","Carlisle"
"1506103872","1506103887","GB","United Kingdom of Great Britain and Northern Ireland","England","Shoreham-by-Sea"
"1506111476","1506111479","GB","United Kingdom of Great Britain and Northern Ireland","England","Witney"
"1506120328","1506120331","GB","United Kingdom of Great Britain and Northern Ireland","England","London"
"1506129574","1506129575","GB","United Kingdom of Great Britain and Northern Ireland","England","Weybridge"
"1506137880","1506137919","GB","United Kingdom of Great Britain and Northern Ireland","England","Old Street"
"1506145464","1506145467","GB","United Kingdom of Great Britain and Northern Ireland","England","Pinner"
"1506386744","1506386751","HR","Croatia","Primorsko-goranska zupanija","Rijeka"
"1506720488","1506720495","GB","United Kingdom of Great Britain and Northern Ireland","England","London"
"1507018240","1507018495","QA","Qatar","Az Za'ayin","Az Za'ayin"
"1507306032","1507306239","BG","Bulgaria","Sofia (stolitsa)","Sofia"
"1507471388","1507471391","KZ","Kazakhstan","Pavlodar oblysy","Ekibastuz"
"1507485912","1507485915","KZ","Kazakhstan","Qaraghandy oblysy","Karagandy"
"1507497140","1507497151","KZ","Kazakhstan","Atyrau oblysy","Shkola"
"1507508740","1507508743","KZ","Kazakhstan","Aqtobe oblysy","Kandyagash"
"1507520032","1507520055","KZ","Kazakhstan","Ulytau oblysy","Kazakhstan"
"1507707936","1507707936","RU","Russian Federation","Moskva","Moscow"
"1508104816","1508104847","FR","France","Ile-de-France","Saint-Denis"
"1508318304","1508318319","PL","Poland","Mazowieckie","Ostrow Mazowiecka"
"1508788224","1508788239","DE","Germany","Baden-Wurttemberg","Stuttgart"
"1508911616","1508911871","GB","United Kingdom of Great Britain and Northern Ireland","England","Norwich"
"1509262288","1509262295","DE","Germany","Bayern","Passau"
"1509432832","1509433343","GB","United Kingdom of Great Britain and Northern Ireland","England","London"
"1509783552","1509783679","SE","Sweden","Stockholms lan","Kallhall"
"1510287872","1510288127","FR","France","Provence-Alpes-Cote-d'Azur","Roquefort-les-Pins"
"1510699520","1510699775","FR","France","Occitanie","Mercues"
"1511113984","1511114239","FR","France","Pays-de-la-Loire","Doue-la-Fontaine"
"1511471616","1511471871","FR","France","Normandie","Preaux"
"1511797248","1511797503","FR","France","Normandie","Agon-Coutainville"
"1512252672","1512252927","FR","France","Centre-Val de Loire","Verneuil-sur-Indre"
"1512628992","1512629247","FR","France","Bretagne","Pleubian"
"1513161216","1513161471","FR","France","Ile-de-France","Issy-les-Moulineaux"
"1513474816","1513475071","FR","France","Auvergne-Rhone-Alpes","Lyon"
"1513895168","1513895423","FR","France","Ile-de-France","Chalo-Saint-Mars"
"1514234368","1514234623","FR","France","Auvergne-Rhone-Alpes","Reventin-Vaugris"
"1514747904","1514748159","FR","France","Provence-Alpes-Cote-d'Azur","Port-de-Bouc"
"1515149056","1515149567","FR","France","Ile-de-France","Paris"
"1515205032","1515205039","FR","France","Ile-de-France","Paris"
"1515218632","1515218639","FR","France","Bourgogne-Franche-Comte","Maiche"
"1515238400","1515238407","FR","France","Bourgogne-Franche-Comte","Frasne"
"1515253904","1515253904","FR","France","Auvergne-Rhone-Alpes","Lyon"
"1515341451","1515341451","FR","France","Provence-Alpes-Cote-d'Azur","Nice"
"1515380528","1515380535","FR","France","Nouvelle-Aquitaine","Dolus-d'Oleron"
"1515389232","1515389239","FR","France","Nouvelle-Aquitaine","Anglet"
"1515396856","1515396863","FR","France","Nouvelle-Aquitaine","Bourg"
"1515410888","1515410895","FR","France","Occitanie","La Tour-du-Crieu"
"1515419704","1515419711","FR","France","Ile-de-France","Guyancourt"
"1515427904","1515427907","FR","France","Nouvelle-Aquitaine","Brive-la-Gaillarde"
"1515439840","1515439843","FR","France","Occitanie","Albi"
"1515447670","1515447673","FR","France","Occitanie","Blagnac"
"1515520092","1515520095","FR","France","Provence-Alpes-Cote-d'Azur","Fuveau"
"1515529036","1515529039","FR","France","Provence-Alpes-Cote-d'Azur","Saint-Etienne-du-Gres"
"1515538161","1515538161","FR","France","Grand-Est","Remiremont"
"1515545372","1515545372","FR","France","Bretagne","Rennes"
"1515551656","1515551667","FR","France","Occitanie","Blagnac"
"1515559056","1515559063","FR","France","Provence-Alpes-Cote-d'Azur","Frejus"
"1515567112","1515567119","FR","France","Auvergne-Rhone-Alpes","Valence"
"1515574744","1515574751","FR","France","Auvergne-Rhone-Alpes","Dagneux"
"1515583992","1515583999","FR","France","Auvergne-Rhone-Alpes","Annecy-le-Vieux"
"1516043264","1516043519","FR","France","Ile-de-France","Paris"
"1516634968","1516634975","FR","France","Occitanie","Figeac"
"1516645057","1516645057","FR","France","Nouvelle-Aquitaine","Saintes"
"1516655280","1516655287","FR","France","Hauts-de-France","Roubaix"
"1516664400","1516664407","FR","France","Ile-de-France","Paris"
"1516671976","1516671983","FR","France","Grand-Est","Villers-Semeuse"
"1516679976","1516679979","FR","France","Bourgogne-Franche-Comte","Besancon"
"1516695824","1516695831","FR","France","Grand-Est","Ribeauville"
"1517069824","1517070079","FR","France","Normandie","Sainte-Marguerite-sur-Duclair"
"1517460992","1517461247","FR","France","Auvergne-Rhone-Alpes","Labrosse"
"1517495282","1517495283","FR","France","Occitanie","Blagnac"
"1517506425","1517506425","FR","France","Auvergne-Rhone-Alpes","Lyon"
"1517525248","1517525255","FR","France","Nouvelle-Aquitaine","Georges"
"1517611264","1517612031","FR","France","Provence-Alpes-Cote-d'Azur","Draguignan"
"1517882416","1517882431","FR","France","Occitanie","Labege"
"1517891056","1517891063","FR","France","Auvergne-Rhone-Alpes","Bellignat"
"1517899608","1517899615","FR","France","Occitanie","Blagnac"
"1517907328","1517907331","FR","France","Nouvelle-Aquitaine","Bordeaux"
"1517915227","1517915227","FR","France","Provence-Alpes-Cote-d'Azur","Jausiers"
"1517935616","1517935619","FR","France","Corse","Calvi"
"1517943928","1517943943","FR","France","Provence-Alpes-Cote-d'Azur","Nice"
"1518241024","1518242047","FR","France","Grand-Est","Nancy"
"1519604045","1519604045","IT","Italy","Lazio","Rome"
"1519979952","1519980031","DE","Germany","Niedersachsen","Hameln"
"1520473344","1520473599","ES","Spain","Madrid, Comunidad de","Castellana"
"1521000448","1521000959","ES","Spain","Catalunya","Manresa"
"1521482752","1521483007","ES","Spain","Catalunya","Gandesa"
"1522025984","1522026239","DK","Denmark","Hovedstaden","Skibby"
"1522587648","1522587903","GB","United Kingdom of Great Britain and Northern Ireland","England","Nottingham"
"1522939648","1522940927","GB","United Kingdom of Great Britain and Northern Ireland","England","London"
"1523289088","1523289343","GB","United Kingdom of Great Britain and Northern Ireland","England","London"
"1523753472","1523753727","GB","United Kingdom of Great Britain and Northern Ireland","England","Sunbury-on-Thames"
"1524079872","1524080639","GB","United Kingdom of Great Britain and Northern Ireland","England","Sheffield"
"1524675584","1524676095","SE","Sweden","Vastra Gotalands lan","Uddevalla"
"1525073408","1525073919","SE","Sweden","Kalmar lan","Kalmar"
"1525469696","1525469951","SE","Sweden","Blekinge lan","Horby"
"1525839360","1525839615","GB","United Kingdom of Great Britain and Northern Ireland","England","Leicester"
"1526224896","1526225151","GB","United Kingdom of Great Britain and Northern Ireland","England","Wakefield"
"1526519808","1526520063","GB","United Kingdom of Great Britain and Northern Ireland","England","Audlem"
"1528233984","1528238079","DE","Germany","Sachsen","Dresden"
"1528309648","1528309663","DE","Germany","Nordrhein-Westfalen","Dusseldorf"
"1528320672","1528320679","DE","Germany","Mecklenburg-Vorpommern","Altenkirchen"
"1528331880","1528331887","DE","Germany","Nordrhein-Westfalen","Burbach"
"1528384464","1528384471","DE","Germany","Hessen","Gelnhausen"
"1528392816","1528392823","DE","Germany","Mecklenburg-Vorpommern","Oldenburg"
"1528401136","1528401143","DE","Germany","Bayern","Heidenheim"
"1528409560","1528409567","DE","Germany","Rheinland-Pfalz","Mainz"
"1528417920","1528417927","DE","Germany","Rheinland-Pfalz","Minden"
"1528426208","1528426215","DE","Germany","Bayern","Wuerzburg"
"1528434664","1528434671","DE","Germany","Bayern","Wuerzburg"
"1528443104","1528443111","DE","Germany","Sachsen-Anhalt","Magdeburg"
"1528451624","1528451631","DE","Germany","Nordrhein-Westfalen","Dusseldorf"
"1528460608","1528460615","DE","Germany","Nordrhein-Westfalen","Velbert"
"1528469360","1528469367","DE","Germany","Hessen","Fulda"
"1528478056","1528478063","DE","Germany","Thuringen","Nordhausen"
"1528488192","1528488199","DE","Germany","Bremen","Bremen"
"1529634816","1529638911","DE","Germany","Sachsen-Anhalt","Naumburg"
"1531232000","1531232511","FR","France","Ile-de-France","Saint-Denis"
"1532127592","1532127655","HU","Hungary","Budapest","Budapest"
"1532251644","1532251644","CH","Switzerland","Zurich","Regensdorf"
"1532592384","1532592639","DE","Germany","Baden-Wurttemberg","Karlsruhe"
"1533194240","1533197583","DE","Germany","Sachsen","Falkenstein"
"1533600000","1533600255","HU","Hungary","Szabolcs-Szatmar-Bereg","Nyiregyhaza"
"1534086400","1534086655","AT","Austria","Karnten","Villach"
"1534459036","1534459079","ES","Spain","Galicia","A Coruna"
"1534494568","1534494571","AT","Austria","Wien","Vienna"
"1534719472","1534719487","BE","Belgium","Vlaams-Brabant","Zaventem"
"1535067648","1535067903","SK","Slovakia","Nitriansky kraj","Nitra"
"1535186356","1535186356","FR","France","Occitanie","Montpellier"
"1535508836","1535508839","BE","Belgium","Vlaams-Brabant","Zaventem"
"1535691264","1535692799","DE","Germany","Nordrhein-Westfalen","Schwerte"
"1535868672","1535868927","CZ","Czechia","Praha, Hlavni mesto","Prague"
"1536150568","1536150575","IT","Italy","Toscana","Florence"
"1536553009","1536553009","NL","Netherlands (Kingdom of the)","Noord-Holland","Amsterdam"
"1536623488","1536623503","GB","United Kingdom of Great Britain and Northern Ireland","England","Manchester"
"1536754176","1536754431","FI","Finland","Uusimaa","Helsinki"
"1537203456","1537203711","FI","Finland","Uusimaa","Malmi"
"1538585344","1538585599","BE","Belgium","Oost-Vlaanderen","Buggenhout"
"1538922865","1538922867","GB","United Kingdom of Great Britain and Northern Ireland","England","Reading"
"1539149824","1539151871","GB","United Kingdom of Great Britain and Northern Ireland","England","Summertown"
"1539500032","1539500543","DE","Germany","Nordrhein-Westfalen","Wuppertal"
"1539828992","1539829247","BG","Bulgaria","Sofia (stolitsa)","Sofia"
"1540132096","1540132351","PL","Poland","Slaskie","Chorzow"
"1540415232","1540415487","RO","Romania","Bucuresti","Bucharest"
"1540718336","1540718591","NO","Norway","Oslo","Oslo"
"1541059584","1541059839","KZ","Kazakhstan","Almaty","Almaty"
"1541387264","1541387519","UA","Ukraine","Kyivska oblast","Boyarka"
"1541760256","1541760511","UA","Ukraine","Kyiv","Kyiv"
"1542114816","1542115071","NL","Netherlands (Kingdom of the)","Zuid-Holland","Gorinchem"
"1542451456","1542451711","UA","Ukraine","Kyiv","Kyiv"
"1542982144","1542982399","DE","Germany","Niedersachsen","Kranenpohl"
"1543088768","1543088783","DE","Germany","Niedersachsen","Hage"
"1543101856","1543101863","DE","Germany","Nordrhein-Westfalen","Paderborn"
"1543200256","1543200511","IR","Iran (Islamic Republic of)","Esfahan","Falavarjan"
"1543757824","1543758079","GB","United Kingdom of Great Britain and Northern Ireland","England","Cleveleys"
"1544334336","1544334591","GB","United Kingdom of Great Britain and Northern Ireland","England","Ripon"
"1544666112","1544666367","GB","United Kingdom of Great Britain and Northern Ireland","Scotland","Kirriemuir"
"1544996096","1544996351","GB","United Kingdom of Great Britain and Northern Ireland","England","Radstock"
"1545335296","1545335551","GB","United Kingdom of Great Britain and Northern Ireland","England","Sunbury-on-Thames"
"1545716480","1545716735","SE","Sweden","Vastra Gotalands lan","Lindholmen"
"1546161152","1546162431","GB","United Kingdom of Great Britain and Northern Ireland","England","Sunbury-on-Thames"
"1546539264","1546539519","KZ","Kazakhstan","Qaraghandy oblysy","Abay"
"1546582216","1546582219","KZ","Kazakhstan","Atyrau oblysy","Makhambet"
"1546612708","1546612711","KZ","Kazakhstan","Zhambyl oblysy","Merke"
"1546667258","1546667259","GB","United Kingdom of Great Britain and Northern Ireland","England","Worcester"
"1546677319","1546677320","GB","United Kingdom of Great Britain and Northern Ireland","England","Leeds"
"1547000576","1547000831","RU","Russian Federation","Moskva","Moscow"
"1547105536","1547106303","GE","Georgia","Tbilisi","Tbilisi"
"1547497216","1547497471","RS","Serbia","Nisavski okrug","Nis"
"1547664896","1547665151","ES","Spain","Valenciana, Comunidad","Alicante"
"1547705916","1547705919","NL","Netherlands (Kingdom of the)","Zuid-Holland","Waddinxveen"
"1547715168","1547715187","NL","Netherlands (Kingdom of the)","Zuid-Holland","Rotterdam"
"1547724248","1547724251","NL","Netherlands (Kingdom of the)","Limburg","Weert"
"1547736936","1547736939","NL","Netherlands (Kingdom of the)","Noord-Holland","Amsterdam"
"1547745456","1547745463","NL","Netherlands (Kingdom of the)","Zuid-Holland","Rotterdam"
"1547754396","1547754399","NL","Netherlands (Kingdom of the)","Noord-Holland","Amsterdam"
"1547763408","1547763415","NL","Netherlands (Kingdom of the)","Overijssel","Enschede"
"1547772888","1547772895","NL","Netherlands (Kingdom of the)","Gelderland","Hedel"
"1547782132","1547782135","NL","Netherlands (Kingdom of the)","Noord-Brabant","Oosterhout"
"1547791448","1547791455","NL","Netherlands (Kingdom of the)","Limburg","Maastricht"
"1547800032","1547800039","NL","Netherlands (Kingdom of the)","Utrecht","Utrecht"
"1547809280","1547809303","NL","Netherlands (Kingdom of the)","Zuid-Holland","Rotterdam"
"1547818516","1547818551","NL","Netherlands (Kingdom of the)","Zuid-Holland","Rotterdam"
"1547826960","1547826967","NL","Netherlands (Kingdom of the)","Noord-Brabant","Bergeyk"
"1547835576","1547835583","NL","Netherlands (Kingdom of the)","Fryslan","Drachten"
"1547844112","1547844119","NL","Netherlands (Kingdom of the)","Zuid-Holland","Rotterdam"
"1547853248","1547853255","NL","Netherlands (Kingdom of the)","Noord-Holland","Monnickendam"
"1547862680","1547862687","NL","Netherlands (Kingdom of the)","Zuid-Holland","Rotterdam"
"1547871488","1547871495","NL","Netherlands (Kingdom of the)","Zuid-Holland","Rotterdam"
"1547880104","1547880111","NL","Netherlands (Kingdom of the)","Zuid-Holland","Rotterdam"
"1547888940","1547888943","NL","Netherlands (Kingdom of the)","Drenthe","Klazienaveen"
"1547897520","1547897527","NL","Netherlands (Kingdom of the)","Groningen","Sappemeer"
"1547905728","1547905735","NL","Netherlands (Kingdom of the)","Zuid-Holland","Dordrecht"
"1547914512","1547914519","NL","Netherlands (Kingdom of the)","Fryslan","Drachten"
"1547922952","1547922955","NL","Netherlands (Kingdom of the)","Fryslan","Sneek"
"1547931576","1547931583","NL","Netherlands (Kingdom of the)","Zuid-Holland","Rotterdam"
"1547940536","1547940539","NL","Netherlands (Kingdom of the)","Zuid-Holland","Rotterdam"
"1547949588","1547949591","NL","Netherlands (Kingdom of the)","Noord-Brabant","Tilburg"
"1547958392","1547958395","NL","Netherlands (Kingdom of the)","Fryslan","Drachten"
"1547966508","1547966543","NL","Netherlands (Kingdom of the)","Noord-Brabant","Eindhoven"
"1547975300","1547975303","NL","Netherlands (Kingdom of the)","Zuid-Holland","Rotterdam"
"1547983928","1547983935","NL","Netherlands (Kingdom of the)","Limburg","Beek"
"1547992936","1547992943","NL","Netherlands (Kingdom of the)","Fryslan","Boelenslaan"
"1548001688","1548001695","NL","Netherlands (Kingdom of the)","Limburg","Maastricht"
"1548010128","1548010143","NL","Netherlands (Kingdom of the)","Zuid-Holland","Rotterdam"
"1548018896","1548018903","NL","Netherlands (Kingdom of the)","Limburg","Maastricht"
"1548092192","1548092207","NL","Netherlands (Kingdom of the)","Zuid-Holland","Ridderkerk"
"1548101232","1548101247","NL","Netherlands (Kingdom of the)","Zuid-Holland","Rotterdam"
"1548110556","1548110623","NL","Netherlands (Kingdom of the)","Zuid-Holland","Rotterdam"
"1548119248","1548119263","NL","Netherlands (Kingdom of the)","Zuid-Holland","Rotterdam"
"1548128896","1548128903","NL","Netherlands (Kingdom of the)","Zuid-Holland","Rotterdam"
"1548137544","1548137551","NL","Netherlands (Kingdom of the)","Noord-Brabant","Eindhoven"
"1548145788","1548145791","NL","Netherlands (Kingdom of the)","Noord-Holland","Opperdoes"
"1548155344","1548155351","NL","Netherlands (Kingdom of the)","Gelderland","Eibergen"
"1548213368","1548213375","NL","Netherlands (Kingdom of the)","Noord-Holland","Amsterdam"
"1548245248","1548245503","DE","Germany","Schleswig-Holstein","Dahme"
"1548654848","1548655103","DE","Germany","Brandenburg","Dahme"
"1548701160","1548701167","DE","Germany","Nordrhein-Westfalen","Leverkusen"
"1548716864","1548716871","DE","Germany","Thuringen","Sulzbach"
"1548999424","1548999679","RO","Romania","Dolj","Craiova"
"1549388800","1549389055","FR","France","Ile-de-France","Saint-Denis"
"1549769728","1549769983","FR","France","Normandie","Carrouges"
"1550258048","1550258063","FR","France","Auvergne-Rhone-Alpes","Grenoble"
"1550270448","1550270463","FR","France","Ile-de-France","Champs-sur-Marne"
"1550284416","1550284431","FR","France","Ile-de-France","Aubervilliers"
"1550297368","1550297387","FR","France","Occitanie","Toulouse"
"1550312500","1550312503","FR","France","Provence-Alpes-Cote-d'Azur","Fos-sur-Mer"
"1550585856","1550589951","NL","Netherlands (Kingdom of the)","Noord-Holland","Amsterdam"
"1551043328","1551043583","MD","Moldova (the Republic of)","Chisinau","Chisinau"
"1551591936","1551592191","IT","Italy","Lazio","Rome"
"1552171520","1552171775","FR","France","Auvergne-Rhone-Alpes","La Bourboule"
"1552493312","1552493567","FR","France","Auvergne-Rhone-Alpes","Commelle-Vernay"
"1552812288","1552812543","GF","French Guiana","Guyane","Cayenne"
"1553340416","1553340671","FR","France","Provence-Alpes-Cote-d'Azur","Cadenet"
"1553701120","1553701375","FR","France","Ile-de-France","Issy-les-Moulineaux"
"1554158080","1554158335","FR","France","Bretagne","Ploermel"
"1554518528","1554518535","FR","France","Bretagne","Louannec"
"1554525636","1554525639","FR","France","Grand-Est","Petit-Rederching"
"1554533628","1554533631","FR","France","Auvergne-Rhone-Alpes","Avermes"
"1554584832","1554585087","FR","France","Ile-de-France","Issy-les-Moulineaux"
"1554858200","1554858207","FR","France","Auvergne-Rhone-Alpes","Grenoble"
"1554866944","1554866951","FR","France","Ile-de-France","Les Clayes-sous-Bois"
"1554878616","1554878623","FR","France","Nouvelle-Aquitaine","Saint-Vincent-de-Paul"
"1554889168","1554889183","FR","France","Provence-Alpes-Cote-d'Azur","Marseille"
"1554903973","1554904004","FR","France","Occitanie","Blagnac"
"1554928312","1554928319","FR","France","Auvergne-Rhone-Alpes","Lyon"
"1554937400","1554937407","FR","France","Bretagne","Plerin"
"1554946792","1554946799","FR","France","Centre-Val de Loire","Vendome"
"1554966368","1554966371","FR","France","Provence-Alpes-Cote-d'Azur","Manosque"
"1554974656","1554974663","FR","France","Occitanie","Montech"
"1554982872","1554982879","FR","France","Occitanie","Toulouse"
"1554999376","1554999383","FR","France","Nouvelle-Aquitaine","Sabres"
"1555009068","1555009071","FR","France","Hauts-de-France","Beauvais"
"1555030712","1555030715","FR","France","Bretagne","Lanvallay"
"1555110912","1555111167","ES","Spain","Valenciana, Comunidad","Valencia"
"1555809024","1555809535","ES","Spain","Andalucia","Malaga"
"1556485376","1556485631","DE","Germany","Thuringen","Walldorf"
"1557091836","1557091839","GB","United Kingdom of Great Britain and Northern Ireland","England","Manchester"
"1557113104","1557113111","GB","United Kingdom of Great Britain and Northern Ireland","England","Eastleigh"
"1557164800","1557165055","DE","Germany","Hessen","Frankfurt am Main"
"1557607936","1557608191","DE","Germany","Sachsen-Anhalt","Magdeburg"
"1557954688","1557954751","NO","Norway","Rogaland","Aksdal"
"1558128640","1558128895","DE","Germany","Hessen","Frankfurt am Main"
"1558161664","1558161671","IT","Italy","Lombardia","Milan"
"1558171752","1558171759","IT","Italy","Marche","Tolentino"
"1558183864","1558183871","IT","Italy","Lazio","Rome"
"1558832896","1558833407","GB","United Kingdom of Great Britain and Northern Ireland","England","Warminster"
"1559112448","1559112703","GB","United Kingdom of Great Britain and Northern Ireland","Scotland","Saint Andrews"
"1559600376","1559600379","FR","France","Pays-de-la-Loire","Machecoul"
"1560003840","1560004351","IE","Ireland","Longford","Longford"
"1560672256","1560673023","FR","France","Ile-de-France","Saint-Denis"
"1561361152","1561361407","FR","France","Bretagne","Rennes"
"1561410848","1561410851","FR","France","Auvergne-Rhone-Alpes","Le Puy-en-Velay"
"1561791488","1561791743","FR","France","Grand-Est","Fessenheim"
"1562239744","1562239999","FR","France","Ile-de-France","Saint-Denis"
"1562497780","1562497783","IT","Italy","Lombardia","Milan"
"1562508912","1562508919","IT","Italy","Campania","Naples"
"1562855536","1562855543","IT","Italy","Campania","Somma Vesuviana"
"1562868704","1562868719","IT","Italy","Lombardia","Milan"
"1562897920","1562898175","IT","Italy","Lombardia","Milan"
"1563018136","1563018139","IT","Italy","Lazio","Terracina"
"1563038704","1563038719","IT","Italy","Sicilia","Palermo"
"1563073960","1563073967","IT","Italy","Toscana","Florence"
"1563087568","1563087571","IT","Italy","Lombardia","Milan"
"1563106152","1563106159","IT","Italy","Campania","Somma Vesuviana"
"1563118792","1563118799","IT","Italy","Lombardia","Milan"
"1563167744","1563167999","IT","Italy","Piemonte","Torino"
"1563257480","1563257487","IT","Italy","Lombardia","Brenta"
"1563300176","1563300183","IT","Italy","Emilia-Romagna","Parma"
"1563341872","1563341879","IT","Italy","Lombardia","Milan"
"1563379840","1563379855","IT","Italy","Lazio","Rome"
"1563400392","1563400399","IT","Italy","Friuli-Venezia Giulia","Pordenone"
"1563413744","1563413751","IT","Italy","Veneto","Santa Margherita d'Adige"
"1563544424","1563544427","IT","Italy","Campania","Eboli"
"1563664324","1563664327","IT","Italy","Piemonte","Novara"
"1563674256","1563674259","IT","Italy","Lombardia","Milan"
"1563686312","1563686319","IT","Italy","Veneto","Cura"
"1563957984","1563957991","IT","Italy","Lazio","Rome"
"1563976088","1563976095","IT","Italy","Lombardia","Milan"
"1564026576","1564026583","IT","Italy","Campania","Mercato San Severino"
"1564038168","1564038175","IT","Italy","Marche","Porto San Giorgio"
"1564364592","1564364599","IT","Italy","Lombardia","Milan"
"1564382656","1564382663","IT","Italy","Lombardia","Milan"
"1564395300","1564395303","IT","Italy","Veneto","Rosa"
"1564406288","1564406295","IT","Italy","Veneto","San Dona di Piave"
"1564439864","1564439871","IT","Italy","Campania","Castel Volturno"
"1564455680","1564455683","IT","Italy","Sicilia","Scuola"
"1564467800","1564467807","IT","Italy","Lazio","Rome"
"1564625152","1564625407","IT","Italy","Lombardia","Milan"
"1565565184","1565565439","RU","Russian Federation","Moskva","Moscow"
"1565703980","1565703983","AT","Austria","Wien","Vienna"
"1565715176","1565715183","AT","Austria","Vorarlberg","Dornbirn"
"1565723196","1565723196","AT","Austria","Niederosterreich","Maria Enzersdorf"
"1565734672","1565734679","AT","Austria","Niederosterreich","Wiener Neudorf"
"1565744600","1565744624","AT","Austria","Wien","Vienna"
"1565752712","1565752715","AT","Austria","Steiermark","Bad Gleichenberg"
"1565765384","1565765411","AT","Austria","Wien","Vienna"
"1565780300","1565780303","AT","Austria","Wien","Vienna"
"1565910573","1565910585","BY","Belarus","Minskaya voblasts'","Minsk"
"1565993094","1565993095","RS","Serbia","Juznobacki okrug","Novi Sad"
"1566130112","1566130127","IT","Italy","Trentino-Alto Adige","Bressanone"
"1566452075","1566452075","NL","Netherlands (Kingdom of the)","Noord-Holland","Amsterdam"
"1566932224","1566932479","IT","Italy","Lazio","Oriolo Romano"
"1567414528","1567414783","PT","Portugal","Faro","Olhao"
"1567719175","1567719423","GB","United Kingdom of Great Britain and Northern Ireland","Northern Ireland","Bangor"
"1568000984","1568000987","NL","Netherlands (Kingdom of the)","Utrecht","Utrecht"
"1568097024","1568097279","IR","Iran (Islamic Republic of)","Ardabil","Parsabad"
"1568375552","1568375807","RU","Russian Federation","Moskva","Moscow"
"1568931072","1568931327","DE","Germany","Nordrhein-Westfalen","Dortmund"
"1569323520","1569323775","HR","Croatia","Osjecko-baranjska zupanija","Piskorevci"
"1569597440","1569597695","HR","Croatia","Osjecko-baranjska zupanija","Karanac"
"1569894656","1569894911","IT","Italy","Toscana","Florence"
"1570264768","1570264831","GB","United Kingdom of Great Britain and Northern Ireland","England","Derby"
"1570359656","1570359659","RU","Russian Federation","Smolenskaya oblast'","Sychevka"
"1570379312","1570379335","NL","Netherlands (Kingdom of the)","Zuid-Holland","The Hague"
"1570394344","1570394351","NL","Netherlands (Kingdom of the)","Overijssel","Dalfsen"
"1570586346","1570586363","RU","Russian Federation","Moskva","Moscow"
"1570728555","1570728557","DE","Germany","Sachsen","Gorschlitz"
"1571119104","1571120295","DK","Denmark","Midtjylland","Tranbjerg"
"1571406848","1571407103","SA","Saudi Arabia","Ha'il","Ha'il"
"1571864576","1571876607","PL","Poland","Slaskie","Katowice"
"1572098026","1572098027","DE","Germany","Bayern","Munich"
"1572548192","1572548207","FR","France","Ile-de-France","Nanterre"
"1572572375","1572572376","US","United States of America","Iowa","Plymouth"
"1572702976","1572703231","IT","Italy","Umbria","Assisi"
"1573998592","1574002687","DE","Germany","Berlin","Berlin"
"1576047344","1576047359","DE","Germany","Hessen","Frankfurt am Main"
"1576055928","1576055935","DE","Germany","Niedersachsen","Osnabruck"
"1576064392","1576064399","DE","Germany","Hessen","Frankfurt am Main"
"1576072880","1576072887","DE","Germany","Thuringen","Hildburghausen"
"1576081616","1576081623","DE","Germany","Baden-Wurttemberg","Stuttgart"
"1576090880","1576090887","DE","Germany","Bayern","Wuerzburg"
"1576380672","1576380927","DE","Germany","Nordrhein-Westfalen","Aachen"
"1577095680","1577096191","GB","United Kingdom of Great Britain and Northern Ireland","England","Manchester"
"1577402880","1577403135","GB","United Kingdom of Great Britain and Northern Ireland","Wales","Felinfoel"
"1577719808","1577720063","GB","United Kingdom of Great Britain and Northern Ireland","England","High Wycombe"
"1578029824","1578030079","GB","United Kingdom of Great Britain and Northern Ireland","England","Camborne"
"1578445824","1578446079","HU","Hungary","Baranya","Pecs"
"1578717224","1578717239","RU","Russian Federation","Kirovskaya oblast'","Kirov"
"1579099362","1579099362","DE","Germany","Hessen","Frankfurt am Main"
"1579350272","1579350527","IT","Italy","Emilia-Romagna","Bologna"
"1580006912","1580007167","HU","Hungary","Pest","Toeroekbalint"
"1580588032","1580588287","RO","Romania","Cluj","Radaia"
"1581006080","1581006335","PT","Portugal","Braga","Barcelos"
"1581345280","1581345535","GR","Greece","Notio Aigaio","Tinos"
"1581652736","1581652991","GR","Greece","Sterea Ellada","Aliveri"
"1581963264","1581963774","CZ","Czechia","Olomoucky kraj","Olomouc"
"1582301240","1582301247","IT","Italy","Piemonte","Torino"
"1582313736","1582313743","IT","Italy","Lombardia","Lipomo"
"1582340000","1582340007","IT","Italy","Veneto","Povegliano Veronese"
"1582352768","1582352775","IT","Italy","Lombardia","Milan"
"1582386088","1582386111","IT","Italy","Lombardia","Milan"
"1582403264","1582403271","IT","Italy","Lombardia","Milan"
"1582427608","1582427615","IT","Italy","Lazio","Rome"
"1582458336","1582458343","IT","Italy","Sardegna","Cagliari"
"1582471504","1582471511","IT","Italy","Marche","Senigallia"
"1582484632","1582484639","IT","Italy","Emilia-Romagna","Bologna"
"1582516520","1582516535","IT","Italy","Lombardia","Milan"
"1582537952","1582537959","IT","Italy","Sicilia","Bagheria"
"1582559896","1582559903","IT","Italy","Lombardia","Milan"
"1582572496","1582572503","IT","Italy","Lombardia","Pero"
"1582602104","1582602127","IT","Italy","Lombardia","Milan"
"1582615792","1582615807","IT","Italy","Veneto","Montegrotto Terme"
"1582645392","1582645399","IT","Italy","Lombardia","Milan"
"1582671752","1582671759","IT","Italy","Toscana","Carrara"
"1582683448","1582683455","IT","Italy","Veneto","Cura"
"1582704048","1582704055","IT","Italy","Abruzzo","Chieti"
"1582731908","1582731911","IT","Italy","Emilia-Romagna","Rubiera"
"1582744008","1582744015","IT","Italy","Marche","Sassocorvaro"
"1582766352","1582766359","IT","Italy","Toscana","Cecina"
"1582794184","1582794199","IT","Italy","Lombardia","Milan"
"1582812632","1582812639","IT","Italy","Lazio","Rome"
"1582827304","1582827311","IT","Italy","Lombardia","Basiglio"
"1582838448","1582838471","IT","Italy","Lombardia","Milan"
"1582861336","1582861343","IT","Italy","Emilia-Romagna","Mirandola"
"1582871652","1582871655","IT","Italy","Lombardia","Milan"
"1582897188","1582897191","IT","Italy","Toscana","Livorno"
"1582932104","1582932111","IT","Italy","Puglia","Gallipoli"
"1582947288","1582947295","IT","Italy","Toscana","Florence"
"1582974296","1582974319","IT","Italy","Lombardia","Milan"
"1582988272","1582988275","IT","Italy","Campania","Lauro"
"1582999432","1582999451","IT","Italy","Lombardia","Milan"
"1583029344","1583029351","IT","Italy","Piemonte","Pocapaglia"
"1583058960","1583058963","IT","Italy","Friuli-Venezia Giulia","Tarvisio"
"1583088464","1583088471","IT","Italy","Umbria","Perugia"
"1583100624","1583100631","IT","Italy","Lombardia","Milan"
"1583127192","1583127199","IT","Italy","Toscana","Calenzano"
"1583156208","1583156215","IT","Italy","Lombardia","Milan"
"1583188848","1583188855","IT","Italy","Lombardia","Milan"
"1583222904","1583222911","IT","Italy","Lombardia","Milan"
"1583242684","1583242687","IT","Italy","Emilia-Romagna","Ozzano dell'Emilia"
"1583260392","1583260395","IT","Italy","Calabria","Marina"
"1583287920","1583287927","IT","Italy","Lombardia","Milan"
"1583313268","1583313271","IT","Italy","Lazio","Sabaudia"
"1583332632","1583332639","IT","Italy","Veneto","Verona"
"1583348184","1583348187","IT","Italy","Veneto","Veneto"
"1583732336","1583732343","DK","Denmark","Midtjylland","Tranbjerg"
"1584043264","1584044287","BE","Belgium","Brussels Hoofdstedelijk Gewest","Brussels"
"1584463328","1584463375","CZ","Czechia","Praha, Hlavni mesto","Prague"
"1585290768","1585290775","DE","Germany","Sachsen-Anhalt","Kothen"
"1585609696","1585609711","DE","Germany","Bayern","Gunzenhausen"
"1586055706","1586055706","NL","Netherlands (Kingdom of the)","Noord-Holland","Amsterdam"
"1586149072","1586149075","IT","Italy","Toscana","Pisa"
"1586305624","1586305631","IT","Italy","Veneto","San Michele al Tagliamento"
"1586569216","1586570239","DK","Denmark","Hovedstaden","Copenhagen"
"1587419904","1587420159","BG","Bulgaria","Sofia","Bozhurishte"
"1587791872","1587792127","IT","Italy","Toscana","Foiano della Chiana"
"1588081152","1588081407","NL","Netherlands (Kingdom of the)","Noord-Holland","Amsterdam"
"1588574147","1588575231","GB","United Kingdom of Great Britain and Northern Ireland","England","Reading"
"1588699136","1588715519","IT","Italy","Toscana","Arezzo"
"1589668352","1589668863","GB","United Kingdom of Great Britain and Northern Ireland","England","Leicester"
"1590182912","1590183167","AE","United Arab Emirates","Abu Zaby","Abu Dhabi"
"1591053056","1591053567","NL","Netherlands (Kingdom of the)","Noord-Holland","Amsterdam"
"1591637760","1591638015","DE","Germany","Bayern","Munich"
"1592186624","1592186639","CH","Switzerland","Zurich","Zurich"
"1592623071","1592623072","ES","Spain","Madrid, Comunidad de","Madrid"
"1592855040","1592855295","RU","Russian Federation","Tverskaya oblast'","Ostashkov"
"1593343232","1593343487","ES","Spain","Valenciana, Comunidad","Babel"
"1593439887","1593439892","CA","Canada","Quebec","Montreal"
"1593839600","1593839603","TR","Turkiye","Bartin","Bartin"
"1593874016","1593874063","TR","Turkiye","Ankara","Ankara"
"1594200832","1594201087","TR","Turkiye","Ankara","Ankara"
"1594688512","1594688767","TR","Turkiye","Istanbul","Istanbul"
"1595163136","1595163391","ES","Spain","Aragon","Zaragoza"
"1595706112","1595706367","RU","Russian Federation","Tyumenskaya oblast'","Tyumen'"
"1596204288","1596204543","US","United States of America","Texas","Dallas"
"1596843408","1596843423","IE","Ireland","Galway","Galway"
"1596987968","1596987975","PL","Poland","Pomorskie","Gdynia"
"1596998240","1596998247","PL","Poland","Dolnoslaskie","Strzegom"
"1597009904","1597009919","PL","Poland","Mazowieckie","Warsaw"
"1597020160","1597020167","PL","Poland","Slaskie","Rybnik"
"1597030456","1597030479","PL","Poland","Warminsko-Mazurskie","Olsztyn"
"1597040992","1597040999","PL","Poland","Kujawsko-Pomorskie","Rypin"
"1597114560","1597114567","PL","Poland","Kujawsko-Pomorskie","Lubicz Dolny"
"1597124936","1597124943","PL","Poland","Podlaskie","Kolno"
"1597135896","1597135903","PL","Poland","Lodzkie","Ksawerow"
"1597146264","1597146271","PL","Poland","Lodzkie","Piotrkow Trybunalski"
"1597156400","1597156407","PL","Poland","Zachodniopomorskie","Kolobrzeg"
"1597166392","1597166399","PL","Poland","Mazowieckie","Warsaw"
"1597177368","1597177383","PL","Poland","Opolskie","Biala"
"1597187064","1597187071","PL","Poland","Kujawsko-Pomorskie","Laskowice"
"1597196552","1597196559","PL","Poland","Dolnoslaskie","Wojcieszow"
"1597206560","1597206599","PL","Poland","Malopolskie","Krakow"
"1597216920","1597216951","PL","Poland","Pomorskie","Slupsk"
"1597226688","1597226695","PL","Poland","Wielkopolskie","Srem"
"1597237068","1597237071","PL","Poland","Lodzkie","Piotrkow Trybunalski"
"1597383680","1597383935","RU","Russian Federation","Leningradskaya oblast'","Kirovsk"
"1597609728","1597609983","KZ","Kazakhstan","Aqmola oblysy","Kokshetau"
"1597673812","1597673815","KZ","Kazakhstan","Ulytau oblysy","Kazakhstan"
"1597738340","1597738351","KZ","Kazakhstan","Ulytau oblysy","Kazakhstan"
"1597804288","1597804543","ES","Spain","Pais Vasco","San Sebastian"
"1597950464","1597950719","ES","Spain","Canarias","Adeje"
"1598360576","1598360831","PT","Portugal","Viana do Castelo","Mana"
"1598728704","1598733311","IT","Italy","Lombardia","Milan"
"1599132672","1599133219","CZ","Czechia","Praha, Hlavni mesto","Prague"
"1599584800","1599584815","SI","Slovenia","Koper","Dekani"
"1600222464","1600222719","NL","Netherlands (Kingdom of the)","Noord-Brabant","Eindhoven"
"1600591360","1600591615","SK","Slovakia","Kosicky kraj","Velke Kapusany"
"1601150464","1601150975","US","United States of America","-","-"
"1601513216","1601513471","DE","Germany","Baden-Wurttemberg","Freiburg"
"1601986304","1601986559","ES","Spain","Navarra, Comunidad Foral de","Castejon"
"1602273792","1602274047","IR","Iran (Islamic Republic of)","Tehran","Tehran"
"1602442698","1602442698","GB","United Kingdom of Great Britain and Northern Ireland","England","Reading"
"1602747508","1602747508","UA","Ukraine","Kyiv","Kyiv"
"1603166916","1603166918","NL","Netherlands (Kingdom of the)","Noord-Holland","Amsterdam"
"1603220836","1603220839","CH","Switzerland","Bern","Biel"
"1603470080","1603470335","GB","United Kingdom of Great Britain and Northern Ireland","England","Hatfield"
"1603795968","1603796223","GB","United Kingdom of Great Britain and Northern Ireland","Wales","Newport"
"1603982784","1603982847","GB","United Kingdom of Great Britain and Northern Ireland","England","Ipswich"
"1604381768","1604381775","PL","Poland","Mazowieckie","Warsaw"
"1604794624","1604794879","RU","Russian Federation","Novosibirskaya oblast'","Novosibirsk"
"1605140480","1605141759","RU","Russian Federation","Krasnoyarskiy kray","Krasnoyarsk"
"1605754880","1605756927","RU","Russian Federation","Moskva","Moscow"
"1606152704","1606152959","SA","Saudi Arabia","Ash Sharqiyah","Dhahran"
"1606583040","1606583295","SE","Sweden","Stockholms lan","Stockholm"
"1607060480","1607060735","SE","Sweden","Vasternorrlands lan","Grossjo"
"1607569664","1607569919","DK","Denmark","Sjaelland","Stenlille"
"1608312832","1608313087","RU","Russian Federation","Moskva","Moscow"
"1608899840","1608900095","IT","Italy","Sicilia","Palermo"
"1609267968","1609268223","IT","Italy","Toscana","Pisa"
"1609619968","1609620223","IT","Italy","Toscana","Castiglione della Pescaia"
"1610052096","1610052351","IT","Italy","Lazio","Oriolo Romano"
"1610332928","1610333183","IT","Italy","Toscana","Pisa"
"1610797024","1610797031","US","United States of America","South Dakota","Sioux Falls"
"1611011072","1611014143","US","United States of America","Massachusetts","Cambridge"
"1611272296","1611272303","US","United States of America","North Carolina","Durham"
"1611279940","1611279943","US","United States of America","New York","New York City"
"1611288936","1611288947","US","United States of America","New York","New York City"
"1611295892","1611295903","US","United States of America","New York","New York City"
"1611304064","1611304095","US","United States of America","North Carolina","Charlotte"
"1611313492","1611313499","US","United States of America","Georgia","Atlanta"
"1611322336","1611322343","US","United States of America","North Carolina","Mebane"
"1611330200","1611330211","US","United States of America","California","El Segundo"
"1611338248","1611338255","US","United States of America","Kentucky","Louisville"
"1611350672","1611350679","US","United States of America","Ohio","Franklin"
"1611363112","1611363119","US","United States of America","Ohio","North Canton"
"1611371704","1611371711","US","United States of America","Ohio","Warren"
"1611382960","1611382967","US","United States of America","Wisconsin","Milwaukee"
"1611391120","1611391123","US","United States of America","Ohio","Grove City"
"1611769570","1611769855","US","United States of America","Massachusetts","Cambridge"
"1612400675","1612400703","US","United States of America","Illinois","Naperville"
"1612431400","1612431407","US","United States of America","Florida","Clearwater"
"1612708256","1612708263","US","United States of America","California","Canoga Park"
"1612801080","1612801087","US","United States of America","Tennessee","Gatlinburg"
"1612840340","1612840347","US","United States of America","Maryland","Frederick"
"1612864256","1612864511","US","United States of America","New York","New York City"
"1612942568","1612942571","US","United States of America","Missouri","Saint Louis"
"1612953788","1612953791","US","United States of America","Missouri","Olivette"
"1612972120","1612972127","US","United States of America","Michigan","Standish"
"1613001552","1613001555","US","United States of America","Maryland","Frederick"
"1613020160","1613020179","US","United States of America","Illinois","Naperville"
"1613047616","1613047623","US","United States of America","South Carolina","Spartanburg"
"1613104576","1613104583","US","United States of America","Maryland","Frederick"
"1613115604","1613115607","US","United States of America","Maryland","Frederick"
"1613153444","1613153447","US","United States of America","South Carolina","Simpsonville"
"1613164160","1613164163","US","United States of America","Georgia","Milledgeville"
"1613174528","1613174551","US","United States of America","Maryland","Frederick"
"1613186224","1613186227","US","United States of America","Connecticut","New Milford"
"1613197856","1613197863","US","United States of America","Massachusetts","Worcester"
"1613401088","1613401095","US","United States of America","Maryland","Frederick"
"1613530480","1613530495","US","United States of America","Texas","Austin"
"1613571999","1613571999","AE","United Arab Emirates","Dubayy","Dubai"
"1613691648","1613691903","US","United States of America","Florida","Boca Raton"
"1614073350","1614073351","CA","Canada","Alberta","Edmonton"
"1614240405","1614240414","CA","Canada","British Columbia","Coquitlam"
"1614284616","1614284623","US","United States of America","New York","Rockville Centre"
"1614293336","1614293343","US","United States of America","Connecticut","Norwalk"
"1614302248","1614302255","US","United States of America","Connecticut","Stamford"
"1614311304","1614311311","US","United States of America","New York","Cedarhurst"
"1614320456","1614320463","US","United States of America","New York","Babylon"
"1614329632","1614329639","US","United States of America","New York","New Hyde Park"
"1614338600","1614338607","US","United States of America","New Jersey","Mahwah"
"1614347336","1614347343","US","United States of America","New Jersey","Wayne"
"1614356448","1614356455","US","United States of America","New York","Babylon"
"1614365792","1614365799","US","United States of America","New York","Copiague"
"1614374952","1614374959","US","United States of America","New Jersey","Matawan"
"1614383896","1614383899","US","United States of America","New Jersey","Hoboken"
"1614393264","1614393287","US","United States of America","New York","Hicksville"
"1614402720","1614402735","US","United States of America","Connecticut","Darien"
"1614412504","1614412511","US","United States of America","Connecticut","Stamford"
"1614674242","1614674243","US","United States of America","Maine","North Anson"
"1615033344","1615033855","US","United States of America","Georgia","Stone Mountain"
"1615372544","1615373055","US","United States of America","California","Sunnyvale"
"1615711744","1615711999","US","United States of America","California","Rancho Cordova"
"1616041728","1616042239","US","United States of America","Minnesota","Minneapolis"
"1616319488","1616319999","US","United States of America","Georgia","Savannah"
"1616650240","1616650495","US","United States of America","Michigan","Taylor"
"1616906545","1616906545","US","United States of America","Washington","Tacoma"
"1616916555","1616916556","US","United States of America","California","Cupertino"
"1616922793","1616922794","US","United States of America","Utah","Salt Lake City"
"1616926129","1616926130","US","United States of America","Illinois","Elmhurst"
"1616931218","1616931220","US","United States of America","New Hampshire","Exeter"
"1616935450","1616935452","US","United States of America","Virginia","Dale City"
"1616939921","1616939922","US","United States of America","Massachusetts","Needham"
"1616942513","1616942513","US","United States of America","Pennsylvania","Lebanon"
"1616945562","1616945564","US","United States of America","New York","New York City"
"1616953734","1616953736","US","United States of America","Florida","Pompano Beach"
"1616962641","1616962641","US","United States of America","Connecticut","Bloomfield"
"1616974606","1616974606","US","United States of America","California","San Jose"
"1616995617","1616995617","US","United States of America","California","Fairfield"
"1617027833","1617027833","US","United States of America","Indiana","Griffith"
"1617359104","1617359359","US","United States of America","California","Sunnyvale"
"1617691997","1617691997","US","United States of America","Pennsylvania","Lancaster"
"1617696313","1617696314","US","United States of America","Florida","Sweetwater"
"1617701437","1617701438","US","United States of America","Georgia","Savannah"
"1617703982","1617703982","US","United States of America","Minnesota","Brooklyn Park"
"1617708574","1617708574","US","United States of America","Massachusetts","Boston"
"1617716337","1617716338","US","United States of America","Connecticut","Norwich"
"1617719558","1617719560","US","United States of America","Illinois","Naperville"
"1617722926","1617722926","US","United States of America","Indiana","Beech Grove"
"1617726413","1617726414","US","United States of America","Colorado","Boulder"
"1617731222","1617731222","US","United States of America","Connecticut","Naugatuck"
"1617739269","1617739269","US","United States of America","California","French Camp"
"1617745422","1617745422","US","United States of America","Indiana","Griffith"
"1617756943","1617756944","US","United States of America","Indiana","Beech Grove"
"1617763346","1617763346","US","United States of America","New Jersey","Swedesboro"
"1617770324","1617770324","US","United States of America","Florida","Dade City North"
"1617778883","1617778883","US","United States of America","Indiana","Griffith"
"1617795624","1617795626","US","United States of America","Connecticut","Hartford"
"1617805324","1617805324","US","United States of America","Massachusetts","Mashpee"
"1617815804","1617815804","US","United States of America","New Jersey","Jersey City"
"1617825645","1617825645","US","United States of America","Florida","Pompano Beach"
"1617828550","1617828552","US","United States of America","New York","New York City"
"1617831330","1617831330","US","United States of America","Tennessee","Nashville"
"1617833611","1617833612","US","United States of America","California","Cupertino"
"1617845553","1617845554","US","United States of America","Maryland","Harwood"
"1617850865","1617850865","US","United States of America","Michigan","Brighton"
"1617853501","1617853501","US","United States of America","Pennsylvania","Ivyland"
"1617859078","1617859084","US","United States of America","California","Cupertino"
"1617862803","1617862804","US","United States of America","Illinois","Naperville"
"1617865114","1617865116","US","United States of America","Illinois","Naperville"
"1617870077","1617870077","US","United States of America","Tennessee","Norris"
"1617875059","1617875199","US","United States of America","Colorado","Greenwood Village"
"1617878910","1617878912","US","United States of America","California","Cupertino"
"1617885797","1617885798","US","United States of America","Washington","Tacoma"
"1618028544","1618028799","US","United States of America","Virginia","Arlington"
"1618037198","1618037198","US","United States of America","Massachusetts","Boston"
"1618055729","1618055729","US","United States of America","Florida","Naples"
"1618062870","1618062872","US","United States of America","California","Cupertino"
"1618066986","1618066988","US","United States of America","California","Cupertino"
"1618074527","1618074528","US","United States of America","Georgia","Stone Mountain"
"1618108160","1618108415","US","United States of America","New Jersey","Newark"
"1618188653","1618188654","US","United States of America","Utah","Sandy"
"1618554485","1618554536","US","United States of America","Pennsylvania","Philadelphia"
"1618615459","1618615464","US","United States of America","California","Monterey"
"1618668165","1618668174","US","United States of America","California","San Jose"
"1618696977","1618696977","US","United States of America","California","San Jose"
"1618731267","1618731268","US","United States of America","Illinois","Chicago"
"1618775581","1618775625","US","United States of America","Michigan","New Haven"
"1618972588","1618972589","US","United States of America","Arizona","Phoenix"
"1623984455","1623984455","US","United States of America","Georgia","Marietta"
"1624172290","1624172292","US","United States of America","Illinois","Chicago"
"1624239104","1624239105","US","United States of America","Tennessee","Knoxville"
"1624770945","1624770946","US","United States of America","California","Folsom"
"1624773531","1624773532","US","United States of America","New York","New York City"
"1624783922","1624783928","US","United States of America","Oregon","Portland"
"1624787953","1624787954","US","United States of America","Florida","Pompano Beach"
"1624791313","1624791314","US","United States of America","Virginia","Petersburg"
"1624796738","1624796740","US","United States of America","Georgia","Atlanta"
"1624803113","1624803113","US","United States of America","Michigan","Southfield"
"1624806055","1624806056","US","United States of America","Colorado","Greenwood Village"
"1624809757","1624809757","US","United States of America","Colorado","Arvada"
"1624814201","1624814202","US","United States of America","Colorado","Arvada"
"1624820093","1624820094","US","United States of America","Minnesota","New Hope"
"1624822991","1624822992","US","United States of America","Colorado","Greenwood Village"
"1624827551","1624827560","US","United States of America","California","Cupertino"
"1624830863","1624830864","US","United States of America","New York","New York City"
"1624836729","1624836730","US","United States of America","Maryland","Gaithersburg"
"1624842135","1624842136","US","United States of America","New York","New York City"
"1624844267","1624844268","US","United States of America","Illinois","Naperville"
"1624848059","1624848060","US","United States of America","Georgia","Atlanta"
"1624851175","1624851176","US","United States of America","New York","New York City"
"1624854287","1624854288","US","United States of America","Illinois","Naperville"
"1624857878","1624857878","US","United States of America","Pennsylvania","Wallingford"
"1624867573","1624867573","US","United States of America","Tennessee","Nashville"
"1624873783","1624873784","US","United States of America","California","Cupertino"
"1625054993","1625054993","US","United States of America","Pennsylvania","Beaver Falls"
"1625115136","1625115391","US","United States of America","New York","New York City"
"1625230607","1625230607","US","United States of America","California","Monterey"
"1625465856","1625466111","US","United States of America","Texas","Dallas"
"1625953024","1625953279","US","United States of America","New Jersey","Cranford"
"1626429952","1626430207","US","United States of America","District of Columbia","Washington"
"1626804992","1626805247","US","United States of America","California","Los Angeles"
"1627367680","1627367935","US","United States of America","Maryland","Landover"
"1631721000","1631721007","US","United States of America","North Carolina","Greensboro"
"1631734848","1631734879","US","United States of America","Georgia","Valdosta"
"1631749408","1631749415","US","United States of America","North Carolina","Huntersville"
"1631765672","1631765679","US","United States of America","Arkansas","Little Rock"
"1631785200","1631785207","US","United States of America","Florida","Jacksonville"
"1631803688","1631803695","US","United States of America","Arkansas","Little Rock"
"1631817248","1631817255","US","United States of America","Florida","West Palm Beach"
"1631830064","1631830079","US","United States of America","Arkansas","Little Rock"
"1631845568","1631845575","US","United States of America","Arkansas","Little Rock"
"1631856672","1631856675","US","United States of America","Florida","Winter Park"
"1631866408","1631866415","US","United States of America","Florida","Daytona Beach"
"1631877056","1631877071","US","United States of America","Florida","Ocoee"
"1631890448","1631890463","US","United States of America","Florida","Orlando"
"1631901420","1631901423","US","United States of America","Florida","Orlando"
"1631911344","1631911347","US","United States of America","Florida","Winter Haven"
"1632084132","1632084135","US","United States of America","Florida","Orlando"
"1632094288","1632094303","US","United States of America","Florida","Orlando"
"1632104992","1632104995","US","United States of America","Florida","Melbourne"
"1632263226","1632263226","US","United States of America","New York","New York City"
"1632342528","1632342719","US","United States of America","Georgia","Macon"
"1632378368","1632378399","US","United States of America","Florida","Orlando"
"1632395392","1632395395","US","United States of America","Florida","Largo"
"1632417104","1632417111","US","United States of America","Florida","Wesley Chapel"
"1632434096","1632434099","US","United States of America","Florida","Tampa"
"1632445488","1632445495","US","United States of America","Texas","Bellmead"
"1632455636","1632455639","US","United States of America","Texas","Pharr"
"1632467100","1632467103","US","United States of America","Texas","San Antonio"
"1632476008","1632476011","US","United States of America","Texas","Houston"
"1632485692","1632485695","US","United States of America","Texas","Austin"
"1632497584","1632497591","US","United States of America","Illinois","Naperville"
"1632510264","1632510267","US","United States of America","Alabama","Birmingham"
"1632534928","1632534935","US","United States of America","Florida","Auburndale"
"1632562896","1632562911","US","United States of America","California","Bakersfield"
"1632576432","1632576439","US","United States of America","Florida","Apopka"
"1632600792","1632600799","US","United States of America","Texas","El Paso"
"1632612496","1632612511","US","United States of America","California","El Segundo"
"1632622648","1632622651","US","United States of America","Texas","Dallas"
"1632635280","1632635287","US","United States of America","Louisiana","Ponchatoula"
"1632646468","1632646479","US","United States of America","Maryland","Frederick"
"1632788916","1632788931","US","United States of America","Maryland","Frederick"
"1633044432","1633044435","US","United States of America","Michigan","Mancelona"
"1633097472","1633097475","US","United States of America","Michigan","Holland"
"1633141232","1633141239","US","United States of America","Missouri","Sullivan"
"1633219160","1633219187","US","United States of America","Maryland","Frederick"
"1633237688","1633237691","US","United States of America","Maryland","Frederick"
"1633268064","1633268095","US","United States of America","Maryland","Frederick"
"1633279724","1633279727","US","United States of America","Louisiana","Slidell"
"1633313952","1633313967","US","United States of America","Oregon","Coos Bay"
"1633384976","1633385007","US","United States of America","Illinois","Naperville"
"1633503232","1633503743","US","United States of America","California","Hesperia"
"1633656576","1633656703","US","United States of America","Tennessee","Jackson"
"1634275528","1634275535","US","United States of America","Texas","Garland"
"1634284800","1634284807","US","United States of America","Texas","Garland"
"1634294408","1634294415","US","United States of America","Texas","El Paso"
"1634304736","1634304767","US","United States of America","Texas","Dallas"
"1634314416","1634314431","US","United States of America","Texas","Plano"
"1634322948","1634322951","US","United States of America","Texas","Dallas"
"1634334508","1634334511","US","United States of America","Texas","Richardson"
"1634752256","1634752511","US","United States of America","Texas","Dallas"
"1644170832","1644170832","US","United States of America","New York","Buffalo"
"1644212576","1644212583","US","United States of America","New York","New York City"
"1644226636","1644226667","US","United States of America","New York","New York City"
"1644561844","1644561847","US","United States of America","Texas","Austin"
"1644571304","1644571311","US","United States of America","Texas","San Antonio"
"1644580024","1644580031","US","United States of America","California","El Segundo"
"1644587800","1644587807","US","United States of America","Texas","San Antonio"
"1644596576","1644596583","US","United States of America","California","El Segundo"
"1644604684","1644604687","US","United States of America","Texas","Dallas"
"1644617056","1644617079","US","United States of America","Illinois","Naperville"
"1644625372","1644625383","US","United States of America","Texas","Houston"
"1645267515","1645267528","US","United States of America","New York","New York City"
"1645440770","1645440770","US","United States of America","North Carolina","Matthews"
"1645501880","1645501881","US","United States of America","California","Montclair"
"1645642592","1645642607","US","United States of America","Arkansas","Rogers"
"1645722112","1645722135","US","United States of America","Illinois","Chicago"
"1646445056","1646445311","US","United States of America","Texas","La Marque"
"1646916352","1646916607","US","United States of America","California","El Segundo"
"1647348224","1647349759","US","United States of America","South Carolina","Charleston"
"1647783168","1647783423","US","United States of America","Colorado","Aurora"
"1648327936","1648328191","US","United States of America","Illinois","Naperville"
"1650723888","1650723895","US","United States of America","Ohio","Stow"
"1650733536","1650733539","US","United States of America","Ohio","Troy"
"1650742096","1650742103","US","United States of America","Ohio","Columbus"
"1650753040","1650753055","US","United States of America","Missouri","Kansas City"
"1650762112","1650762127","US","United States of America","Illinois","Naperville"
"1650771172","1650771175","US","United States of America","Wisconsin","Brookfield"
"1650781988","1650781999","US","United States of America","Wisconsin","Oshkosh"
"1650795848","1650795855","US","United States of America","North Carolina","Hillsborough"
"1650805128","1650805135","US","United States of America","North Carolina","Raleigh"
"1650811592","1650811599","US","United States of America","North Carolina","Danbury"
"1650821304","1650821319","US","United States of America","Georgia","Atlanta"
"1650829228","1650829231","US","United States of America","North Carolina","Raleigh"
"1650841512","1650841515","US","United States of America","North Carolina","Greensboro"
"1650850376","1650850383","US","United States of America","New York","New York City"
"1650862208","1650862215","US","United States of America","Ohio","Columbus"
"1650871304","1650871311","US","United States of America","Virginia","Vienna"
"1650880616","1650880623","US","United States of America","Ohio","Columbus"
"1650888656","1650888663","US","United States of America","Ohio","Painesville"
"1650899784","1650899787","US","United States of America","Ohio","Macedonia"
"1650908736","1650908739","US","United States of America","Ohio","Columbus"
"1650917992","1650918007","US","United States of America","Virginia","Vienna"
"1650927144","1650927151","US","United States of America","Ohio","Cleveland"
"1650937192","1650937195","US","United States of America","Ohio","Columbus"
"1650945104","1650945107","US","United States of America","Ohio","Springfield"
"1650954920","1650954927","US","United States of America","Kentucky","Louisville"
"1650965664","1650965671","US","United States of America","Illinois","Naperville"
"1650979888","1650979891","US","United States of America","Illinois","Naperville"
"1651531008","1651532287","US","United States of America","Virginia","Arlington"
"1651989504","1651991295","US","United States of America","Virginia","Arlington"
"1652233292","1652233295","US","United States of America","Illinois","Naperville"
"1652240376","1652240379","US","United States of America","Ohio","Columbus"
"1652247228","1652247231","US","United States of America","Ohio","Cincinnati"
"1652254280","1652254287","US","United States of America","Illinois","Naperville"
"1652261728","1652261735","US","United States of America","Ohio","Pataskala"
"1652268716","1652268719","US","United States of America","Ohio","Trotwood"
"1652276796","1652276799","US","United States of America","Ohio","Circleville"
"1652284240","1652284243","US","United States of America","Ohio","North Canton"
"1652291872","1652291879","US","United States of America","Ohio","Harrison"
"1652336680","1652336687","US","United States of America","New York","New York City"
"1652341149","1652341149","US","United States of America","New York","New York City"
"1652540768","1652540771","US","United States of America","Montana","Billings"
"1653217568","1653217727","US","United States of America","New York","New York City"
"1653312880","1653312883","US","United States of America","New York","Lockport"
"1653437232","1653437247","US","United States of America","Delaware","Hockessin"
"1653477788","1653477791","US","United States of America","Minnesota","Rogers"
"1653802984","1653802991","US","United States of America","Hawaii","'Aiea"
"1653815428","1653815431","US","United States of America","Hawaii","Honolulu"
"1654131664","1654131671","US","United States of America","Illinois","Naperville"
"1654140096","1654140103","US","United States of America","California","Van Nuys"
"1654150160","1654150167","US","United States of America","California","Lakewood"
"1654161648","1654161651","US","United States of America","California","Carlsbad"
"1654170200","1654170207","US","United States of America","California","Carlsbad"
"1654179580","1654179583","US","United States of America","California","El Segundo"
"1654188256","1654188259","US","United States of America","California","Los Angeles"
"1654199504","1654199519","US","United States of America","California","El Segundo"
"1654208796","1654208803","US","United States of America","California","El Segundo"
"1654218944","1654218947","US","United States of America","California","El Segundo"
"1654231392","1654231399","US","United States of America","California","Orange"
"1654241380","1654241383","US","United States of America","California","Whittier"
"1654252232","1654252247","US","United States of America","California","El Segundo"
"1654264588","1654264591","US","United States of America","California","Lakewood"
"1654273160","1654273163","US","United States of America","California","El Segundo"
"1654281416","1654281419","US","United States of America","California","Ventura"
"1654290560","1654290567","US","United States of America","California","Buena Park"
"1654539520","1654539775","US","United States of America","Illinois","Naperville"
"1656031232","1656033279","US","United States of America","Florida","Pensacola"
"1656936448","1656936703","US","United States of America","Texas","Alief"
"1657604178","1657604180","US","United States of America","Tennessee","Knoxville"
"1657610742","1657610744","US","United States of America","Alabama","Tuscaloosa"
"1657619922","1657619924","US","United States of America","Michigan","Clinton"
"1657624826","1657624828","US","United States of America","Pennsylvania","Philadelphia"
"1657634089","1657634089","US","United States of America","Illinois","McHenry"
"1657647104","1657647104","US","United States of America","Pennsylvania","Philadelphia"
"1657658050","1657658076","US","United States of America","New Hampshire","Derry"
"1657724672","1657724927","US","United States of America","Illinois","Naperville"
"1658134528","1658134783","US","United States of America","Illinois","Mount Prospect"
"1658570496","1658570751","US","United States of America","New York","New York City"
"1659033088","1659033599","US","United States of America","Illinois","Naperville"
"1659505152","1659505407","US","United States of America","California","Berkeley"
"1659947776","1659948031","US","United States of America","Minnesota","Shoreview"
"1659971922","1659972000","US","United States of America","Oregon","Troutdale"
"1659980469","1659980469","US","United States of America","Maryland","Capitol Heights"
"1659986301","1659986301","US","United States of America","Maryland","Elkton"
"1659992177","1659992177","US","United States of America","Georgia","Atlanta"
"1660000305","1660000305","US","United States of America","Georgia","Augusta"
"1660006834","1660006836","US","United States of America","Pennsylvania","Philadelphia"
"1660013218","1660013220","US","United States of America","Indiana","Indianapolis"
"1660019289","1660019289","US","United States of America","Pennsylvania","Plum"
"1660028672","1660028927","US","United States of America","California","Madera"
"1660490752","1660491007","US","United States of America","Virginia","Winchester"
"1660926208","1660926719","US","United States of America","California","Cupertino"
"1661196544","1661196799","US","United States of America","Washington","Redmond"
"1661685240","1661685247","US","United States of America","Texas","Richardson"
"1661858256","1661858271","US","United States of America","Texas","Dallas"
"1662245128","1662245375","US","United States of America","California","Los Angeles"
"1662632216","1662632447","US","United States of America","California","Pleasanton"
"1663064064","1663065087","US","United States of America","Ohio","Strongsville"
"1663409072","1663409079","US","United States of America","Texas","Dallas"
"1663876096","1663877119","US","United States of America","Tennessee","Old Hickory"
"1664319496","1664319551","US","United States of America","California","Pleasanton"
"1664743688","1664743855","US","United States of America","California","Los Angeles"
"1665140736","1665140743","US","United States of America","Illinois","Oak Brook"
"1665516288","1665516295","US","United States of America","Michigan","Dearborn"
"1666053120","1666053375","JP","Japan","Tokyo","Tokyo"
"1667005184","1667005191","US","United States of America","California","El Segundo"
"1667447808","1667448831","US","United States of America","California","Woodland Hills"
"1668064256","1668064767","US","United States of America","California","Marina"
"1668589568","1668590079","US","United States of America","Kansas","Wichita"
"1669134080","1669134087","US","United States of America","Illinois","Oak Brook"
"1669597184","1669597439","US","United States of America","New York","New York City"
"1670027520","1670027783","US","United States of America","Texas","Longview"
"1670615048","1670615119","US","United States of America","California","Pleasanton"
"1671061760","1671062015","US","United States of America","Washington","Redmond"
"1671543808","1671544831","US","United States of America","Michigan","Livonia"
"1671869696","1671870463","US","United States of America","Texas","Houston"
"1672168704","1672168711","US","United States of America","California","San Francisco"
"1672475904","1672475911","US","United States of America","Ohio","Cleveland"
"1672823111","1672823111","DE","Germany","Hessen","Frankfurt am Main"
"1672829604","1672829605","IN","India","Telangana","Hyderabad"
"1672850688","1672850695","US","United States of America","Michigan","Dearborn"
"1673284888","1673285375","US","United States of America","California","Los Angeles"
"1673664512","1673664767","US","United States of America","New York","New York City"
"1674605352","1674605375","CA","Canada","Ontario","Toronto"
"1674672888","1674672895","CA","Canada","Alberta","Calgary"
"1674905976","1674905983","CA","Canada","Ontario","North York"
"1675378944","1675379711","CA","Canada","British Columbia","Vancouver"
"1675944960","1675945471","CA","Canada","Ontario","Toronto"
"1676402944","1676403967","CA","Canada","Quebec","Montreal"
"1676861184","1676861439","CA","Canada","Ontario","London"
"1677294336","1677294591","CA","Canada","Ontario","Wasaga Beach"
"1677703168","1677703423","CA","Canada","Ontario","Toronto"
"1678256896","1678257151","US","United States of America","New Jersey","Morristown"
"1679977216","1679977471","US","United States of America","Pennsylvania","Philadelphia"
"1680409766","1680409769","US","United States of America","Virginia","Norfolk"
"1680413275","1680413275","US","United States of America","New York","New York City"
"1680420352","1680420456","US","United States of America","District of Columbia","Washington"
"1680458172","1680458173","US","United States of America","California","Los Angeles"
"1680462198","1680462201","US","United States of America","New Jersey","Newark"
"1680466290","1680466290","US","United States of America","Pennsylvania","Harrisburg"
"1680590200","1680590207","US","United States of America","California","Riverside"
"1680601324","1680601327","US","United States of America","California","Fountain Valley"
"1694541824","1694542079","TW","Taiwan (Province of China)","Hsinchu","Hsinchu"
"1697985024","1697986047","VN","Viet Nam","Ho Chi Minh","Ho Chi Minh City"
"1700984832","1700985087","NZ","New Zealand","Nelson","Nelson"
"1701723296","1701723327","JP","Japan","Chiba","Ichihara"
"1703486208","1703486463","TW","Taiwan (Province of China)","Taipei","Taipei"
"1703866368","1703867903","JP","Japan","Shiga","Otsu"
"1705786880","1705787391","AU","Australia","Australian Capital Territory","Canberra"
"1709940224","1709940479","KR","Korea (the Republic of)","Gyeonggi-do","Uijeongbu"
"1711742720","1711742975","KE","Kenya","Machakos","Athi River"
"1712216576","1712217343","EG","Egypt","Al Qahirah","Cairo"
"1713020672","1713020927","TN","Tunisia","Tunis","Tunis"
"1713327104","1713328127","TN","Tunisia","Sousse","Harqalah"
"1713934592","1713934847","EG","Egypt","Al Jizah","Awsim"
"1714382592","1714383359","EG","Egypt","Al Qalyubiyah","Al Khankah"
"1714986240","1714986495","EG","Egypt","Al Qahirah","Cairo"
"1715324416","1715324671","EG","Egypt","As Suways","Suez"
"1715774464","1715774975","ZA","South Africa","Gauteng","Sandton"
"1716432896","1716433151","MA","Morocco","Marrakech-Safi","Marrakesh"
"1717657088","1717657343","MA","Morocco","Tanger-Tetouan-Al Hoceima","Tangier"
"1717999360","1717999615","MA","Morocco","Rabat-Sale-Kenitra","Sidi Qacem"
"1718384640","1718384895","TN","Tunisia","L'Ariana","Ariana"
"1718869504","1718870015","MU","Mauritius","Rodrigues Islands","Sottise"
"1719809024","1719810047","NG","Nigeria","Delta","Warri"
"1720530944","1720532991","CG","Congo","Brazzaville","Brazzaville"
"1721199616","1721199871","ZM","Zambia","Lusaka","Lusaka"
"1721548800","1721549055","TN","Tunisia","Gabes","Gabes"
"1721833472","1721833727","MU","Mauritius","Riviere du Rempart","Goodlands"
"1722211840","1722212095","KE","Kenya","Bungoma","Webuye"
"1722521088","1722521599","TN","Tunisia","Medenine","Houmt Souk"
"1722872536","1722872543","NG","Nigeria","Adamawa","Mubi"
"1723516160","1723516415","EG","Egypt","Bur Sa'id","Port Said"
"1723810048","1723810303","EG","Egypt","Ash Sharqiyah","Bilbays"
"1725014272","1725014527","CV","Cabo Verde","Sao Vicente","Mindelo"
"1725437184","1725437439","NG","Nigeria","Abuja Federal Capital Territory","Abuja"
"1725820160","1725820415","NG","Nigeria","Lagos","Oregun"
"1728165888","1728166655","AU","Australia","New South Wales","Macquarie Park"
"1728379106","1728379111","US","United States of America","New York","New York City"
"1728666624","1728667647","JP","Japan","Tokyo","Tokyo"
"1729107968","1729108223","BD","Bangladesh","Khulna","Mongla"
"1729557504","1729558527","NZ","New Zealand","Auckland","Auckland"
"1729949652","1729949655","JP","Japan","Chiba","Asahi"
"1730577152","1730577407","IN","India","Maharashtra","Mumbai"
"1731103744","1731103869","TH","Thailand","Krung Thep Maha Nakhon","Bangkok"
"1731569664","1731570687","VN","Viet Nam","Ho Chi Minh","Ho Chi Minh City"
"1731615623","1731615623","TR","Turkiye","Izmir","Hatay"
"1732124160","1732124167","PH","Philippines","Rizal","Sampaloc"
"1732685824","1732686079","IN","India","Haryana","Faridabad"
"1733197824","1733198847","KH","Cambodia","Phnom Penh","Phnom Penh"
"1733688320","1733689343","HK","Hong Kong","Hong Kong","Hong Kong"
"1734213888","1734214143","ID","Indonesia","Jawa Barat","Depok"
"1734718464","1734719487","CN","China","Jiangsu","Yangzhou"
"1735190016","1735190271","JP","Japan","Tokyo","Tokyo"
"1735648000","1735648255","ID","Indonesia","Jawa Tengah","Surakarta"
"1736094976","1736095231","PH","Philippines","National Capital Region","Makati"
"1736333312","1736334335","TW","Taiwan (Province of China)","Taipei","Taipei"
"1736840640","1736840721","AU","Australia","Victoria","Melbourne"
"1737226368","1737226495","PH","Philippines","Zambales","San Nicolas"
"1737593856","1737594879","ID","Indonesia","Jakarta Raya","Jakarta"
"1737965568","1737965823","AU","Australia","Victoria","Melbourne"
"1738293248","1738293759","IN","India","Telangana","Hyderabad"
"1738648576","1738649087","VN","Viet Nam","Ho Chi Minh","Ho Chi Minh City"
"1739001600","1739001855","BD","Bangladesh","Khulna","Kaliganj"
"1739318272","1739318527","AU","Australia","New South Wales","Sydney"
"1739641600","1739641855","IN","India","Goa","Panaji"
"1740035584","1740036095","-","-","-","-"
"1740369940","1740369940","AU","Australia","New South Wales","Albury"
"1740636160","1740637183","CN","China","Beijing","Beijing"
"1741065216","1741065912","SG","Singapore","Singapore","Singapore"
"1741659144","1741659151","HK","Hong Kong","Hong Kong","Hong Kong"
"1741886464","1741886719","IN","India","West Bengal","Puruliya"
"1742338304","1742338559","IN","India","Gujarat","Surat"
"1743039488","1743040511","IN","India","Maharashtra","Mumbai"
"1743399936","1743400959","JP","Japan","Tokyo","Tokyo"
"1743963136","1743963647","IN","India","West Bengal","Kolkata"
"1744422912","1744423423","VN","Viet Nam","Nam Dinh","Nam Dinh"
"1744935936","1744936959","US","United States of America","North Carolina","Raleigh"
"1745830912","1745831423","US","United States of America","California","San Leandro"
"1746673920","1746673923","US","United States of America","Florida","Orlando"
"1746677862","1746677873","US","United States of America","Texas","Dallas"
"1746682466","1746682467","CN","China","Chongqing","Chongqing"
"1746686756","1746686757","CN","China","Anhui","Fuyang"
"1746690874","1746690875","CN","China","Jiangxi","Ganzhou"
"1746695504","1746695505","CN","China","Guangdong","Dongguan"
"1746699419","1746699420","US","United States of America","New York","Huntington"
"1746702858","1746702880","US","United States of America","New York","New York City"
"1746706337","1746706347","US","United States of America","Texas","Flower Mound"
"1746709979","1746709987","US","United States of America","Oregon","Portland"
"1746717532","1746717538","VE","Venezuela (Bolivarian Republic of)","Distrito Capital","Caracas"
"1746724773","1746724777","YT","Mayotte","Mamoudzou","Mamoudzou"
"1746829633","1746829635","BG","Bulgaria","Sofia (stolitsa)","Sofia"
"1746837570","1746837571","AU","Australia","New South Wales","Maroubra"
"1746838628","1746838628","US","United States of America","New York","New York City"
"1746839836","1746839836","AU","Australia","New South Wales","Maroubra"
"1746840969","1746840969","US","United States of America","New York","Cheektowaga"
"1746842477","1746842477","US","United States of America","New York","New York City"
"1747251628","1747251631","US","United States of America","Washington","Bellingham"
"1747715762","1747715763","US","United States of America","California","Santa Clara"
"1747718120","1747718127","US","United States of America","Washington","Redmond"
"1747719942","1747719943","SG","Singapore","Singapore","Singapore"
"1747722844","1747722851","TW","Taiwan (Province of China)","Taipei","Taipei"
"1747725365","1747725365","BR","Brazil","Sao Paulo","Sao Paulo"
"1747727853","1747727854","JP","Japan","Osaka","Osaka"
"1747764317","1747764317","AU","Australia","New South Wales","Sydney"
"1747772350","1747772350","US","United States of America","Illinois","Chicago"
"1747775220","1747775220","BR","Brazil","Sao Paulo","Sao Paulo"
"1748513280","1748513791","US","United States of America","Florida","Navarre"
"1749905152","1749909247","US","United States of America","Massachusetts","Cambridge"
"1752908544","1752908799","US","United States of America","Massachusetts","Cambridge"
"1753373632","1753373647","US","United States of America","Texas","San Antonio"
"1753725480","1753725487","PT","Portugal","Lisboa","Lisbon"
"1754171682","1754171685","GB","United Kingdom of Great Britain and Northern Ireland","England","London"
"1754846720","1754847231","US","United States of America","Illinois","Casey"
"1755146176","1755146239","CA","Canada","Alberta","St. Albert"
"1755311304","1755311327","US","United States of America","Maryland","Frederick"
"1755841536","1755841599","US","United States of America","California","Rancho Cucamonga"
"1756460032","1756461055","US","United States of America","California","La Jolla"
"1757341696","1757342719","US","United States of America","Tennessee","Clinton"
"1758087828","1758087831","US","United States of America","California","Rocklin"
"1758312704","1758313471","CA","Canada","Alberta","Calgary"
"1759154652","1759154652","US","United States of America","Illinois","Naperville"
"1759337216","1759337471","CA","Canada","Quebec","Quebec"
"1759701248","1759701503","US","United States of America","New York","New York City"
"1760527360","1760528895","US","United States of America","Texas","San Antonio"
"1760892648","1760892655","US","United States of America","Idaho","Boise"
"1761039376","1761039383","US","United States of America","California","Castroville"
"1761450477","1761450477","US","United States of America","Florida","Miami"
"1761596416","1761596671","US","United States of America","Minnesota","Minneapolis"
"1762658725","1762658725","KE","Kenya","Mombasa","Mombasa"
"1763270656","1763278847","KE","Kenya","Nairobi City","Nairobi"
"1763841792","1763842047","EG","Egypt","Al Fayyum","Itsa"
"1764130560","1764130815","EG","Egypt","Al Qalyubiyah","Al Khankah"
"1764422912","1764423167","EG","Egypt","Al Qahirah","Badr"
"1766172160","1766172415","MA","Morocco","Casablanca-Settat","Sidi Rahal"
"1767024384","1767028735","EG","Egypt","Al Qahirah","Cairo"
"1767977728","1767979263","DZ","Algeria","Alger","Algiers"
"1768374272","1768374527","DZ","Algeria","Tizi Ouzou","Azazga"
"1768693760","1768694015","DZ","Algeria","Bejaia","Chemini"
"1769017344","1769017599","NG","Nigeria","Sokoto","Sokoto"
"1770236160","1770236415","MA","Morocco","Casablanca-Settat","Casablanca"
"1770576640","1770577151","MA","Morocco","Rabat-Sale-Kenitra","Rabat"
"1771102208","1771102463","MA","Morocco","Rabat-Sale-Kenitra","Temara"
"1771437568","1771437823","MA","Morocco","Fes- Meknes","Skhirat"
"1771774464","1771774719","MA","Morocco","Tanger-Tetouan-Al Hoceima","Tetouan"
"1772163072","1772163327","KE","Kenya","Embu","Embu"
"1772940544","1772940799","AO","Angola","Uige","Uige"
"1773801472","1773801727","ZA","South Africa","Western Cape","Mfuleni"
"1774278656","1774278911","EG","Egypt","Al Jizah","Giza"
"1774893056","1774893311","EG","Egypt","Qina","Dishna"
"1775649280","1775649535","ZA","South Africa","Free State","Parys"
"1776842240","1776843007","NA","Namibia","Khomas","Windhoek"
"1777761536","1777762047","ZA","South Africa","Kwazulu-Natal","Howick"
"1778127616","1778127871","ZA","South Africa","Kwazulu-Natal","Pietermaritzburg"
"1781769216","1781769471","IN","India","Karnataka","Tumkur"
"1783464192","1783464447","IN","India","Uttarakhand","Uttarkashi"
"1786985472","1786985727","JP","Japan","Tokyo","Honmachi"
"1788276224","1788276479","JP","Japan","Tokyo","Marunouchi"
"1789062441","1789062442","JP","Japan","Tochigi","Oyama"
"1790451424","1790451439","JP","Japan","Aichi","Anjo"
"1791141632","1791141887","IN","India","Madhya Pradesh","Agar"
"1791627520","1791627775","IN","India","Assam","Barama"
"1791959296","1791959551","IN","India","Bihar","Tekari"
"1792318720","1792319231","IN","India","Rajasthan","Jaipur"
"1792656384","1792656639","IN","India","Andhra Pradesh","Visakhapatnam"
"1793049600","1793049855","IN","India","Uttar Pradesh","Jhinjhana"
"1795183574","1795183580","US","United States of America","Florida","Jacksonville"
"1795207465","1795207465","US","United States of America","Texas","Pasadena"
"1795245598","1795245632","US","United States of America","New York","New York City"
"1795251822","1795251824","US","United States of America","New York","New York City"
"1795269897","1795269897","US","United States of America","Texas","Rosenberg"
"1795291774","1795291903","US","United States of America","Colorado","Greenwood Village"
"1795617280","1795617791","US","United States of America","California","Santa Clara"
"1795634944","1795634951","US","United States of America","Georgia","Atlanta"
"1795648184","1795648199","US","United States of America","Alabama","Auburn"
"1795661840","1795661855","US","United States of America","Georgia","Atlanta"
"1795672376","1795672383","US","United States of America","Alabama","Birmingham"
"1795682584","1795682587","US","United States of America","Texas","Victoria"
"1796139264","1796139519","US","United States of America","Illinois","Naperville"
"1799718656","1799718911","US","United States of America","New York","New York City"
"1800266496","1800267775","US","United States of America","California","Van Nuys"
"1800831744","1800832255","US","United States of America","New York","New York City"
"1801825792","1801826047","US","United States of America","Virginia","Arlington"
"1802524928","1802525439","US","United States of America","Virginia","Arlington"
"1803032576","1803032831","US","United States of America","Virginia","Arlington"
"1803524096","1803524863","US","United States of America","New York","New York City"
"1804313600","1804314623","US","United States of America","Tennessee","Murfreesboro"
"1804611312","1804611343","US","United States of America","Florida","Tampa"
"1804629504","1804629535","US","United States of America","Florida","Tampa"
"1805000192","1805000703","US","United States of America","Georgia","Atlanta"
"1805718822","1805718822","US","United States of America","Virginia","Virginia Beach"
"1806456912","1806456919","US","United States of America","California","Rancho Cucamonga"
"1806569152","1806569215","US","United States of America","California","Rancho Cucamonga"
"1806669400","1806669415","US","United States of America","New York","Buffalo"
"1806830143","1806830149","US","United States of America","Texas","Hudson Oaks"
"1807292672","1807292927","US","United States of America","Colorado","Greenwood Village"
"1808038912","1808039935","US","United States of America","California","Los Angeles"
"1808795648","1808796671","US","United States of America","California","Oakland"
"1809634304","1809635327","US","United States of America","Nevada","Reno"
"1810982912","1810983167","US","United States of America","New York","New York City"
"1812409856","1812410111","US","United States of America","Virginia","Ashburn"
"1813005056","1813005311","US","United States of America","Pennsylvania","Downingtown"
"1813574144","1813574399","US","United States of America","New Jersey","Mount Holly"
"1814028288","1814028543","US","United States of America","Virginia","Dale City"
"1814548736","1814548991","US","United States of America","Pennsylvania","Glenshaw"
"1815149056","1815149311","US","United States of America","Texas","Arcola"
"1815465728","1815465983","US","United States of America","New Jersey","Elizabeth"
"1815744424","1815744431","US","United States of America","New York","Hicksville"
"1815753936","1815753943","US","United States of America","New York","Lindenhurst"
"1815763600","1815763607","US","United States of America","New York","Bethpage"
"1815773216","1815773223","US","United States of America","New Jersey","Tenafly"
"1815782768","1815782775","US","United States of America","New Jersey","Newark"
"1815792304","1815792319","US","United States of America","New York","Hicksville"
"1815802952","1815802967","US","United States of America","Connecticut","Norwalk"
"1816111360","1816111871","CA","Canada","British Columbia","Vancouver"
"1816840192","1816841215","US","United States of America","Indiana","Evansville"
"1817642104","1817642111","US","United States of America","Texas","Dallas"
"1821486592","1821486639","US","United States of America","Virginia","Arlington"
"1821873408","1821873663","US","United States of America","New York","New York City"
"1822488768","1822488775","CA","Canada","Ontario","Ottawa"
"1822560072","1822560087","US","United States of America","New York","Brooklyn"
"1822570192","1822570207","US","United States of America","New York","Bronx"
"1822831344","1822831415","US","United States of America","Texas","San Antonio"
"1823051056","1823051063","US","United States of America","North Carolina","Apex"
"1823058404","1823058407","US","United States of America","Ohio","Kettering"
"1823101472","1823101487","US","United States of America","New York","Hicksville"
"1823111848","1823111855","US","United States of America","New York","Yonkers"
"1823347400","1823347403","CA","Canada","Nova Scotia","Jacksons Point"
"1823475808","1823475819","US","United States of America","New Jersey","Newark"
"1823487756","1823487763","US","United States of America","New York","New York City"
"1823497424","1823497431","US","United States of America","New York","New York City"
"1823505728","1823505759","US","United States of America","New York","Lake George"
"1823626520","1823626527","US","United States of America","California","El Segundo"
"1823634676","1823634679","US","United States of America","Texas","Plano"
"1823642620","1823642623","US","United States of America","California","Los Angeles"
"1823650440","1823650447","US","United States of America","Illinois","Naperville"
"1823680608","1823680623","US","United States of America","New York","Huntington"
"1824261120","1824261375","US","United States of America","Florida","Largo"
"1824801792","1824802815","US","United States of America","Michigan","Flat Rock"
"1825467392","1825468415","US","United States of America","Florida","Deerfield Beach"
"1826146304","1826146815","US","United States of America","Oklahoma","Oklahoma City"
"1826860032","1826861055","US","United States of America","California","East Rancho Dominguez"
"1827610112","1827610623","US","United States of America","South Carolina","Charleston"
"1828388864","1828389887","US","United States of America","California","Antioch"
"1828882992","1828882999","FR","France","Ile-de-France","Pantin"
"1828904996","1828905003","FR","France","Auvergne-Rhone-Alpes","Lyon"
"1828950304","1828950319","FR","France","Auvergne-Rhone-Alpes","Barby"
"1829176032","1829176047","FR","France","Provence-Alpes-Cote-d'Azur","Marseille"
"1829193792","1829193803","FR","France","Ile-de-France","Paris"
"1829237248","1829237503","FR","France","Provence-Alpes-Cote-d'Azur","Septemes-les-Vallons"
"1829793792","1829794047","FR","France","Bretagne","Bains-sur-Oust"
"1830146304","1830146815","FR","France","Ile-de-France","Saint-Denis"
"1830458508","1830458511","FR","France","Normandie","Aube"
"1830481716","1830481727","FR","France","Provence-Alpes-Cote-d'Azur","Avignon"
"1830790144","1830790399","FR","France","Auvergne-Rhone-Alpes","Lyon"
"1832280320","1832280575","IT","Italy","Trentino-Alto Adige","Mareo"
"1832603904","1832604159","DK","Denmark","Hovedstaden","Graested"
"1833271416","1833271431","IT","Italy","Lombardia","Merate"
"1833411712","1833411712","CA","Canada","Quebec","Montreal"
"1833608960","1833609215","RU","Russian Federation","Permskiy kray","Chusovoy"
"1833891072","1833891327","IE","Ireland","Kildare","Old Kilcullen"
"1834498560","1834498815","BE","Belgium","Hainaut","Charleroi"
"1834852352","1834852607","RS","Serbia","Sumadijski okrug","Kragujevac"
"1835329280","1835329535","RO","Romania","Bucuresti","Bucharest"
"1835623183","1835623189","SE","Sweden","Stockholms lan","Stockholm"
"1835905024","1835905279","GB","United Kingdom of Great Britain and Northern Ireland","England","Leeds"
"1836320768","1836321023","IT","Italy","Piemonte","Ivrea"
"1836723444","1836723452","NL","Netherlands (Kingdom of the)","Noord-Holland","Amsterdam"
"1837118720","1837118975","BE","Belgium","West-Vlaanderen","Koksijde"
"1837458688","1837458943","BE","Belgium","Namur","Ciney"
"1837842944","1837843199","BE","Belgium","Namur","Philippeville"
"1838227712","1838227967","GB","United Kingdom of Great Britain and Northern Ireland","England","Brent"
"1838497536","1838497791","GB","United Kingdom of Great Britain and Northern Ireland","Wales","Cardiff"
"1838764288","1838764543","GB","United Kingdom of Great Britain and Northern Ireland","England","London"
"1839032064","1839032319","GB","United Kingdom of Great Britain and Northern Ireland","Wales","Cardiff"
"1839231488","1839232767","BG","Bulgaria","Sofia (stolitsa)","Sofia"
"1839634776","1839634783","RO","Romania","Ilfov","Voluntari"
"1839732368","1839732375","IT","Italy","Liguria","Genova"
"1839743696","1839743703","IT","Italy","Sicilia","Palermo"
"1839803664","1839803679","GB","United Kingdom of Great Britain and Northern Ireland","England","Gosport"
"1840318976","1840319231","AE","United Arab Emirates","Dubayy","Dubai"
"1840726528","1840726783","CZ","Czechia","Praha, Hlavni mesto","Prague"
"1841114624","1841115391","NO","Norway","Viken","Nesoddtangen"
"1841732096","1841733631","DK","Denmark","Sjaelland","Holbaek"
"1842105920","1842106111","GB","United Kingdom of Great Britain and Northern Ireland","England","London"
"1842286080","1842286335","RU","Russian Federation","Moskva","Moscow"
"1842846720","1842846975","FR","France","Bourgogne-Franche-Comte","Marnay"
"1843334400","1843334655","FR","France","Bretagne","Saint-Jean-Brevelay"
"1843865600","1843865855","PL","Poland","Podlaskie","Suprasl"
"1844176224","1844176227","DE","Germany","Baden-Wurttemberg","Niederstotzingen"
"1844402112","1844403783","GB","United Kingdom of Great Britain and Northern Ireland","England","Studley"
"1844829436","1844829436","RS","Serbia","Sumadijski okrug","Topola"
"1844964944","1844964951","NO","Norway","Viken","Kongsberg"
"1846043392","1846043647","KR","Korea (the Republic of)","Gyeongsangbuk-do","Gumi"
"1847670528","1847670783","AU","Australia","Australian Capital Territory","Canberra"
"1849062144","1849062911","JP","Japan","Nagasaki","Nagasaki"
"1852306176","1852306687","CN","China","Liaoning","Chaoyang"
"1854531584","1854531839","ID","Indonesia","Jakarta Raya","Jakarta"
"1854849314","1854849316","AU","Australia","Australian Capital Territory","Canberra"
"1855030758","1855030760","AU","Australia","New South Wales","Westdale"
"1855033369","1855033369","AU","Australia","New South Wales","Sydney"
"1855035925","1855035925","AU","Australia","Victoria","Melbourne"
"1855038581","1855038581","AU","Australia","Victoria","Melbourne"
"1855040926","1855040928","AU","Australia","New South Wales","Sydney"
"1855043821","1855043821","AU","Australia","Victoria","Melbourne"
"1855046546","1855046548","AU","Australia","Victoria","Melbourne"
"1855049393","1855049393","AU","Australia","Queensland","Brisbane"
"1855052105","1855052105","AU","Australia","Victoria","Melbourne"
"1855054466","1855054468","AU","Australia","New South Wales","Chatham"
"1855057093","1855057093","AU","Australia","Queensland","Brisbane"
"1855059582","1855059584","AU","Australia","New South Wales","Sydney"
"1855963136","1855963391","MY","Malaysia","Pulau Pinang","George Town"
"1856911360","1856912383","AU","Australia","New South Wales","Ryde"
"1856953208","1856953211","AU","Australia","Tasmania","Glebe"
"1857001728","1857001983","AU","Australia","New South Wales","Sydney"
"1859189504","1859189759","CN","China","Guangdong","Zhaoqing"
"1860794112","1860794367","JP","Japan","Ibaraki","Tsukuba"
"1865013248","1865015551","CN","China","Beijing","Beijing"
"1867675904","1867676159","TW","Taiwan (Province of China)","Pingtung","Pingtung"
"1868157952","1868158975","JP","Japan","Tokyo","Tokyo"
"1868591285","1868591285","JP","Japan","Aomori","Mutsu"
"1869388944","1869388951","JP","Japan","Tokyo","Tokyo"
"1873394688","1873399039","JP","Japan","Okayama","Okayama"
"1876927744","1876927999","LK","Sri Lanka","Western Province","Horawala Junction"
"1878581248","1878585343","TW","Taiwan (Province of China)","Taipei","Taipei"
"1881473280","1881473535","CN","China","Shandong","Binzhou"
"1884451328","1884451583","CN","China","Jiangsu","Yancheng"
"1885452288","1885452543","CN","China","Guangdong","Dongguan"
"1887890944","1887891199","LK","Sri Lanka","Southern Province","Weligama"
"1889198848","1889202431","KR","Korea (the Republic of)","Seoul-teukbyeolsi","Seoul"
"1890335744","1890335999","KR","Korea (the Republic of)","Gyeonggi-do","Icheon"
"1891895672","1891895695","IN","India","Punjab","Jalandhar"
"1892434944","1892435711","PH","Philippines","National Capital Region","Mandaluyong City"
"1892896000","1892896255","PH","Philippines","Cavite","Aliang"
"1897096192","1897097215","PH","Philippines","Pangasinan","Binalonan"
"1897934600","1897934671","JP","Japan","Tokyo","Tokyo"
"1898274112","1898274895","JP","Japan","Tokyo","Tokyo"
"1898654280","1898654287","JP","Japan","Miyagi","Sendai"
"1899364112","1899364119","TH","Thailand","Krung Thep Maha Nakhon","Bangkok"
"1902638080","1902638335","CN","China","Guangdong","Jiangmen"
"1905611888","1905612295","JP","Japan","Tokyo","Tokyo"
"1906498560","1906498815","VN","Viet Nam","Ninh Thuan","Phan Rang-Thap Cham"
"1906837248","1906837503","VN","Viet Nam","Hai Phong","Haiphong"
"1907307776","1907308031","VN","Viet Nam","Lang Son","Lang Son"
"1907678976","1907679231","VN","Viet Nam","An Giang","Long Xuyen"
"1908077568","1908077823","VN","Viet Nam","Nghe An","Dong Thap"
"1908498176","1908498431","IN","India","Gujarat","Ahmedabad"
"1909760010","1909760144","ID","Indonesia","Kepulauan Riau","Batam"
"1913811456","1913811711","JP","Japan","Nagasaki","Nagasaki"
"1914883328","1914883583","TW","Taiwan (Province of China)","Taoyuan","Taoyuan"
"1915661312","1915661567","TW","Taiwan (Province of China)","Taipei","Taipei"
"1917574912","1917575167","AU","Australia","New South Wales","Macquarie Park"
"1920649216","1920649471","ID","Indonesia","Kalimantan Barat","Nangah Pinoh"
"1921915392","1921915647","JP","Japan","Kumamoto","Kumamoto"
"1923004160","1923004415","JP","Japan","Tokyo","Tokyo"
"1923507968","1923508223","JP","Japan","Tokyo","Tokyo"
"1924346224","1924346247","JP","Japan","Tokyo","Tokyo"
"1924881664","1924881919","JP","Japan","Tokyo","Tokyo"
"1926017536","1926017791","KR","Korea (the Republic of)","Seoul-teukbyeolsi","Seoul"
"1931798016","1931798527","JP","Japan","Aichi","Nisshin"
"1933586432","1933586447","AU","Australia","New South Wales","Sydney"
"1933694208","1933694463","JP","Japan","Saitama","Saitama"
"1934469888","1934470143","VN","Viet Nam","Ba Ria - Vung Tau","Ben Dinh"
"1935912960","1935913215","IN","India","Karnataka","Bengaluru"
"1937674336","1937674343","JP","Japan","Aichi","Toyohashi"
"1938125824","1938126079","MY","Malaysia","Sabah","Tawau"
"1938998540","1938998563","PH","Philippines","National Capital Region","Mandaluyong City"
"1939017215","1939017215","PH","Philippines","National Capital Region","Makati"
"1939021520","1939021539","PH","Philippines","National Capital Region","Mandaluyong City"
"1939026704","1939026704","PH","Philippines","National Capital Region","Makati"
"1939057636","1939057639","PH","Philippines","National Capital Region","Mandaluyong City"
"1941028864","1941029375","JP","Japan","Hyogo","Kobe"
"1944533228","1944533231","CN","China","Zhejiang","Ningbo"
"1944857088","1944857091","CN","China","Guangdong","Shaoguan"
"1945018992","1945019007","CN","China","Zhejiang","Ningbo"
"1946358784","1946419199","CN","China","Liaoning","Dalian"
"1949374720","1949374975","HK","Hong Kong","Hong Kong","Cheung Kang"
"1951054592","1951054847","IN","India","Maharashtra","Mumbai"
"1952461824","1952462079","VN","Viet Nam","Yen Bai","Yen Bai"
"1953023744","1953023999","VN","Viet Nam","Ha Noi","Hanoi"
"1953530112","1953530119","CN","China","Nei Mongol","Hohhot"
"1954413056","1954416895","KR","Korea (the Republic of)","Seoul-teukbyeolsi","Seoul"
"1959698944","1959699199","NZ","New Zealand","Canterbury","Christchurch"
"1961662374","1961662374","CN","China","Beijing","Beijing"
"1962979328","1962980351","VN","Viet Nam","Ha Noi","Hanoi"
"1964467712","1964470271","CN","China","Shaanxi","Xianyang"
"1966902528","1966907391","CN","China","Jiangsu","Suzhou"
"1969662976","1969663103","JP","Japan","Niigata","Shirone"
"1974286336","1974287103","CN","China","Sichuan","Dazhou"
"1975730688","1975730943","IN","India","West Bengal","Kolkata"
"1976134400","1976134655","IN","India","Rajasthan","Jaitaran"
"1976500736","1976500991","IN","India","Punjab","Jalandhar"
"1976922112","1976922367","IN","India","Tamil Nadu","Pallippatti"
"1977389824","1977390079","IN","India","Punjab","Dirba"
"1977805824","1977806079","IN","India","Delhi","Delhi"
"1978239744","1978239999","IN","India","West Bengal","Durgapur"
"1978600000","1978600015","IN","India","Haryana","Sirsa"
"1978616600","1978616607","IN","India","Delhi","Delhi"
"1978635264","1978635271","IN","India","Andhra Pradesh","Kakinada"
"1978659808","1978659839","IN","India","Tamil Nadu","Namakkal"
"1978710192","1978710199","IN","India","Gujarat","Vadodara"
"1978982656","1978982911","IN","India","Kerala","Mattanur"
"1979320624","1979320639","IN","India","Delhi","Delhi"
"1979496960","1979497215","IN","India","West Bengal","Kharagpur"
"1980827648","1980827903","JP","Japan","Osaka","Osaka"
"1981162456","1981162471","JP","Japan","Tokyo","Tokyo"
"1982678016","1982678783","KR","Korea (the Republic of)","Gyeonggi-do","Seongnam"
"1984376064","1984376319","VN","Viet Nam","Ha Noi","Hanoi"
"1985845248","1985845503","NZ","New Zealand","Auckland","Mount Albert"
"1986431700","1986431703","IN","India","Tamil Nadu","Chennai"
"1986732659","1986732659","HK","Hong Kong","Hong Kong","Hong Kong"
"1989660928","1989661183","IN","India","Karnataka","Bengaluru"
"1990590464","1990590719","TW","Taiwan (Province of China)","New Taipei","Banqiao"
"1991116456","1991116463","TH","Thailand","Ang Thong","Ang Thong"
"1991147544","1991147571","TH","Thailand","Krung Thep Maha Nakhon","Bangkok"
"1991185440","1991185467","TH","Thailand","Krung Thep Maha Nakhon","Bangkok"
"1993490176","1993490431","AU","Australia","Australian Capital Territory","Canberra"
"1995185920","1995186687","JP","Japan","Tokyo","Tokyo"
"1996988416","1996992511","CN","China","Sichuan","Suining"
"1998198784","1998199295","JP","Japan","Osaka","Osaka"
"2001301760","2001302015","PK","Pakistan","Islamabad","Islamabad"
"2001900032","2001900287","AU","Australia","New South Wales","Sydney"
"2002562552","2002562559","PH","Philippines","National Capital Region","Makati"
"2002594471","2002594471","PH","Philippines","Tarlac","Tarlac"
"2002618284","2002618284","PH","Philippines","Pangasinan","Manaoag"
"2002643708","2002643772","PH","Philippines","National Capital Region","Mandaluyong City"
"2005888512","2005888767","CN","China","Guangdong","Zhuhai"
"2007070720","2007074815","CN","China","Beijing","Beijing"
"2009555456","2009555711","KR","Korea (the Republic of)","Gyeongsangnam-do","Changji-dong"
"2011468544","2011470079","JP","Japan","Osaka","Osaka"
"2012528640","2012530687","JP","Japan","Kanagawa","Yokohama"
"2014648320","2014648575","AU","Australia","South Australia","Adelaide"
"2016968704","2016968959","IN","India","Tamil Nadu","Dindigul"
"2018934485","2018934527","CN","China","Guangdong","Guangzhou"
"2020804864","2020805375","TW","Taiwan (Province of China)","Taipei","Taipei"
"2023199962","2023199964","AU","Australia","Western Australia","Perth"
"2026717184","2026718207","CN","China","Xinjiang Uygur","Altay"
"2028923904","2028925951","CN","China","Beijing","Beijing"
"2030743680","2030743703","CN","China","Guangdong","Maoming"
"2031091536","2031091539","CN","China","Guangdong","Huizhou"
"2033801216","2033815295","CN","China","Nei Mongol","Chifeng"
"2035472384","2035472639","JP","Japan","Hyogo","Himeji"
"2036237824","2036238079","JP","Japan","Miyagi","Sendai"
"2036621568","2036622079","KR","Korea (the Republic of)","Gyeonggi-do","Seongnam"
"2037450496","2037451007","JP","Japan","Tochigi","Utsunomiya"
"2038124032","2038124287","MY","Malaysia","Selangor","Shah Alam"
"2039372288","2039373055","KR","Korea (the Republic of)","Gyeonggi-do","Seongnam"
"2040413952","2040416255","KR","Korea (the Republic of)","Gyeonggi-do","Seongnam"
"2041527808","2041528063","KR","Korea (the Republic of)","Busan-gwangyeoksi","Busan"
"2042547200","2042548223","KR","Korea (the Republic of)","Gyeonggi-do","Seongnam"
"2044510720","2044511487","AU","Australia","New South Wales","Sydney"
"2046896616","2046896623","JP","Japan","Hyogo","Amagasaki"
"2047018088","2047018095","PH","Philippines","Lanao del Norte","Paradise"
"2047043516","2047043516","PH","Philippines","Bulacan","Hagonoy"
"2047069059","2047069066","PH","Philippines","National Capital Region","Mandaluyong City"
"2048785664","2048785919","JP","Japan","Aomori","Aomori"
"2050254814","2050254818","PH","Philippines","National Capital Region","Mandaluyong City"
"2050275265","2050275610","PH","Philippines","National Capital Region","Mandaluyong City"
"2050310033","2050310033","PH","Philippines","National Capital Region","Mandaluyong City"
"2050383642","2050383693","PH","Philippines","National Capital Region","Mandaluyong City"
"2050399988","2050399996","PH","Philippines","National Capital Region","Mandaluyong City"
"2050428288","2050428447","PH","Philippines","National Capital Region","Mandaluyong City"
"2050863104","2050863359","NZ","New Zealand","Canterbury","Christchurch"
"2053774592","2053774847","AU","Australia","New South Wales","Nemingha"
"2055419904","2055420927","JP","Japan","Hiroshima","Hiroshima"
"2056473536","2056473567","TW","Taiwan (Province of China)","Taichung","Taichung"
"2057313112","2057313119","IN","India","Gujarat","Sachin"
"2057428480","2057428991","IN","India","Tamil Nadu","Thanjavur"
"2057905664","2057905919","IN","India","Gujarat","Dwarka"
"2058248448","2058248703","IN","India","Telangana","Khammam"
"2058603264","2058603519","IN","India","Delhi","New Delhi"
"2058828288","2058828543","IN","India","Uttarakhand","Barkot"
"2058947560","2058947567","IN","India","Uttar Pradesh","Jaunpur"
"2058958952","2058958955","IN","India","Delhi","Delhi"
"2058972300","2058972303","IN","India","Tamil Nadu","Mayiladuthurai"
"2058982804","2058982807","IN","India","Maharashtra","Mumbai"
"2058996952","2058996999","IN","India","Delhi","Delhi"
"2059009304","2059009431","IN","India","Delhi","Delhi"
"2059028152","2059028155","IN","India","Madhya Pradesh","Shajapur"
"2059046724","2059046727","IN","India","Delhi","Delhi"
"2059060776","2059060799","IN","India","Delhi","Delhi"
"2059072884","2059072899","IN","India","Madhya Pradesh","Bihar"
"2059088620","2059088623","IN","India","Punjab","Ludhiana"
"2059103036","2059103039","IN","India","Karnataka","Bengaluru"
"2059114400","2059114415","IN","India","Delhi","Delhi"
"2059128304","2059128335","IN","India","Delhi","Delhi"
"2059617544","2059617563","CN","China","Jiangsu","Changzhou"
"2060688440","2060688447","JP","Japan","Hyogo","Amagasaki"
"2061302464","2061302467","JP","Japan","Hyogo","Aioi"
"2061582568","2061582583","CN","China","Zhejiang","Haining"
"2061641308","2061641327","CN","China","Zhejiang","Jinhua"
"2061682172","2061682175","CN","China","Zhejiang","Jinhua"
"2061702100","2061702103","CN","China","Zhejiang","Jinhua"
"2061735680","2061735819","CN","China","Zhejiang","Ningbo"
"2061751108","2061751115","CN","China","Zhejiang","Cixi"
"2061804196","2061804199","CN","China","Zhejiang","Hangzhou"
"2063117488","2063117495","NZ","New Zealand","Auckland","Auckland"
"2064200704","2064208895","CN","China","Henan","Anyang"
"2065099520","2065099775","VN","Viet Nam","Ba Ria - Vung Tau","Lang Long Son"
"2065572392","2065572407","VN","Viet Nam","Ha Noi","Hanoi"
"2068435968","2068439039","CN","China","Shanxi","Changzhi"
"2072895232","2072895487","KR","Korea (the Republic of)","Gyeonggi-do","Gwangmyeong"
"2076323328","2076323583","TW","Taiwan (Province of China)","Taipei","Taipei"
"2078264320","2078264575","JP","Japan","Tokyo","Tokyo"
"2079534752","2079534755","AU","Australia","New South Wales","Ryde"
"2079576064","2079576071","AU","Australia","Australian Capital Territory","Canberra"
"2080984576","2080984831","TW","Taiwan (Province of China)","Changhua","Yuanlin"
"2082689216","2082689223","JP","Japan","Shizuoka","Mori"
"2083440896","2083443711","KR","Korea (the Republic of)","Jeollabuk-do","Iksan"
"2085808128","2085808383","MY","Malaysia","Kedah","Pokok Sena"
"2087200768","2087201023","PH","Philippines","National Capital Region","Mandaluyong City"
"2087279450","2087279544","PH","Philippines","National Capital Region","Mandaluyong City"
"2087326671","2087326671","PH","Philippines","Lanao del Sur","Marawi City"
"2087355904","2087356159","PH","Philippines","Rizal","Taguig"
"2087413595","2087413599","PH","Philippines","National Capital Region","Mandaluyong City"
"2087529984","2087532799","PK","Pakistan","Islamabad","Islamabad"
"2088459776","2088459776","IN","India","Karnataka","Bengaluru"
"2089648640","2089648895","JP","Japan","Miyagi","Sendai"
"2090267136","2090267391","JP","Japan","Fukuoka","Yoshitake"
"2091395328","2091395583","AU","Australia","New South Wales","Gosford"
"2092323840","2092324607","AU","Australia","Australian Capital Territory","Canberra"
"2094263552","2094263807","JP","Japan","Chiba","Chiba"
"2096146176","2096146431","CN","China","Henan","Zhengzhou"
"2097494320","2097494327","PH","Philippines","Davao del Sur","Davao City"
"2098018304","2098019071","JP","Japan","Tokyo","Tokyo"
"2098211232","2098211235","IN","India","Andhra Pradesh","Srikakulam"
"2098229948","2098229951","IN","India","Madhya Pradesh","Indore"
"2098241904","2098241911","IN","India","Tamil Nadu","Hosur"
"2098253322","2098253322","IN","India","Tamil Nadu","Thanjavur"
"2098266368","2098266383","IN","India","Karnataka","Bengaluru"
"2098274168","2098274171","IN","India","Assam","Hojai"
"2098287416","2098287455","IN","India","Delhi","Delhi"
"2098301920","2098301951","IN","India","Karnataka","Bengaluru"
"2098319512","2098319515","IN","India","Maharashtra","Mumbai"
"2098330976","2098330979","IN","India","Tamil Nadu","Chennai"
"2098343432","2098343439","IN","India","Karnataka","Bengaluru"
"2098358320","2098358327","IN","India","Haryana","Gurgaon"
"2098376800","2098376819","IN","India","Delhi","Delhi"
"2098401156","2098401159","IN","India","Tamil Nadu","Korampallam"
"2098416944","2098416959","IN","India","Delhi","Delhi"
"2098447012","2098447019","IN","India","Delhi","Delhi"
"2098475360","2098475367","IN","India","West Bengal","Siliguri"
"2098528308","2098528315","IN","India","Delhi","Delhi"
"2098552548","2098552551","IN","India","Maharashtra","Pune"
"2098579004","2098579007","IN","India","Tamil Nadu","Chennai"
"2098602984","2098602991","IN","India","Delhi","Delhi"
"2098623440","2098623455","IN","India","Delhi","Delhi"
"2098640440","2098640455","IN","India","Delhi","Delhi"
"2098660264","2098660267","IN","India","Chandigarh","Chandigarh"
"2098663688","2098663699","IN","India","Delhi","Delhi"
"2098669744","2098669747","IN","India","Jammu and Kashmir","Jammu"
"2098681056","2098681063","IN","India","Delhi","Delhi"
"2098693452","2098693453","IN","India","Delhi","Delhi"
"2098698031","2098698031","IN","India","Uttar Pradesh","Bhadohi"
"2098705456","2098705519","IN","India","Delhi","Delhi"
"2098717561","2098717561","IN","India","Haryana","Gurgaon"
"2098722780","2098722787","IN","India","Maharashtra","Pande"
"2099181440","2099182239","JP","Japan","Tokyo","Tokyo"
"2100652032","2100652129","JP","Japan","Hiroshima","Hiroshima"
"2103026003","2103026003","CN","China","Guangdong","Meizhou"
"2103887960","2103887963","JP","Japan","Aichi","Toyota"
"2106098944","2106099455","KR","Korea (the Republic of)","Gyeonggi-do","Seongnam"
"2107852288","2107852543","ID","Indonesia","Nusa Tenggara Barat","Pringgabaya"
"2108817408","2108818687","KR","Korea (the Republic of)","Seoul-teukbyeolsi","Seoul"
"2109976064","2109977087","JP","Japan","Tokyo","Tokyo"
"2110640640","2110641151","JP","Japan","Osaka","Osaka"
"2112078080","2112078335","TW","Taiwan (Province of China)","Taipei","Taipei"
"2112841728","2112841983","NZ","New Zealand","Northland","Ahipara"
"2113805008","2113805015","AU","Australia","New South Wales","Ryde"
"2115649024","2115649279","JP","Japan","Osaka","Osaka"
"2116432128","2116432383","JP","Japan","Tokyo","Tokyo"
"2118012928","2118013183","JP","Japan","Osaka","Osaka"
"2119369216","2119378943","JP","Japan","Tokyo","Tokyo"
"2120994560","2120994815","JP","Japan","Shimane","Izumo"
"2121890560","2121890815","JP","Japan","Chiba","Chiba"
"2123340160","2123340191","JP","Japan","Ibaraki","Hitachi"
"2123796480","2123796735","JP","Japan","Kanagawa","Kamikochi"
"2124347648","2124347903","JP","Japan","Mie","Yokkaichi"
"2124941312","2124941567","JP","Japan","Hokkaido","Sapporo"
"2125671424","2125671679","JP","Japan","Aichi","Nagoya"
"2126299136","2126301183","JP","Japan","Tokyo","Tokyo"
"2127283712","2127283967","JP","Japan","Yamagata","Yamanobe"
"2128086016","2128086271","JP","Japan","Miyagi","Sendai"
"2129309952","2129310207","JP","Japan","Chiba","Chiba"
"2130295024","2130295031","JP","Japan","Tokyo","Tokyo"
"2147541504","2147541759","CY","Cyprus","Pafos","Chlorakas"
"2151760128","2151768063","DE","Germany","Berlin","Berlin"
"2152271872","2152272127","RU","Russian Federation","Moskva","Moscow"
"2152625408","2152626175","FR","France","Provence-Alpes-Cote-d'Azur","Golfe-Juan"
"2153444842","2153444842","US","United States of America","Texas","Austin"
"2153523168","2153523175","US","United States of America","Connecticut","New Hartford"
"2153533764","2153533775","US","United States of America","Georgia","Atlanta"
"2153543520","2153543527","US","United States of America","Wisconsin","Kiel"
"2153555152","2153555167","US","United States of America","Georgia","Atlanta"
"2153565432","2153565439","US","United States of America","Texas","Fort Worth"
"2153577376","2153577391","US","United States of America","California","Rancho Cucamonga"
"2155326720","2155326975","US","United States of America","Massachusetts","Amherst"
"2156429568","2156429631","US","United States of America","Tennessee","Nashville"
"2159098834","2159098835","US","United States of America","Texas","Houston"
"2159111360","2159111367","US","United States of America","Georgia","Atlanta"
"2159127038","2159127039","US","United States of America","District of Columbia","Washington"
"2159627624","2159627703","IN","India","Delhi","Delhi"
"2162824192","2162824447","SA","Saudi Arabia","Al Madinah al Munawwarah","Medina"
"2163280462","2163280462","US","United States of America","Virginia","Ashburn"
"2165092864","2165093119","GB","United Kingdom of Great Britain and Northern Ireland","England","Canterbury"
"2169474048","2169474559","US","United States of America","Indiana","Bloomington"
"2173051762","2173051762","IN","India","Tamil Nadu","Chennai"
"2173053560","2173053560","ID","Indonesia","Jakarta Raya","Jakarta"
"2173055258","2173055258","NL","Netherlands (Kingdom of the)","Noord-Holland","Amsterdam"
"2173056974","2173056975","US","United States of America","Texas","Houston"
"2173058943","2173058944","FR","France","Ile-de-France","Paris"
"2173063696","2173063696","NL","Netherlands (Kingdom of the)","Noord-Holland","Amsterdam"
"2173066193","2173066193","BR","Brazil","Rio de Janeiro","Rio de Janeiro"
"2173067994","2173067995","MX","Mexico","Queretaro","Queretaro"
"2173070344","2173070345","CO","Colombia","Distrito Capital de Bogota","Bogota"
"2174164992","2174167039","BR","Brazil","Sao Paulo","Sao Paulo"
"2180645000","2180645000","US","United States of America","Florida","Miami"
"2180646995","2180646997","US","United States of America","Washington","Redmond"
"2180673822","2180673822","US","United States of America","Virginia","Ashburn"
"2181922816","2181927167","US","United States of America","Oregon","Portland"
"2183779840","2183779903","MY","Malaysia","Wilayah Persekutuan Kuala Lumpur","Kuala Lumpur"
"2186206720","2186207231","NL","Netherlands (Kingdom of the)","Zuid-Holland","Leiden"
"2186350117","2186350117","US","United States of America","Texas","Dallas"
"2186352833","2186352834","US","United States of America","Pennsylvania","Philadelphia"
"2186356476","2186356479","US","United States of America","Pennsylvania","Pittsburgh"
"2186362072","2186362075","US","United States of America","District of Columbia","Washington"
"2186375613","2186375613","US","United States of America","Pennsylvania","Pittsburgh"
"2186377691","2186377691","US","United States of America","Florida","Tampa"
"2186381850","2186381851","US","United States of America","Pennsylvania","Philadelphia"
"2186389513","2186389513","US","United States of America","Massachusetts","Springfield"
"2186394276","2186394279","US","United States of America","New Jersey","Newark"
"2186399856","2186399856","US","United States of America","Illinois","Chicago"
"2186404840","2186404843","US","United States of America","New Jersey","Newark"
"2186407681","2186407685","US","United States of America","Texas","Dallas"
"2186409989","2186409990","US","United States of America","Virginia","Richmond"
"2188254208","2188254719","ZA","South Africa","Gauteng","Johannesburg"
"2188710103","2188710128","US","United States of America","Georgia","Atlanta"
"2188718989","2188718990","NL","Netherlands (Kingdom of the)","Noord-Holland","Amsterdam"
"2191279104","2191279359","US","United States of America","New Jersey","Princeton"
"2193738496","2193739007","IQ","Iraq","Dahuk","Dahuk"
"2196897792","2196898120","SE","Sweden","Stockholms lan","Stockholm"
"2197037866","2197037866","DE","Germany","Nordrhein-Westfalen","Hagen"
"2197047114","2197047118","SE","Sweden","Vastra Gotalands lan","Goeteborg"
"2197055503","2197055540","SE","Sweden","Stockholms lan","Stockholm"
"2197066980","2197066980","SE","Sweden","Vastra Gotalands lan","Goeteborg"
"2197080102","2197080102","DE","Germany","Hessen","Frankfurt am Main"
"2197444864","2197445119","US","United States of America","Mississippi","Gulfport"
"2197838150","2197838150","BR","Brazil","Bahia","Vitoria da Conquista"
"2204402856","2204402863","BR","Brazil","Minas Gerais","Oliveira"
"2205521160","2205521183","DE","Germany","Hamburg","Hamburg"
"2207518112","2207518151","US","United States of America","Florida","Orlando"
"2207528728","2207528731","US","United States of America","Florida","Orlando"
"2207542376","2207542383","US","United States of America","Florida","Tampa"
"2207662528","2207662543","US","United States of America","Texas","North Richland Hills"
"2208376832","2208376835","BR","Brazil","Santa Catarina","Joinville"
"2210435840","2210436095","US","United States of America","Georgia","Atlanta"
"2212679280","2212679287","US","United States of America","Texas","Coppell"
"2212861985","2212861985","US","United States of America","New York","New York City"
"2212873007","2212873007","IT","Italy","Lazio","Rome"
"2212879887","2212879887","DE","Germany","Hessen","Frankfurt am Main"
"2213486728","2213486735","US","United States of America","Florida","Pembroke Pines"
"2213502336","2213502343","US","United States of America","Colorado","Denver"
"2213515448","2213515467","US","United States of America","Massachusetts","Boston"
"2213527776","2213527807","US","United States of America","Illinois","Lombard"
"2213538624","2213538735","US","United States of America","New York","Buffalo"
"2214559308","2214559315","BR","Brazil","Rio Grande do Sul","Estancia Velha"
"2224273182","2224273182","US","United States of America","Texas","Bridgeport"
"2230575104","2230575615","DE","Germany","Hessen","Frankfurt am Main"
"2231338230","2231338232","CA","Canada","Quebec","Montreal"
"2231578640","2231578640","JP","Japan","Kyoto","Kyoto"
"2232983807","2232984061","JP","Japan","Tokyo","Tokyo"
"2234340114","2234340114","JP","Japan","Nagasaki","Nagasaki"
"2235333673","2235333673","JP","Japan","Aomori","Hirosaki"
"2236137509","2236137509","JP","Japan","Kanagawa","Yokohama"
"2237950739","2237950739","JP","Japan","Fukuoka","Fukuoka"
"2242233792","2242233819","JP","Japan","Ishikawa","Kanazawa"
"2248148224","2248148479","IT","Italy","Campania","Bagnoli Irpino"
"2249745760","2249745919","US","United States of America","Texas","Dallas"
"2252448031","2252448031","GB","United Kingdom of Great Britain and Northern Ireland","England","Bristol"
"2256180384","2256180421","JP","Japan","Tokyo","Tokyo"
"2260947968","2260948735","US","United States of America","Idaho","Challis"
"2263108608","2263108863","US","United States of America","Illinois","Naperville"
"2264515840","2264516095","UA","Ukraine","Cherkaska oblast","Cherkasy"
"2270631735","2270631736","NL","Netherlands (Kingdom of the)","Noord-Holland","Amsterdam"
"2273178056","2273178063","FR","France","Hauts-de-France","Roubaix"
"2274653696","2274653711","US","United States of America","Illinois","Carol Stream"
"2276766633","2276766636","US","United States of America","California","Berkeley"
"2283205032","2283205032","SG","Singapore","Singapore","Singapore"
"2283419648","2283420671","US","United States of America","Georgia","Atlanta"
"2292815360","2292815615","RU","Russian Federation","Bashkortostan, Respublika","Beloretsk"
"2296690688","2296691199","US","United States of America","Arizona","Phoenix"
"2298456168","2298456175","RO","Romania","Dambovita","Vacaresti"
"2300188496","2300188499","US","United States of America","Missouri","Saint Peters"
"2300202496","2300202503","US","United States of America","Montana","Billings"
"2300226560","2300226815","US","United States of America","Colorado","Greenwood Village"
"2300242416","2300242423","US","United States of America","Wisconsin","Schofield"
"2300253656","2300253671","US","United States of America","Maryland","Frederick"
"2300265584","2300265599","US","United States of America","Maryland","Frederick"
"2300276696","2300276699","US","United States of America","Wisconsin","Eau Claire"
"2300286736","2300286743","US","United States of America","Maryland","Frederick"
"2300296232","2300296235","US","United States of America","Texas","North Richland Hills"
"2300307628","2300307643","US","United States of America","Maryland","Frederick"
"2301036583","2301036590","US","United States of America","Wyoming","Torrington"
"2303354496","2303354523","FR","France","Hauts-de-France","Roubaix"
"2305106944","2305107199","ES","Spain","Pais Vasco","Vitoria-Gasteiz"
"2309256704","2309257471","US","United States of America","California","San Francisco"
"2312996608","2312996815","GB","United Kingdom of Great Britain and Northern Ireland","England","Birmingham"
"2315319296","2315319551","BR","Brazil","Mato Grosso","Barra do Bugres"
"2317949256","2317949311","IT","Italy","Lazio","Rome"
"2321025181","2321025181","US","United States of America","Virginia","Reston"
"2321744380","2321744383","SV","El Salvador","La Libertad","La Libertad"
"2322951216","2322951223","CO","Colombia","Cauca","Popayan"
"2323257360","2323257367","CR","Costa Rica","Alajuela","San Ramon"
"2327428736","2327428739","BR","Brazil","Ceara","Fortaleza"
"2328360483","2328360487","DE","Germany","Bayern","Gunzenhausen"
"2328490912","2328490919","DE","Germany","Sachsen","Falkenstein"
"2329485749","2329485749","AU","Australia","New South Wales","Sydney"
"2329488649","2329488649","AU","Australia","Victoria","Melbourne"
"2329491141","2329491141","AU","Australia","New South Wales","Sydney"
"2329493874","2329493880","AU","Australia","Victoria","Melbourne"
"2329502502","2329502508","AU","Australia","Victoria","Melbourne"
"2329504849","2329504849","AU","Australia","Victoria","Melbourne"
"2329507313","2329507313","AU","Australia","Victoria","Melbourne"
"2329509738","2329509740","AU","Australia","Queensland","Brisbane"
"2329512550","2329512552","AU","Australia","New South Wales","Sydney"
"2329515309","2329515309","AU","Australia","Victoria","Melbourne"
"2329517897","2329517897","AU","Australia","New South Wales","Sydney"
"2329520222","2329520228","AU","Australia","Victoria","Melbourne"
"2329522925","2329522925","AU","Australia","Victoria","Melbourne"
"2329525518","2329525520","AU","Australia","South Australia","Adelaide"
"2329527746","2329527752","AU","Australia","Victoria","Hastings"
"2329530325","2329530325","AU","Australia","New South Wales","Sydney"
"2329533214","2329533216","AU","Australia","Victoria","Phillip Island"
"2329535813","2329535813","AU","Australia","Victoria","Melbourne"
"2329538434","2329538436","AU","Australia","Queensland","Middlemount"
"2329540934","2329540940","AU","Australia","Western Australia","Perth"
"2329654272","2329654527","BR","Brazil","Ceara","Divisao"
"2332020736","2332021759","BR","Brazil","Sao Paulo","Sao Paulo"
"2332337152","2332337224","DE","Germany","Berlin","Berlin"
"2335665154","2335665156","US","United States of America","New York","New York City"
"2335693131","2335693133","US","United States of America","Nebraska","Lincoln"
"2338261294","2338261294","SG","Singapore","Singapore","Singapore"
"2340554105","2340554105","AU","Australia","South Australia","Adelaide"
"2340558726","2340558728","AU","Australia","Victoria","Officer"
"2340562958","2340562964","AU","Australia","New South Wales","Sydney"
"2340566954","2340566956","AU","Australia","Queensland","Brisbane"
"2340571297","2340571297","AU","Australia","Queensland","Brisbane"
"2340576702","2340576712","AU","Australia","Victoria","Melbourne"
"2340582669","2340582669","AU","Australia","Western Australia","Perth"
"2340589029","2340589029","AU","Australia","South Australia","Adelaide"
"2340600057","2340600057","AU","Australia","Australian Capital Territory","Canberra"
"2340604973","2340604973","AU","Australia","Queensland","Brisbane"
"2340613710","2340613712","AU","Australia","Victoria","Melbourne"
"2340617945","2340617945","AU","Australia","New South Wales","Sydney"
"2341111996","2341112007","US","United States of America","Texas","Dallas"
"2343633408","2343633663","US","United States of America","Georgia","Atlanta"
"2344779520","2344780031","ID","Indonesia","Jakarta Raya","Jakarta"
"2354226704","2354226711","US","United States of America","Iowa","Clive"
"2358192128","2358193407","CN","China","Tianjin","Tianjin"
"2362562688","2362563071","NL","Netherlands (Kingdom of the)","Noord-Holland","Amsterdam"
"2363362006","2363362007","AU","Australia","New South Wales","Sydney"
"2363400660","2363400660","US","United States of America","Virginia","Ashburn"
"2363418211","2363418211","US","United States of America","Florida","Tampa"
"2363421185","2363421185","US","United States of America","Texas","Dallas"
"2364225704","2364225785","US","United States of America","Connecticut","New Haven"
"2365064688","2365064689","US","United States of America","South Carolina","Fort Mill"
"2365071988","2365071989","HU","Hungary","-","-"
"2365075588","2365075589","US","United States of America","California","Ontario"
"2365078442","2365078442","NZ","New Zealand","Auckland","Auckland"
"2365079466","2365079466","NZ","New Zealand","Auckland","Auckland"
"2366137088","2366137343","MT","Malta","Hamrun","Hamrun"
"2371199488","2371223551","RO","Romania","Bucuresti","Bucharest"
"2372023296","2372024319","ES","Spain","Andalucia","Trigueros"
"2374324224","2374324479","US","United States of America","Texas","Powderly"
"2374526533","2374526533","DE","Germany","Hessen","Frankfurt am Main"
"2374528533","2374528533","BE","Belgium","Antwerpen","Antwerpen"
"2375421952","2375422719","US","United States of America","New Jersey","Millburn"
"2375722496","2375723007","US","United States of America","Massachusetts","Springfield"
"2375843632","2375843839","US","United States of America","Virginia","Ashburn"
"2376737804","2376738555","GB","United Kingdom of Great Britain and Northern Ireland","England","Sheffield"
"2378390568","2378390575","CH","Switzerland","Zurich","Zurich"
"2381181184","2381181439","GR","Greece","Dytiki Makedonia","Kastoria"
"2382405588","2382405591","CA","Canada","Ontario","Markham"
"2385274400","2385274415","US","United States of America","Illinois","Chicago"
"2385916552","2385916555","CA","Canada","Newfoundland and Labrador","Corner Brook"
"2385929088","2385929095","US","United States of America","New York","Bronx"
"2386875731","2386875731","CA","Canada","Nova Scotia","Sydney"
"2389268832","2389268863","US","United States of America","New York","New York City"
"2389683712","2389683967","US","United States of America","Delaware","Dover"
"2389815043","2389815043","CA","Canada","Ontario","Toronto"
"2389824186","2389824190","CA","Canada","Ontario","Toronto"
"2389888821","2389888822","CA","Canada","Ontario","Brampton"
"2389931505","2389931505","CA","Canada","Ontario","Ajax"
"2389933766","2389933767","CA","Canada","Ontario","Temperanceville"
"2389973504","2389975295","CA","Canada","Quebec","Montreal"
"2390661376","2390663935","CA","Canada","Ontario","Toronto"
"2391156663","2391156663","CA","Canada","Nova Scotia","Halifax"
"2391408640","2391474175","CA","Canada","Manitoba","Winnipeg"
"2392030927","2392030941","US","United States of America","Texas","Hudson Oaks"
"2393021674","2393021675","CA","Canada","Newfoundland and Labrador","Corner Brook"
"2393087788","2393087788","CA","Canada","Newfoundland and Labrador","Mount Pearl"
"2393291075","2393291081","CA","Canada","New Brunswick","Moncton"
"2393360384","2393360639","CA","Canada","New Brunswick","Berry Mills"
"2393906712","2393906712","CA","Canada","Nova Scotia","Halifax"
"2394293504","2394294527","CA","Canada","Quebec","Montreal"
"2395347200","2395347711","CA","Canada","Ontario","Britannia"
"2395374099","2395374101","CA","Canada","Ontario","Hamilton"
"2395382235","2395382239","CA","Canada","Ontario","Toronto"
"2398611968","2398612479","SA","Saudi Arabia","Al Madinah al Munawwarah","Medina"
"2398768611","2398768611","JP","Japan","Osaka","Osaka"
"2398795249","2398795250","DE","Germany","Berlin","Berlin"
"2398800945","2398800947","HK","Hong Kong","Hong Kong","Hong Kong"
"2398819483","2398819483","DE","Germany","Hessen","Frankfurt am Main"
"2398831155","2398831155","GB","United Kingdom of Great Britain and Northern Ireland","England","London"
"2398867612","2398867614","FR","France","Provence-Alpes-Cote-d'Azur","Marseille"
"2399016704","2399016740","US","United States of America","California","Oakland"
"2400461312","2400461567","ES","Spain","Madrid, Comunidad de","Madrid"
"2402757730","2402757730","US","United States of America","Texas","Gatesville"
"2402762547","2402762547","US","United States of America","Nebraska","Hickman"
"2403041680","2403041683","US","United States of America","Alabama","Prattville"
"2405181696","2405181951","KH","Cambodia","Phnom Penh","Phnom Penh"
"2409617152","2409617407","GB","United Kingdom of Great Britain and Northern Ireland","England","Sheffield"
"2412397056","2412397311","BR","Brazil","Mato Grosso do Sul","Campo Grande"
"2413802254","2413802495","BH","Bahrain","Al 'Asimah","Manama"
"2416110093","2416110093","SG","Singapore","Singapore","Singapore"
"2420139264","2420140031","PT","Portugal","Porto","Porto"
"2421931632","2421931639","US","United States of America","Texas","Fort Worth"
"2421940024","2421940027","US","United States of America","Illinois","Chicago"
"2423852736","2423852743","US","United States of America","Massachusetts","Waltham"
"2423869968","2423869975","US","United States of America","New Jersey","Browns Mills"
"2423887948","2423887951","US","United States of America","Virginia","Ashburn"
"2423904416","2423904423","US","United States of America","New York","Westbury"
"2424144096","2424144127","DE","Germany","Hamburg","Hamburg"
"2424381688","2424381699","US","United States of America","California","El Segundo"
"2424395420","2424395423","US","United States of America","Florida","Orlando"
"2424408276","2424408279","US","United States of America","Florida","Sanford"
"2424417952","2424417959","US","United States of America","Florida","Sanford"
"2424429368","2424429371","US","United States of America","Florida","Tampa"
"2424468480","2424468991","AU","Australia","New South Wales","Sydney"
"2424482309","2424482309","AU","Australia","New South Wales","Sydney"
"2424838912","2424839167","AU","Australia","New South Wales","South West Rocks"
"2427586898","2427586899","DE","Germany","Thuringen","Sulzbach"
"2430533888","2430533920","US","United States of America","California","Cupertino"
"2430549220","2430549252","US","United States of America","Illinois","Chicago"
"2430576994","2430577012","US","United States of America","Missouri","Kansas City"
"2430596345","2430596345","US","United States of America","Texas","Dallas"
"2430867178","2430867180","US","United States of America","Illinois","Naperville"
"2430892846","2430892851","US","United States of America","Georgia","Atlanta"
"2431123522","2431123540","US","United States of America","California","Cupertino"
"2431130737","2431130737","US","United States of America","District of Columbia","Washington"
"2431165270","2431165271","US","United States of America","California","El Segundo"
"2431169794","2431169795","US","United States of America","South Carolina","Columbia"
"2432311814","2432311815","NL","Netherlands (Kingdom of the)","Noord-Holland","Amsterdam"
"2432509252","2432509255","US","United States of America","Tennessee","Manchester"
"2432520860","2432520891","US","United States of America","Illinois","Naperville"
"2432532648","2432532655","US","United States of America","Texas","Fort Worth"
"2433655936","2433655943","IT","Italy","Toscana","Bagno a Ripoli"
"2437587968","2437588223","NL","Netherlands (Kingdom of the)","Gelderland","Nijmegen"
"2442265600","2442265855","NL","Netherlands (Kingdom of the)","Noord-Holland","Amsterdam"
"2448394820","2448394831","FR","France","Hauts-de-France","Roubaix"
"2449299280","2449299287","DE","Germany","Hessen","Frankfurt am Main"
"2449311008","2449311015","DE","Germany","Hessen","Fulda"
"2449324080","2449324087","DE","Germany","Brandenburg","Mahlow"
"2449383680","2449384447","DE","Germany","Hessen","Eschborn"
"2449763816","2449763823","CH","Switzerland","Zurich","Zurich"
"2450822072","2450822079","US","United States of America","Virginia","Dulles"
"2453374120","2453374127","IT","Italy","Lombardia","Milan"
"2454084649","2454084649","DK","Denmark","Hovedstaden","Copenhagen"
"2454423198","2454423199","US","United States of America","Maryland","Bowie"
"2454428340","2454428341","US","United States of America","California","Temecula"
"2454432986","2454432987","US","United States of America","Texas","Dallas"
"2454440448","2454440449","FI","Finland","Uusimaa","Helsinki"
"2454449480","2454449481","US","United States of America","New York","Horseheads"
"2454856245","2454856246","GB","United Kingdom of Great Britain and Northern Ireland","England","London"
"2456819712","2456819967","US","United States of America","Virginia","Reston"
"2458980760","2458980767","US","United States of America","Maryland","Columbia"
"2459003512","2459003519","US","United States of America","Delaware","Dagsboro"
"2459026384","2459026399","US","United States of America","New Jersey","Trenton"
"2461597840","2461597855","CH","Switzerland","Sankt Gallen","Rebstein"
"2461802981","2461802982","GB","United Kingdom of Great Britain and Northern Ireland","England","London"
"2461807269","2461807269","IT","Italy","Emilia-Romagna","Bologna"
"2461810813","2461810813","ES","Spain","Melilla","Melilla"
"2461831342","2461831342","US","United States of America","Texas","San Antonio"
"2461840247","2461840248","GB","United Kingdom of Great Britain and Northern Ireland","England","Cambridge"
"2462415360","2462415871","US","United States of America","Washington","Seattle"
"2463954944","2463955199","HR","Croatia","Grad Zagreb","Zagreb"
"2466251232","2466251235","US","United States of America","Pennsylvania","Hermitage"
"2466260384","2466260399","US","United States of America","Virginia","Vienna"
"2466268832","2466268839","US","United States of America","Ohio","Cortland"
"2466277672","2466277675","US","United States of America","Virginia","Vienna"
"2466284884","2466284887","US","United States of America","Ohio","Centerville"
"2466292264","2466292267","US","United States of America","Ohio","Louisville"
"2466299936","2466299943","US","United States of America","Ohio","Powell"
"2466308940","2466308943","US","United States of America","Kentucky","Cynthiana"
"2466578688","2466578943","BR","Brazil","Sao Paulo","Sao Paulo"
"2471165952","2471167999","US","United States of America","Texas","Richardson"
"2471374663","2471374663","NL","Netherlands (Kingdom of the)","Noord-Holland","Amsterdam"
"2474483456","2474483967","BE","Belgium","Brussels Hoofdstedelijk Gewest","Brussels"
"2475967232","2475967487","GB","United Kingdom of Great Britain and Northern Ireland","England","Keele"
"2478401536","2478401791","US","United States of America","District of Columbia","Washington"
"2479008000","2479011327","CA","Canada","Ontario","Toronto"
"2482183680","2482183743","US","United States of America","California","San Francisco"
"2483271680","2483271935","ES","Spain","Valenciana, Comunidad","Valencia"
"2487175168","2487175679","PT","Portugal","Lisboa","Lisbon"
"2487585828","2487585831","PT","Portugal","Lisboa","Lisbon"
"2488029312","2488029375","US","United States of America","New York","Bethpage"
"2488053928","2488053931","US","United States of America","Arizona","Phoenix"
"2488092152","2488092159","US","United States of America","New York","Bronx"
"2488386152","2488386159","PL","Poland","Mazowieckie","Warsaw"
"2490449920","2490450431","MX","Mexico","Ciudad de Mexico","Mexico City"
"2492154980","2492154980","US","United States of America","California","San Diego"
"2493267456","2493267711","US","United States of America","New York","New York City"
"2497616896","2497617151","AR","Argentina","Ciudad Autonoma de Buenos Aires","Buenos Aires"
"2498997824","2498997887","MX","Mexico","Nuevo Leon","San Nicolas de los Garza"
"2499101232","2499101247","MX","Mexico","Nuevo Leon","San Nicolas de los Garza"
"2499534496","2499534511","DE","Germany","Bayern","Nuremberg"
"2499822336","2499822591","TR","Turkiye","Sakarya","Adapazari"
"2500199174","2500199174","GB","United Kingdom of Great Britain and Northern Ireland","England","London"
"2500219161","2500219161","IT","Italy","Lombardia","Milan"
"2500233905","2500233905","DE","Germany","Nordrhein-Westfalen","Dusseldorf"
"2500240290","2500240292","US","United States of America","District of Columbia","Washington"
"2500530954","2500530960","US","United States of America","Virginia","Arlington"
"2500555520","2500555520","FR","France","Ile-de-France","Vitry-sur-Seine"
"2500673536","2500673791","CA","Canada","Ontario","Toronto"
"2500756962","2500756968","ES","Spain","Pais Vasco","Bilbao"
"2500990935","2500990943","CA","Canada","Quebec","Montreal"
"2501007888","2501007889","US","United States of America","New Jersey","Edison"
"2501012962","2501012963","SG","Singapore","Singapore","Singapore"
"2501015850","2501015850","US","United States of America","Florida","Boca Raton"
"2501038275","2501038275","SG","Singapore","Singapore","Singapore"
"2501040050","2501040050","SG","Singapore","Singapore","Singapore"
"2501041879","2501041882","SG","Singapore","Singapore","Singapore"
"2501043828","2501043829","HK","Hong Kong","Hong Kong","Hong Kong"
"2501045766","2501045769","SG","Singapore","Singapore","Singapore"
"2501047634","2501047636","SG","Singapore","Singapore","Singapore"
"2501049456","2501049456","SG","Singapore","Singapore","Singapore"
"2501708344","2501708351","MK","North Macedonia","Centar","Skopje"
"2501813482","2501813485","US","United States of America","California","Los Angeles"
"2501819163","2501819164","US","United States of America","California","Los Angeles"
"2501822531","2501822531","US","United States of America","California","Los Angeles"
"2501825597","2501825597","US","United States of America","California","Los Angeles"
"2501833015","2501833085","US","United States of America","California","Los Angeles"
"2503105536","2503105791","EE","Estonia","Harjumaa","Tallinn"
"2503504816","2503504819","AR","Argentina","Entre Rios","Federal"
"2503544134","2503544135","SG","Singapore","Singapore","Singapore"
"2503557559","2503557559","US","United States of America","Florida","Boca Raton"
"2503563442","2503563459","SG","Singapore","Singapore","Singapore"
"2503565470","2503565470","US","United States of America","New Jersey","Edison"
"2503568425","2503568425","SG","Singapore","Singapore","Singapore"
"2503580464","2503580464","SG","Singapore","Singapore","Singapore"
"2503590515","2503590516","JP","Japan","Tokyo","Tokyo"
"2503592376","2503592376","SG","Singapore","Singapore","Singapore"
"2503594184","2503594185","US","United States of America","New Jersey","Edison"
"2503596217","2503596217","US","United States of America","New Jersey","Edison"
"2503598018","2503598018","US","United States of America","New Jersey","Edison"
"2503601961","2503601963","US","United States of America","New Jersey","Edison"
"2504845568","2504847359","US","United States of America","Missouri","Sullivan"
"2505868032","2505868287","US","United States of America","Mississippi","Jackson"
"2506313896","2506313903","CA","Canada","Ontario","Guelph"
"2507868416","2507869439","US","United States of America","Georgia","Atlanta"
"2509483776","2509492223","KW","Kuwait","Al 'Asimah","Kuwait"
"2509955072","2509955327","BE","Belgium","Luxembourg","Bouillon"
"2513048496","2513048511","GB","United Kingdom of Great Britain and Northern Ireland","England","London"
"2514936649","2514936649","DE","Germany","Nordrhein-Westfalen","Dusseldorf"
"2516076849","2516076849","US","United States of America","North Carolina","Burlington"
"2517630976","2517762047","-","-","-","-"
"2520462848","2520463103","JP","Japan","Tokushima","Tokushima"
"2523210324","2523210325","AU","Australia","South Australia","Adelaide"
"2523639808","2523640063","IN","India","West Bengal","Kolkata"
"2529384704","2529384959","US","United States of America","Iowa","Des Moines"
"2531030784","2531031039","US","United States of America","Texas","Seguin"
"2531042768","2531042775","US","United States of America","Texas","Edinburg"
"2531051668","2531051671","US","United States of America","Texas","Houston"
"2531062088","2531062091","US","United States of America","Missouri","Kansas City"
"2531070320","2531070323","US","United States of America","New York","Fulton"
"2531077960","2531077967","US","United States of America","New York","Watertown"
"2531263256","2531263267","US","United States of America","Alabama","Birmingham"
"2532964608","2532965119","JP","Japan","Tokyo","Marunouchi"
"2533393512","2533393519","IT","Italy","Marche","Ancona"
"2533406936","2533406943","IT","Italy","Lombardia","Milan"
"2533419696","2533419719","IT","Italy","Lombardia","Milan"
"2533547024","2533547031","GB","United Kingdom of Great Britain and Northern Ireland","England","Manchester"
"2533642144","2533642151","IT","Italy","Campania","Casapesenna"
"2533673904","2533673911","IT","Italy","Lombardia","Rozzano"
"2533899136","2533899151","IT","Italy","Toscana","Florence"
"2533929592","2533929599","IT","Italy","Veneto","Venice"
"2533974032","2533974039","IT","Italy","Toscana","Sesto Fiorentino"
"2534017912","2534017919","IT","Italy","Sicilia","Catania"
"2534086176","2534086207","IT","Italy","Marche","Jesi"
"2534165104","2534165111","IT","Italy","Lombardia","Milan"
"2534197968","2534197979","IT","Italy","Lombardia","Milan"
"2534234368","2534234375","IT","Italy","Sicilia","Misterbianco"
"2534281808","2534281815","IT","Italy","Lazio","Pomezia"
"2534300072","2534300079","IT","Italy","Valle d'Aosta","Aosta"
"2534340208","2534340223","IT","Italy","Lombardia","Buccinasco"
"2534612224","2534612479","IT","Italy","Abruzzo","Teramo"
"2534819560","2534819567","IT","Italy","Lombardia","Milan"
"2534849368","2534849375","IT","Italy","Veneto","San Bonifacio"
"2535173120","2535173375","IT","Italy","Lazio","Oriolo Romano"
"2535661312","2535661567","IT","Italy","Lazio","Ripa"
"2535919312","2535919319","IT","Italy","Veneto","Venice"
"2536044032","2536044287","IT","Italy","Toscana","Florence"
"2536293152","2536293152","IT","Italy","Lazio","Anzio"
"2536352256","2536352511","IT","Italy","Puglia","Gallipoli"
"2536690432","2536690687","IT","Italy","Puglia","Martina Franca"
"2537112064","2537112319","IT","Italy","Lazio","Rome"
"2537637120","2537637887","IT","Italy","Lombardia","Milan"
"2538064384","2538064639","IT","Italy","Veneto","Veneto"
"2538623168","2538623231","IT","Italy","Lombardia","Milan"
"2538789632","2538789887","IT","Italy","Piemonte","Ceva"
"2539889384","2539889387","IT","Italy","Lombardia","Milan"
"2541513216","2541513471","US","United States of America","Alaska","Skagway"
"2544976384","2544976639","SE","Sweden","Vastra Gotalands lan","Vanersborg"
"2545264184","2545264191","US","United States of America","Connecticut","Torrington"
"2545279704","2545279711","US","United States of America","New York","New York City"
"2545774240","2545774247","DE","Germany","Nordrhein-Westfalen","Bocklemund"
"2545796048","2545796055","DE","Germany","Rheinland-Pfalz","Speyer"
"2546356224","2546356479","US","United States of America","New Jersey","Paramus"
"2546517600","2546517695","US","United States of America","Virginia","Ashburn"
"2546772392","2546772399","US","United States of America","New York","Long Island City"
"2547147188","2547147190","US","United States of America","Georgia","Ellijay"
"2547151405","2547151405","US","United States of America","Georgia","Blue Ridge"
"2547154708","2547154708","US","United States of America","Georgia","Blue Ridge"
"2547383904","2547383913","US","United States of America","Georgia","Atlanta"
"2548360960","2548361215","GB","United Kingdom of Great Britain and Northern Ireland","England","London"
"2548707072","2548707583","IR","Iran (Islamic Republic of)","Fars","Shiraz"
"2549127936","2549128191","US","United States of America","California","Sacramento"
"2549289852","2549289863","AE","United Arab Emirates","Dubayy","Dubai"
"2549551872","2549552127","CA","Canada","Quebec","Montreal"
"2549963848","2549964343","AE","United Arab Emirates","Dubayy","Dubai"
"2552578816","2552579839","GB","United Kingdom of Great Britain and Northern Ireland","England","London"
"2553079712","2553079735","US","United States of America","New Jersey","Princeton"
"2553571376","2553571383","IN","India","West Bengal","Kolkata"
"2553603708","2553603727","IN","India","Gujarat","Wainaj"
"2554266624","2554266632","US","United States of America","California","El Segundo"
"2554288128","2554288228","US","United States of America","Missouri","Saint Louis"
"2555971296","2555971551","NL","Netherlands (Kingdom of the)","Zuid-Holland","Vlaardingen"
"2557821240","2557821240","US","United States of America","Illinois","Elk Grove Village"
"2557830840","2557830840","US","United States of America","Kansas","Overland Park"
"2560555008","2560555263","US","United States of America","Florida","Orlando"
"2561598464","2561598975","CL","Chile","Atacama","Tierra Amarilla"
"2561869645","2561869645","US","United States of America","Ohio","Columbus"
"2561873022","2561873024","US","United States of America","Illinois","Chicago"
"2561877701","2561877701","US","United States of America","North Carolina","Raleigh"
"2561881485","2561881485","US","United States of America","Virginia","Arlington"
"2561885266","2561885272","US","United States of America","New York","New York City"
"2561889302","2561889304","US","United States of America","Virginia","Ashburn"
"2561894329","2561894329","US","United States of America","California","Los Angeles"
"2561899786","2561899788","US","United States of America","California","Cupertino"
"2561903610","2561903615","US","United States of America","District of Columbia","Washington"
"2561909249","2561909249","US","United States of America","Pennsylvania","Philadelphia"
"2561913600","2561913600","US","United States of America","New York","New York City"
"2561917698","2561917700","US","United States of America","California","El Segundo"
"2561921789","2561921789","US","United States of America","Florida","Miami"
"2561925506","2561925508","US","United States of America","Florida","Fort Lauderdale"
"2561929678","2561929688","US","United States of America","California","San Francisco"
"2561933277","2561933277","US","United States of America","Massachusetts","Boston"
"2562445056","2562445311","US","United States of America","New York","New York City"
"2562786878","2562786880","US","United States of America","New York","New York City"
"2562789545","2562789545","US","United States of America","Massachusetts","Boston"
"2562792018","2562792020","US","United States of America","New Jersey","Newark"
"2562794354","2562794356","US","United States of America","Virginia","Richmond"
"2562796594","2562796600","US","United States of America","California","San Francisco"
"2562798857","2562798857","US","United States of America","New Jersey","Piscataway"
"2562801217","2562801217","US","United States of America","New York","New York City"
"2562803577","2562803577","US","United States of America","California","Los Angeles"
"2562806089","2562806089","US","United States of America","Pennsylvania","Philadelphia"
"2562808626","2562808628","US","United States of America","Virginia","Ashburn"
"2562811021","2562811021","US","United States of America","New York","Buffalo"
"2562813862","2562813864","US","United States of America","Pennsylvania","Philadelphia"
"2562817256","2562817256","US","United States of America","Virginia","Ashburn"
"2562820808","2562820815","US","United States of America","Pennsylvania","Royersford"
"2562824337","2562824337","US","United States of America","North Carolina","Greensboro"
"2562827326","2562827328","US","United States of America","New York","New York City"
"2562830326","2562830328","US","United States of America","Virginia","Ashburn"
"2562833204","2562833204","US","United States of America","New York","Mount Vernon"
"2562835817","2562835817","US","United States of America","Colorado","Denver"
"2562839770","2562839771","US","United States of America","Virginia","Ashburn"
"2562844185","2562844185","US","United States of America","Georgia","Atlanta"
"2562847942","2562847948","US","United States of America","Massachusetts","Cambridge"
"2562942162","2562942162","US","United States of America","Minnesota","Fairmont"
"2563637576","2563637583","CU","Cuba","Holguin","Holguin"
"2563791616","2563791871","US","United States of America","New York","New York City"
"2565292288","2565292543","CL","Chile","Biobio","Concepcion"
"2566198528","2566198783","BR","Brazil","Sao Paulo","Brasilandia"
"2566724608","2566724863","BR","Brazil","Roraima","Boa Vista"
"2569092352","2569092607","US","United States of America","Florida","Sanford"
"2569882112","2569882367","IE","Ireland","Dublin","Dublin"
"2572221696","2572222463","RU","Russian Federation","Sankt-Peterburg","Saint Petersburg"
"2575935488","2575936255","JP","Japan","Kanagawa","Yokohama"
"2576748488","2576748503","JP","Japan","Tokyo","Tokyo"
"2576804352","2576804359","JP","Japan","Tochigi","Utsunomiya"
"2578551552","2578551807","JP","Japan","Tokyo","Tokyo"
"2580481280","2580481535","JP","Japan","Tokyo","Tokyo"
"2581735168","2581735423","JP","Japan","Tokyo","Tokyo"
"2583036896","2583036903","JP","Japan","Shizuoka","Fuji"
"2583060000","2583060015","JP","Japan","Hyogo","Amagasaki"
"2584082896","2584082911","CA","Canada","British Columbia","Burnaby"
"2584114577","2584114577","US","United States of America","New Jersey","Edison"
"2584137905","2584137906","US","United States of America","New Jersey","Edison"
"2584139683","2584139683","US","United States of America","New Jersey","Edison"
"2584308314","2584308314","DE","Germany","Hessen","Frankfurt am Main"
"2584450807","2584450808","CA","Canada","British Columbia","New Westminster"
"2584614958","2584614960","DE","Germany","Rheinland-Pfalz","Isenburg"
"2584617741","2584617741","DE","Germany","Hessen","Frankfurt am Main"
"2584621472","2584621487","ES","Spain","Catalunya","Barcelona"
"2584627557","2584627557","DK","Denmark","Hovedstaden","Copenhagen"
"2584633296","2584633299","GB","United Kingdom of Great Britain and Northern Ireland","Scotland","Edinburgh"
"2584641582","2584641584","DE","Germany","Rheinland-Pfalz","Isenburg"
"2584645749","2584645749","GB","United Kingdom of Great Britain and Northern Ireland","England","Manchester"
"2584648505","2584648505","NL","Netherlands (Kingdom of the)","Noord-Holland","Amsterdam"
"2584651066","2584651068","DE","Germany","Rheinland-Pfalz","Isenburg"
"2584657408","2584657411","FR","France","Auvergne-Rhone-Alpes","Lyon"
"2584666876","2584666879","ES","Spain","Pais Vasco","Basauri"
"2584750880","2584750897","ZA","South Africa","Gauteng","Johannesburg"
"2585029632","2585029887","CA","Canada","British Columbia","Abbotsford"
"2585265303","2585265304","US","United States of America","Utah","Salt Lake City"
"2585267391","2585267392","US","United States of America","Arizona","Phoenix"
"2585269475","2585269476","US","United States of America","California","San Francisco"
"2585271581","2585271582","US","United States of America","Georgia","Atlanta"
"2585273857","2585273858","US","United States of America","California","Los Angeles"
"2585276135","2585276136","US","United States of America","California","El Segundo"
"2585278295","2585278296","US","United States of America","New York","New York City"
"2585280455","2585280456","US","United States of America","California","Cupertino"
"2585282901","2585282902","US","United States of America","Florida","Miami"
"2585285255","2585285256","US","United States of America","Texas","Dallas"
"2585288867","2585288872","US","United States of America","Texas","Dallas"
"2585330619","2585330620","US","United States of America","Georgia","Atlanta"
"2585332869","2585332870","FR","France","Auvergne-Rhone-Alpes","Lyon"
"2585395474","2585395474","US","United States of America","North Carolina","Raleigh"
"2585396551","2585396551","US","United States of America","New York","New York City"
"2585398115","2585398115","US","United States of America","Michigan","Detroit"
"2585400376","2585400376","US","United States of America","Massachusetts","Boston"
"2585401539","2585401539","US","United States of America","Virginia","Arlington"
"2585407824","2585407824","NL","Netherlands (Kingdom of the)","Zuid-Holland","Rotterdam"
"2586316544","2586316799","US","United States of America","New York","New York City"
"2586724608","2586724863","US","United States of America","New York","Albany"
"2587021346","2587021346","MD","Moldova (the Republic of)","Chisinau","Chisinau"
"2587230386","2587230386","NZ","New Zealand","Auckland","Auckland"
"2587232238","2587232238","US","United States of America","Texas","Houston"
"2587235151","2587235152","US","United States of America","Georgia","Atlanta"
"2587236627","2587236628","US","United States of America","California","El Segundo"
"2587238323","2587238324","US","United States of America","Oregon","Portland"
"2587240189","2587240190","CH","Switzerland","Zurich","Zurich"
"2587241886","2587241886","US","United States of America","New Mexico","Albuquerque"
"2587245470","2587245470","ES","Spain","Madrid, Comunidad de","Madrid"
"2587247423","2587247423","US","United States of America","California","Los Angeles"
"2587250081","2587250082","DE","Germany","Hessen","Frankfurt am Main"
"2587252151","2587252152","US","United States of America","Ohio","Columbus"
"2587254311","2587254312","US","United States of America","New York","New York City"
"2587271286","2587271286","US","United States of America","Texas","Austin"
"2587273497","2587273498","JP","Japan","Tokyo","Tokyo"
"2587480576","2587480831","PK","Pakistan","Sindh","Karachi"
"2587984128","2587985151","AO","Angola","Benguela","Benguela"
"2588577536","2588578047","TZ","Tanzania, the United Republic of","Mjini Magharibi","Zanzibar"
"2589103360","2589103871","GB","United Kingdom of Great Britain and Northern Ireland","England","London"
"2589788689","2589788750","PH","Philippines","National Capital Region","Manila"
"2590734592","2590734847","TN","Tunisia","Bizerte","Menzel Bourguiba"
"2591236352","2591236607","ZA","South Africa","Limpopo","Bochum"
"2591800832","2591801087","KE","Kenya","Embu","Embu"
"2592248576","2592248831","EG","Egypt","Al Qalyubiyah","Al Khankah"
"2592519424","2592519679","EG","Egypt","Al Jizah","Madinat Sittah Uktubar"
"2592969728","2592969983","EG","Egypt","Al Jizah","Madinat Sittah Uktubar"
"2593472256","2593472511","MA","Morocco","Beni-Mellal-Khenifra","Dar Ould Zidouh"
"2593844224","2593844479","KE","Kenya","Nairobi City","Nairobi"
"2594257664","2594258431","GH","Ghana","Greater Accra","Accra"
"2595673600","2595676671","EG","Egypt","Al Jizah","Giza"
"2595970048","2595970303","EG","Egypt","Al Qalyubiyah","Al Khankah"
"2596244736","2596244991","EG","Egypt","Matruh","Marsa Matruh"
"2596933888","2596934143","US","United States of America","Virginia","Ashburn"
"2598262272","2598262527","DE","Germany","Nordrhein-Westfalen","Koeln"
"2599170560","2599170815","EG","Egypt","Asyut","Asyut"
"2599514624","2599514879","DZ","Algeria","Ouargla","Ouargla"
"2599859712","2599859967","DZ","Algeria","Bejaia","Bejaia"
"2600165120","2600165375","DZ","Algeria","Constantine","Constantine"
"2600641304","2600641311","BY","Belarus","Minskaya voblasts'","Minsk"
"2606355968","2606356479","AO","Angola","Benguela","Benguela"
"2606646147","2606646147","US","United States of America","Minnesota","Hendricks"
"2608194304","2608194559","GB","United Kingdom of Great Britain and Northern Ireland","England","Coventry"
"2610902987","2610902987","HK","Hong Kong","Hong Kong","Hong Kong"
"2610909718","2610909718","HK","Hong Kong","Hong Kong","Hong Kong"
"2610912375","2610912375","HK","Hong Kong","Hong Kong","Hong Kong"
"2610914574","2610914574","HK","Hong Kong","Hong Kong","Hong Kong"
"2610934851","2610934851","HK","Hong Kong","Hong Kong","Hong Kong"
"2611617888","2611617919","US","United States of America","Colorado","Denver"
"2612930379","2612930379","FR","France","Hauts-de-France","Vendeville"
"2617114880","2617115135","US","United States of America","California","Fremont"
"2618499364","2618499367","US","United States of America","South Carolina","Greenville"
"2618511200","2618511215","US","United States of America","Massachusetts","North Oxford"
"2618535936","2618536191","US","United States of America","Colorado","Greenwood Village"
"2619477588","2619477590","CA","Canada","Nova Scotia","Sydney"
"2619535355","2619535357","CA","Canada","Nova Scotia","Sydney"
"2620928512","2620930559","US","United States of America","Indiana","Bloomington"
"2624487240","2624487423","US","United States of America","Oklahoma","Tulsa"
"2627936768","2627937279","EG","Egypt","Al Qahirah","Cairo"
"2628957952","2628958463","EG","Egypt","Al Qalyubiyah","Al Khankah"
"2629505536","2629505791","EG","Egypt","Al Qalyubiyah","Al Khankah"
"2630288640","2630288895","EG","Egypt","Al Minufiyah","Minuf"
"2630865920","2630866175","EG","Egypt","Ash Sharqiyah","Bilbays"
"2631408640","2631408895","EG","Egypt","Al Jizah","Madinat Sittah Uktubar"
"2631782144","2631782399","EG","Egypt","Aswan","Aswan"
"2632525312","2632525823","US","United States of America","Illinois","Naperville"
"2633231360","2633231615","US","United States of America","California","El Segundo"
"2633957632","2633957887","NL","Netherlands (Kingdom of the)","Noord-Holland","Amsterdam"
"2635591945","2635591945","PL","Poland","Mazowieckie","Warsaw"
"2636333056","2636333311","IN","India","Telangana","Hyderabad"
"2637062656","2637062911","IN","India","Tamil Nadu","Udumalaippettai"
"2637630469","2637630470","NL","Netherlands (Kingdom of the)","Noord-Holland","Amsterdam"
"2639930624","2639930687","DE","Germany","Sachsen","Falkenstein"
"2641878016","2641878271","ID","Indonesia","Jakarta Raya","Jakarta"
"2642547137","2642547137","US","United States of America","New York","New York City"
"2642552921","2642552921","US","United States of America","Virginia","Arlington"
"2642555810","2642555812","US","United States of America","New York","New York City"
"2642559274","2642559296","US","United States of America","Florida","Miami"
"2642564189","2642564189","US","United States of America","Florida","Orlando"
"2642568014","2642568016","US","United States of America","Indiana","Indianapolis"
"2642570850","2642570852","US","United States of America","New York","New York City"
"2642573629","2642573629","US","United States of America","Indiana","Indianapolis"
"2642578101","2642578101","US","United States of America","Texas","San Antonio"
"2642584122","2642584128","US","United States of America","Missouri","Saint Louis"
"2642588426","2642588432","US","United States of America","New York","New York City"
"2642591970","2642591972","US","United States of America","California","Cupertino"
"2642594549","2642594549","US","United States of America","California","San Jose"
"2642597734","2642597736","US","United States of America","California","Cupertino"
"2642601825","2642601825","US","United States of America","Arizona","Phoenix"
"2642605566","2642605567","US","United States of America","California","Cupertino"
"2642624010","2642624016","US","United States of America","California","Cupertino"
"2642642017","2642642018","US","United States of America","California","Oakland"
"2642790400","2642790655","DE","Germany","Hessen","Frankfurt am Main"
"2644934656","2644934911","AR","Argentina","Ciudad Autonoma de Buenos Aires","Buenos Aires"
"2645027141","2645027141","TH","Thailand","Krung Thep Maha Nakhon","Bangkok"
"2647550976","2647551231","US","United States of America","Massachusetts","Cambridge"
"2649679044","2649679045","US","United States of America","Illinois","Chicago"
"2649769130","2649769131","US","United States of America","Colorado","Denver"
"2649771366","2649771367","IT","Italy","Lombardia","Milan"
"2649773718","2649773719","IT","Italy","Lombardia","Milan"
"2649776026","2649776027","US","United States of America","California","Menlo Park"
"2653357824","2653358079","NO","Norway","Troms og Finnmark","Tromso"
"2654535680","2654601215","US","United States of America","New York","New York City"
"2655357824","2655357831","ES","Spain","Andalucia","Malaga"
"2657765432","2657765887","CA","Canada","Ontario","Toronto"
"2662285470","2662285470","GB","United Kingdom of Great Britain and Northern Ireland","England","London"
"2662434816","2662435071","DE","Germany","Hessen","Frankfurt am Main"
"2667056640","2667056895","NO","Norway","Oslo","Oslo"
"2668626176","2668626431","MX","Mexico","Veracruz de Ignacio de la Llave","Zempoala"
"2671248120","2671248127","US","United States of America","California","Los Angeles"
"2671718853","2671718854","GB","United Kingdom of Great Britain and Northern Ireland","England","London"
"2672738627","2672738676","US","United States of America","California","San Jose"
"2673261056","2673261311","GB","United Kingdom of Great Britain and Northern Ireland","Wales","Bridgend"
"2674161312","2674161333","NL","Netherlands (Kingdom of the)","Noord-Brabant","Eindhoven"
"2675703822","2675703869","US","United States of America","California","San Jose"
"2678980608","2679046143","US","United States of America","Washington","Seattle"
"2682264064","2682266367","UA","Ukraine","Kyiv","Kyiv"
"2683464656","2683464659","GB","United Kingdom of Great Britain and Northern Ireland","England","Marsden"
"2684220672","2684221183","PL","Poland","Mazowieckie","Warsaw"
"2685255448","2685255448","DE","Germany","Rheinland-Pfalz","Montabaur"
"2686334464","2686335487","VN","Viet Nam","Ha Noi","Hanoi"
"2689077892","2689077895","US","United States of America","California","Torrance"
"2689098848","2689098855","US","United States of America","Connecticut","Danbury"
"2689119392","2689119407","US","United States of America","Georgia","Atlanta"
"2689464320","2689464575","MA","Morocco","Casablanca-Settat","Mellila"
"2689704602","2689704703","US","United States of America","California","Anaheim"
"2690267136","2690267391","MA","Morocco","Casablanca-Settat","Mohammedia"
"2692290929","2692290929","HK","Hong Kong","Hong Kong","Hong Kong"
"2692295748","2692295748","HK","Hong Kong","Hong Kong","Hong Kong"
"2692310945","2692310945","HK","Hong Kong","Hong Kong","Hong Kong"
"2692319382","2692319382","HK","Hong Kong","Hong Kong","Hong Kong"
"2692345825","2692345825","HK","Hong Kong","Hong Kong","Hong Kong"
"2692485859","2692485861","ZA","South Africa","Gauteng","Pretoria"
"2692489767","2692489769","ZA","South Africa","Gauteng","Pretoria"
"2692492956","2692493007","ZA","South Africa","Gauteng","Pretoria"
"2692507021","2692507021","ZA","South Africa","Gauteng","Pretoria"
"2692512779","2692512779","ZA","South Africa","Gauteng","Pretoria"
"2692517305","2692517305","ZA","South Africa","Gauteng","Pretoria"
"2692519071","2692519074","ZA","South Africa","Gauteng","Pretoria"
"2692538962","2692538964","ZA","South Africa","Gauteng","Pretoria"
"2692545363","2692545364","ZA","South Africa","Gauteng","Pretoria"
"2694747904","2694748159","TN","Tunisia","Tunis","Tunis"
"2695152640","2695152895","MA","Morocco","Beni-Mellal-Khenifra","Nador"
"2695544576","2695544831","MA","Morocco","Tanger-Tetouan-Al Hoceima","Tetouan"
"2696001536","2696002047","MA","Morocco","Guelmim-Oued Noun (EH-partial)","Agadir"
"2698942791","2698942800","AU","Australia","New South Wales","Sydney"
"2700682496","2700683263","JP","Japan","Osaka","Osaka"
"2702877696","2702879743","AU","Australia","New South Wales","Sydney"
"2704233444","2704233451","US","United States of America","Texas","San Antonio"
"2706482944","2706483199","HK","Hong Kong","Hong Kong","Nai Chung"
"2709223680","2709223935","US","United States of America","New Jersey","Secaucus"
"2711359488","2711359743","SG","Singapore","Singapore","Singapore"
"2713241896","2713241903","CA","Canada","Alberta","Edmonton"
"2714425931","2714425932","US","United States of America","New York","Armonk"
"2717471232","2717474047","US","United States of America","Minnesota","Plymouth"
"2719029024","2719029031","US","United States of America","Illinois","Rolling Meadows"
"2719044640","2719044647","US","United States of America","California","Elk Grove"
"2719057040","2719057047","US","United States of America","Michigan","Troy"
"2719070096","2719070103","US","United States of America","Washington","Lynnwood"
"2719081960","2719081967","US","United States of America","New Jersey","Newark"
"2719201056","2719201066","PL","Poland","Dolnoslaskie","Wroclaw"
"2720484515","2720484544","US","United States of America","New York","New York City"
"2720514304","2720514559","US","United States of America","Arkansas","Little Rock"
"2720562092","2720562095","US","United States of America","Pennsylvania","Saint Marys"
"2721563200","2721563215","DE","Germany","Bayern","Gunzenhausen"
"2724296053","2724296054","GB","United Kingdom of Great Britain and Northern Ireland","England","Manchester"
"2725820578","2725820579","BD","Bangladesh","Dhaka","Dhaka"
"2725823144","2725823144","US","United States of America","Tennessee","Bristol"
"2725824691","2725824691","TW","Taiwan (Province of China)","Nantou","Zhongxing New Village"
"2725825906","2725825906","NL","Netherlands (Kingdom of the)","Utrecht","Utrecht"
"2725827626","2725827626","DE","Germany","Schleswig-Holstein","Augsburg"
"2725828973","2725828973","SK","Slovakia","Nitriansky kraj","Nitra"
"2725833544","2725833544","GB","United Kingdom of Great Britain and Northern Ireland","England","Bootle"
"2726310912","2726311167","MY","Malaysia","Wilayah Persekutuan Kuala Lumpur","Kuala Lumpur"
"2727646403","2727646975","US","United States of America","Tennessee","Nashville"
"2727780265","2727780265","US","United States of America","Oregon","Salem"
"2727809125","2727809126","US","United States of America","Pennsylvania","New Hanover"
"2727813805","2727813806","US","United States of America","Indiana","Bloomington"
"2727817375","2727817376","US","United States of America","Maryland","Baltimore"
"2727820761","2727820761","US","United States of America","Maryland","Annapolis"
"2727824963","2727824964","US","United States of America","California","Cupertino"
"2727828909","2727828909","US","United States of America","Illinois","Chicago"
"2727836110","2727836113","US","United States of America","Colorado","Greenwood Village"
"2727842123","2727842124","US","United States of America","Illinois","Naperville"
"2727846050","2727846050","US","United States of America","Michigan","Brighton"
"2727848765","2727848766","US","United States of America","Massachusetts","Lynn"
"2727852671","2727852672","US","United States of America","California","Cupertino"
"2727860381","2727860381","US","United States of America","Massachusetts","Foxboro"
"2727866022","2727866039","US","United States of America","California","Cupertino"
"2728067328","2728067335","US","United States of America","Kentucky","Louisville"
"2728075208","2728075215","US","United States of America","Illinois","Naperville"
"2728083728","2728083735","US","United States of America","Ohio","Columbus"
"2728091376","2728091383","US","United States of America","Ohio","Norwalk"
"2728099008","2728099011","US","United States of America","Virginia","Vienna"
"2728106800","2728106815","US","United States of America","Illinois","Chicago"
"2728116800","2728116807","US","United States of America","Ohio","Cleveland"
"2728124764","2728124775","US","United States of America","Virginia","Vienna"
"2728167424","2728167679","CA","Canada","British Columbia","Parksville"
"2730936320","2730937343","US","United States of America","North Carolina","Chapel Hill"
"2731616000","2731616783","US","United States of America","Illinois","Chicago"
"2731786800","2731786823","CA","Canada","British Columbia","Vancouver"
"2732145664","2732146687","CA","Canada","Quebec","Brossard"
"2732353536","2732354047","US","United States of America","Pennsylvania","Valley Forge"
"2732508579","2732508602","NL","Netherlands (Kingdom of the)","Noord-Holland","Amsterdam"
"2732785664","2732787711","US","United States of America","California","Fresno"
"2733813820","2733813823","US","United States of America","Illinois","Chicago"
"2734036992","2734038015","US","United States of America","Washington","Moses Lake"
"2734223616","2734223623","IN","India","Maharashtra","Pune"
"2734395904","2734396415","US","United States of America","Texas","Dallas"
"2734421082","2734421082","US","United States of America","Texas","Katy"
"2734525184","2734525439","US","United States of America","Texas","Houston"
"2735020288","2735020799","DE","Germany","Hessen","Frankfurt am Main"
"2737808384","2737808639","NZ","New Zealand","Canterbury","Methven"
"2742208768","2742209023","US","United States of America","Virginia","Reston"
"2742337124","2742337125","NE","Niger","Niamey","Niamey"
"2742934272","2742934527","CN","China","Guangdong","Shenzhen"
"2745988659","2745988659","NL","Netherlands (Kingdom of the)","Noord-Holland","Amsterdam"
"2746538673","2746538673","KR","Korea (the Republic of)","Seoul-teukbyeolsi","Seoul"
"2746540589","2746540590","KR","Korea (the Republic of)","Seoul-teukbyeolsi","Seoul"
"2746546840","2746546844","KR","Korea (the Republic of)","Seoul-teukbyeolsi","Seoul"
"2749309952","2749310207","AF","Afghanistan","Kabul","Kabul"
"2752659936","2752659943","SG","Singapore","Singapore","Singapore"
"2755040768","2755043327","US","United States of America","Wisconsin","Argonne"
"2758042625","2758043134","IN","India","Delhi","Delhi"
"2759966208","2759967231","CH","Switzerland","Zurich","Zurich"
"2760472576","2760472831","ET","Ethiopia","Addis Ababa","Addis Ababa"
"2761553008","2761553023","US","United States of America","New Jersey","Freehold"
"2768354144","2768354175","HR","Croatia","Grad Zagreb","Zagreb"
"2771554304","2771554815","TN","Tunisia","Tunis","Tunis"
"2773870240","2773870335","NZ","New Zealand","Auckland","Auckland"
"2775939072","2775939839","US","United States of America","Massachusetts","Cambridge"
"2778477827","2778477827","US","United States of America","Massachusetts","Cambridge"
"2779155712","2779155967","US","United States of America","South Carolina","Rock Hill"
"2780600832","2780601343","US","United States of America","Massachusetts","Quincy"
"2782696680","2782696687","IT","Italy","Piemonte","Torino"
"2783188949","2783188949","AU","Australia","Victoria","Melbourne"
"2783196261","2783196261","AU","Australia","New South Wales","Sydney"
"2783216661","2783216661","AU","Australia","New South Wales","Sydney"
"2783229605","2783229605","AU","Australia","Victoria","Melbourne"
"2784422912","2784423167","KR","Korea (the Republic of)","Busan-gwangyeoksi","Busan"
"2785118208","2785118463","IT","Italy","Lombardia","Milan"
"2787758080","2787836159","US","United States of America","District of Columbia","Washington"
"2789151048","2789151055","US","United States of America","Georgia","Lawrenceville"
"2789202049","2789202049","GB","United Kingdom of Great Britain and Northern Ireland","England","London"
"2790188320","2790188399","US","United States of America","Texas","San Antonio"
"2790821888","2790823167","US","United States of America","California","San Jose"
"2791734329","2791734329","US","United States of America","Arkansas","Little Rock"
"2792104704","2792104959","US","United States of America","Oklahoma","Oklahoma City"
"2793773824","2793774079","US","United States of America","Virginia","Arlington"
"2797022976","2797023487","US","United States of America","New York","New York City"
"2797464064","2797464831","US","United States of America","New York","New York City"
"2797926400","2797926655","US","United States of America","Virginia","Arlington"
"2798351104","2798351359","US","United States of America","New York","New York City"
"2799000320","2799002623","US","United States of America","Georgia","Atlanta"
"2799415552","2799415807","US","United States of America","New York","New York City"
"2805622528","2805622783","UY","Uruguay","Montevideo","Villa del Cerro"
"2806132992","2806185983","US","United States of America","California","San Diego"
"2808005804","2808005807","CA","Canada","Alberta","Calgary"
"2809274368","2809274879","US","United States of America","New Jersey","Newark"
"2809315216","2809315231","PE","Peru","Cusco","Cusco"
"2811154664","2811154671","US","United States of America","Iowa","Jefferson"
"2815298661","2815298672","US","United States of America","New York","Hicksville"
"2815322073","2815322073","US","United States of America","New York","Halcottsville"
"2815353952","2815353967","US","United States of America","New York","Mount Sinai"
"2816510208","2816511231","US","United States of America","Arkansas","Fayetteville"
"2818162048","2818162051","BR","Brazil","Bahia","Conquista"
"2819211520","2819211775","US","United States of America","Georgia","Rome"
"2823565081","2823565081","HK","Hong Kong","Hong Kong","Hong Kong"
"2823566531","2823566531","HK","Hong Kong","Hong Kong","Hong Kong"
"2823590196","2823590196","HK","Hong Kong","Hong Kong","Hong Kong"
"2823595243","2823595243","HK","Hong Kong","Hong Kong","Hong Kong"
"2823618088","2823618088","HK","Hong Kong","Hong Kong","Hong Kong"
"2824659508","2824659511","US","United States of America","Illinois","Vernon Hills"
"2825172272","2825172287","US","United States of America","Indiana","McCordsville"
"2827970992","2827970993","NL","Netherlands (Kingdom of the)","Noord-Holland","Amsterdam"
"2829539584","2829539839","BW","Botswana","North East","Francistown"
"2831396608","2831396863","BR","Brazil","Rio Grande do Sul","Passo Fundo"
"2832039936","2832040959","BR","Brazil","Paraiba","Joao Pessoa"
"2832089524","2832089526","ZA","South Africa","Gauteng","Pretoria"
"2832097297","2832097441","ZA","South Africa","Gauteng","Pretoria"
"2832112670","2832112672","ZA","South Africa","Gauteng","Pretoria"
"2832128719","2832128773","ZA","South Africa","Gauteng","Pretoria"
"2832134714","2832134716","ZA","South Africa","Gauteng","Pretoria"
"2833325056","2833325311","KR","Korea (the Republic of)","Seoul-teukbyeolsi","Seoul"
"2833820416","2833820671","HN","Honduras","Copan","Copan"
"2835039232","2835039743","US","United States of America","New York","New York City"
"2838490112","2838490367","NL","Netherlands (Kingdom of the)","Noord-Holland","Amsterdam"
"2838685710","2838685710","GB","United Kingdom of Great Britain and Northern Ireland","England","London"
"2839539200","2839539455","NL","Netherlands (Kingdom of the)","Noord-Holland","Amsterdam"
"2843884770","2843884771","US","United States of America","Texas","Houston"
"2843895563","2843895568","US","United States of America","Alabama","Birmingham"
"2843912216","2843912217","US","United States of America","Illinois","Chicago"
"2843923630","2843923631","US","United States of America","Arkansas","Little Rock"
"2844284755","2844284761","HK","Hong Kong","Hong Kong","Hong Kong"
"2845242880","2845243135","ZA","South Africa","Gauteng","Johannesburg"
"2850077952","2850078015","BY","Belarus","Minskaya voblasts'","Minsk"
"2853278464","2853278719","CH","Switzerland","Valais","Sion"
"2855737424","2855737439","US","United States of America","Florida","Fort Lauderdale"
"2855756976","2855756983","US","United States of America","Massachusetts","Boston"
"2855772200","2855772207","US","United States of America","Florida","Apopka"
"2856222976","2856223231","UA","Ukraine","Kyiv","Kyiv"
"2857259008","2857259263","BR","Brazil","Pernambuco","Vitoria de Santo Antao"
"2857453488","2857453503","BR","Brazil","Sao Paulo","Mairipora"
"2857550624","2857550635","BR","Brazil","Santa Catarina","Blumenau"
"2857701376","2857703935","BR","Brazil","Rio de Janeiro","Rio de Janeiro"
"2859638570","2859638607","US","United States of America","California","San Jose"
"2862009024","2862009031","BR","Brazil","Ceara","Sao Luis do Curu"
"2865446912","2865455103","US","United States of America","California","Hawthorne"
"2866880512","2866896895","US","United States of America","North Carolina","Durham"
"2867817540","2867817543","BR","Brazil","Sao Paulo","Mogi das Cruzes"
"2868280320","2868281087","BR","Brazil","Rio Grande do Norte","Tibau"
"2868572928","2868572991","US","United States of America","Texas","Baytown"
"2869168896","2869169151","TH","Thailand","Rayong","Klaeng"
"2870593538","2870593547","DE","Germany","Nordrhein-Westfalen","Dusseldorf"
"2872946944","2872947199","IN","India","Karnataka","Chikodi"
"2874065408","2874065663","IN","India","Odisha","Barpali"
"2877221376","2877221631","CN","China","Shanxi","Jinzhong"
"2883931648","2883932159","VN","Viet Nam","Phu Tho","Viet Tri"
"2884521984","2884524031","VN","Viet Nam","Ha Noi","Hanoi"
"2885091328","2885091583","VN","Viet Nam","Ho Chi Minh","Ho Chi Minh City"
"2885660672","2885660927","VN","Viet Nam","Quang Tri","Dong Ha"
"2886346240","2886346751","US","United States of America","Florida","Apopka"
"2890179072","2890179327","BR","Brazil","Ceara","Fortaleza"
"2890604800","2890605055","US","United States of America","South Carolina","Summerville"
"2891029656","2891029663","US","United States of America","California","Los Angeles"
"2891264208","2891264215","US","United States of America","Massachusetts","Boston"
"2891418164","2891418167","US","United States of America","Texas","El Paso"
"2891426464","2891426479","US","United States of America","Illinois","Naperville"
"2891715184","2891715191","US","United States of America","California","Walnut Creek"
"2892127744","2892127999","US","United States of America","Georgia","Marietta"
"2892152864","2892152871","US","United States of America","New York","Rochester"
"2892343808","2892344063","US","United States of America","Illinois","Chicago"
"2892390952","2892390965","US","United States of America","California","El Segundo"
"2892408231","2892408233","US","United States of America","Georgia","Jasper"
"2892410428","2892410429","US","United States of America","Georgia","Jasper"
"2892412562","2892412564","US","United States of America","Georgia","Jasper"
"2892446788","2892446791","CA","Canada","Alberta","Sylvan Lake"
"2893327360","2893327871","US","United States of America","California","Inglewood"
"2899902480","2899902481","US","United States of America","Iowa","Council Bluffs"
"2899907377","2899907378","DE","Germany","Hamburg","Hamburg"
"2899909280","2899909280","IN","India","Tamil Nadu","Chennai"
"2899944050","2899944051","BR","Brazil","Sao Paulo","Sao Paulo"
"2900241408","2900242431","US","United States of America","Michigan","Saginaw"
"2900425306","2900425307","GB","United Kingdom of Great Britain and Northern Ireland","England","Bristol"
"2900431560","2900431561","US","United States of America","Illinois","La Salle"
"2900440128","2900440159","RU","Russian Federation","Primorskiy kray","Vladivostok"
"2900455098","2900455099","US","United States of America","Georgia","Savannah"
"2900462766","2900462767","US","United States of America","Florida","Milligan"
"2900477732","2900477733","US","United States of America","Colorado","Pueblo"
"2900485840","2900485855","NU","Niue","Niue","Alofi"
"2900493176","2900493177","US","United States of America","Arizona","Tucson"
"2900497704","2900497705","US","United States of America","Georgia","Columbus"
"2900510084","2900510085","US","United States of America","Rhode Island","Providence"
"2900528738","2900528739","US","United States of America","Florida","Summerland Key"
"2900535406","2900535407","US","United States of America","South Carolina","Hilton Head Island"
"2900540480","2900540481","US","United States of America","Ohio","Cleveland"
"2900543278","2900543279","US","United States of America","Michigan","Holland"
"2901409792","2901475327","US","United States of America","Texas","Dallas"
"2901674261","2901674261","US","United States of America","New Jersey","Turnersville"
"2901678877","2901678877","US","United States of America","Washington","Burlington"
"2901682877","2901682877","US","United States of America","Massachusetts","Yarmouth"
"2901687838","2901687840","US","United States of America","New Mexico","Albuquerque"
"2901693501","2901693501","US","United States of America","Texas","Alief"
"2901698786","2901698788","US","United States of America","Washington","Seattle"
"2901703925","2901703925","US","United States of America","California","Toyon"
"2901709056","2901709056","US","United States of America","Florida","Sarasota"
"2901713517","2901713517","US","United States of America","Washington","Redmond"
"2901717486","2901717488","US","United States of America","Michigan","Flint"
"2901721626","2901721628","US","United States of America","Washington","Seattle"
"2901725953","2901725953","US","United States of America","Texas","Alief"
"2901729657","2901729657","US","United States of America","Washington","Burien"
"2901734741","2901734741","US","United States of America","Florida","Springfield"
"2901764204","2901764207","US","United States of America","California","Rancho Cucamonga"
"2902286654","2902286654","GB","United Kingdom of Great Britain and Northern Ireland","England","London"
"2902341712","2902341719","US","United States of America","New Jersey","Newark"
"2902360016","2902360023","US","United States of America","New Jersey","Newark"
"2902376448","2902376487","US","United States of America","Illinois","Naperville"
"2902405904","2902405935","CA","Canada","Ontario","Richmond Hill"
"2903008040","2903008047","US","United States of America","Minnesota","Maple Grove"
"2903035284","2903035319","US","United States of America","New Jersey","Mount Laurel"
"2903049632","2903049647","US","United States of America","New Jersey","Mount Laurel"
"2903102992","2903102999","US","United States of America","Illinois","Crystal Lake"
"2903119480","2903119487","US","United States of America","Utah","Orem"
"2903136336","2903136343","US","United States of America","Washington","Tukwila"
"2903164304","2903164311","US","United States of America","Mississippi","Flowood"
"2903190344","2903190351","US","United States of America","Minnesota","Eden Prairie"
"2903234440","2903234447","US","United States of America","Texas","Pearland"
"2903260600","2903260607","US","United States of America","New Jersey","Spotswood"
"2903290504","2903290511","US","United States of America","Washington","Vancouver"
"2903315376","2903315383","US","United States of America","Michigan","Holland"
"2903348736","2903352831","US","United States of America","California","San Francisco"
"2903384672","2903384735","US","United States of America","New Jersey","Mount Laurel"
"2903433664","2903433671","US","United States of America","Utah","Sandy"
"2903448176","2903448183","US","United States of America","Indiana","Greenfield"
"2903463952","2903463967","US","United States of America","Indiana","Rochester"
"2903488304","2903488327","US","United States of America","Pennsylvania","Philadelphia"
"2903571968","2903572223","US","United States of America","California","Lakeport"
"2903925248","2903925759","US","United States of America","Georgia","Atlanta"
"2904257792","2904258047","US","United States of America","California","Clearlake Park"
"2904613632","2904613887","CA","Canada","Quebec","Montreal"
"2905211992","2905211999","US","United States of America","New York","New York City"
"2905220184","2905220191","US","United States of America","North Carolina","Wilmington"
"2905228320","2905228327","US","United States of America","North Carolina","Durham"
"2905237164","2905237167","US","United States of America","New York","New York City"
"2905476264","2905476271","CA","Canada","Ontario","Oakville"
"2905809968","2905809975","US","United States of America","California","Redlands"
"2906484992","2906485247","US","United States of America","Virginia","Ashburn"
"2906996224","2906996735","US","United States of America","Rhode Island","Providence"
"2907445248","2907445503","US","United States of America","Massachusetts","Rochester"
"2908028416","2908028416","US","United States of America","California","Murray"
"2908688288","2908688295","US","United States of America","South Carolina","Hemingway"
"2908697696","2908697703","US","United States of America","North Carolina","Cape Carteret"
"2908705916","2908705923","US","United States of America","New York","New York City"
"2908713400","2908713403","US","United States of America","Georgia","Atlanta"
"2908738780","2908738783","US","United States of America","South Carolina","Summerville"
"2908749208","2908749215","US","United States of America","Georgia","Atlanta"
"2912970064","2912970071","US","United States of America","Minnesota","Maple Grove"
"2912985488","2912985495","US","United States of America","Washington","Woodinville"
"2912999936","2912999943","US","United States of America","Washington","Covington"
"2913013632","2913013663","US","United States of America","New Jersey","Mount Laurel"
"2913029936","2913029951","US","United States of America","New Jersey","Mount Laurel"
"2913059264","2913059271","US","United States of America","New Jersey","Secaucus"
"2913090576","2913090583","US","United States of America","Michigan","Detroit"
"2913145680","2913145695","US","United States of America","Pennsylvania","Lancaster"
"2913182920","2913182927","US","United States of America","New Jersey","Mount Laurel"
"2913199568","2913199575","US","United States of America","Georgia","Hinesville"
"2913221184","2913221191","US","United States of America","Colorado","Greenwood Village"
"2913235552","2913235559","US","United States of America","Oregon","Springfield"
"2913272136","2913272143","US","United States of America","New Jersey","Mount Laurel"
"2913287208","2913287215","US","United States of America","New Jersey","Mount Laurel"
"2913300704","2913300719","US","United States of America","Illinois","Lombard"
"2913330432","2913330447","US","United States of America","Minnesota","Minneapolis"
"2913366400","2913366407","US","United States of America","Massachusetts","Andover"
"2913403008","2913403023","US","United States of America","Michigan","Taylor"
"2913420664","2913420791","US","United States of America","New Jersey","Newark"
"2913439072","2913439095","US","United States of America","New Jersey","Mount Laurel"
"2913450576","2913450591","US","United States of America","Indiana","Muncie"
"2913460984","2913460991","US","United States of America","Michigan","Birmingham"
"2914052352","2914052607","CA","Canada","Quebec","Montreal"
"2914532898","2914532911","US","United States of America","Texas","Blooming Grove"
"2914621823","2914621837","US","United States of America","New York","New York City"
"2914673283","2914673289","US","United States of America","Georgia","Atlanta"
"2914700919","2914700949","US","United States of America","Arkansas","Little Rock"
"2914761528","2914761529","US","United States of America","Arkansas","Little Rock"
"2914809152","2914809153","US","United States of America","Ohio","Hammondsville"
"2914852526","2914852528","US","United States of America","New York","New York City"
"2914937452","2914937455","US","United States of America","Georgia","Atlanta"
"2914974519","2914974692","US","United States of America","Nebraska","Lincoln"
"2915185056","2915185087","SG","Singapore","Singapore","Singapore"
"2915307360","2915307367","US","United States of America","California","Santa Ana"
"2915339584","2915339591","US","United States of America","California","San Dimas"
"2915349416","2915349423","US","United States of America","California","El Segundo"
"2915359672","2915359675","US","United States of America","California","Brea"
"2915371484","2915371487","US","United States of America","Kansas","Lenexa"
"2915379692","2915379695","US","United States of America","Missouri","Kansas City"
"2915388936","2915388943","US","United States of America","California","Irvine"
"2915401208","2915401215","US","United States of America","California","Los Angeles"
"2915409352","2915409355","US","United States of America","Illinois","Naperville"
"2915420248","2915420251","US","United States of America","California","Woodland"
"2915429580","2915429591","US","United States of America","Virginia","Vienna"
"2915440360","2915440367","US","United States of America","California","Anaheim"
"2915449644","2915449647","US","United States of America","California","El Segundo"
"2915466608","2915466615","US","United States of America","California","Santa Fe Springs"
"2915646864","2915646867","US","United States of America","Arizona","Tempe"
"2915902677","2915902677","GB","United Kingdom of Great Britain and Northern Ireland","England","London"
"2915905041","2915905041","CA","Canada","Quebec","Montreal"
"2915907461","2915907461","US","United States of America","Illinois","Chicago"
"2915920096","2915920103","US","United States of America","Illinois","Chicago"
"2916189656","2916189659","CA","Canada","Ontario","Richmond Hill"
"2916196072","2916196079","CA","Canada","Ontario","Markham"
"2916235520","2916235543","US","United States of America","New York","New York City"
"2916293888","2916294143","US","United States of America","California","Pasadena"
"2916351318","2916351327","US","United States of America","Arkansas","Little Rock"
"2916537344","2916538367","CA","Canada","Ontario","Thornton"
"2916879776","2916879783","US","United States of America","New York","Hicksville"
"2916890392","2916890399","US","United States of America","New York","Brooklyn"
"2916901064","2916901071","US","United States of America","New Jersey","Ledgewood"
"2916911936","2916911943","US","United States of America","New York","Hicksville"
"2916922896","2916922903","US","United States of America","New Jersey","Denville"
"2916933600","2916933607","US","United States of America","Connecticut","Stamford"
"2916945184","2916945187","US","United States of America","Texas","Rising Star"
"2917218320","2917218323","US","United States of America","New York","Albany"
"2917475840","2917476351","US","United States of America","Washington","Chehalis"
"2918077696","2918078463","CA","Canada","Ontario","Burlington"
"2918162552","2918162555","CA","Canada","Quebec","Montreal"
"2918167292","2918167295","CA","Canada","Ontario","Ottawa"
"2918209904","2918209919","US","United States of America","Nebraska","Broken Bow"
"2918420544","2918420551","US","United States of America","California","Los Angeles"
"2918525768","2918525775","US","United States of America","California","Los Angeles"
"2918690200","2918690203","US","United States of America","Texas","Austin"
"2918915328","2918915335","US","United States of America","New Jersey","Wharton"
"2918940264","2918940271","US","United States of America","New York","Brightwaters"
"2919196548","2919196551","US","United States of America","California","Stockton"
"2919590912","2919591167","CA","Canada","Ontario","Schreiber"
"2921486384","2921486387","US","United States of America","California","Westlake Village"
"2922248192","2922250239","US","United States of America","Montana","Kalispell"
"2922719488","2922719743","US","United States of America","Arkansas","North Little Rock"
"2923124992","2923125247","US","United States of America","Pennsylvania","Jefferson"
"2924186112","2924186623","US","United States of America","New York","New York City"
"2924911104","2924911359","US","United States of America","Missouri","Saint Charles"
"2925135736","2925135743","CA","Canada","Quebec","Montreal"
"2925153088","2925153095","CA","Canada","Ontario","Barrie"
"2925289246","2925289247","CA","Canada","Ontario","Cambridge"
"2925339572","2925339572","CA","Canada","Ontario","Ajax"
"2925568000","2925572095","US","United States of America","Ohio","Columbus"
"2925761928","2925761935","US","United States of America","North Carolina","Greensboro"
"2925770104","2925770111","US","United States of America","North Carolina","Davidson"
"2925777368","2925777375","US","United States of America","South Carolina","Columbia"
"2925784804","2925784807","US","United States of America","South Carolina","Summerville"
"2926350136","2926350143","US","United States of America","North Carolina","Wilmington"
"2926360712","2926360719","US","United States of America","North Carolina","Charlotte"
"2926369344","2926369363","US","United States of America","Georgia","Atlanta"
"2926527328","2926527505","US","United States of America","Georgia","Atlanta"
"2926924800","2926925055","CA","Canada","Quebec","Montreal"
"2927559824","2927559827","US","United States of America","California","Fontana"
"2927571632","2927571639","US","United States of America","California","Los Angeles"
"2927634624","2927634687","US","United States of America","Massachusetts","Boston"
"2927871011","2927871057","US","United States of America","Arkansas","Little Rock"
"2928130512","2928130539","US","United States of America","Florida","Tampa"
"2928277688","2928277695","CA","Canada","British Columbia","Houston"
"2929986560","2929986815","US","United States of America","Washington","Tacoma"
"2930512384","2930512639","US","United States of America","Maryland","Baltimore"
"2930938624","2930938879","US","United States of America","Pennsylvania","Pittsburgh"
"2933030656","2933030911","US","United States of America","New Jersey","Newark"
"2935545856","2935546111","US","United States of America","Virginia","Ashburn"
"2938445056","2938445311","AU","Australia","Victoria","Bendigo"
"2943284224","2943284479","SA","Saudi Arabia","'Asir","Qal'at Bishah"
"2944705536","2944705791","JP","Japan","Saitama","Saitama"
"2945297920","2945298175","MY","Malaysia","Johor","Labis"
"2946381568","2946381823","ID","Indonesia","Jawa Tengah","Kalimantan"
"2948983552","2948985599","KR","Korea (the Republic of)","Gyeonggi-do","Seongnam"
"2949999360","2949999615","KR","Korea (the Republic of)","Gyeonggi-do","Goyang"
"2953095168","2953095423","DE","Germany","Niedersachsen","Delmenhorst"
"2953428336","2953428383","DE","Germany","Sachsen","Falkenstein"
"2953584640","2953585151","BG","Bulgaria","Sofia (stolitsa)","Sofia"
"2954020352","2954020607","SA","Saudi Arabia","Makkah al Mukarramah","Ta'if"
"2954330112","2954330121","SG","Singapore","Singapore","Singapore"
"2954614784","2954615039","GB","United Kingdom of Great Britain and Northern Ireland","England","Ordsall"
"2954844704","2954844707","PL","Poland","Dolnoslaskie","Wroclaw"
"2955673600","2955690239","SA","Saudi Arabia","Ar Riyad","Riyadh"
"2956312576","2956315647","RU","Russian Federation","Sankt-Peterburg","Saint Petersburg"
"2956557496","2956557503","IT","Italy","Lazio","Rome"
"2957091584","2957091839","IR","Iran (Islamic Republic of)","Khorasan-e Razavi","Torbat-e Jam"
"2957477120","2957477375","SE","Sweden","Hallands lan","Mellbystrand"
"2957848832","2957849855","RU","Russian Federation","Moskva","Moscow"
"2958270464","2958270719","ES","Spain","Aragon","Ateca"
"2958816000","2958816255","TR","Turkiye","Istanbul","Istanbul"
"2958963320","2958963327","DE","Germany","Nordrhein-Westfalen","Dortmund"
"2958987608","2958987615","DE","Germany","Hessen","Eschborn"
"2959002624","2959002631","DE","Germany","Berlin","Berlin"
"2959026600","2959026607","DE","Germany","Thuringen","Sulzbach"
"2959064672","2959064679","DE","Germany","Niedersachsen","Braunschweig"
"2959544576","2959545087","UA","Ukraine","Kharkivska oblast","Lyman"
"2960338688","2960340991","RU","Russian Federation","Moskovskaya oblast'","Dmitrov"
"2961001472","2961001727","RU","Russian Federation","Zabaykal'skiy kray","Chita"
"2961460736","2961460991","FR","France","Normandie","Rouen"
"2961822976","2961823231","FR","France","Provence-Alpes-Cote-d'Azur","Grasse"
"2962214144","2962214399","FR","France","Provence-Alpes-Cote-d'Azur","Vallauris"
"2962587904","2962588159","FR","France","Ile-de-France","Nanterre"
"2962935040","2962935295","FR","France","Centre-Val de Loire","Suevres"
"2963313152","2963313663","FR","France","Ile-de-France","Meudon"
"2963741696","2963741951","FR","France","Nouvelle-Aquitaine","Brizambourg"
"2964093440","2964093695","FR","France","Auvergne-Rhone-Alpes","Belley"
"2964522240","2964522495","FR","France","Ile-de-France","Meudon"
"2964930560","2964932095","FR","France","Ile-de-France","Meudon"
"2965318144","2965318399","FR","France","Ile-de-France","Meudon"
"2965923328","2965923583","IT","Italy","Piemonte","Torino"
"2966342656","2966342911","IT","Italy","Emilia-Romagna","Rimini"
"2966975488","2966975999","TR","Turkiye","Antalya","Deniz"
"2967386880","2967387135","KZ","Kazakhstan","Qaraghandy oblysy","Karagandy"
"2967783680","2967783935","IL","Israel","HaDarom","Ashqelon"
"2968547328","2968547839","TR","Turkiye","Gaziantep","Gaziantep"
"2969049856","2969050111","GB","United Kingdom of Great Britain and Northern Ireland","England","Rochdale"
"2969410560","2969410815","GB","United Kingdom of Great Britain and Northern Ireland","England","London"
"2970064896","2970065407","BR","Brazil","Sao Paulo","Sao Paulo"
"2970274516","2970274519","BR","Brazil","Paraiba","Campina Grande"
"2970616064","2970616319","BR","Brazil","Sao Paulo","Sao Paulo"
"2970848984","2970848991","BR","Brazil","Sao Paulo","Sao Paulo"
"2970876568","2970876639","BR","Brazil","Ceara","Fortaleza"
"2971108812","2971108815","BR","Brazil","Ceara","Fazenda Providencia"
"2971928320","2971928351","BR","Brazil","Pernambuco","Recife"
"2972033034","2972033034","BR","Brazil","Rio Grande do Norte","Martins"
"2972096512","2972096767","BR","Brazil","Rio Grande do Sul","Arroio do Meio"
"2972245249","2972245249","BR","Brazil","Espirito Santo","Vitoria"
"2972411632","2972411639","BR","Brazil","Sao Paulo","Sao Paulo"
"2972440736","2972440743","BR","Brazil","Santa Catarina","Joinville"
"2972588800","2972615935","BR","Brazil","Sao Paulo","Sao Paulo"
"2973067264","2973067279","BR","Brazil","Sao Paulo","Ribeirao Preto"
"2973222400","2973222403","BR","Brazil","Rio de Janeiro","Carmo"
"2973693952","2973695487","BR","Brazil","Sao Paulo","Sao Paulo"
"2973981208","2973981219","BR","Brazil","Rio Grande do Sul","Santa Maria"
"2974156024","2974156031","BR","Brazil","Sao Paulo","Sao Paulo"
"2974475152","2974475155","BR","Brazil","Minas Gerais","Itapanhoacanga"
"2974695424","2974698239","BR","Brazil","Minas Gerais","Belo Horizonte"
"2975161344","2975161599","BR","Brazil","Bahia","Areias"
"2975442176","2975443967","BR","Brazil","Rio Grande do Norte","Natal"
"2975602076","2975602079","BR","Brazil","Parana","Curitiba"
"2975808256","2975808767","BR","Brazil","Sao Paulo","Sao Jose do Rio Pardo"
"2976068610","2976068864","BR","Brazil","Minas Gerais","Piui"
"2976217528","2976217551","BR","Brazil","Santa Catarina","Lages"
"2976249912","2976249919","BR","Brazil","Sao Paulo","Sao Paulo"
"2976598400","2976598447","BR","Brazil","Sao Paulo","Braganca Paulista"
"2977708544","2977708647","BR","Brazil","Sao Paulo","Sao Paulo"
"2977863884","2977863887","BR","Brazil","Rio Grande do Sul","Estancia Velha"
"2978138112","2978138367","BR","Brazil","Sao Paulo","Sao Paulo"
"2978371073","2978371073","BR","Brazil","Rio Grande do Sul","Caxias do Sul"
"2978448296","2978448303","BR","Brazil","Ceara","Horizonte"
"2978471168","2978471175","BR","Brazil","Sao Paulo","Sao Paulo"
"2978733568","2978734079","BR","Brazil","Sao Paulo","Sao Paulo"
"2979583522","2979583550","BR","Brazil","Sao Paulo","Sao Paulo"
"2979897345","2979897345","BR","Brazil","Minas Gerais","Belo Horizonte"
"2980030600","2980030607","BR","Brazil","Espirito Santo","Vitoria"
"2980725504","2980725759","BR","Brazil","Sao Paulo","Sorocaba"
"2981565440","2981565951","BR","Brazil","Sao Paulo","Sao Paulo"
"2982057078","2982057078","BR","Brazil","Sao Paulo","Botucatu"
"2982661120","2982661375","BR","Brazil","Rio Grande do Sul","Arroio Grande"
"2982881280","2982881791","BR","Brazil","Acre","Rio Branco"
"2983123970","2983124991","BR","Brazil","Alagoas","Maceio"
"2984021620","2984021623","BR","Brazil","Parana","Cambara"
"2984032504","2984032511","BR","Brazil","Parana","Apucarana"
"2984047248","2984047251","BR","Brazil","Rio Grande do Sul","Canoas"
"2984214528","2984215039","BR","Brazil","Piaui","Demerval Lobao"
"2984939486","2984939486","US","United States of America","New Jersey","Secaucus"
"2985750784","2985751039","MX","Mexico","Puebla","Huejotzingo"
"2986177856","2986177887","CO","Colombia","Antioquia","Medellin"
"2986198528","2986198535","CO","Colombia","Cordoba","Monteria"
"2986452992","2986453247","DE","Germany","Sachsen","Leipzig"
"2986948096","2986948351","DE","Germany","Nordrhein-Westfalen","Nettetal"
"2987261792","2987261807","DE","Germany","Brandenburg","Kleinmachnow"
"2987348528","2987348543","DE","Germany","Thuringen","Sulzbach"
"2987368928","2987368935","DE","Germany","Sachsen","Leipzig"
"2987437732","2987437767","FR","France","Ile-de-France","Champs-sur-Marne"
"2987813741","2987813741","CH","Switzerland","Sankt Gallen","Sargans"
"2987955712","2987955967","DE","Germany","Hamburg","Hamburg"
"2988413184","2988413951","SE","Sweden","Stockholms lan","Solna"
"2988494976","2988494991","ES","Spain","Madrid, Comunidad de","Madrid"
"2988544960","2988544975","FR","France","Hauts-de-France","Roubaix"
"2988808960","2988809727","PL","Poland","Slaskie","Katowice"
"2989124096","2989124351","PL","Poland","Warminsko-Mazurskie","Olsztynek"
"2989491968","2989492223","HU","Hungary","Pest","Toeroekbalint"
"2990021632","2990021887","PL","Poland","Slaskie","Jaworze"
"2990515872","2990515935","DE","Germany","Bayern","Gunzenhausen"
"2990819840","2990820095","RU","Russian Federation","Murmanskaya oblast'","Severomorsk"
"2991439872","2991440127","CZ","Czechia","Ustecky kraj","Teplice"
"2991858944","2991859711","NL","Netherlands (Kingdom of the)","Flevoland","Almere Stad"
"2992158816","2992158839","KZ","Kazakhstan","Almaty","Almaty"
"2992246272","2992246783","KZ","Kazakhstan","Pavlodar oblysy","Pavlodar"
"2992383744","2992383999","US","United States of America","Virginia","Ashburn"
"2993775616","2993775871","AT","Austria","Niederosterreich","Maria Enzersdorf"
"2994520385","2994520408","BY","Belarus","Minskaya voblasts'","Minsk"
"2995040000","2995040255","MD","Moldova (the Republic of)","Chisinau","Durlesti"
"2995542784","2995544575","RU","Russian Federation","Moskva","Moscow"
"2996040192","2996040447","GR","Greece","Notio Aigaio","Adamas"
"2996754944","2996755199","UA","Ukraine","Kyivska oblast","Vyshneve"
"2997280256","2997280511","RU","Russian Federation","Krasnoyarskiy kray","Sosnovoborsk"
"2997759008","2997759015","CH","Switzerland","Vaud","Lausanne"
"2998472192","2998472447","RU","Russian Federation","Krasnoyarskiy kray","Achinsk"
"2998668944","2998668951","AT","Austria","Karnten","Auen"
"2998679488","2998679495","AT","Austria","Steiermark","Mautern in Steiermark"
"2998687716","2998687719","AT","Austria","Vorarlberg","Andelsbuch"
"2998701152","2998701159","AT","Austria","Wien","Vienna"
"2998711968","2998711979","AT","Austria","Wien","Vienna"
"2998721680","2998721711","AT","Austria","Wien","Vienna"
"2998743600","2998743607","AT","Austria","Wien","Vienna"
"2998751472","2998751503","AT","Austria","Wien","Vienna"
"2998927360","2998927615","CH","Switzerland","Valais","Fiesch"
"2999307264","2999307519","CH","Switzerland","Basel-Landschaft","Buus"
"2999677696","2999677951","DE","Germany","Nordrhein-Westfalen","Monchengladbach"
"3000137440","3000137631","DE","Germany","Rheinland-Pfalz","Minden"
"3000678656","3000678911","SA","Saudi Arabia","Ar Riyad","Riyadh"
"3000836096","3000836351","RS","Serbia","Borski okrug","Majdanpek"
"3001172224","3001172479","NL","Netherlands (Kingdom of the)","Zuid-Holland","Bodegraven"
"3001479936","3001480191","NL","Netherlands (Kingdom of the)","Noord-Holland","Amsterdam"
"3001854240","3001854247","IT","Italy","Lombardia","Broni"
"3002033040","3002033047","GB","United Kingdom of Great Britain and Northern Ireland","Scotland","Hamilton"
"3002373120","3002373375","TR","Turkiye","Denizli","Denizli"
"3002657167","3002657167","RU","Russian Federation","Arkhangel'skaya oblast'","Avangard"
"3002762069","3002762069","CH","Switzerland","Sankt Gallen","Rorschach"
"3003061264","3003061271","DE","Germany","Sachsen-Anhalt","Poppau"
"3003222880","3003223007","CO","Colombia","Distrito Capital de Bogota","Bogota"
"3004059648","3004060159","CO","Colombia","Magdalena","Santa Marta"
"3004892264","3004892271","UY","Uruguay","Rio Negro","San Javier"
"3005124608","3005124863","UY","Uruguay","San Jose","Libertad"
"3005904928","3005904931","BR","Brazil","Sao Paulo","Ribeirao Preto"
"3006452736","3006453247","CR","Costa Rica","Guanacaste","Sardinal"
"3007087616","3007088639","BR","Brazil","Minas Gerais","Uberlandia"
"3008440576","3008440831","BR","Brazil","Rio de Janeiro","Rio Bonito"
"3009365048","3009365055","BR","Brazil","Sao Paulo","Sao Paulo"
"3009686528","3009686783","BR","Brazil","Sao Paulo","Brasilandia"
"3010160248","3010160263","BR","Brazil","Ceara","Horizonte"
"3010404096","3010404351","BR","Brazil","Sao Paulo","Araraquara"
"3011283432","3011283439","BR","Brazil","Pernambuco","Recife"
"3011503360","3011503615","BR","Brazil","Santa Catarina","Maravilha"
"3012888576","3012888831","BR","Brazil","Santa Catarina","Agua Doce"
"3013653248","3013653503","BR","Brazil","Rio Grande do Sul","Caxias do Sul"
"3014529024","3014530047","BR","Brazil","Sao Paulo","Sao Paulo"
"3015163136","3015163391","BR","Brazil","Paraiba","Joao Pessoa"
"3015273848","3015273855","BR","Brazil","Sao Paulo","Sao Paulo"
"3015562240","3015563263","ES","Spain","Extremadura","Caceres"
"3017011200","3017013247","BR","Brazil","Rio Grande do Sul","Caxias do Sul"
"3017900032","3017900287","BR","Brazil","Santa Catarina","Paulo Lopes"
"3018670080","3018686463","CH","Switzerland","Geneve","Carouge"
"3019397632","3019398143","BR","Brazil","Sao Paulo","Sao Paulo"
"3021033472","3021033727","JP","Japan","Tokyo","Tokyo"
"3022663264","3022663271","JP","Japan","Kagoshima","China"
"3022763304","3022763311","JP","Japan","Ibaraki","Naka"
"3024264192","3024264447","KR","Korea (the Republic of)","Busan-gwangyeoksi","Busan"
"3025607168","3025607423","SG","Singapore","Singapore","Singapore"
"3028540928","3028541951","JP","Japan","Okinawa","Naha"
"3029845504","3029845759","IN","India","Karnataka","Bengaluru"
"3031546624","3031546879","TW","Taiwan (Province of China)","Pingtung","Pingtung"
"3032461312","3032461823","PH","Philippines","National Capital Region","Makati"
"3032755968","3032756223","JP","Japan","Shizuoka","Shizuoka"
"3034374656","3034375423","JP","Japan","Wakayama","Wakayama"
"3035774976","3035775487","ID","Indonesia","Jakarta Raya","Jakarta"
"3036169984","3036170239","ID","Indonesia","Jakarta Raya","Jakarta"
"3036587008","3036587263","ID","Indonesia","Sumatera Selatan","Palembang"
"3037310720","3037310975","AR","Argentina","Entre Rios","Aranguren"
"3037382368","3037382375","AR","Argentina","Cordoba","Coronel Olmedo"
"3037539368","3037539375","AR","Argentina","Entre Rios","Santa Ana"
"3037651968","3037652735","AR","Argentina","Tucuman","San Miguel de Tucuman"
"3037699032","3037699039","AR","Argentina","Cordoba","Cordoba"
"3037837312","3037837567","VE","Venezuela (Bolivarian Republic of)","Amazonas","Puerto Ayacucho"
"3038660864","3038661119","AR","Argentina","Buenos Aires","Castelar"
"3039235056","3039235063","EC","Ecuador","Pichincha","Quito"
"3039379456","3039380479","GY","Guyana","Demerara-Mahaica","Georgetown"
"3039871744","3039871999","CO","Colombia","Atlantico","Barranquilla"
"3040370944","3040371199","CO","Colombia","Cundinamarca","Cota"
"3040897280","3040897791","PE","Peru","La Libertad","Trujillo"
"3041767168","3041767679","BR","Brazil","Sao Paulo","Sao Jose dos Campos"
"3042404096","3042404351","AR","Argentina","Entre Rios","Parana"
"3042887424","3042887679","AR","Argentina","Santa Fe","Rosario"
"3043443712","3043444735","UY","Uruguay","Paysandu","Paysandu"
"3043998456","3043998471","AR","Argentina","Santa Fe","Vera"
"3044055832","3044055839","EC","Ecuador","Carchi","Tulcan"
"3044332800","3044333055","AR","Argentina","Chaco","Resistencia"
"3044765184","3044765439","PY","Paraguay","Paraguari","Carapegua"
"3045766144","3045766399","CO","Colombia","Antioquia","Cisneros"
"3046400000","3046400255","CO","Colombia","Caldas","Manizales"
"3046849024","3046849279","CO","Colombia","Santander","Bucaramanga"
"3047483136","3047483391","AR","Argentina","Buenos Aires","Bosques"
"3047923968","3047924223","AR","Argentina","Rio Negro","Cipolletti"
"3048358912","3048359167","PA","Panama","Panama","Panama"
"3049060276","3049060279","CO","Colombia","Distrito Capital de Bogota","Bogota"
"3049235456","3049235489","BR","Brazil","Sao Paulo","Sao Paulo"
"3049717584","3049717599","EC","Ecuador","Guayas","Milagro"
"3050148864","3050149119","CO","Colombia","Distrito Capital de Bogota","Bogota"
"3050391128","3050391131","AR","Argentina","Ciudad Autonoma de Buenos Aires","Buenos Aires"
"3050400040","3050400047","AR","Argentina","Neuquen","Anelo"
"3050536960","3050537215","EC","Ecuador","Guayas","Guayaquil"
"3050820791","3050820795","SG","Singapore","Singapore","Singapore"
"3051409920","3051411455","AR","Argentina","Buenos Aires","Manuel J. Cobo"
"3051485696","3051485711","CU","Cuba","La Habana","Havana"
"3052135424","3052136447","CO","Colombia","Huila","Neiva"
"3052979200","3052979455","CO","Colombia","Antioquia","Medellin"
"3053532416","3053532671","ID","Indonesia","Riau","Aru"
"3055570688","3055579391","CN","China","Shandong","Jinan"
"3057390336","3057390591","IN","India","Maharashtra","Mumbai"
"3057799128","3057799135","IN","India","Delhi","Delhi"
"3057830648","3057830655","IN","India","West Bengal","Kolkata"
"3057843912","3057843919","IN","India","Telangana","Medak"
"3058110968","3058110975","IN","India","Delhi","Delhi"
"3058121720","3058121727","IN","India","Tamil Nadu","Chennai"
"3058131504","3058131527","IN","India","Delhi","Delhi"
"3058140484","3058140495","IN","India","Delhi","Delhi"
"3058148116","3058148119","IN","India","Tamil Nadu","Kanchipuram"
"3058158100","3058158123","IN","India","Delhi","Delhi"
"3058169992","3058169995","IN","India","Karnataka","Bengaluru"
"3058181144","3058181151","IN","India","Tamil Nadu","Tenkasi"
"3058191408","3058191415","IN","India","Haryana","Faridabad"
"3058198784","3058198791","IN","India","Delhi","Delhi"
"3058206856","3058206863","IN","India","Delhi","Delhi"
"3058213800","3058213803","IN","India","Punjab","Mohali"
"3058222816","3058222823","IN","India","Uttar Pradesh","Mohan"
"3058232368","3058232383","IN","India","Telangana","Hyderabad"
"3058241328","3058241331","IN","India","Andhra Pradesh","Guntur"
"3058250416","3058250423","IN","India","West Bengal","Contai"
"3058259212","3058259215","IN","India","Uttar Pradesh","Lucknow"
"3058267440","3058267455","IN","India","Delhi","Delhi"
"3058276440","3058276455","IN","India","Telangana","Hyderabad"
"3058285616","3058285623","IN","India","Haryana","Gurgaon"
"3058294328","3058294331","IN","India","Delhi","Delhi"
"3058302980","3058302983","IN","India","Tamil Nadu","Madurai"
"3058309521","3058309521","IN","India","Karnataka","Bengaluru"
"3058318528","3058318535","IN","India","Karnataka","Bengaluru"
"3058327796","3058327799","IN","India","Chhattisgarh","Ambikapur"
"3058337296","3058337303","IN","India","West Bengal","Kolkata"
"3058346472","3058346479","IN","India","Tamil Nadu","Kanchipuram"
"3058355064","3058355067","IN","India","Karnataka","Bengaluru"
"3058363544","3058363559","IN","India","Delhi","Delhi"
"3058371647","3058371647","IN","India","Delhi","Delhi"
"3058377280","3058377299","IN","India","Delhi","Delhi"
"3058385656","3058385663","IN","India","Delhi","Delhi"
"3058393892","3058393895","IN","India","Haryana","Gurgaon"
"3058401744","3058401751","IN","India","Karnataka","Bengaluru"
"3058409064","3058409067","IN","India","Maharashtra","Mumbai"
"3058416264","3058416279","IN","India","Delhi","Delhi"
"3058422011","3058422011","IN","India","Karnataka","Raichur"
"3058430020","3058430027","IN","India","Delhi","Delhi"
"3058438000","3058438007","IN","India","Telangana","Hyderabad"
"3058447832","3058447839","IN","India","Maharashtra","Kolhapur"
"3058455967","3058455968","IN","India","Delhi","Delhi"
"3058459888","3058459891","IN","India","Delhi","Delhi"
"3058468424","3058468431","IN","India","Haryana","Gurgaon"
"3058478648","3058478655","IN","India","Maharashtra","Mumbai"
"3058487640","3058487647","IN","India","Tamil Nadu","Villupuram"
"3058493603","3058493603","IN","India","Andhra Pradesh","Visakhapatnam"
"3058567480","3058567487","IN","India","Rajasthan","Nagar"
"3058584456","3058584459","IN","India","Haryana","Gurgaon"
"3058598004","3058598007","IN","India","Uttar Pradesh","Kant"
"3058601248","3058601251","IN","India","Odisha","Bhubaneshwar"
"3058604484","3058604484","IN","India","Uttar Pradesh","Bhadohi"
"3058607732","3058607733","IN","India","Delhi","Delhi"
"3058610938","3058610938","IN","India","Chhattisgarh","Raipur"
"3058614457","3058614464","IN","India","Delhi","Delhi"
"3058627852","3058627863","IN","India","Delhi","Delhi"
"3058638798","3058638800","IN","India","Delhi","Delhi"
"3058650864","3058650867","IN","India","Uttarakhand","Mall"
"3058661344","3058661359","IN","India","Delhi","Delhi"
"3058688420","3058688431","IN","India","Karnataka","Bidar"
"3064222976","3064223231","JP","Japan","Nara","Nara"
"3064720088","3064720091","JP","Japan","Tokyo","Tokyo"
"3065477888","3065478143","PK","Pakistan","Khyber Pakhtunkhwa","Khalabat"
"3067108096","3067108351","KR","Korea (the Republic of)","Gyeonggi-do","Icheon"
"3068647936","3068648959","KR","Korea (the Republic of)","Seoul-teukbyeolsi","Seoul"
"3069741824","3069741887","JP","Japan","Miyagi","Osaki"
"3071541248","3071557631","CN","China","Guangdong","Yunfu"
"3075386368","3075387391","AU","Australia","Victoria","Burwood East"
"3076121856","3076122111","TH","Thailand","Suphan Buri","Suphan Buri"
"3077361408","3077361663","KR","Korea (the Republic of)","Gangwon-teukbyeoljachido","Gangneung"
"3079316224","3079316479","CN","China","Zhejiang","Wenzhou"
"3083529216","3083530239","CN","China","Shanxi","Xinzhou"
"3086481920","3086483455","CN","China","Zhejiang","Taizhou"
"3087281408","3087281919","US","United States of America","California","San Jose"
"3087692068","3087692068","US","United States of America","New York","New York City"
"3088315045","3088315045","US","United States of America","Texas","Nassau Bay"
"3088425984","3088426239","US","United States of America","District of Columbia","Washington"
"3088575121","3088575121","US","United States of America","California","San Jose"
"3090153728","3090155263","US","United States of America","Georgia","Atlanta"
"3091009280","3091009391","US","United States of America","Wisconsin","Fitchburg"
"3091456256","3091458559","CA","Canada","Ontario","Brampton"
"3091860984","3091860987","US","United States of America","Illinois","Chicago"
"3091868936","3091868943","US","United States of America","New York","Lockport"
"3091878040","3091878047","US","United States of America","Illinois","Chicago"
"3091887060","3091887063","US","United States of America","New York","Buffalo"
"3091899936","3091899951","US","United States of America","New York","Manhattan"
"3091911416","3091911423","US","United States of America","New York","New York City"
"3091925756","3091925775","US","United States of America","New Jersey","Newark"
"3091938848","3091938863","US","United States of America","Illinois","Naperville"
"3091951068","3091951071","US","United States of America","New York","Manhattan"
"3092262728","3092262731","US","United States of America","Wisconsin","Dodgeville"
"3092280732","3092280733","US","United States of America","Florida","Orlando"
"3092296872","3092296899","US","United States of America","Arkansas","Little Rock"
"3092304270","3092304271","US","United States of America","Alabama","Mobile"
"3092309302","3092309303","US","United States of America","California","Sunnyvale"
"3092315132","3092315133","US","United States of America","New York","Buffalo"
"3092328320","3092328327","US","United States of America","Missouri","Elsberry"
"3092339480","3092339483","US","United States of America","Pennsylvania","Eddystone"
"3092343932","3092343932","US","United States of America","Tennessee","Springfield"
"3092348856","3092348857","US","United States of America","New York","Albany"
"3092366132","3092366135","US","United States of America","New York","Oyster Bay"
"3092376620","3092376621","US","United States of America","Kentucky","Monticello"
"3092957952","3092958207","US","United States of America","Colorado","Greenwood Village"
"3093373440","3093373695","US","United States of America","Wisconsin","Wild Rose"
"3093872669","3093872670","NL","Netherlands (Kingdom of the)","Noord-Holland","Amsterdam"
"3093874437","3093874438","US","United States of America","New York","New York City"
"3093878934","3093878934","JP","Japan","Tokyo","Tokyo"
"3093896145","3093896146","US","United States of America","Indiana","Indianapolis"
"3093909645","3093909645","JP","Japan","Tokyo","Tokyo"
"3093946289","3093946289","US","United States of America","Illinois","Chicago"
"3094390272","3094390527","US","United States of America","Massachusetts","Boston"
"3095416064","3095416319","US","United States of America","Georgia","Atlanta"
"3096077824","3096078079","US","United States of America","Georgia","Atlanta"
"3096499968","3096500991","CA","Canada","Quebec","Montreal"
"3096624384","3096624639","CA","Canada","Ontario","Maple"
"3096685666","3096685667","CA","Canada","Ontario","Hawkesbury"
"3096777472","3096777727","CA","Canada","Ontario","Hornby"
"3096816496","3096816503","CA","Canada","Ontario","Markham"
"3096826288","3096826295","CA","Canada","British Columbia","Vancouver"
"3096867465","3096867465","CA","Canada","Ontario","Waterloo"
"3096890733","3096890733","CA","Canada","Ontario","Grimsby"
"3097585664","3097585919","CA","Canada","Quebec","Omerville"
"3097967364","3097967387","US","United States of America","Colorado","Greenwood Village"
"3098199552","3098199807","US","United States of America","New York","Suffern"
"3098843136","3098845183","US","United States of America","Virginia","Fairfax"
"3103899648","3103900159","ES","Spain","Madrid, Comunidad de","Madrid"
"3104139104","3104139111","DE","Germany","Baden-Wurttemberg","Haiterbach"
"3104302982","3104302983","GB","United Kingdom of Great Britain and Northern Ireland","Scotland","Saint Marys"
"3104507904","3104508927","YE","Yemen","Hadramawt","Sana'"
"3104726016","3104726271","DE","Germany","Hessen","Frankfurt am Main"
"3104958264","3104958271","PT","Portugal","Coimbra","Figueira da Foz"
"3105215272","3105215279","GB","United Kingdom of Great Britain and Northern Ireland","England","Charterhouse"
"3105508096","3105508351","NL","Netherlands (Kingdom of the)","Noord-Holland","Amsterdam"
"3105757848","3105757855","GB","United Kingdom of Great Britain and Northern Ireland","England","Solihull"
"3106016240","3106016241","GB","United Kingdom of Great Britain and Northern Ireland","Scotland","Edinburgh"
"3106262400","3106262527","IT","Italy","Toscana","Arezzo"
"3106526464","3106526567","IT","Italy","Lombardia","Milan"
"3106762608","3106762751","DE","Germany","Hamburg","Hamburg"
"3107079424","3107079451","TR","Turkiye","Istanbul","Istanbul"
"3107402888","3107402899","GB","United Kingdom of Great Britain and Northern Ireland","England","London"
"3107698688","3107699711","SK","Slovakia","Presovsky kraj","Levoca"
"3108023076","3108023079","DE","Germany","Nordrhein-Westfalen","Emsdetten"
"3108251401","3108251402","LT","Lithuania","Vilniaus apskritis","Vilnius"
"3108541440","3108542463","GR","Greece","Attiki","Athens"
"3108836864","3108837119","DE","Germany","Baden-Wurttemberg","Pforzheim"
"3109195416","3109195419","NL","Netherlands (Kingdom of the)","Noord-Holland","Haarlem"
"3109505280","3109505471","DE","Germany","Berlin","Berlin"
"3109776384","3109777407","ES","Spain","Madrid, Comunidad de","Navalcarnero"
"3110081280","3110081535","GB","United Kingdom of Great Britain and Northern Ireland","England","London"
"3110426368","3110426623","IE","Ireland","Tipperary","Carrick-on-Suir"
"3110705514","3110705515","FR","France","Normandie","Caen"
"3110984067","3110984067","NL","Netherlands (Kingdom of the)","Noord-Holland","Amsterdam"
"3111294464","3111294719","RU","Russian Federation","Moskva","Moscow"
"3111657472","3111657983","US","United States of America","Oregon","Tualatin"
"3111870156","3111870208","SE","Sweden","Stockholms lan","Stockholm"
"3112245855","3112245856","SE","Sweden","Stockholms lan","Stockholm"
"3112617984","3112619519","RU","Russian Federation","Moskva","Moscow"
"3112933806","3112933811","BE","Belgium","Antwerpen","Antwerpen"
"3113077504","3113077759","DE","Germany","Hessen","Frankfurt am Main"
"3113243521","3113243523","RO","Romania","Bucuresti","Bucharest"
"3113579174","3113579175","US","United States of America","Michigan","Ann Arbor"
"3113779200","3113779455","SG","Singapore","Singapore","Singapore"
"3114096776","3114096783","AU","Australia","New South Wales","Norway"
"3114333388","3114333388","CH","Switzerland","Sankt Gallen","Bad Ragaz"
"3114471967","3114471967","BE","Belgium","Antwerpen","Antwerpen"
"3114759572","3114759574","GB","United Kingdom of Great Britain and Northern Ireland","England","London"
"3115042904","3115042911","GB","United Kingdom of Great Britain and Northern Ireland","England","London"
"3115416576","3115417599","NL","Netherlands (Kingdom of the)","Zuid-Holland","Naaldwijk"
"3115803648","3115804671","GB","United Kingdom of Great Britain and Northern Ireland","England","Rochdale"
"3116199978","3116199984","DE","Germany","Hessen","Niederrad"
"3116455946","3116455946","NL","Netherlands (Kingdom of the)","Noord-Holland","Amsterdam"
"3116654998","3116655007","SG","Singapore","Singapore","Singapore"
"3116924928","3116925951","JO","Jordan","Al 'Asimah","Amman"
"3117287424","3117287679","IT","Italy","Lombardia","Milan"
"3117608960","3117609983","RU","Russian Federation","Tul'skaya oblast'","Tula"
"3117948985","3117948985","BG","Bulgaria","Sofia (stolitsa)","Sofia"
"3118201856","3118202879","AT","Austria","Salzburg","Salzburg"
"3118402303","3118402303","SE","Sweden","Stockholms lan","Solna"
"3118676736","3118676991","CH","Switzerland","Schwyz","Wollerau"
"3119015680","3119015935","DE","Germany","Hessen","Dreieich"
"3119436288","3119436799","RU","Russian Federation","Kirovskaya oblast'","Kazan'"
"3119741288","3119741291","FR","France","Hauts-de-France","Bethencourt-sur-Mer"
"3120074752","3120075007","IT","Italy","Lazio","Rome"
"3120391150","3120391167","ES","Spain","Catalunya","Barcelona"
"3120734844","3120734846","NL","Netherlands (Kingdom of the)","Noord-Holland","Amsterdam"
"3120932461","3120932461","CR","Costa Rica","Heredia","Heredia"
"3121534976","3121535231","VE","Venezuela (Bolivarian Republic of)","Aragua","Maracay"
"3122136048","3122136063","VE","Venezuela (Bolivarian Republic of)","Distrito Capital","Caracas"
"3122297968","3122297975","CR","Costa Rica","San Jose","San Jose"
"3122742144","3122742271","DO","Dominican Republic","Distrito Nacional (Santo Domingo)","Santo Domingo"
"3123365264","3123365311","EC","Ecuador","Pichincha","Quito"
"3123616928","3123616935","EC","Ecuador","Loja","Loja"
"3123757056","3123757311","UY","Uruguay","Canelones","Los Cerrillos"
"3124171264","3124171519","UY","Uruguay","Canelones","Salinas"
"3124909312","3124909567","EC","Ecuador","Pichincha","Quito"
"3126045696","3126045951","CO","Colombia","Risaralda","Pereira"
"3126518784","3126519039","VE","Venezuela (Bolivarian Republic of)","Tachira","Rubio"
"3126876376","3126876379","CR","Costa Rica","Limon","Puerto Limon"
"3127361280","3127361503","CL","Chile","Antofagasta","Antofagasta"
"3127957000","3127957007","CO","Colombia","Distrito Capital de Bogota","Bogota"
"3128267592","3128267607","CO","Colombia","Distrito Capital de Bogota","Bogota"
"3128747264","3128747775","AR","Argentina","Salta","General Enrique Mosconi"
"3129565440","3129565695","AR","Argentina","Ciudad Autonoma de Buenos Aires","Buenos Aires"
"3130269696","3130270719","CL","Chile","Region Metropolitana de Santiago","Santiago"
"3130632288","3130632311","AR","Argentina","Ciudad Autonoma de Buenos Aires","Buenos Aires"
"3130815488","3130815743","CL","Chile","Antofagasta","Antofagasta"
"3131512856","3131512879","VE","Venezuela (Bolivarian Republic of)","Distrito Capital","Caracas"
"3131843072","3131843327","CL","Chile","Maule","Curico"
"3132191232","3132191487","CR","Costa Rica","Alajuela","Alajuela"
"3133072896","3133073151","CO","Colombia","Distrito Capital de Bogota","Bogota"
"3133377536","3133377791","BR","Brazil","Minas Gerais","Sao Pedro do Suacui"
"3134194564","3134194571","BR","Brazil","Pernambuco","Recife"
"3134423268","3134423271","BR","Brazil","Sao Paulo","Sao Paulo"
"3134437336","3134437343","BR","Brazil","Rio Grande do Sul","Porto Alegre"
"3134574592","3134578687","BR","Brazil","Goias","Goiania"
"3134695016","3134695023","BR","Brazil","Para","Campo"
"3134756864","3134758143","BR","Brazil","Minas Gerais","Buritis"
"3135254272","3135254483","BR","Brazil","Parana","Curitiba"
"3135344684","3135344687","BR","Brazil","Sao Paulo","Votuporanga"
"3135520392","3135522055","BR","Brazil","Rio de Janeiro","Rio de Janeiro"
"3135790696","3135790699","BR","Brazil","Minas Gerais","Belo Horizonte"
"3136046212","3136046215","BR","Brazil","Rio de Janeiro","Campos"
"3136331776","3136332287","BR","Brazil","Bahia","Salvador"
"3136883828","3136883831","BR","Brazil","Sao Paulo","Sao Paulo"
"3137032704","3137032959","BR","Brazil","Rio Grande do Sul","Porto Alegre"
"3137450416","3137450423","BR","Brazil","Sao Paulo","Sao Paulo"
"3137876120","3137876127","BR","Brazil","Goias","Jose"
"3137985512","3137985519","BR","Brazil","Rio de Janeiro","Rio de Janeiro"
"3138452552","3138452623","BR","Brazil","Rio de Janeiro","Teresopolis"
"3138635488","3138635491","BR","Brazil","Sao Paulo","Sao Paulo"
"3139174496","3139174511","BR","Brazil","Sao Paulo","Sao Paulo"
"3139449524","3139449599","BR","Brazil","Minas Gerais","Uberlandia"
"3139563200","3139563203","BR","Brazil","Paraiba","Guarabira"
"3140249072","3140249087","BR","Brazil","Minas Gerais","Uberlandia"
"3140665248","3140665263","BR","Brazil","Sao Paulo","Sao Paulo"
"3141156193","3141156193","BR","Brazil","Distrito Federal","Brasilia"
"3141320076","3141320103","BR","Brazil","Rio Grande do Sul","Santa Cruz do Sul"
"3141659392","3141660159","BR","Brazil","Santa Catarina","Florianopolis"
"3142100224","3142100479","BR","Brazil","Goias","Goiania"
"3142893872","3142893907","BR","Brazil","Sao Paulo","Sao Paulo"
"3143011304","3143011311","BR","Brazil","Rio Grande do Sul","Camaqua"
"3143440384","3143443199","BR","Brazil","Sao Paulo","Sao Paulo"
"3143591216","3143591223","BR","Brazil","Parana","Colombo"
"3143597383","3143597383","BR","Brazil","Parana","Curitiba"
"3144121550","3144121551","BR","Brazil","Bahia","Salvador"
"3144467001","3144467001","BR","Brazil","Sao Paulo","Sao Paulo"
"3144608000","3144608255","BR","Brazil","Ceara","Limoeiro do Norte"
"3144900256","3144900263","BR","Brazil","Distrito Federal","Brasilia"
"3145204632","3145204635","BR","Brazil","Sao Paulo","Jandira"
"3146001664","3146001919","MX","Mexico","Veracruz de Ignacio de la Llave","Las Choapas"
"3146345216","3146345471","MX","Mexico","Sonora","Ciudad Obregon"
"3146806272","3146806783","MX","Mexico","Jalisco","Guadalajara"
"3147161088","3147161343","MX","Mexico","Sinaloa","Costa Rica"
"3147686400","3147686655","MX","Mexico","Quintana Roo","Cancun"
"3148672256","3148673023","MX","Mexico","Sinaloa","Mazatlan"
"3149723904","3149724159","MX","Mexico","Yucatan","Merida"
"3150321664","3150321919","MX","Mexico","Jalisco","Ahualulco de Mercado"
"3150874368","3150875391","MX","Mexico","Morelos","Tlalnepantla"
"3151553280","3151553535","MX","Mexico","Campeche","Campeche"
"3152191232","3152191487","MX","Mexico","Morelos","Tlalnepantla"
"3152672000","3152672255","MX","Mexico","Aguascalientes","Asientos"
"3153794384","3153797119","MX","Mexico","Nuevo Leon","Juarez"
"3154550016","3154550271","HU","Hungary","Hajdu-Bihar","Hajduboszormeny"
"3154992384","3154992639","IT","Italy","Umbria","Orvieto"
"3155374592","3155374847","RU","Russian Federation","Khanty-Mansiyskiy avtonomnyy okrug","Megion"
"3155435320","3155435343","AT","Austria","Wien","Vienna"
"3155443604","3155443631","AT","Austria","Wien","Vienna"
"3155458828","3155458847","AT","Austria","Wien","Vienna"
"3155469088","3155469088","AT","Austria","Wien","Vienna"
"3155476592","3155476595","AT","Austria","Niederosterreich","Wiener Neustadt"
"3155484418","3155484418","AT","Austria","Tirol","Achenkirch"
"3155502352","3155502359","AT","Austria","Oberosterreich","Gmunden"
"3155513848","3155513852","AT","Austria","Wien","Vienna"
"3155527360","3155527375","AT","Austria","Wien","Vienna"
"3155537744","3155537751","AT","Austria","Wien","Vienna"
"3155545564","3155545572","AT","Austria","Wien","Vienna"
"3155684864","3155685119","AT","Austria","Burgenland","Eisenstadt"
"3156069888","3156070143","GB","United Kingdom of Great Britain and Northern Ireland","Wales","Warren"
"3156562176","3156562431","PT","Portugal","Santarem","Entroncamento"
"3157399296","3157399551","SA","Saudi Arabia","Makkah al Mukarramah","Jeddah"
"3158132736","3158132991","CH","Switzerland","Bern","Bern"
"3158415592","3158415599","SE","Sweden","Stockholms lan","Stockholm"
"3158668288","3158669055","LT","Lithuania","Vilniaus apskritis","Vilnius"
"3159251456","3159251967","ES","Spain","Andalucia","Sevilla"
"3159623680","3159623935","ES","Spain","Andalucia","Bailen"
"3159729104","3159729111","ES","Spain","Catalunya","Barcelona"
"3159853500","3159853503","ES","Spain","Valenciana, Comunidad","Valencia"
"3160178945","3160179199","DE","Germany","Hessen","Frankfurt am Main"
"3160434688","3160434943","DE","Germany","Hessen","Eschborn"
"3161037312","3161037567","DE","Germany","Sachsen-Anhalt","Coswig"
"3161397912","3161397919","DE","Germany","Nordrhein-Westfalen","Dinslaken"
"3161466368","3161466879","PL","Poland","Lubelskie","Parczew"
"3161904182","3161904323","AT","Austria","Wien","Vienna"
"3162340512","3162340535","IT","Italy","Veneto","San Vendemiano"
"3162819328","3162819583","TR","Turkiye","Kilis","Kilis"
"3163474432","3163474943","HU","Hungary","Budapest","Budapest"
"3164042240","3164042495","SE","Sweden","Stockholms lan","Stockholm"
"3164449792","3164450303","HU","Hungary","Pest","Toeroekbalint"
"3164951388","3164951399","FR","France","Hauts-de-France","Roubaix"
"3165323520","3165324287","ES","Spain","Asturias, Principado de","Oviedo"
"3165682688","3165682943","DK","Denmark","Midtjylland","Tranbjerg"
"3165979864","3165979871","DK","Denmark","Syddanmark","Oksbol"
"3166600192","3166601215","ES","Spain","Valenciana, Comunidad","Gandia"
"3167224676","3167224679","NL","Netherlands (Kingdom of the)","Noord-Brabant","Eindhoven"
"3167235360","3167235367","NL","Netherlands (Kingdom of the)","Noord-Holland","Amsterdam"
"3167245928","3167245935","NL","Netherlands (Kingdom of the)","Noord-Brabant","Vught"
"3167257768","3167257799","NL","Netherlands (Kingdom of the)","Zuid-Holland","Rotterdam"
"3167269160","3167269163","NL","Netherlands (Kingdom of the)","Fryslan","Burgum"
"3167279732","3167279735","NL","Netherlands (Kingdom of the)","Zuid-Holland","Rotterdam"
"3167290992","3167290999","NL","Netherlands (Kingdom of the)","Noord-Brabant","Eindhoven"
"3167301136","3167301139","NL","Netherlands (Kingdom of the)","Zuid-Holland","Zoetermeer"
"3167311924","3167311927","NL","Netherlands (Kingdom of the)","Noord-Brabant","'s-Hertogenbosch"
"3167323216","3167323223","NL","Netherlands (Kingdom of the)","Noord-Holland","Heemstede"
"3167334916","3167334919","NL","Netherlands (Kingdom of the)","Noord-Brabant","Steenbergen"
"3167346472","3167346479","NL","Netherlands (Kingdom of the)","Groningen","Hoogezand"
"3167359664","3167359671","NL","Netherlands (Kingdom of the)","Zuid-Holland","Rotterdam"
"3167370392","3167370399","NL","Netherlands (Kingdom of the)","Limburg","Beek"
"3167380928","3167380935","NL","Netherlands (Kingdom of the)","Zuid-Holland","Rotterdam"
"3167391560","3167391583","NL","Netherlands (Kingdom of the)","Zuid-Holland","Rotterdam"
"3167402776","3167402783","NL","Netherlands (Kingdom of the)","Noord-Holland","Amsterdam"
"3167413728","3167413735","NL","Netherlands (Kingdom of the)","Fryslan","Drachten"
"3167424832","3167424839","NL","Netherlands (Kingdom of the)","Noord-Holland","Hoofddorp"
"3167436752","3167436759","NL","Netherlands (Kingdom of the)","Drenthe","Emmen"
"3167449276","3167449279","NL","Netherlands (Kingdom of the)","Noord-Brabant","'s-Hertogenbosch"
"3167461024","3167461027","NL","Netherlands (Kingdom of the)","Gelderland","Duiven"
"3167472152","3167472159","NL","Netherlands (Kingdom of the)","Limburg","Weert"
"3167482936","3167482939","NL","Netherlands (Kingdom of the)","Noord-Holland","Aalsmeer"
"3167493584","3167493591","NL","Netherlands (Kingdom of the)","Zuid-Holland","Rotterdam"
"3167504704","3167504711","NL","Netherlands (Kingdom of the)","Zuid-Holland","Rotterdam"
"3167515648","3167515655","NL","Netherlands (Kingdom of the)","Zuid-Holland","Rotterdam"
"3167527568","3167527575","NL","Netherlands (Kingdom of the)","Noord-Holland","Amsterdam"
"3167539608","3167539615","NL","Netherlands (Kingdom of the)","Zuid-Holland","Noordwijk-Binnen"
"3167552096","3167552099","NL","Netherlands (Kingdom of the)","Gelderland","Nunspeet"
"3167563848","3167563851","NL","Netherlands (Kingdom of the)","Zuid-Holland","Bodegraven"
"3167574596","3167574603","NL","Netherlands (Kingdom of the)","Zuid-Holland","Rotterdam"
"3167586728","3167586731","NL","Netherlands (Kingdom of the)","Noord-Holland","Amsterdam"
"3167602000","3167602007","NL","Netherlands (Kingdom of the)","Zuid-Holland","Rotterdam"
"3167613720","3167613727","NL","Netherlands (Kingdom of the)","Zuid-Holland","Rotterdam"
"3167722128","3167722135","NL","Netherlands (Kingdom of the)","Noord-Brabant","Odiliapeel"
"3167732496","3167732507","NL","Netherlands (Kingdom of the)","Zuid-Holland","Rotterdam"
"3167739300","3167739303","NL","Netherlands (Kingdom of the)","Drenthe","Coevorden"
"3167834224","3167834231","IT","Italy","Emilia-Romagna","Marano sul Panaro"
"3168168650","3168168651","SG","Singapore","Singapore","Singapore"
"3168414208","3168414463","IT","Italy","Lombardia","Milan"
"3169038888","3169038911","GB","United Kingdom of Great Britain and Northern Ireland","Scotland","Glasgow"
"3169491200","3169491455","RU","Russian Federation","Moskva","Moscow"
"3170027520","3170028799","RU","Russian Federation","Sankt-Peterburg","Saint Petersburg"
"3170584064","3170584319","PT","Portugal","Coimbra","Poiares"
"3171026672","3171026719","BR","Brazil","Sao Paulo","Sao Paulo"
"3171059936","3171059967","BR","Brazil","Rio de Janeiro","Rio de Janeiro"
"3171086976","3171086991","BR","Brazil","Rio de Janeiro","Rio de Janeiro"
"3171123584","3171123615","BR","Brazil","Sao Paulo","Sao Paulo"
"3171151184","3171151199","BR","Brazil","Sao Paulo","Morro Agudo"
"3171576832","3171577087","BR","Brazil","Distrito Federal","Brasilia"
"3171958320","3171958335","BR","Brazil","Rio de Janeiro","Rio de Janeiro"
"3171993632","3171993647","BR","Brazil","Rio de Janeiro","Rio de Janeiro"
"3172028208","3172028215","BR","Brazil","Minas Gerais","Itajuba"
"3172064416","3172064447","BR","Brazil","Rio de Janeiro","Rio de Janeiro"
"3172261328","3172261343","BR","Brazil","Sao Paulo","Sao Paulo"
"3172353120","3172353135","BR","Brazil","Santa Catarina","Blumenau"
"3172386000","3172386015","BR","Brazil","Minas Gerais","Belo Horizonte"
"3172428992","3172429023","BR","Brazil","Minas Gerais","Belo Horizonte"
"3172462464","3172462479","BR","Brazil","Rio de Janeiro","Rio de Janeiro"
"3173131776","3173132287","BR","Brazil","Sao Paulo","Sao Paulo"
"3173479780","3173479787","BR","Brazil","Pernambuco","Recife"
"3173660040","3173660063","BR","Brazil","Parana","Maringa"
"3173712912","3173712927","BR","Brazil","Mato Grosso do Sul","Dourados"
"3173749288","3173749295","BR","Brazil","Sao Paulo","Jaguariuna"
"3173792544","3173792551","BR","Brazil","Sao Paulo","Franca"
"3173894708","3173894743","BR","Brazil","Santa Catarina","Timbo"
"3174314992","3174315023","BR","Brazil","Sao Paulo","Sao Paulo"
"3174570368","3174570375","BR","Brazil","Espirito Santo","Serra"
"3174688344","3174688351","BR","Brazil","Sao Paulo","Cotia"
"3174814640","3174814647","BR","Brazil","Mato Grosso","Cuiaba"
"3175924224","3175924479","BR","Brazil","Sao Paulo","Sao Paulo"
"3176430432","3176430447","BR","Brazil","Ceara","Russas"
"3176766152","3176766159","BR","Brazil","Bahia","Catu"
"3177041664","3177041919","BR","Brazil","Minas Gerais","Sao Sebastiao do Paraiso"
"3177981808","3177981815","BR","Brazil","Sao Paulo","Araras"
"3178032384","3178032639","BR","Brazil","Sao Paulo","Campinas"
"3178294784","3178295295","BR","Brazil","Minas Gerais","Belo Horizonte"
"3178442600","3178442607","BR","Brazil","Parana","Rolandia"
"3179197184","3179197439","BR","Brazil","Sao Paulo","Sao Paulo"
"3179385088","3179385343","MX","Mexico","Chiapas","Tzimol"
"3179932672","3179932927","MX","Mexico","Puebla","Ciudad de Atlixco"
"3180459520","3180459775","MX","Mexico","Coahuila de Zaragoza","Torreon"
"3181021952","3181022207","MX","Mexico","Chihuahua","Ciudad Delicias"
"3181515520","3181515775","MX","Mexico","Guanajuato","Leon"
"3181932800","3181933055","MX","Mexico","Zacatecas","Zacatecas"
"3182460160","3182460415","MX","Mexico","Campeche","Calkini"
"3182935552","3182935807","MX","Mexico","Zacatecas","Pinos"
"3183612416","3183615487","MX","Mexico","Jalisco","Guadalajara"
"3184228352","3184230655","MX","Mexico","Morelos","Tlalnepantla"
"3184687664","3184687679","MX","Mexico","Nuevo Leon","Monterrey"
"3185560832","3185561599","MX","Mexico","Baja California","Maneadero"
"3186194432","3186194687","MX","Mexico","Guanajuato","Pueblo Nuevo"
"3186669568","3186670079","MX","Mexico","Morelos","Tlalnepantla"
"3187252480","3187252991","MX","Mexico","Ciudad de Mexico","Xochimilco"
"3187681792","3187681991","CO","Colombia","Antioquia","Medellin"
"3187940280","3187940311","HN","Honduras","Francisco Morazan","Tegucigalpa"
"3188027384","3188027391","GT","Guatemala","Guatemala","Guatemala City"
"3188148400","3188148407","PE","Peru","Lima","Lima"
"3188183564","3188183567","CR","Costa Rica","Heredia","Heredia"
"3188464040","3188464127","EC","Ecuador","Pichincha","Quito"
"3188581888","3188588543","AR","Argentina","Buenos Aires","Jose C. Paz"
"3188650688","3188650691","CO","Colombia","Distrito Capital de Bogota","Bogota"
"3188691032","3188691079","CU","Cuba","La Habana","Havana"
"3189281112","3189281119","CO","Colombia","Meta","Granada"
"3189693584","3189693591","AR","Argentina","Santa Fe","Vera"
"3190513152","3190513407","PE","Peru","Lima","Comas"
"3191174144","3191175167","SV","El Salvador","San Salvador","San Salvador"
"3191449302","3191449302","EC","Ecuador","Imbabura","Ibarra"
"3191834368","3191834623","EC","Ecuador","Zamora Chinchipe","El Pangui"
"3192330608","3192330615","CO","Colombia","Risaralda","Santuario"
"3192359528","3192359535","CO","Colombia","Antioquia","Medellin"
"3192379952","3192379959","CO","Colombia","Distrito Capital de Bogota","Bogota"
"3192775168","3192775679","VE","Venezuela (Bolivarian Republic of)","Anzoategui","Puerto La Cruz"
"3193267540","3193267711","CO","Colombia","Valle del Cauca","Cali"
"3193520384","3193520895","BR","Brazil","Paraiba","Mari"
"3193730696","3193730703","CU","Cuba","Guantanamo","Guantanamo"
"3193741926","3193741928","SG","Singapore","Singapore","Singapore"
"3194143432","3194143439","CL","Chile","Region Metropolitana de Santiago","Chicureo Abajo"
"3194453360","3194453367","CL","Chile","Region Metropolitana de Santiago","Santiago"
"3194689220","3194689221","CO","Colombia","Cordoba","Monteria"
"3194819696","3194819699","CO","Colombia","Valle del Cauca","Cali"
"3194951868","3194951879","GT","Guatemala","Guatemala","Guatemala City"
"3195353088","3195353343","PE","Peru","Ayacucho","Ayacucho"
"3195605864","3195605879","CL","Chile","Los Lagos","Puerto Montt"
"3195638120","3195638121","CO","Colombia","Boyaca","Duitama"
"3195694624","3195694647","DO","Dominican Republic","Distrito Nacional (Santo Domingo)","Santo Domingo"
"3196117792","3196117799","PY","Paraguay","Asuncion","Asuncion"
"3196318864","3196318919","CO","Colombia","Antioquia","Medellin"
"3196596736","3196596991","AR","Argentina","Buenos Aires","Castelar"
"3197058304","3197059839","CO","Colombia","Distrito Capital de Bogota","Bogota"
"3197551872","3197554687","SV","El Salvador","San Salvador","San Salvador"
"3198027264","3198027519","CO","Colombia","Distrito Capital de Bogota","Bogota"
"3198422528","3198422783","CL","Chile","Coquimbo","La Serena"
"3198674368","3198674383","DO","Dominican Republic","Santiago","Santiago de los Caballeros"
"3199679896","3199679903","AR","Argentina","Corrientes","San Luis del Palmar"
"3199991808","3199992063","AR","Argentina","Buenos Aires","Castelar"
"3200446720","3200447231","AR","Argentina","Ciudad Autonoma de Buenos Aires","Buenos Aires"
"3200917760","3200918015","VE","Venezuela (Bolivarian Republic of)","La Guaira","Catia La Mar"
"3201452304","3201452415","AR","Argentina","Ciudad Autonoma de Buenos Aires","Buenos Aires"
"3201709376","3201709399","EC","Ecuador","Manabi","Portoviejo"
"3202166520","3202166855","AR","Argentina","Ciudad Autonoma de Buenos Aires","Buenos Aires"
"3202631464","3202631471","AR","Argentina","Mendoza","Mendoza"
"3203156736","3203156991","PE","Peru","Lima","Lima"
"3203556492","3203556507","CO","Colombia","Distrito Capital de Bogota","Bogota"
"3203771392","3203771647","AR","Argentina","Cordoba","Cordoba"
"3204397752","3204397759","CO","Colombia","Huila","Neiva"
"3204957248","3204957251","BR","Brazil","Ceara","Varjota"
"3205382656","3205383167","BR","Brazil","Minas Gerais","Itapecerica"
"3206062848","3206063103","BR","Brazil","Espirito Santo","Aguia Branca"
"3206656856","3206656879","BR","Brazil","Distrito Federal","Brasilia"
"3206957312","3206957567","BR","Brazil","Rio de Janeiro","Rio de Janeiro"
"3208155136","3208155903","BR","Brazil","Sao Paulo","Sao Paulo"
"3208835584","3208835839","CO","Colombia","Cundinamarca","Fusagasuga"
"3209484032","3209484287","CO","Colombia","Cundinamarca","Cota"
"3210687232","3210687487","CO","Colombia","Distrito Capital de Bogota","Bogota"
"3211115264","3211115519","IN","India","Maharashtra","Mumbai"
"3212189696","3212189951","CL","Chile","Biobio","Concepcion"
"3214033152","3214033407","CO","Colombia","Norte de Santander","Herran"
"3214559744","3214561279","CO","Colombia","Distrito Capital de Bogota","Bogota"
"3216104704","3216105471","BR","Brazil","Sao Paulo","Sao Paulo"
"3217232896","3217233919","BR","Brazil","Bahia","Bananal"
"3218090752","3218092031","BR","Brazil","Minas Gerais","Belo Horizonte"
"3219655513","3219655513","BR","Brazil","Sao Paulo","Sumare"
"3220204032","3220204287","BR","Brazil","Minas Gerais","Congonhas"
"3220371712","3220371967","BR","Brazil","Rio Grande do Sul","Chapada"
"3220766720","3220767231","BR","Brazil","Sao Paulo","Ribeirao Preto"
"3221211904","3221212415","BR","Brazil","Sao Paulo","Sao Paulo"
"3221473952","3221473983","US","United States of America","California","Rancho Cucamonga"
"3222259200","3222259455","IR","Iran (Islamic Republic of)","Azarbayjan-e Gharbi","Orumiyeh"
"3223256064","3223257087","US","United States of America","California","San Francisco"
"3223863552","3223863807","US","United States of America","California","Alviso"
"3224725760","3224726527","US","United States of America","Virginia","Ashburn"
"3225399552","3225399807","US","United States of America","Missouri","Lee's Summit"
"3225695488","3225699071","CA","Canada","Ontario","Ottawa"
"3226069291","3226069291","US","United States of America","Virginia","Virginia Beach"
"3226550720","3226550735","US","United States of America","Michigan","Ann Arbor"
"3227022336","3227022591","US","United States of America","California","Stockton"
"3227304960","3227305215","US","United States of America","Nevada","Las Vegas"
"3227467504","3227467519","US","United States of America","Maryland","Rockville"
"3228082944","3228083455","US","United States of America","New Jersey","Warren"
"3228536968","3228536975","US","United States of America","Indiana","West Lafayette"
"3228967680","3228967935","IL","Israel","Yerushalayim","Jerusalem"
"3229398528","3229398783","DE","Germany","Hessen","Frankfurt am Main"
"3229807544","3229807555","FI","Finland","Pirkanmaa","Tampere"
"3230216192","3230218495","US","United States of America","Virginia","Ashburn"
"3230542019","3230542021","SG","Singapore","Singapore","Singapore"
"3230933248","3230948607","SE","Sweden","Stockholms lan","Stockholm"
"3231231744","3231233023","US","United States of America","Utah","Salt Lake City"
"3231518720","3231519231","BR","Brazil","Parana","Curitiba"
"3231954813","3231954813","HK","Hong Kong","Hong Kong","Hong Kong"
"3232629760","3232630487","CA","Canada","Alberta","Calgary"
"3232912023","3232912057","US","United States of America","California","Mountain View"
"3233288992","3233288995","CA","Canada","Ontario","London"
"3233481216","3233481471","BR","Brazil","Sao Paulo","Sao Paulo"
"3233960200","3233960207","FI","Finland","Uusimaa","Helsinki"
"3234173416","3234173423","US","United States of America","Massachusetts","Bedford"
"3234265084","3234265087","US","United States of America","Illinois","Naperville"
"3234737443","3234737448","US","United States of America","New Jersey","Hackensack"
"3234920256","3234920259","US","United States of America","California","Irvine"
"3235045152","3235045183","US","United States of America","New York","Buffalo"
"3236145984","3236146023","US","United States of America","New York","Buffalo"
"3236546717","3236546717","SG","Singapore","Singapore","Singapore"
"3236733628","3236733628","US","United States of America","New York","Buffalo"
"3236742689","3236742694","US","United States of America","New York","Buffalo"
"3236817192","3236817207","US","United States of America","Texas","San Antonio"
"3237548032","3237552127","KR","Korea (the Republic of)","Daejeon-gwangyeoksi","Daejeon"
"3237889880","3237889943","US","United States of America","New York","Rochester"
"3238194504","3238194511","SI","Slovenia","Logatec","Logatec"
"3238820402","3238820433","SE","Sweden","Stockholms lan","Stockholm"
"3239479296","3239479815","IT","Italy","Lazio","Rome"
"3239789014","3239789014","CH","Switzerland","Zurich","Zurich"
"3240221952","3240222207","DE","Germany","Baden-Wurttemberg","Stuttgart"
"3240442263","3240442263","GB","United Kingdom of Great Britain and Northern Ireland","England","London"
"3240823296","3240823551","RU","Russian Federation","Moskva","Moscow"
"3241257984","3241258111","FR","France","Auvergne-Rhone-Alpes","Lyon"
"3241789952","3241790463","NL","Netherlands (Kingdom of the)","Noord-Brabant","Tilburg"
"3242402680","3242402687","NL","Netherlands (Kingdom of the)","Zuid-Holland","Rotterdam"
"3242562528","3242562535","NO","Norway","Oslo","Oslo"
"3242872320","3242872831","BE","Belgium","West-Vlaanderen","Kortrijk"
"3243195656","3243195663","NL","Netherlands (Kingdom of the)","Overijssel","Deventer"
"3243469312","3243469567","AT","Austria","Oberosterreich","Windischgarsten"
"3243634744","3243634751","CZ","Czechia","Jihomoravsky kraj","Velka nad Velickou"
"3243746480","3243746495","SK","Slovakia","Kosicky kraj","Spisska Nova Ves"
"3243969024","3243969279","ES","Spain","Andalucia","Trebujena"
"3244274288","3244274295","IE","Ireland","Waterford","Waterford"
"3244660224","3244660479","DE","Germany","Nordrhein-Westfalen","Bonn"
"3245070692","3245070692","NL","Netherlands (Kingdom of the)","Noord-Holland","Amsterdam"
"3245435648","3245440767","GB","United Kingdom of Great Britain and Northern Ireland","England","Milton Keynes"
"3245513240","3245513243","AU","Australia","Western Australia","Perth"
"3245521555","3245521555","UA","Ukraine","Luhanska oblast","Lutuhyne"
"3245594032","3245594047","GB","United Kingdom of Great Britain and Northern Ireland","England","Old Street"
"3245601188","3245601191","GB","United Kingdom of Great Britain and Northern Ireland","England","Kent"
"3245705552","3245705567","GB","United Kingdom of Great Britain and Northern Ireland","England","Old Street"
"3245714512","3245714519","GB","United Kingdom of Great Britain and Northern Ireland","England","Bath"
"3245723012","3245723015","GB","United Kingdom of Great Britain and Northern Ireland","England","London"
"3245730148","3245730151","GB","United Kingdom of Great Britain and Northern Ireland","England","London"
"3245799064","3245799103","RO","Romania","Bucuresti","Bucharest"
"3246141723","3246141723","NL","Netherlands (Kingdom of the)","Noord-Holland","Amsterdam"
"3246282664","3246282671","PT","Portugal","Aveiro","Albergaria-a-Velha"
"3246432456","3246432459","GB","United Kingdom of Great Britain and Northern Ireland","England","Poole"
"3246552160","3246552163","GB","United Kingdom of Great Britain and Northern Ireland","England","Bury St Edmunds"
"3246854016","3246854143","IT","Italy","Lombardia","Brescia"
"3247214080","3247214335","TR","Turkiye","Malatya","Malatya"
"3247281504","3247281511","NL","Netherlands (Kingdom of the)","Zuid-Holland","The Hague"
"3247602176","3247602191","ES","Spain","Aragon","Huesca"
"3248232960","3248233471","NO","Norway","Trondelag","Trondheim"
"3248384328","3248384335","DE","Germany","Baden-Wurttemberg","Hechingen"
"3248469680","3248469687","DE","Germany","Bremen","Bremerhaven"
"3248783344","3248783359","GB","United Kingdom of Great Britain and Northern Ireland","England","Sherington"
"3249287968","3249287975","NL","Netherlands (Kingdom of the)","Fryslan","Sneek"
"3249356576","3249356719","NL","Netherlands (Kingdom of the)","Zuid-Holland","Rotterdam"
"3249386824","3249386831","NL","Netherlands (Kingdom of the)","Noord-Holland","Amsterdam-Zuidoost"
"3249553615","3249553615","FR","France","Ile-de-France","Issy-les-Moulineaux"
"3249798624","3249798631","CZ","Czechia","Stredocesky kraj","Mlada Boleslav"
"3250436144","3250436235","SI","Slovenia","Ljubljana","Ljubljana"
"3250709408","3250709423","KZ","Kazakhstan","Qyzylorda oblysy","Kyzylorda"
"3250837732","3250837735","GB","United Kingdom of Great Britain and Northern Ireland","Scotland","Glasgow"
"3251126661","3251126682","NL","Netherlands (Kingdom of the)","Noord-Holland","Amsterdam"
"3251428329","3251428330","IT","Italy","Lazio","Rome"
"3251613952","3251614207","IT","Italy","Piemonte","Torino"
"3251777864","3251777871","FI","Finland","Uusimaa","Helsinki"
"3252041216","3252041471","NO","Norway","Viken","Sandvika"
"3252762880","3252763135","HU","Hungary","Budapest","Budapest"
"3253307360","3253307360","RU","Russian Federation","Tyumenskaya oblast'","Tyumen'"
"3253749816","3253749819","GB","United Kingdom of Great Britain and Northern Ireland","Wales","Marchwiel"
"3253759496","3253759499","FR","France","Ile-de-France","Puteaux"
"3253790604","3253790607","FR","France","Ile-de-France","Nanterre"
"3254200312","3254200575","CH","Switzerland","Bern","Bern"
"3254514995","3254514995","JO","Jordan","Al 'Asimah","Amman"
"3254767360","3254767615","TR","Turkiye","Van","Bilgi"
"3254938666","3254938666","FR","France","Provence-Alpes-Cote-d'Azur","Toulon"
"3254979627","3254979627","FR","France","Auvergne-Rhone-Alpes","Largentiere"
"3255033456","3255033479","FR","France","Auvergne-Rhone-Alpes","Lyon"
"3255258017","3255258017","NL","Netherlands (Kingdom of the)","Noord-Holland","Amsterdam"
"3255393026","3255393027","UA","Ukraine","Kyiv","Kyiv"
"3255834316","3255834319","SE","Sweden","Orebro lan","Orebro"
"3255905344","3255905407","SE","Sweden","Stockholms lan","Stockholm"
"3256046144","3256046159","NO","Norway","Trondelag","Trondheim"
"3256229400","3256229411","SE","Sweden","Stockholms lan","Stockholm"
"3256422984","3256422991","DE","Germany","Brandenburg","Strausberg"
"3256458944","3256458975","DE","Germany","Bremen","Bremen"
"3256672256","3256673023","DE","Germany","Hessen","Frankfurt am Main"
"3256933376","3256933631","NL","Netherlands (Kingdom of the)","Zuid-Holland","Delft"
"3257363807","3257363810","IT","Italy","Veneto","Piazza"
"3257733968","3257734055","NL","Netherlands (Kingdom of the)","Zuid-Holland","The Hague"
"3257769048","3257769055","NL","Netherlands (Kingdom of the)","Utrecht","Utrecht"
"3257845248","3257845503","IE","Ireland","Tipperary","Templemore"
"3258127987","3258127987","FR","France","Occitanie","Blagnac"
"3258134524","3258134524","FR","France","Ile-de-France","Paris"
"3258137882","3258137882","FR","France","Occitanie","Blagnac"
"3258142676","3258142676","FR","France","Auvergne-Rhone-Alpes","Lyon"
"3258153035","3258153035","FR","France","Occitanie","Blagnac"
"3258163534","3258163534","FR","France","Normandie","Vire"
"3258175584","3258175591","FR","France","Auvergne-Rhone-Alpes","Clermont-Ferrand"
"3258184448","3258184959","FR","France","Auvergne-Rhone-Alpes","Lyon"
"3258592290","3258592292","US","United States of America","Delaware","Claymont"
"3259050976","3259050983","PT","Portugal","Porto","Porto"
"3259379064","3259379071","GB","United Kingdom of Great Britain and Northern Ireland","Scotland","Inverarity"
"3259502668","3259502668","GB","United Kingdom of Great Britain and Northern Ireland","England","London"
"3259540544","3259540671","GB","United Kingdom of Great Britain and Northern Ireland","England","London"
"3259595976","3259595991","GB","United Kingdom of Great Britain and Northern Ireland","England","London"
"3259646422","3259646422","GB","United Kingdom of Great Britain and Northern Ireland","England","Reading"
"3259690368","3259690375","GB","United Kingdom of Great Britain and Northern Ireland","England","Ipswich"
"3259744832","3259744847","GB","United Kingdom of Great Britain and Northern Ireland","England","London"
"3259853434","3259853434","FR","France","Bourgogne-Franche-Comte","Quetigny"
"3259903616","3259903619","BE","Belgium","Oost-Vlaanderen","Oudenaarde"
"3259930388","3259930391","BE","Belgium","Liege","Sprimont"
"3259974784","3259974784","PT","Portugal","Leiria","Marinha Grande"
"3260306400","3260306431","RU","Russian Federation","Vladimirskaya oblast'","Kol'chugino"
"3260564128","3260564159","GB","United Kingdom of Great Britain and Northern Ireland","England","London"
"3260716816","3260716831","IL","Israel","Tel Aviv","Tel Aviv"
"3261059072","3261060095","DE","Germany","Bayern","Regensburg-Galgenberg"
"3261225552","3261225555","FR","France","Pays-de-la-Loire","Chateaubriant"
"3261351152","3261351155","FI","Finland","Uusimaa","Helsinki"
"3261759936","3261760807","IE","Ireland","Dublin","Dublin"
"3262018304","3262018559","BE","Belgium","Brussels Hoofdstedelijk Gewest","Brussels"
"3262140373","3262140374","IE","Ireland","Dublin","Dublin"
"3262508800","3262509055","NL","Netherlands (Kingdom of the)","Noord-Holland","Amsterdam"
"3262660760","3262660767","NL","Netherlands (Kingdom of the)","Zuid-Holland","Schiedam"
"3262711536","3262711559","NL","Netherlands (Kingdom of the)","Zuid-Holland","The Hague"
"3262735328","3262735335","NL","Netherlands (Kingdom of the)","Noord-Brabant","Breda"
"3262753728","3262753791","NL","Netherlands (Kingdom of the)","Zuid-Holland","The Hague"
"3262778232","3262778239","NL","Netherlands (Kingdom of the)","Gelderland","Gorssel"
"3262800912","3262800919","NL","Netherlands (Kingdom of the)","Zuid-Holland","The Hague"
"3262828224","3262828239","NL","Netherlands (Kingdom of the)","Zuid-Holland","The Hague"
"3262855608","3262855615","NL","Netherlands (Kingdom of the)","Noord-Holland","Edam"
"3262876600","3262876607","NL","Netherlands (Kingdom of the)","Utrecht","Utrecht"
"3262895072","3262895079","NL","Netherlands (Kingdom of the)","Gelderland","Apeldoorn"
"3262983424","3262983679","IE","Ireland","Wexford","Wexford"
"3263271344","3263271359","GB","United Kingdom of Great Britain and Northern Ireland","England","London"
"3263654912","3263656959","RU","Russian Federation","Moskva","Moscow"
"3263979520","3263980079","DE","Germany","Nordrhein-Westfalen","Koeln"
"3264211872","3264211879","HU","Hungary","Pest","Budaors"
"3264574856","3264574859","CZ","Czechia","Zlinsky kraj","Zlin"
"3264698336","3264698367","NL","Netherlands (Kingdom of the)","Noord-Brabant","Breda"
"3264730568","3264730575","NL","Netherlands (Kingdom of the)","Limburg","Maastricht"
"3264847808","3264847871","DE","Germany","Sachsen-Anhalt","Platz"
"3265062386","3265062386","GB","United Kingdom of Great Britain and Northern Ireland","England","London"
"3265220832","3265222655","GB","United Kingdom of Great Britain and Northern Ireland","England","Newbury"
"3265723904","3265724415","AT","Austria","Niederosterreich","Maria Enzersdorf"
"3265843976","3265843983","GB","United Kingdom of Great Britain and Northern Ireland","England","Birmingham"
"3266130784","3266130799","DE","Germany","Bayern","Lauf"
"3266365312","3266365343","GB","United Kingdom of Great Britain and Northern Ireland","England","Bracknell"
"3266524448","3266524487","ES","Spain","Madrid, Comunidad de","Madrid"
"3266702464","3266702527","PL","Poland","Swietokrzyskie","Ostrowiec Swietokrzyski"
"3266772848","3266772863","DK","Denmark","Sjaelland","Jyllinge"
"3266848080","3266848083","IT","Italy","Veneto","Mestrino"
"3266863640","3266863643","IT","Italy","Lombardia","Milan"
"3266881828","3266881831","IT","Italy","Lazio","Ponza"
"3266913024","3266913279","IT","Italy","Lombardia","Settimo Milanese"
"3267380184","3267380191","DK","Denmark","Nordjylland","Nibe"
"3267631424","3267631487","GB","United Kingdom of Great Britain and Northern Ireland","England","Redditch"
"3267690272","3267690287","FR","France","Ile-de-France","Croissy-Beaubourg"
"3267917312","3267917823","GB","United Kingdom of Great Britain and Northern Ireland","England","Market Harborough"
"3268088696","3268088719","GB","United Kingdom of Great Britain and Northern Ireland","England","London"
"3268280856","3268280863","FR","France","Occitanie","Blagnac"
"3268289173","3268289173","FR","France","Centre-Val de Loire","Tours"
"3268297216","3268297217","FR","France","Ile-de-France","Torcy"
"3268306330","3268306330","FR","France","Provence-Alpes-Cote-d'Azur","Nice"
"3268313464","3268313467","FR","France","Centre-Val de Loire","Nazelles-Negron"
"3268319462","3268319462","FR","France","Grand-Est","Blaise"
"3268327875","3268327878","FR","France","Auvergne-Rhone-Alpes","Lyon"
"3268331650","3268331650","FR","France","Ile-de-France","Evry"
"3268334728","3268334735","FR","France","Ile-de-France","Paris"
"3268341764","3268341767","FR","France","Centre-Val de Loire","Brou"
"3268509200","3268509207","CH","Switzerland","Thurgau","Mammern"
"3268728308","3268728831","CZ","Czechia","Praha, Hlavni mesto","Prague"
"3268889600","3268890623","FI","Finland","Pirkanmaa","Tampere"
"3269071152","3269071159","SE","Sweden","Vastra Gotalands lan","Goeteborg"
"3269117536","3269117551","SE","Sweden","Vastra Gotalands lan","Boras"
"3269165056","3269165087","GR","Greece","Attiki","Athens"
"3269437088","3269437103","AU","Australia","Western Australia","Perth"
"3269482496","3269482751","ES","Spain","Castilla y Leon","Salamanca"
"3269511990","3269511990","ES","Spain","Catalunya","El Prat de Llobregat"
"3269731496","3269731511","CZ","Czechia","Liberecky kraj","Liberec"
"3269783696","3269783711","CZ","Czechia","Stredocesky kraj","Ricany"
"3270076307","3270076326","US","United States of America","New York","Staten Island"
"3270313968","3270313983","SE","Sweden","Orebro lan","Orebro"
"3270361448","3270361567","SE","Sweden","Stockholms lan","Solna"
"3270447496","3270447503","DK","Denmark","Midtjylland","Marslet"
"3270707664","3270707667","IT","Italy","Emilia-Romagna","Ravenna"
"3270723584","3270723587","IT","Italy","Lombardia","Milan"
"3270739448","3270739451","IT","Italy","Lombardia","Milan"
"3270757348","3270757351","IT","Italy","Lombardia","Milan"
"3270783208","3270783215","IT","Italy","Lombardia","Treviolo"
"3271027804","3271027807","GB","United Kingdom of Great Britain and Northern Ireland","England","Manchester"
"3271157920","3271157935","SI","Slovenia","Lasko","Lasko"
"3271171064","3271171071","FR","France","Bretagne","Caulnes"
"3271180935","3271180935","FR","France","Occitanie","Blagnac"
"3271186992","3271186999","FR","France","Auvergne-Rhone-Alpes","Lyon"
"3271195288","3271195295","FR","France","Ile-de-France","Argenteuil"
"3271201960","3271201967","FR","France","Ile-de-France","Saint-Ouen"
"3271212040","3271212047","FR","France","Auvergne-Rhone-Alpes","Lyon"
"3271222344","3271222351","FR","France","Ile-de-France","Paris"
"3271275104","3271275111","FI","Finland","Pirkanmaa","Tampere"
"3271495264","3271495295","DK","Denmark","Midtjylland","Tranbjerg"
"3271680008","3271680015","NO","Norway","Viken","Nesoddtangen"
"3271692441","3271692441","PT","Portugal","Lisboa","Lisbon"
"3271695586","3271695586","IT","Italy","Lazio","Rome"
"3271866968","3271866971","DE","Germany","Nordrhein-Westfalen","Huellhorst"
"3271954602","3271954602","FR","France","Auvergne-Rhone-Alpes","Seyssuel"
"3271961389","3271961389","FR","France","Normandie","Glos"
"3271973104","3271973104","FR","France","Occitanie","Perpignan"
"3271995443","3271995443","FR","France","Normandie","Louvigny"
"3272036192","3272036195","SE","Sweden","Stockholms lan","Stockholm"
"3272048180","3272048183","FR","France","Centre-Val de Loire","Saint-Aignan"
"3272086806","3272086806","GB","United Kingdom of Great Britain and Northern Ireland","England","London"
"3272285536","3272285543","GB","United Kingdom of Great Britain and Northern Ireland","England","London"
"3272408064","3272408319","DE","Germany","Hessen","Frankfurt am Main"
"3272555408","3272555423","FR","France","Auvergne-Rhone-Alpes","Saint-Jean-de-Gonville"
"3272842752","3272843263","RU","Russian Federation","Voronezhskaya oblast'","Gor'kogo"
"3273074904","3273074911","PT","Portugal","Porto","Maia"
"3273103728","3273103735","PT","Portugal","Lisboa","Lisbon"
"3273204736","3273204743","FR","France","Auvergne-Rhone-Alpes","Lyon"
"3273214088","3273214095","FR","France","Bretagne","Rennes"
"3273225424","3273225439","FR","France","Ile-de-France","Tremblay-en-France"
"3273242548","3273242551","FR","France","Nouvelle-Aquitaine","Mauleon-Licharre"
"3273253920","3273253927","FR","France","Grand-Est","Strasbourg"
"3273349632","3273350271","GB","United Kingdom of Great Britain and Northern Ireland","England","Newbury"
"3273488552","3273488559","HR","Croatia","Splitsko-dalmatinska zupanija","Kamen"
"3273555200","3273555215","DE","Germany","Thuringen","Erfurt"
"3273611748","3273612287","IT","Italy","Lombardia","Milan"
"3273631248","3273631255","IT","Italy","Puglia","Porto Cesareo"
"3273646016","3273646019","IT","Italy","Veneto","Conegliano"
"3273800422","3273800422","FI","Finland","Uusimaa","Helsinki"
"3273894580","3273894583","NL","Netherlands (Kingdom of the)","Noord-Brabant","Bergen op Zoom"
"3274006784","3274008575","DE","Germany","Baden-Wurttemberg","Stuttgart"
"3274200976","3274201007","GB","United Kingdom of Great Britain and Northern Ireland","England","London"
"3274424112","3274424119","IT","Italy","Puglia","Bari"
"3274700800","3274701055","UA","Ukraine","Kyiv","Kyiv"
"3274868984","3274869007","DE","Germany","Thuringen","Sulzbach"
"3274881784","3274881791","DE","Germany","Bayern","Eching"
"3275045248","3275045391","ES","Spain","Madrid, Comunidad de","Madrid"
"3275095360","3275095375","ES","Spain","Madrid, Comunidad de","Madrid"
"3275192896","3275192903","ES","Spain","Galicia","Santiago de Compostela"
"3275293432","3275293439","ES","Spain","Canarias","Las Palmas de Gran Canaria"
"3275337216","3275337471","ES","Spain","Extremadura","Caceres"
"3275453360","3275453407","GB","United Kingdom of Great Britain and Northern Ireland","England","Newbury"
"3275706646","3275706647","DE","Germany","Niedersachsen","Krempel"
"3275912192","3275912447","PL","Poland","Slaskie","Raciborz"
"3275956784","3275956791","SE","Sweden","Orebro lan","Stora"
"3275969008","3275969015","SE","Sweden","Stockholms lan","Solna"
"3275981952","3275981959","SE","Sweden","Vastra Gotalands lan","Goeteborg"
"3276034320","3276034320","IT","Italy","Lazio","Rome"
"3276276512","3276276543","SK","Slovakia","Banskobystricky kraj","Banska Bystrica"
"3276297354","3276297360","GB","United Kingdom of Great Britain and Northern Ireland","England","London"
"3276327896","3276327903","IT","Italy","Lombardia","Ossona"
"3276354064","3276354111","NL","Netherlands (Kingdom of the)","Zuid-Holland","Rotterdam"
"3276370520","3276370527","NL","Netherlands (Kingdom of the)","Noord-Holland","Hilversum"
"3276385696","3276385711","NL","Netherlands (Kingdom of the)","Zuid-Holland","Rotterdam"
"3276401648","3276401655","NL","Netherlands (Kingdom of the)","Gelderland","Duiven"
"3276482816","3276483071","NL","Netherlands (Kingdom of the)","Noord-Holland","Amsterdam"
"3276534624","3276534631","NL","Netherlands (Kingdom of the)","Noord-Holland","Amsterdam"
"3276569360","3276569391","ES","Spain","Madrid, Comunidad de","Madrid"
"3276614208","3276614215","ES","Spain","Castilla y Leon","Quintanilla de Onesimo"
"3276648192","3276648199","ES","Spain","Catalunya","Barcelona"
"3276736880","3276736895","DK","Denmark","Hovedstaden","Humlebaek"
"3276871936","3276872191","DE","Germany","Rheinland-Pfalz","Isenburg"
"3277110656","3277110783","SE","Sweden","Stockholms lan","Stockholm"
"3277178368","3277178623","UA","Ukraine","Kyiv","Kyiv"
"3277412625","3277412626","GB","United Kingdom of Great Britain and Northern Ireland","England","Manchester"
"3277453200","3277453207","GB","United Kingdom of Great Britain and Northern Ireland","England","Sefton"
"3277899784","3277899787","IT","Italy","Marche","Offagna"
"3278082840","3278082847","GB","United Kingdom of Great Britain and Northern Ireland","England","Ipswich"
"3278176936","3278176939","FR","France","Ile-de-France","Montlignon"
"3278190208","3278190212","FR","France","Occitanie","Blagnac"
"3278198401","3278198401","FR","France","Occitanie","Blagnac"
"3278207420","3278207423","FR","France","Hauts-de-France","Douai"
"3278218048","3278218055","FR","France","Hauts-de-France","Bresles"
"3278230112","3278230119","FR","France","Grand-Est","Douzy"
"3278237424","3278237431","FR","France","Grand-Est","Saint-Menges"
"3278318120","3278318127","IT","Italy","Sardegna","Cagliari"
"3278336252","3278336255","IT","Italy","Lombardia","Garbagnate Milanese"
"3278355504","3278355519","IT","Italy","Emilia-Romagna","Parma"
"3278489600","3278490623","GB","United Kingdom of Great Britain and Northern Ireland","England","Nantwich"
"3278764400","3278764407","NL","Netherlands (Kingdom of the)","Noord-Holland","Huizen"
"3279034368","3279034879","FR","France","Ile-de-France","Levallois-Perret"
"3279128616","3279128623","FR","France","Ile-de-France","Saint-Denis"
"3279214976","3279214991","PL","Poland","Kujawsko-Pomorskie","Dobre"
"3279264512","3279264527","PL","Poland","Pomorskie","Gdansk"
"3279426680","3279426695","IT","Italy","Lazio","Rome"
"3279441512","3279441519","IT","Italy","Calabria","Grimaldi"
"3279463780","3279463783","IT","Italy","Piemonte","Torino"
"3279478184","3279478187","IT","Italy","Toscana","Florence"
"3279733032","3279733055","DE","Germany","Nordrhein-Westfalen","Dortmund"
"3279861680","3279861695","DE","Germany","Nordrhein-Westfalen","Dortmund"
"3279982080","3279982335","PL","Poland","Mazowieckie","Warsaw"
"3280178544","3280178559","RU","Russian Federation","Moskva","Moscow"
"3280514560","3280514815","PL","Poland","Malopolskie","Krakow"
"3280810848","3280810863","CH","Switzerland","Zurich","Dubendorf"
"3280959744","3280959999","DE","Germany","Hessen","Frankfurt am Main"
"3281067416","3281067423","DE","Germany","Nordrhein-Westfalen","Espelkamp"
"3281098824","3281098831","DE","Germany","Nordrhein-Westfalen","Essen"
"3281161832","3281161839","SK","Slovakia","Trnavsky kraj","Dunajska Streda"
"3281575680","3281575935","GB","United Kingdom of Great Britain and Northern Ireland","England","Farnham"
"3281662589","3281662589","NL","Netherlands (Kingdom of the)","Noord-Holland","Amsterdam"
"3281945132","3281945135","DE","Germany","Nordrhein-Westfalen","Duisburg"
"3282184480","3282184495","RU","Russian Federation","Sankt-Peterburg","Saint Petersburg"
"3282454200","3282454203","GB","United Kingdom of Great Britain and Northern Ireland","England","Gloucester"
"3282576048","3282576055","SK","Slovakia","Nitriansky kraj","Nitra"
"3282622784","3282622791","SK","Slovakia","Nitriansky kraj","Dubnica nad Vahom"
"3282799040","3282799055","GB","United Kingdom of Great Britain and Northern Ireland","England","London"
"3283040000","3283040255","TR","Turkiye","Mardin","Kiziltepe"
"3283493376","3283493631","PL","Poland","Mazowieckie","Michalowice"
"3283588544","3283588607","GB","United Kingdom of Great Britain and Northern Ireland","England","Burton on the Wolds"
"3283882990","3283882990","GB","United Kingdom of Great Britain and Northern Ireland","England","Leeds"
"3283903907","3283903907","GB","United Kingdom of Great Britain and Northern Ireland","England","Bradford"
"3284025344","3284025439","GB","United Kingdom of Great Britain and Northern Ireland","England","London"
"3284257264","3284257271","NL","Netherlands (Kingdom of the)","Zuid-Holland","Katwijk aan Zee"
"3284534172","3284534175","SE","Sweden","Uppsala lan","Uppsala"
"3284551392","3284551395","SE","Sweden","Orebro lan","Orebro"
"3284577920","3284577935","SE","Sweden","Stockholms lan","Solna"
"3284615872","3284615879","HU","Hungary","Gyor-Moson-Sopron","Bony"
"3284645760","3284645767","HU","Hungary","Budapest","Budapest"
"3284657440","3284657487","HU","Hungary","Budapest","Budapest"
"3284808688","3284808703","DE","Germany","Hessen","Frankfurt am Main"
"3285017944","3285017947","PL","Poland","Dolnoslaskie","Wroclaw"
"3285056136","3285056143","PL","Poland","Pomorskie","Gdynia"
"3285417546","3285417546","IT","Italy","Veneto","Piazza"
"3285483960","3285483967","GB","United Kingdom of Great Britain and Northern Ireland","England","Borehamwood"
"3285662904","3285662911","DK","Denmark","Syddanmark","Rodekro"
"3285696472","3285696495","DK","Denmark","Midtjylland","Tranbjerg"
"3285831152","3285831167","GB","United Kingdom of Great Britain and Northern Ireland","England","Castleford"
"3286106737","3286106751","BE","Belgium","Brussels Hoofdstedelijk Gewest","Brussels"
"3286180352","3286180355","IT","Italy","Toscana","Livorno"
"3286196744","3286196747","IT","Italy","Toscana","Cecina"
"3286214024","3286214027","IT","Italy","Liguria","La Spezia"
"3286231424","3286231439","IT","Italy","Toscana","Rosignano Marittimo"
"3286414240","3286414247","DE","Germany","Berlin","Berlin"
"3286573984","3286573999","AE","United Arab Emirates","Dubayy","Dubai"
"3286974568","3286974575","ES","Spain","Madrid, Comunidad de","Madrid"
"3287011112","3287011119","ES","Spain","Catalunya","Roses"
"3287356416","3287356671","NL","Netherlands (Kingdom of the)","Noord-Brabant","Oosterhout"
"3287502288","3287502303","DE","Germany","Bremen","Bremen"
"3287532160","3287532399","DE","Germany","Bremen","Bremen"
"3287698816","3287698879","CH","Switzerland","Zug","Baar"
"3287971040","3287971071","RS","Serbia","Moravicki okrug","Markovica"
"3288130884","3288130944","US","United States of America","Kansas","Overland Park"
"3288136160","3288136161","US","United States of America","Kansas","Overland Park"
"3288608256","3288614655","MU","Mauritius","Port Louis","Port Louis"
"3289606726","3289606732","SC","Seychelles","English River","Victoria"
"3290229504","3290230015","MZ","Mozambique","Nampula","Mocambique"
"3291218000","3291218159","ZA","South Africa","Gauteng","Johannesburg"
"3292532480","3292532991","MA","Morocco","Casablanca-Settat","Mohammedia"
"3292872960","3292873215","MA","Morocco","Casablanca-Settat","Tit Mellil"
"3293289728","3293289983","MA","Morocco","Rabat-Sale-Kenitra","Sale"
"3293721344","3293721599","MA","Morocco","Casablanca-Settat","Tit Mellil"
"3294103552","3294104063","MA","Morocco","Rabat-Sale-Kenitra","Sale"
"3294475776","3294476031","MA","Morocco","Rabat-Sale-Kenitra","Temara"
"3295700992","3295701247","MA","Morocco","L'Oriental","Oujda"
"3296066048","3296066303","MA","Morocco","Casablanca-Settat","Tit Mellil"
"3296380160","3296380415","MA","Morocco","L'Oriental","Oujda-Angad"
"3296873216","3296873471","EG","Egypt","Al Jizah","Giza"
"3297260032","3297260287","EG","Egypt","Al Qalyubiyah","Al Khankah"
"3298220800","3298221055","EG","Egypt","Asyut","Asyut"
"3298762496","3298762751","EG","Egypt","Al Qahirah","Badr"
"3300079872","3300080127","TN","Tunisia","Sousse","Sousse"
"3300522496","3300523007","TN","Tunisia","Beja","Beja"
"3301381632","3301383935","US","United States of America","Colorado","Denver"
"3301907470","3301907470","KE","Kenya","Nairobi City","Nairobi"
"3302794848","3302794911","ZA","South Africa","Western Cape","Cape Town"
"3303196160","3303196415","TN","Tunisia","Ben Arous","Ben Arous"
"3303545088","3303545599","TN","Tunisia","Tunis","Tunis"
"3303879424","3303879679","TN","Tunisia","Nabeul","Menzel Heurr"
"3304773632","3304773887","ZA","South Africa","Free State","Frankfort"
"3304812859","3304812860","NL","Netherlands (Kingdom of the)","Noord-Holland","Amsterdam"
"3305262592","3305262847","TN","Tunisia","Nabeul","Manzil Bu Zalafah"
"3305582592","3305582847","TN","Tunisia","Jendouba","Jendouba"
"3306080256","3306080511","TN","Tunisia","Nabeul","Hammamet"
"3306440192","3306440703","TN","Tunisia","Tunis","Tunis"
"3306841856","3306842111","TN","Tunisia","Kairouan","Kairouan"
"3307215872","3307216127","EG","Egypt","Dumyat","Az Zarqa"
"3307747072","3307747839","EG","Egypt","Al Qahirah","Cairo"
"3308369152","3308369407","EG","Egypt","Al Qahirah","Cairo"
"3308938752","3308939263","EG","Egypt","Al Qalyubiyah","Al Khankah"
"3309372160","3309372415","ZA","South Africa","Eastern Cape","King William's Town"
"3309723392","3309723903","ZA","South Africa","Northern Cape","Kuruman"
"3312619776","3312620031","DZ","Algeria","Tamanrasset","Tamanrasset"
"3312898048","3312898303","DZ","Algeria","Alger","Algiers"
"3313551872","3313552127","MA","Morocco","Tanger-Tetouan-Al Hoceima","Oulad Tayeb"
"3313878272","3313878783","EG","Egypt","Al Iskandariyah","Alexandria"
"3314628352","3314628607","MA","Morocco","Casablanca-Settat","Casablanca"
"3315165184","3315165439","MA","Morocco","Rabat-Sale-Kenitra","Sale"
"3315400608","3315400615","NG","Nigeria","Lagos","Oregun"
"3315976704","3315976959","EG","Egypt","Al Gharbiyah","Qutur"
"3317737472","3317737727","EG","Egypt","Ash Sharqiyah","Abu Kabir"
"3318394880","3318395135","DZ","Algeria","Tipaza","Kolea"
"3318701312","3318701567","DZ","Algeria","Tizi Ouzou","Beni Douala"
"3319634944","3319635199","UG","Uganda","Wakiso","Entebbe"
"3320287232","3320287487","ZA","South Africa","Kwazulu-Natal","Phoenix"
"3320743936","3320744447","TN","Tunisia","Tunis","Tunis"
"3321256704","3321257215","EG","Egypt","Al Qalyubiyah","Al Khankah"
"3321771536","3321771543","KE","Kenya","Kericho","Kericho"
"3321897928","3321897935","US","United States of America","Washington","Vancouver"
"3321916464","3321916471","US","United States of America","Michigan","Detroit"
"3321927472","3321927479","US","United States of America","Maine","Topsham"
"3321938208","3321938215","US","United States of America","California","Martinez"
"3321949464","3321949471","US","United States of America","California","Cupertino"
"3322033544","3322033551","US","United States of America","California","Los Angeles"
"3322249824","3322249831","US","United States of America","Virginia","Ashburn"
"3322707728","3322707731","BD","Bangladesh","Dhaka","Dhaka"
"3323440728","3323440735","US","United States of America","New York","Buffalo"
"3323481816","3323481827","US","United States of America","Georgia","Atlanta"
"3323490176","3323490183","US","United States of America","Illinois","Naperville"
"3323516868","3323516871","US","United States of America","California","Costa Mesa"
"3323677180","3323677183","CA","Canada","Quebec","Montreal"
"3323720919","3323720928","US","United States of America","California","San Francisco"
"3324295741","3324295741","US","United States of America","Arizona","Tucson"
"3324930240","3324930255","US","United States of America","New Jersey","Englewood Cliffs"
"3324995362","3324995368","US","United States of America","Virginia","McLean"
"3325198720","3325198723","CA","Canada","Quebec","Montreal"
"3325225912","3325225915","CA","Canada","British Columbia","Victoria"
"3325559794","3325559794","CA","Canada","Quebec","Montreal"
"3326004224","3326004479","US","United States of America","California","Burlingame"
"3326510336","3326511103","US","United States of America","Mississippi","Jackson"
"3327156224","3327158271","US","United States of America","District of Columbia","Washington"
"3327881968","3327881975","US","United States of America","California","San Carlos"
"3328419072","3328419327","US","United States of America","Illinois","Elgin"
"3328532712","3328532719","US","United States of America","California","Newport Beach"
"3328549856","3328549979","US","United States of America","Texas","San Antonio"
"3330634752","3330635007","US","United States of America","Minnesota","Plymouth"
"3331410432","3331410687","US","United States of America","California","El Segundo"
"3332603392","3332603647","CA","Canada","Ontario","Toronto"
"3332868096","3332870143","US","United States of America","Washington","Seattle"
"3333557803","3333557803","US","United States of America","Michigan","Pontiac"
"3333645288","3333645295","US","United States of America","New York","Lyme"
"3333766226","3333766226","US","United States of America","Maine","Presque Isle"
"3334336512","3334336767","US","United States of America","California","San Francisco"
"3335058688","3335058943","US","United States of America","Minnesota","Eagan"
"3335794688","3335794943","SE","Sweden","Stockholms lan","Stockholm"
"3337178213","3337178213","US","United States of America","Kansas","Lawrence"
"3337185035","3337185036","US","United States of America","Louisiana","Monroe"
"3337188568","3337188575","US","United States of America","California","Santa Clara"
"3337194593","3337194593","US","United States of America","Florida","Orlando"
"3337200405","3337200405","US","United States of America","Michigan","Southfield"
"3337205459","3337205464","US","United States of America","California","San Jose"
"3337210142","3337210144","US","United States of America","Louisiana","Monroe"
"3337214113","3337214113","US","United States of America","New Mexico","Albuquerque"
"3337217186","3337217188","US","United States of America","Louisiana","Monroe"
"3337221424","3337221431","US","United States of America","Washington","Bellevue"
"3337930752","3337931519","GB","United Kingdom of Great Britain and Northern Ireland","England","Erith"
"3338779136","3338779391","US","United States of America","Mississippi","Jackson"
"3339340800","3339341055","US","United States of America","South Carolina","Beaufort"
"3339976288","3339976303","NA","Namibia","Khomas","Windhoek"
"3340499832","3340499835","US","United States of America","Illinois","Bloomington"
"3341056000","3341057023","US","United States of America","Washington","Seattle"
"3341671424","3341672191","US","United States of America","Tennessee","Chapel Hill"
"3341862876","3341862879","US","United States of America","Washington","Bellingham"
"3343009153","3343009166","US","United States of America","Illinois","Sycamore"
"3343452672","3343453183","US","United States of America","Utah","Salt Lake City"
"3344371456","3344371711","US","United States of America","California","Cupertino"
"3344968192","3344968703","US","United States of America","Texas","Houston"
"3345220784","3345220799","BR","Brazil","Rio de Janeiro","Rio de Janeiro"
"3345499648","3345499903","US","United States of America","Utah","Sandy"
"3346224882","3346224905","US","United States of America","New York","Hicksville"
"3346333809","3346333809","US","United States of America","Minnesota","Minneapolis"
"3346356096","3346356103","US","United States of America","California","San Jose"
"3346392222","3346392224","US","United States of America","California","El Segundo"
"3346509864","3346509991","US","United States of America","Texas","Houston"
"3346898432","3346898943","US","United States of America","Virginia","Arlington"
"3349621269","3349621278","US","United States of America","Virginia","Manassas"
"3349865216","3349865727","US","United States of America","Massachusetts","Cambridge"
"3350500352","3350500383","US","United States of America","New York","New York City"
"3350972928","3350973695","US","United States of America","Tennessee","Cookeville"
"3351299072","3351300095","US","United States of America","Massachusetts","Belmont"
"3351893760","3351894015","US","United States of America","Missouri","Kansas City"
"3353067565","3353067565","US","United States of America","Pennsylvania","Philadelphia"
"3353070938","3353070968","US","United States of America","New York","New York City"
"3353074102","3353074104","US","United States of America","Massachusetts","Cambridge"
"3353076713","3353076713","US","United States of America","Florida","Tampa"
"3353079241","3353079241","US","United States of America","Virginia","Arlington"
"3353081790","3353081792","US","United States of America","Virginia","Ashburn"
"3353203456","3353203711","US","United States of America","Virginia","Arlington"
"3353555472","3353555479","US","United States of America","New Mexico","Albuquerque"
"3353576200","3353576215","US","United States of America","Georgia","Atlanta"
"3353597560","3353597591","US","United States of America","Georgia","Atlanta"
"3353752627","3353752630","US","United States of America","District of Columbia","Washington"
"3354468117","3354468117","US","United States of America","Virginia","Virginia Beach"
"3354614472","3354614479","CA","Canada","Ontario","Scarborough"
"3354636000","3354636031","CA","Canada","Quebec","Dorval"
"3354708288","3354708319","US","United States of America","Pennsylvania","Horsham"
"3355357696","3355357951","US","United States of America","Georgia","Stone Mountain"
"3355537120","3355537127","TT","Trinidad and Tobago","San Fernando","San Fernando"
"3355953200","3355953207","EC","Ecuador","Guayas","Guayaquil"
"3356078336","3356079359","CL","Chile","-","-"
"3356642816","3356643071","BR","Brazil","Rio Grande do Sul","Pelotas"
"3357071848","3357071871","HN","Honduras","Francisco Morazan","Tegucigalpa"
"3357335552","3357337087","CL","Chile","Region Metropolitana de Santiago","Penalolen"
"3357694728","3357694751","MX","Mexico","Ciudad de Mexico","Mexico City"
"3357784064","3357784079","GT","Guatemala","San Marcos","Catarina"
"3358213888","3358219519","AR","Argentina","Ciudad Autonoma de Buenos Aires","Buenos Aires"
"3358605056","3358605311","PE","Peru","Ica","Subtanjalla"
"3358883840","3358884351","MX","Mexico","Ciudad de Mexico","Mexico City"
"3359093344","3359093399","CU","Cuba","La Habana","Havana"
"3359312600","3359312603","AR","Argentina","Cordoba","Cordoba"
"3359796736","3359796743","MX","Mexico","Veracruz de Ignacio de la Llave","Hidalgo"
"3360134552","3360134567","VE","Venezuela (Bolivarian Republic of)","Zulia","Maracaibo"
"3360477248","3360477255","MX","Mexico","Ciudad de Mexico","Mexico City"
"3360781912","3360781915","VE","Venezuela (Bolivarian Republic of)","Distrito Capital","Caracas"
"3361092608","3361093119","CL","Chile","Los Lagos","Puerto Montt"
"3361580368","3361580399","CO","Colombia","Distrito Capital de Bogota","Bogota"
"3362092544","3362092799","BR","Brazil","Goias","Anapolis"
"3362453248","3362453503","NI","Nicaragua","Managua","Managua"
"3362696783","3362696783","CO","Colombia","Risaralda","Pereira"
"3363096264","3363096271","CO","Colombia","Quindio","Armenia"
"3363304264","3363304271","CL","Chile","Region Metropolitana de Santiago","Chicureo Abajo"
"3363577720","3363577727","PA","Panama","Panama","Panama"
"3363988736","3363988991","BR","Brazil","Distrito Federal","Brasilia"
"3364664656","3364664663","BR","Brazil","Bahia","Grande"
"3364823520","3364824095","BR","Brazil","Sao Paulo","Sao Paulo"
"3364846090","3364846093","BR","Brazil","Rio Grande do Sul","Porto Alegre"
"3365201520","3365201527","BR","Brazil","Sao Paulo","Sorocaba"
"3365290304","3365290307","BR","Brazil","Sao Paulo","Sao Paulo"
"3365302552","3365302555","BR","Brazil","Rio Grande do Sul","Santa Maria"
"3365368626","3365368644","BR","Brazil","Sao Paulo","Sao Paulo"
"3365501328","3365501335","BR","Brazil","Sao Paulo","Campinas"
"3365873184","3365873191","BR","Brazil","Sao Paulo","Piracicaba"
"3366087312","3366087319","BR","Brazil","Minas Gerais","Montes Claros"
"3366211328","3366211583","BR","Brazil","Minas Gerais","Venda Nova"
"3366237689","3366237689","BR","Brazil","Rio de Janeiro","Rio de Janeiro"
"3366266908","3366266908","BR","Brazil","Rio de Janeiro","Rio de Janeiro"
"3366352048","3366352063","BR","Brazil","Sao Paulo","Sao Paulo"
"3366393088","3366393343","BR","Brazil","Minas Gerais","Venda Nova"
"3366511712","3366511743","BR","Brazil","Sao Paulo","Campinas"
"3366723008","3366723055","BR","Brazil","Sao Paulo","Sao Paulo"
"3366842368","3366843135","BR","Brazil","Distrito Federal","Brasilia"
"3366890880","3366890895","BR","Brazil","Sao Paulo","Sao Paulo"
"3366946304","3366946879","BR","Brazil","Sao Paulo","Sao Paulo"
"3367143424","3367143439","BR","Brazil","Sao Paulo","Boituva"
"3367173216","3367173231","BR","Brazil","Rio de Janeiro","Rio de Janeiro"
"3367300864","3367301119","BR","Brazil","Rio Grande do Sul","Rio Grande"
"3367404864","3367404879","BR","Brazil","Sao Paulo","Sao Paulo"
"3367455728","3367455743","BR","Brazil","Rio de Janeiro","Rio de Janeiro"
"3367509440","3367509503","BR","Brazil","Sao Paulo","Sao Paulo"
"3367820572","3367820655","BR","Brazil","Sao Paulo","Sao Paulo"
"3368224664","3368224751","BR","Brazil","Sao Paulo","Sao Paulo"
"3368257504","3368257507","BR","Brazil","Parana","Maringa"
"3368264984","3368264991","BR","Brazil","Parana","Londrina"
"3368280784","3368280799","BR","Brazil","Distrito Federal","Brasilia"
"3368288168","3368288169","BR","Brazil","Sao Paulo","Sao Paulo"
"3368619264","3368620543","BR","Brazil","Parana","Ponta Grossa"
"3368886552","3368886559","BR","Brazil","Amapa","Santana"
"3368951352","3368951391","BR","Brazil","Sao Paulo","Sao Paulo"
"3369101120","3369101135","BR","Brazil","Rio de Janeiro","Rio de Janeiro"
"3369153792","3369153823","BR","Brazil","Rio de Janeiro","Rio de Janeiro"
"3369236240","3369236255","BR","Brazil","Rio de Janeiro","Rio de Janeiro"
"3369284816","3369284831","BR","Brazil","Sao Paulo","Sao Paulo"
"3369325904","3369325935","BR","Brazil","Sao Paulo","Sao Paulo"
"3369377712","3369377727","BR","Brazil","Rio de Janeiro","Rio de Janeiro"
"3369426864","3369426895","BR","Brazil","Rio de Janeiro","Rio de Janeiro"
"3369503712","3369503743","BR","Brazil","Sao Paulo","Sao Paulo"
"3369577384","3369577403","BR","Brazil","Minas Gerais","Uberlandia"
"3369632913","3369632913","BR","Brazil","Espirito Santo","Serra"
"3369699328","3369699839","BR","Brazil","Bahia","Salvador"
"3370018370","3370018372","BR","Brazil","Roraima","Boa Vista"
"3370090150","3370090150","BR","Brazil","Sergipe","Aracaju"
"3370217984","3370218239","BR","Brazil","Rio Grande do Sul","Caxias do Sul"
"3370426480","3370426495","BR","Brazil","Rio Grande do Sul","Passo Fundo"
"3370601216","3370601727","BR","Brazil","Rio de Janeiro","Rio de Janeiro"
"3370747392","3370747647","BR","Brazil","Rio Grande do Sul","Porto Alegre"
"3371284128","3371284135","BR","Brazil","Bahia","Grande"
"3371374768","3371374847","BR","Brazil","Rio de Janeiro","Rio de Janeiro"
"3371525280","3371525295","BR","Brazil","Para","Joao"
"3371652816","3371652831","BR","Brazil","Rio de Janeiro","Rio de Janeiro"
"3371716800","3371717087","BR","Brazil","Rio de Janeiro","Rio de Janeiro"
"3371827488","3371827503","BR","Brazil","Distrito Federal","Brasilia"
"3371873936","3371873951","BR","Brazil","Rio de Janeiro","Rio de Janeiro"
"3371959824","3371959839","BR","Brazil","Rio de Janeiro","Rio de Janeiro"
"3372006144","3372006271","BR","Brazil","Rio de Janeiro","Rio de Janeiro"
"3372076544","3372077567","BR","Brazil","Rio de Janeiro","Rio de Janeiro"
"3372186112","3372186367","BR","Brazil","Rio de Janeiro","Rio Bonito"
"3372977920","3372978175","BR","Brazil","Mato Grosso do Sul","Campo Grande"
"3373306274","3373306274","US","United States of America","California","San Jose"
"3373464902","3373464929","BR","Brazil","Sao Paulo","Sao Paulo"
"3373755416","3373755507","BR","Brazil","Sao Paulo","Sao Paulo"
"3374074432","3374074495","BR","Brazil","Parana","Guraituba"
"3374225152","3374225167","BR","Brazil","Pernambuco","Recife"
"3374328064","3374328319","BR","Brazil","Bahia","Salvador"
"3374664704","3374664959","BR","Brazil","Rio Grande do Sul","Sapiranga"
"3374840832","3374840847","BR","Brazil","Rio de Janeiro","Rio de Janeiro"
"3375108640","3375108655","BR","Brazil","Sao Paulo","Campinas"
"3375176960","3375177103","BR","Brazil","Rio de Janeiro","Rio de Janeiro"
"3375256320","3375256575","BR","Brazil","Sao Paulo","Cajati"
"3375374336","3375374591","BR","Brazil","Parana","Curitiba"
"3375523584","3375523839","MY","Malaysia","Wilayah Persekutuan Kuala Lumpur","Kuala Lumpur"
"3375929584","3375929599","BR","Brazil","Sao Paulo","Sao Paulo"
"3375982912","3375982927","BR","Brazil","Rio Grande do Sul","Porto Alegre"
"3376094717","3376094717","BR","Brazil","Minas Gerais","Belo Horizonte"
"3376104606","3376104608","BR","Brazil","Sao Paulo","Sao Paulo"
"3376125385","3376125385","BR","Brazil","Bahia","Salvador"
"3376140489","3376140489","BR","Brazil","Pernambuco","Recife"
"3376355064","3376355263","BR","Brazil","Sao Paulo","Sao Paulo"
"3376408064","3376408071","BR","Brazil","Sao Paulo","Sao Paulo"
"3376490512","3376490527","BR","Brazil","Rio de Janeiro","Rio de Janeiro"
"3376606208","3376606463","BR","Brazil","Rio Grande do Sul","Pelotas"
"3376958752","3376958767","BR","Brazil","Rio de Janeiro","Rio de Janeiro"
"3377021184","3377021231","BR","Brazil","Rio de Janeiro","Volta Redonda"
"3377067424","3377067439","BR","Brazil","Rio de Janeiro","Rio de Janeiro"
"3377874736","3377874743","BR","Brazil","Parana","Maringa"
"3378019328","3378019839","BR","Brazil","Goias","Goiania"
"3378160656","3378160671","BR","Brazil","Sao Paulo","Bauru"
"3378233648","3378233655","BR","Brazil","Sao Paulo","Ribeirao Preto"
"3378703616","3378705151","MX","Mexico","Morelos","Tlalnepantla"
"3379651840","3379652095","MX","Mexico","Guerrero","El Coacoyul"
"3380545280","3380545535","MX","Mexico","Chihuahua","Casas Grandes"
"3381388288","3381388543","MX","Mexico","Baja California","Tijuana"
"3381932032","3381932287","MX","Mexico","Ciudad de Mexico","Mexico City"
"3382308352","3382308607","MX","Mexico","Veracruz de Ignacio de la Llave","Perote"
"3382773936","3382773999","MX","Mexico","Nuevo Leon","Juarez"
"3383392256","3383392511","MX","Mexico","Baja California","Colonia Vicente Guerrero"
"3384270336","3384270591","EC","Ecuador","Imbabura","Otavalo"
"3385189120","3385189375","CR","Costa Rica","Alajuela","Alajuela"
"3385976320","3385976575","VE","Venezuela (Bolivarian Republic of)","Miranda","Chacao"
"3386387200","3386387455","CO","Colombia","Distrito Capital de Bogota","Bogota"
"3386684160","3386684415","AR","Argentina","Neuquen","Junin de los Andes"
"3387626496","3387626751","AR","Argentina","Buenos Aires","La Plata"
"3388074752","3388075007","CL","Chile","Valparaiso","Valparaiso"
"3388463104","3388463359","SV","El Salvador","La Libertad","Lourdes"
"3389014016","3389014271","-","-","-","-"
"3389186064","3389186071","JP","Japan","Fukuoka","Tagawa"
"3389498031","3389498037","AU","Australia","Victoria","Melbourne"
"3390078003","3390078050","JP","Japan","Aichi","Nisshin"
"3391155200","3391156735","JP","Japan","Tokyo","Tokyo"
"3391599036","3391599039","TW","Taiwan (Province of China)","Hsinchu","Hsinchu"
"3391874061","3391874061","ID","Indonesia","Kepulauan Riau","Batam"
"3391976647","3391976647","AU","Australia","Victoria","Collingwood"
"3392474368","3392474368","IN","India","Karnataka","Bengaluru"
"3392727364","3392727367","IN","India","Uttar Pradesh","Ghaziabad"
"3392755880","3392755887","PH","Philippines","National Capital Region","Quezon City"
"3393295520","3393295527","IN","India","Karnataka","Bengaluru"
"3393965937","3393965937","IN","India","Karnataka","Bengaluru"
"3394538022","3394538025","HK","Hong Kong","Hong Kong","Hong Kong"
"3394683904","3394684159","PH","Philippines","Tarlac","Salcedo"
"3395226818","3395226879","SG","Singapore","Singapore","Singapore"
"3395537253","3395537253","CN","China","Jiangxi","Xinyu"
"3395685120","3395685375","CN","China","Jiangsu","Yancheng"
"3395849360","3395849551","CN","China","Guangdong","Guangzhou"
"3396194576","3396194639","CN","China","Fujian","Fuzhou"
"3397156864","3397157631","PH","Philippines","National Capital Region","Muntinlupa"
"3397572820","3397572831","AU","Australia","Queensland","Brisbane"
"3398104576","3398104831","ID","Indonesia","Jakarta Raya","Jakarta"
"3398643980","3398644001","AU","Australia","New South Wales","Sydney"
"3399286784","3399301887","JP","Japan","Hyogo","Amagasaki"
"3399736768","3399736783","PH","Philippines","National Capital Region","Pasig"
"3400020072","3400020143","AU","Australia","New South Wales","Ryde"
"3400616960","3400617983","JP","Japan","Saitama","Iruma"
"3401265408","3401266687","MY","Malaysia","Selangor","Shah Alam"
"3402735616","3402736639","JP","Japan","Tokyo","Tokyo"
"3403051304","3403051351","JP","Japan","Tokyo","Tokyo"
"3403343536","3403343543","US","United States of America","California","San Jose"
"3403687855","3403687855","US","United States of America","Florida","Miami"
"3404073856","3404077311","JP","Japan","Tokyo","Tokyo"
"3404221056","3404221119","JP","Japan","Aichi","Nisshin"
"3404690760","3404690761","JP","Japan","Aichi","Nagoya"
"3405308416","3405310463","JP","Japan","Hyogo","Amagasaki"
"3406327808","3406328063","-","-","-","-"
"3406878135","3406878141","AU","Australia","New South Wales","Sydney"
"3407318528","3407318783","AU","Australia","Victoria","Hallam"
"3407589878","3407589884","AU","Australia","Victoria","Melbourne"
"3407592473","3407592473","AU","Australia","Queensland","Brisbane"
"3407757568","3407757823","AU","Australia","Victoria","Abbotsford"
"3408122624","3408122879","AU","Australia","Australian Capital Territory","Canberra"
"3408608768","3408609023","AU","Australia","Australian Capital Territory","Canberra"
"3408733630","3408733636","AU","Australia","Victoria","Melbourne"
"3409020928","3409021183","AU","Australia","Victoria","Melbourne"
"3409135872","3409136383","AU","Australia","Australian Capital Territory","Canberra"
"3409348510","3409348512","AU","Australia","Victoria","Melbourne"
"3409351521","3409351521","AU","Australia","Victoria","Melbourne"
"3409353945","3409353945","AU","Australia","New South Wales","Sydney"
"3409356102","3409356104","AU","Australia","Australian Capital Territory","Canberra"
"3409358562","3409358564","AU","Australia","New South Wales","Wollongong"
"3409361170","3409361172","AU","Australia","Queensland","Brisbane"
"3409364142","3409364144","AU","Australia","New South Wales","Shoalhaven Heads"
"3409366793","3409366793","AU","Australia","Victoria","Melbourne"
"3409369406","3409369408","AU","Australia","New South Wales","Sydney"
"3409372302","3409372304","AU","Australia","Victoria","Melbourne"
"3409374926","3409374932","AU","Australia","Queensland","Brisbane"
"3409378097","3409378097","AU","Australia","New South Wales","Sydney"
"3409583064","3409583064","AU","Australia","Australian Capital Territory","Canberra"
"3409917172","3409917179","AU","Australia","Victoria","Richmond"
"3409958412","3409958415","AU","Australia","Queensland","Southport"
"3410123264","3410123271","TW","Taiwan (Province of China)","Taoyuan","Taoyuan"
"3410592608","3410592791","TW","Taiwan (Province of China)","Taipei","Taipei"
"3410936031","3410936032","SG","Singapore","Singapore","Singapore"
"3411633154","3411633154","SG","Singapore","Singapore","Singapore"
"3411928064","3411928319","CN","China","Beijing","Beijing"
"3412367965","3412367965","SG","Singapore","Singapore","Singapore"
"3412596684","3412596684","IN","India","Karnataka","Bengaluru"
"3413088512","3413088543","AU","Australia","Tasmania","Glebe"
"3413230529","3413230529","AU","Australia","Victoria","Glen Iris"
"3413624320","3413624575","CN","China","Hunan","Changsha"
"3414377808","3414377815","PH","Philippines","National Capital Region","Manila"
"3414389808","3414389815","PH","Philippines","Batangas","Batangas"
"3414399824","3414399847","PH","Philippines","National Capital Region","Quezon City"
"3414552576","3414552831","JP","Japan","Aichi","Nagoya"
"3414968000","3414968015","JP","Japan","Fukui","Tsuruga"
"3415318104","3415318111","IN","India","Delhi","Delhi"
"3416035328","3416035839","TH","Thailand","Krung Thep Maha Nakhon","Bangkok"
"3416487176","3416487183","JP","Japan","Tokyo","Tokyo"
"3416685440","3416685471","AU","Australia","New South Wales","Sydney"
"3417212448","3417212459","AU","Australia","Tasmania","Glebe"
"3417226136","3417226143","AU","Australia","Tasmania","Glebe"
"3417510472","3417510479","JP","Japan","Aichi","Nisshin"
"3417658272","3417658279","JP","Japan","Kanagawa","Sagamihara"
"3418392234","3418392234","JP","Japan","Tokyo","Tokyo"
"3418896896","3418897151","IN","India","Karnataka","Bengaluru"
"3419735064","3419735103","AU","Australia","New South Wales","Ryde"
"3420133888","3420133891","AU","Australia","New South Wales","Sydney"
"3420178140","3420178141","AU","Australia","New South Wales","Sydney"
"3420263936","3420263939","AU","Australia","Queensland","Brisbane"
"3420360972","3420360987","AU","Australia","New South Wales","Ryde"
"3422698521","3422698521","US","United States of America","New York","New York City"
"3423090224","3423090231","US","United States of America","Idaho","Hailey"
"3423311248","3423311263","US","United States of America","New Hampshire","Manchester"
"3423350736","3423350743","SA","Saudi Arabia","Ar Riyad","Riyadh"
"3423407656","3423407679","US","United States of America","Colorado","Boulder"
"3423548521","3423548521","US","United States of America","South Dakota","Wentworth"
"3423621120","3423621183","US","United States of America","Texas","Weatherford"
"3423633973","3423633973","US","United States of America","Iowa","Saint Charles"
"3423777536","3423778047","IR","Iran (Islamic Republic of)","Tehran","Tehran"
"3424495616","3424495871","US","United States of America","Ohio","Columbus"
"3425862152","3425862167","CA","Canada","Ontario","Brampton"
"3426515616","3426515647","US","United States of America","Texas","Dallas"
"3427173860","3427173862","US","United States of America","Virginia","Herndon"
"3427191642","3427191656","US","United States of America","District of Columbia","Washington"
"3427609856","3427614719","US","United States of America","Minnesota","Saint Paul"
"3428252800","3428252803","US","United States of America","California","Tahoe City"
"3428571392","3428572159","US","United States of America","Massachusetts","Cambridge"
"3428917504","3428917759","US","United States of America","Mississippi","Jackson"
"3428989382","3428989439","US","United States of America","California","San Jose"
"3428996304","3428996319","US","United States of America","Louisiana","Monroe"
"3429004441","3429004441","GB","United Kingdom of Great Britain and Northern Ireland","England","London"
"3429014665","3429014665","US","United States of America","Washington","Tukwila"
"3429022618","3429022620","US","United States of America","New York","New York City"
"3429037656","3429037663","US","United States of America","Pennsylvania","Greenville"
"3429190208","3429190215","CA","Canada","Ontario","Toronto"
"3429226616","3429226623","CA","Canada","Ontario","Ottawa"
"3429883008","3429883071","US","United States of America","Virginia","Basye"
"3430340096","3430340643","US","United States of America","Mississippi","Jackson"
"3431106304","3431106559","-","-","-","-"
"3431225904","3431225919","US","United States of America","Oregon","Roseburg"
"3431313613","3431313613","US","United States of America","Colorado","Denver"
"3431390376","3431390407","US","United States of America","California","San Jose"
"3431821970","3431821970","US","United States of America","Washington","Redmond"
"3432252597","3432252597","US","United States of America","Ohio","Cleveland"
"3432257646","3432257656","US","United States of America","District of Columbia","Washington"
"3432263489","3432263489","US","United States of America","New York","Buffalo"
"3432270154","3432270156","US","United States of America","California","El Segundo"
"3432273918","3432273932","US","United States of America","New York","New York City"
"3432278921","3432278921","US","United States of America","Florida","Tampa"
"3432283597","3432283597","US","United States of America","North Carolina","Charlotte"
"3432288521","3432288521","US","United States of America","Illinois","Chicago"
"3432293946","3432293948","US","United States of America","Virginia","Ashburn"
"3432298954","3432298960","US","United States of America","Texas","Dallas"
"3432304109","3432304109","US","United States of America","Pennsylvania","Philadelphia"
"3432307589","3432307589","US","United States of America","Virginia","Richmond"
"3432312454","3432312456","US","United States of America","New York","New York City"
"3432549432","3432549439","US","United States of America","Illinois","Chicago"
"3433255680","3433266687","US","United States of America","Georgia","Atlanta"
"3434246144","3434246335","US","United States of America","New York","New York City"
"3434750720","3434753023","US","United States of America","Pennsylvania","Palmerton"
"3434803412","3434803415","US","United States of America","Pennsylvania","Scranton"
"3435069768","3435069775","CA","Canada","Alberta","Edmonton"
"3435126720","3435126727","US","United States of America","Maine","Berwick"
"3436043785","3436043785","SG","Singapore","Singapore","Singapore"
"3436460120","3436460123","US","United States of America","Texas","Houston"
"3437353680","3437353680","US","United States of America","Texas","Dallas"
"3437803920","3437804079","US","United States of America","Texas","San Antonio"
"3438201344","3438201599","US","United States of America","California","San Francisco"
"3438610175","3438610184","US","United States of America","Louisiana","Monroe"
"3438710530","3438710530","US","United States of America","Utah","Salt Lake City"
"3439038720","3439039231","US","United States of America","Georgia","Atlanta"
"3439147632","3439147633","US","United States of America","Virginia","Ashburn"
"3448160768","3448161023","US","United States of America","Washington","Tacoma"
"3448546747","3448546751","US","United States of America","District of Columbia","Washington"
"3448865264","3448865279","US","United States of America","Michigan","Ann Arbor"
"3449191312","3449191319","CA","Canada","Ontario","Toronto"
"3449700864","3449701375","US","United States of America","California","Los Angeles"
"3450058240","3450058495","US","United States of America","Mississippi","Jackson"
"3450342973","3450342974","US","United States of America","Georgia","Forest Park"
"3450395576","3450395583","US","United States of America","Colorado","Greenwood Village"
"3450433120","3450433127","US","United States of America","Colorado","Denver"
"3450511848","3450511855","US","United States of America","Texas","San Antonio"
"3450533040","3450533055","US","United States of America","Louisiana","Monroe"
"3450545078","3450545080","US","United States of America","Wyoming","Burlington"
"3450552250","3450552268","US","United States of America","Colorado","Highlands Ranch"
"3450600209","3450600210","US","United States of America","District of Columbia","Washington"
"3451293744","3451293744","GB","United Kingdom of Great Britain and Northern Ireland","England","Manchester"
"3451576176","3451576179","US","United States of America","Texas","Austin"
"3452460032","3452460287","CA","Canada","Manitoba","Thompson"
"3452785296","3452785303","CA","Canada","Quebec","Chambly"
"3453116416","3453118463","CA","Canada","Ontario","Scarborough"
"3453485568","3453485823","US","United States of America","California","San Jose"
"3453694528","3453694543","US","United States of America","Maryland","Rockville"
"3454387456","3454387583","US","United States of America","Massachusetts","Cambridge"
"3454569452","3454569455","US","United States of America","New York","New York City"
"3454672032","3454672047","US","United States of America","Georgia","Suwanee"
"3455296256","3455296511","US","United States of America","Mississippi","Jackson"
"3455720624","3455720639","CA","Canada","British Columbia","Surrey"
"3456193536","3456194047","DO","Dominican Republic","Duarte","San Francisco de Macoris"
"3456983936","3456984063","US","United States of America","Texas","Dallas"
"3457354240","3457355775","US","United States of America","Texas","Dallas"
"3457735283","3457736160","US","United States of America","District of Columbia","Washington"
"3458025984","3458026495","US","United States of America","California","San Jose"
"3458782720","3458782975","US","United States of America","Florida","Miami"
"3459210320","3459210335","CA","Canada","Ontario","Whitby"
"3459234808","3459234815","CA","Canada","Ontario","Kitchener"
"3459513376","3459513407","CA","Canada","Ontario","Concord"
"3460305272","3460305279","US","United States of America","Pennsylvania","Berlin"
"3460529408","3460529919","US","United States of America","New Jersey","Newark"
"3460957440","3460957575","US","United States of America","South Carolina","Columbia"
"3461075456","3461075967","CA","Canada","Alberta","Edmonton"
"3461444608","3461445631","US","United States of America","Oregon","Portland"
"3461940224","3461940479","US","United States of America","Iowa","Le Mars"
"3462331904","3462332159","US","United States of America","New Hampshire","Nashua"
"3462884608","3462884863","US","United States of America","California","San Jose"
"3463207232","3463207247","CA","Canada","British Columbia","Vancouver"
"3463231912","3463231919","CA","Canada","Ontario","Toronto"
"3463534622","3463534624","US","United States of America","North Carolina","Greensboro"
"3463640317","3463640317","SL","Sierra Leone","Eastern","Daru"
"3464093696","3464094719","US","United States of America","New Jersey","South Plainfield"
"3464550400","3464550415","GB","United Kingdom of Great Britain and Northern Ireland","England","Newbury"
"3464822586","3464822588","US","United States of America","New York","Rochester"
"3465466622","3465466622","GB","United Kingdom of Great Britain and Northern Ireland","England","Slough"
"3466068384","3466068415","US","United States of America","Georgia","Atlanta"
"3466339584","3466339839","US","United States of America","California","San Jose"
"3466767120","3466767135","CA","Canada","Quebec","Laval"
"3466957056","3466957311","US","United States of America","California","Long Beach"
"3467368960","3467368991","US","United States of America","California","San Francisco"
"3467555840","3467556351","CA","Canada","Ontario","Kitchener"
"3468072352","3468072383","CA","Canada","Ontario","Toronto"
"3468567165","3468567165","US","United States of America","Washington","Quincy"
"3468955352","3468955359","US","United States of America","Kentucky","Coxs Creek"
"3469312768","3469313279","US","United States of America","Pennsylvania","Wyncote"
"3470143184","3470143207","US","United States of America","California","Santa Fe Springs"
"3470704944","3470704959","US","United States of America","Colorado","Brush"
"3470957568","3470960895","US","United States of America","New York","Wheatley Heights"
"3471464960","3471465215","US","United States of America","Georgia","Atlanta"
"3471728140","3471728144","SG","Singapore","Singapore","Singapore"
"3471731497","3471731497","SG","Singapore","Singapore","Singapore"
"3471748006","3471748007","SG","Singapore","Singapore","Singapore"
"3472277792","3472277795","US","United States of America","Pennsylvania","Wyomissing"
"3472283882","3472283882","US","United States of America","Florida","Brandon"
"3472290232","3472290239","US","United States of America","Washington","Pasco"
"3472403200","3472403455","CA","Canada","Ontario","Kitchener"
"3472868608","3472868703","US","United States of America","Arkansas","Camden"
"3473231316","3473231319","US","United States of America","Virginia","Ashland"
"3473323520","3473324031","CA","Canada","British Columbia","Victoria"
"3473455616","3473457151","US","United States of America","Arkansas","Little Rock"
"3473555608","3473555611","US","United States of America","Florida","Tallahassee"
"3473578472","3473578479","US","United States of America","North Carolina","Charlotte"
"3473603800","3473603807","US","United States of America","Maryland","Urbana"
"3474011136","3474011647","US","United States of America","Kansas","Overland Park"
"3474461696","3474461951","US","United States of America","Massachusetts","Cambridge"
"3474924032","3474924287","US","United States of America","California","Gilroy"
"3475169152","3475169279","CA","Canada","Ontario","Mississauga"
"3475199552","3475199559","CA","Canada","Ontario","Oshawa"
"3475229632","3475229663","CA","Canada","Ontario","Mississauga"
"3475646945","3475646945","US","United States of America","Florida","Tampa"
"3475907672","3475907672","US","United States of America","Washington","Redmond"
"3475910096","3475910096","US","United States of America","California","San Francisco"
"3475967656","3475967663","US","United States of America","California","Burlingame"
"3475990844","3475990895","US","United States of America","California","Camarillo"
"3476725782","3476726015","US","United States of America","District of Columbia","Washington"
"3476747068","3476747071","US","United States of America","Ohio","Cleveland"
"3476762736","3476762751","US","United States of America","Florida","Stuart"
"3476778448","3476778463","US","United States of America","New York","West Babylon"
"3476793796","3476793799","US","United States of America","Arkansas","Little Rock"
"3476814108","3476814111","US","United States of America","Florida","Daytona Beach"
"3476999680","3477000447","US","United States of America","California","Marysville"
"3477383939","3477383940","US","United States of America","Washington","Tukwila"
"3477964032","3477964287","US","United States of America","Louisiana","Baton Rouge"
"3478311984","3478311999","US","United States of America","Illinois","Chicago"
"3478672834","3478672834","US","United States of America","Tennessee","Nashville"
"3478719441","3478719441","US","United States of America","Tennessee","Turtletown"
"3478736128","3478736383","DE","Germany","Nordrhein-Westfalen","Dortmund"
"3478986080","3478986091","US","United States of America","North Carolina","Cary"
"3479303264","3479303375","US","United States of America","Texas","San Antonio"
"3479350584","3479350607","US","United States of America","Colorado","Englewood"
"3479381248","3479397375","US","United States of America","Colorado","Denver"
"3479629312","3479629567","CA","Canada","British Columbia","Vernon"
"3479833312","3479833312","US","United States of America","Wisconsin","Madison"
"3479854280","3479854283","US","United States of America","Arkansas","Fort Smith"
"3479868480","3479868543","US","United States of America","Pennsylvania","Bristol"
"3479886704","3479886707","US","United States of America","Arkansas","Little Rock"
"3479922000","3479922007","CA","Canada","Ontario","Mississauga"
"3479972920","3479972927","US","United States of America","Iowa","West Des Moines"
"3480008408","3480008415","US","United States of America","South Dakota","Sioux Falls"
"3480044088","3480044095","US","United States of America","Washington","Seattle"
"3480069918","3480069924","US","United States of America","California","San Jose"
"3480097536","3480097791","US","United States of America","Virginia","Ashburn"
"3480540416","3480541183","US","United States of America","Virginia","Arlington"
"3480708728","3480708735","US","United States of America","Missouri","Saint James"
"3481167894","3481167895","US","United States of America","Texas","Houston"
"3481701944","3481701951","CA","Canada","British Columbia","Burnaby"
"3481849672","3481849687","US","United States of America","New York","Albany"
"3481956359","3481956360","US","United States of America","Louisiana","Monroe"
"3482027520","3482027775","CA","Canada","Quebec","Saint-Laurent"
"3482111256","3482111263","US","United States of America","Texas","Arlington"
"3482175944","3482175951","US","United States of America","Illinois","Des Plaines"
"3482454784","3482455039","US","United States of America","New Jersey","Morristown"
"3482667776","3482668031","US","United States of America","California","San Jose"
"3483322281","3483322281","US","United States of America","Texas","Dallas"
"3483551614","3483551616","US","United States of America","Virginia","McLean"
"3483635856","3483635871","CA","Canada","Quebec","Saint-Sauveur-des-Monts"
"3483664600","3483664607","CA","Canada","Ontario","Ottawa"
"3483768064","3483768319","US","United States of America","California","Marysville"
"3484037940","3484037941","US","United States of America","Illinois","Mokena"
"3484178432","3484180479","US","United States of America","District of Columbia","Washington"
"3484495936","3484495951","US","United States of America","Iowa","West Des Moines"
"3484634560","3484634611","US","United States of America","Michigan","Lansing"
"3484672688","3484672695","US","United States of America","Illinois","Metamora"
"3485236896","3485236903","US","United States of America","District of Columbia","Washington"
"3485341056","3485341183","US","United States of America","California","San Francisco"
"3485399072","3485399095","US","United States of America","Arkansas","Little Rock"
"3485435648","3485435903","US","United States of America","Minnesota","Roscoe"
"3485613776","3485613807","CA","Canada","British Columbia","Burnaby"
"3485716176","3485716183","US","United States of America","Minnesota","Golden Valley"
"3486052608","3486052863","US","United States of America","Illinois","Naperville"
"3486252112","3486252159","US","United States of America","North Carolina","Raleigh"
"3486680880","3486680895","US","United States of America","Connecticut","West Hartland"
"3487017240","3487017247","US","United States of America","California","San Francisco"
"3487266048","3487266079","CA","Canada","Ontario","Richmond Hill"
"3487433440","3487433455","US","United States of America","Wisconsin","Ashwaubenon"
"3487621400","3487621407","US","United States of America","Washington","Mercer Island"
"3487647744","3487648255","US","United States of America","Louisiana","Monroe"
"3487692408","3487692415","US","United States of America","Washington","Federal Way"
"3487901272","3487901287","CA","Canada","British Columbia","Burnaby"
"3488080693","3488080693","CA","Canada","Ontario","Toronto"
"3488368872","3488368887","CA","Canada","Manitoba","Winnipeg"
"3488396128","3488396135","CA","Canada","Ontario","Belleville"
"3488567552","3488567807","US","United States of America","Virginia","Ashburn"
"3488790160","3488790167","US","United States of America","Texas","Irving"
"3488829952","3488829967","US","United States of America","Georgia","Stockbridge"
"3488869632","3488869887","US","United States of America","New York","New York City"
"3489083136","3489083391","US","United States of America","California","San Jose"
"3489469624","3489469631","CA","Canada","Quebec","Quebec"
"3489811012","3489811074","US","United States of America","Georgia","Atlanta"
"3490317568","3490317823","US","United States of America","Mississippi","Jackson"
"3490912000","3490912511","US","United States of America","Mississippi","Jackson"
"3491417152","3491417343","US","United States of America","Georgia","Atlanta"
"3491762272","3491762274","US","United States of America","Georgia","Atlanta"
"3492078080","3492078591","US","United States of America","South Carolina","Georgetown"
"3492210809","3492210811","US","United States of America","Indiana","Lafayette"
"3492466192","3492466207","US","United States of America","Louisiana","Bossier City"
"3492568537","3492568537","US","United States of America","New Jersey","Piscataway"
"3492592649","3492592649","US","United States of America","Florida","Miami"
"3492614896","3492614919","US","United States of America","Colorado","Denver"
"3492663773","3492663773","US","United States of America","North Carolina","Charlotte"
"3492682768","3492682775","US","United States of America","South Carolina","Orangeburg"
"3492707841","3492707841","US","United States of America","Virginia","Arlington"
"3492731465","3492731466","US","United States of America","California","Sunnyvale"
"3492749458","3492749468","US","United States of America","Indiana","Indianapolis"
"3492775606","3492775608","US","United States of America","Colorado","Highlands Ranch"
"3492813023","3492813024","US","United States of America","Louisiana","Monroe"
"3492880649","3492880650","US","United States of America","Michigan","Detroit"
"3492944171","3492944172","US","United States of America","Louisiana","Monroe"
"3493014097","3493014098","US","United States of America","Michigan","Detroit"
"3493088812","3493088823","US","United States of America","Washington","Seattle"
"3493400576","3493400711","US","United States of America","Texas","Austin"
"3493424832","3493424839","US","United States of America","California","La Mirada"
"3493444064","3493444143","US","United States of America","Texas","Austin"
"3493780736","3493781503","US","United States of America","Georgia","Atlanta"
"3493977600","3493977607","US","United States of America","California","Paso Robles"
"3494204976","3494204979","US","United States of America","Connecticut","Vernon Rockville"
"3494373624","3494373631","US","United States of America","Georgia","Rome"
"3494534616","3494534623","US","United States of America","Iowa","Cedar Rapids"
"3494740296","3494740351","US","United States of America","Michigan","Lansing"
"3494916096","3494917119","US","United States of America","Virginia","McLean"
"3495059025","3495059025","CA","Canada","Ontario","Concord"
"3495189053","3495189053","US","United States of America","Massachusetts","New Bedford"
"3495321600","3495322623","US","United States of America","Indiana","Hammond"
"3495480132","3495480132","US","United States of America","Illinois","Champaign"
"3495671328","3495671423","US","United States of America","Illinois","Virden"
"3495860992","3495861247","US","United States of America","Texas","Houston"
"3496040744","3496040751","CA","Canada","Ontario","Toronto"
"3496050536","3496050543","CA","Canada","Ontario","Toronto"
"3496072221","3496072221","US","United States of America","Texas","Dallas"
"3496080992","3496080995","US","United States of America","New York","New York City"
"3496193344","3496193407","US","United States of America","Illinois","Wood Dale"
"3496544784","3496544791","US","United States of America","New York","Manhattan"
"3496559336","3496559351","US","United States of America","New York","New York City"
"3496569520","3496569527","US","United States of America","New York","Albany"
"3496577876","3496577887","US","United States of America","New York","Buffalo"
"3496587792","3496587807","US","United States of America","New York","New York City"
"3496597196","3496597199","US","United States of America","Maine","Hallowell"
"3496605952","3496605955","US","United States of America","New York","Elmira"
"3496999424","3496999679","US","United States of America","Pennsylvania","Harrisburg"
"3497268944","3497268959","US","United States of America","New Jersey","Secaucus"
"3497299797","3497299797","US","United States of America","California","Los Angeles"
"3497306816","3497306823","US","United States of America","Texas","Conroe"
"3497315920","3497315927","US","United States of America","Oklahoma","Oklahoma City"
"3497319794","3497319796","US","United States of America","Florida","Miami"
"3497353104","3497353104","US","United States of America","Kansas","Topeka"
"3497752576","3497752831","US","United States of America","California","Cupertino"
"3497827528","3497827535","CA","Canada","Ontario","London"
"3497837344","3497837383","CA","Canada","Ontario","Toronto"
"3497847068","3497847071","CA","Canada","Ontario","Markham"
"3497851896","3497851899","CA","Canada","Ontario","Ottawa"
"3497862504","3497862527","US","United States of America","New York","Ithaca"
"3497872872","3497872879","US","United States of America","New York","Rochester"
"3497882472","3497882479","US","United States of America","New York","Latham"
"3497892504","3497892511","US","United States of America","New York","New York City"
"3497900728","3497900731","US","United States of America","New York","Albany"
"3497909200","3497909207","US","United States of America","New York","Lackawanna"
"3497917664","3497917671","US","United States of America","New York","Albany"
"3498011712","3498011775","US","United States of America","Colorado","Denver"
"3498162432","3498162687","US","United States of America","California","San Jose"
"3498609920","3498610687","US","United States of America","District of Columbia","Washington"
"3499041024","3499041279","US","United States of America","Louisiana","Monroe"
"3499570432","3499570943","US","United States of America","Louisiana","Monroe"
"3500000000","3500000255","US","United States of America","California","San Jose"
"3500558336","3500559871","US","United States of America","District of Columbia","Washington"
"3500712510","3500712532","US","United States of America","Washington","Seattle"
"3500952195","3500952329","US","United States of America","District of Columbia","Washington"
"3501013275","3501013276","US","United States of America","District of Columbia","Washington"
"3501113885","3501113886","US","United States of America","California","Los Angeles"
"3501193041","3501193042","IE","Ireland","Dublin","Dublin"
"3501373463","3501373472","US","United States of America","Louisiana","Monroe"
"3501528064","3501528319","CA","Canada","British Columbia","Vancouver"
"3501587190","3501587190","CA","Canada","British Columbia","Vancouver"
"3501733365","3501733365","US","United States of America","Colorado","Denver"
"3501751461","3501751461","US","United States of America","New York","New York City"
"3501779445","3501779445","US","United States of America","New York","New York City"
"3501791022","3501791022","US","United States of America","Texas","Houston"
"3501803220","3501803220","US","United States of America","Minnesota","Minneapolis"
"3501821260","3501821260","US","United States of America","Arizona","Phoenix"
"3501831429","3501831429","US","United States of America","Virginia","Arlington"
"3501846678","3501846680","US","United States of America","District of Columbia","Washington"
"3502032024","3502032031","US","United States of America","Missouri","Kansas City"
"3502114312","3502114319","US","United States of America","Texas","Plano"
"3502213376","3502213407","US","United States of America","Missouri","Springfield"
"3502314896","3502314911","US","United States of America","California","San Mateo"
"3502578688","3502578943","US","United States of America","Georgia","Atlanta"
"3502835200","3502835455","US","United States of America","Massachusetts","Cambridge"
"3503081985","3503081985","AU","Australia","Victoria","Melbourne"
"3503379712","3503379967","US","United States of America","Massachusetts","Cambridge"
"3503690752","3503690787","US","United States of America","Massachusetts","Cambridge"
"3503721698","3503721700","US","United States of America","California","El Segundo"
"3503961680","3503961695","US","United States of America","Connecticut","Stamford"
"3504212341","3504212341","US","United States of America","Georgia","Atlanta"
"3504325040","3504325055","US","United States of America","Texas","Houston"
"3504678144","3504678399","US","United States of America","New Jersey","Midland Park"
"3504996352","3505004543","US","United States of America","North Carolina","Fayetteville"
"3505299968","3505300223","US","United States of America","Massachusetts","Cambridge"
"3505483936","3505483967","US","United States of America","Pennsylvania","Pittsburgh"
"3505695664","3505695671","US","United States of America","Florida","Miami"
"3505902720","3505902847","US","United States of America","Colorado","Denver"
"3506070248","3506070255","US","United States of America","North Carolina","Durham"
"3506160168","3506160175","US","United States of America","Pennsylvania","Conshohocken"
"3506208768","3506209023","US","United States of America","Illinois","Chicago"
"3506256480","3506256511","US","United States of America","Virginia","Ashburn"
"3506300344","3506300383","US","United States of America","Virginia","Ashburn"
"3506395296","3506395303","US","United States of America","New Jersey","Cranbury"
"3506449408","3506450431","US","United States of America","Georgia","Atlanta"
"3506579032","3506579035","US","United States of America","Illinois","Deerfield"
"3506596512","3506596515","US","United States of America","Massachusetts","Boston"
"3506641920","3506643199","US","United States of America","New York","New York City"
"3506680640","3506680647","US","United States of America","Georgia","Clarkston"
"3507131232","3507131263","US","United States of America","Georgia","Suwanee"
"3507279288","3507279295","US","United States of America","Florida","Valrico"
"3507590528","3507590607","CA","Canada","Ontario","Ottawa"
"3508076544","3508077055","US","United States of America","District of Columbia","Washington"
"3508300288","3508300863","US","United States of America","California","El Segundo"
"3508397776","3508397783","CA","Canada","British Columbia","Kelowna"
"3508730112","3508730127","US","United States of America","Florida","Gainesville"
"3508848968","3508848975","US","United States of America","Tennessee","Chattanooga"
"3508881104","3508881151","US","United States of America","New Jersey","Middletown"
"3508922248","3508922255","US","United States of America","Texas","Coppell"
"3509374400","3509374463","US","United States of America","Texas","Georgetown"
"3509533568","3509533631","US","United States of America","Virginia","Ashburn"
"3509718832","3509718839","US","United States of America","Nebraska","Columbus"
"3509827839","3509827839","US","United States of America","Virginia","Maidens"
"3509921928","3509921935","CA","Canada","British Columbia","Coquitlam"
"3509958224","3509958231","CA","Canada","British Columbia","Penticton"
"3510289404","3510289423","US","United States of America","California","Los Angeles"
"3510300824","3510300831","US","United States of America","California","Los Angeles"
"3510378204","3510378205","US","United States of America","Alabama","Hanceville"
"3510397056","3510397071","US","United States of America","Alabama","Madison"
"3510408936","3510408959","US","United States of America","Arkansas","Little Rock"
"3510426824","3510426831","US","United States of America","Virginia","Virginia Beach"
"3510662496","3510662503","US","United States of America","Indiana","Crown Point"
"3510712344","3510712351","US","United States of America","California","Santee"
"3510787202","3510787202","US","United States of America","Arizona","Phoenix"
"3510854320","3510854335","US","United States of America","Washington","Seattle"
"3511328768","3511328799","US","United States of America","Missouri","Saint Charles"
"3511719552","3511719559","US","United States of America","New Jersey","Morris Plains"
"3511884148","3511884149","US","United States of America","Georgia","Savannah"
"3511895466","3511895467","US","United States of America","California","San Jose"
"3511905264","3511905267","US","United States of America","Tennessee","Brentwood"
"3512071656","3512071656","SG","Singapore","Singapore","Singapore"
"3512333312","3512333567","CA","Canada","Alberta","Gold Bar"
"3512493283","3512493283","US","United States of America","Georgia","Lithia Springs"
"3512563712","3512563967","GB","United Kingdom of Great Britain and Northern Ireland","England","London"
"3512768672","3512768679","US","United States of America","Ohio","Cleveland"
"3512776534","3512776535","US","United States of America","Illinois","Chicago"
"3512782852","3512782853","US","United States of America","Georgia","Clayton"
"3512789062","3512789063","US","United States of America","Nebraska","Omaha"
"3513171712","3513171967","US","United States of America","Illinois","Naperville"
"3513313504","3513313527","US","United States of America","New Hampshire","Manchester"
"3513580800","3513581055","US","United States of America","Georgia","Atlanta"
"3514035344","3514035351","CA","Canada","Alberta","Fort MacKay"
"3514289920","3514290175","US","United States of America","District of Columbia","Washington"
"3514338118","3514338128","US","United States of America","Texas","Dallas"
"3514341888","3514341888","US","United States of America","Virginia","McLean"
"3514347664","3514347667","US","United States of America","Virginia","Arlington"
"3514359378","3514359388","US","United States of America","Illinois","Chicago"
"3514370432","3514370495","CA","Canada","British Columbia","Gibsons"
"3514630216","3514630223","US","United States of America","Washington","Seattle"
"3514846896","3514846903","US","United States of America","California","Santa Clara"
"3515028640","3515028735","US","United States of America","Michigan","Southfield"
"3515168674","3515168679","US","United States of America","Virginia","Dulles"
"3515184412","3515184415","US","United States of America","Texas","Houston"
"3515370304","3515370311","US","United States of America","Alabama","Mobile"
"3515472896","3515473151","US","United States of America","Missouri","Kansas City"
"3515787392","3515787455","US","United States of America","Arkansas","Marked Tree"
"3515916584","3515916591","US","United States of America","California","Sacramento"
"3516151776","3516151791","US","United States of America","New York","Bronx"
"3516219048","3516219055","US","United States of America","Missouri","Saint Peters"
"3516408320","3516410879","US","United States of America","Oregon","Portland"
"3516602488","3516602495","US","United States of America","Pennsylvania","Allentown"
"3516618500","3516618503","US","United States of America","Arkansas","Little Rock"
"3516632146","3516632146","US","United States of America","Michigan","Saginaw"
"3516640700","3516640723","US","United States of America","Arkansas","Little Rock"
"3516658691","3516658691","US","United States of America","Florida","Jacksonville"
"3516690239","3516690243","US","United States of America","Arkansas","Little Rock"
"3516711440","3516711447","US","United States of America","New York","New York City"
"3516722504","3516722511","US","United States of America","New Jersey","Harrison"
"3516958552","3516958559","US","United States of America","Massachusetts","Cambridge"
"3516972328","3516972331","US","United States of America","New Jersey","Bridgewater"
"3516988144","3516988155","US","United States of America","California","Los Angeles"
"3517060104","3517060111","US","United States of America","Ohio","Middlefield"
"3517065300","3517065301","US","United States of America","Georgia","Lumpkin"
"3517070540","3517070543","US","United States of America","Virginia","Ashburn"
"3517412096","3517412351","CA","Canada","Ontario","Stouffville"
"3517599560","3517599567","US","United States of America","California","El Segundo"
"3517656576","3517656831","CA","Canada","Ontario","Toronto"
"3517743064","3517743071","US","United States of America","California","San Jose"
"3518025216","3518025471","US","United States of America","California","San Jose"
"3518262328","3518262335","US","United States of America","Nebraska","Omaha"
"3518298040","3518298055","US","United States of America","Colorado","Denver"
"3518349080","3518349095","US","United States of America","Minnesota","Rochester"
"3518470280","3518470287","CA","Canada","New Brunswick","Dorchester"
"3518524928","3518525183","US","United States of America","California","Fair Oaks"
"3518941680","3518941855","US","United States of America","Maryland","Silver Spring"
"3519029952","3519030015","US","United States of America","Alabama","Huntsville"
"3519175704","3519175711","US","United States of America","Texas","Grand Prairie"
"3519359744","3519359807","US","United States of America","West Virginia","Morgantown"
"3519466104","3519466111","US","United States of America","Ohio","Columbus"
"3519616030","3519616044","US","United States of America","Washington","Seattle"
"3519638512","3519638527","US","United States of America","Colorado","Colorado Springs"
"3519721088","3519721103","US","United States of America","New York","New York City"
"3519945472","3519945727","TR","Turkiye","Istanbul","Istanbul"
"3520035136","3520035427","CA","Canada","British Columbia","Vancouver"
"3520286238","3520286240","US","United States of America","Colorado","Highlands Ranch"
"3520374112","3520374207","US","United States of America","Virginia","Ashburn"
"3520469872","3520469879","US","United States of America","California","Carlsbad"
"3520480048","3520480055","US","United States of America","Texas","Lubbock"
"3520491152","3520491167","US","United States of America","Georgia","Fairburn"
"3520502352","3520502359","US","United States of America","California","Piru"
"3520515480","3520515487","US","United States of America","Texas","Dallas"
"3520530592","3520530599","US","United States of America","Texas","Dallas"
"3520545888","3520545895","US","United States of America","California","Orange"
"3520562040","3520562047","US","United States of America","Texas","Dallas"
"3520575456","3520575463","US","United States of America","Alabama","Tuscaloosa"
"3520711520","3520711527","US","United States of America","New York","Liverpool"
"3520812448","3520812455","US","United States of America","California","Studio City"
"3521127936","3521128191","US","United States of America","Georgia","Atlanta"
"3521268800","3521268831","CA","Canada","Ontario","Etobicoke"
"3521743904","3521743935","US","United States of America","California","Los Angeles"
"3521897084","3521898061","US","United States of America","North Carolina","Charlotte"
"3522429328","3522429328","US","United States of America","Florida","Miami"
"3522514958","3522515000","US","United States of America","Georgia","Atlanta"
"3522660489","3522660489","US","United States of America","California","San Jose"
"3522773120","3522773247","US","United States of America","California","Oakland"
"3522791974","3522791975","US","United States of America","Utah","South Jordan"
"3522811352","3522811359","US","United States of America","Idaho","Twin Falls"
"3522859200","3522859207","CA","Canada","Ontario","Markham"
"3522962064","3522962067","US","United States of America","Texas","Dallas"
"3522973496","3522973503","US","United States of America","Arkansas","Little Rock"
"3522981580","3522981599","US","United States of America","Arkansas","Little Rock"
"3522988080","3522988087","US","United States of America","Illinois","Joliet"
"3523000344","3523000351","US","United States of America","New Hampshire","Tilton"
"3523009920","3523009931","US","United States of America","Arkansas","Little Rock"
"3523023010","3523023023","US","United States of America","Texas","Dallas"
"3523032840","3523032843","US","United States of America","Texas","Houston"
"3523044284","3523044285","US","United States of America","Texas","Aubrey"
"3523052808","3523052815","US","United States of America","Minnesota","West Saint Paul"
"3523063404","3523063409","US","United States of America","Arkansas","Little Rock"
"3523075890","3523075895","US","United States of America","Arkansas","Little Rock"
"3523084695","3523084707","US","United States of America","Arkansas","Little Rock"
"3523091904","3523091919","US","United States of America","Arkansas","Little Rock"
"3523101716","3523101717","US","United States of America","Arkansas","Little Rock"
"3523110376","3523110377","US","United States of America","Georgia","Atlanta"
"3523120575","3523120575","US","United States of America","Texas","DeSoto"
"3523132360","3523132363","US","United States of America","Ohio","Painesville"
"3523139302","3523139302","US","United States of America","Iowa","Des Moines"
"3523148065","3523148065","US","United States of America","Michigan","Mount Clemens"
"3523155560","3523155560","US","United States of America","Arkansas","Little Rock"
"3523162679","3523162721","US","United States of America","New York","New York City"
"3523171162","3523171162","US","United States of America","Michigan","Birmingham"
"3523191976","3523191983","US","United States of America","Georgia","Cumming"
"3523309824","3523310079","PH","Philippines","Davao del Norte","La Fortuna"
"3523749640","3523749647","AU","Australia","Western Australia","Balcatta"
"3523770968","3523770971","AU","Australia","Victoria","Heidelberg"
"3523794452","3523794467","AU","Australia","Victoria","Richmond"
"3523813088","3523813091","AU","Australia","Tasmania","Glebe"
"3523832192","3523832199","AU","Australia","Victoria","Richmond"
"3523863432","3523863435","AU","Australia","Tasmania","Waverley"
"3523927464","3523927467","AU","Australia","Tasmania","Glebe"
"3523942912","3523943167","AU","Australia","New South Wales","Waterloo"
"3524231168","3524247551","CN","China","Beijing","Beijing"
"3524251514","3524251514","AU","Australia","New South Wales","Surry Hills"
"3524657152","3524657407","CN","China","Guangdong","Huizhou"
"3524762114","3524762116","AU","Australia","Queensland","Brisbane"
"3526615568","3526615599","CN","China","Zhejiang","Taizhou"
"3527213760","3527213760","TW","Taiwan (Province of China)","Tainan","Tainan"
"3527479808","3527483391","TW","Taiwan (Province of China)","Taipei","Taipei"
"3527918863","3527918870","TW","Taiwan (Province of China)","Taipei","Taipei"
"3528459026","3528459026","TW","Taiwan (Province of China)","Taipei","Taipei"
"3528526406","3528526408","JP","Japan","Tokyo","Tokyo"
"3529005232","3529005247","JP","Japan","Kyoto","Kyoto"
"3531287296","3531287551","KR","Korea (the Republic of)","Seoul-teukbyeolsi","Seoul"
"3531775117","3531775118","JP","Japan","Chiba","Chiba"
"3532149632","3532149759","JP","Japan","Tokyo","Tokyo"
"3532338766","3532338766","JP","Japan","Fukushima","Fukushima"
"3532809216","3532812287","JP","Japan","Aichi","Tokai"
"3533121152","3533121183","JP","Japan","Tochigi","Nikko"
"3533566472","3533566671","JP","Japan","Kagawa","Takamatsu"
"3533942736","3533942743","JP","Japan","Kagoshima","Kagoshima"
"3534340160","3534340255","JP","Japan","Tokyo","Tokyo"
"3534719760","3534719775","JP","Japan","Aichi","Nagoya"
"3535478312","3535478399","MY","Malaysia","Wilayah Persekutuan Kuala Lumpur","Kuala Lumpur"
"3535924588","3535924591","AU","Australia","Australian Capital Territory","Macquarie"
"3536300640","3536301567","JP","Japan","Tokyo","Tokyo"
"3537125636","3537125643","IN","India","Uttar Pradesh","Noida"
"3537152528","3537152543","IN","India","Maharashtra","Gondia"
"3537197752","3537197759","PH","Philippines","National Capital Region","Paranaque"
"3538020304","3538020311","JP","Japan","Fukuoka","Fukuoka"
"3538486208","3538486223","JP","Japan","Tokyo","Tokyo"
"3538682216","3538682223","JP","Japan","Kagoshima","Izumi"
"3539097508","3539097511","TW","Taiwan (Province of China)","Taipei","Taipei"
"3539554200","3539554207","JP","Japan","Kanagawa","Atsugi"
"3539940008","3539940015","JP","Japan","Okinawa","Higashi"
"3540360840","3540361527","JP","Japan","Tokyo","Tokyo"
"3540599504","3540599519","JP","Japan","Fukuoka","Kitakyushu"
"3541161984","3541162111","JP","Japan","Hiroshima","Iwasaki"
"3541361692","3541361699","TW","Taiwan (Province of China)","Hsinchu","Hsinchu"
"3541463208","3541463271","TW","Taiwan (Province of China)","Taipei","Taipei"
"3541554832","3541554847","TW","Taiwan (Province of China)","Taichung","Taichung"
"3542950400","3542953983","KR","Korea (the Republic of)","Gyeonggi-do","Seongnam"
"3544725824","3544725831","TW","Taiwan (Province of China)","Miaoli","Miaoli"
"3544960992","3544960999","TW","Taiwan (Province of China)","Taichung","Taichung"
"3546771176","3546771455","CN","China","Jiangsu","Zhenjiang"
"3547962904","3547963143","JP","Japan","Tokyo","Tokyo"
"3548363528","3548363599","JP","Japan","Tokyo","Tokyo"
"3548891392","3548891647","JP","Japan","Hokkaido","Sapporo"
"3550550016","3550551039","CN","China","Hebei","Shijiazhuang"
"3552145408","3552146431","KR","Korea (the Republic of)","Gangwon-teukbyeoljachido","Wonju"
"3553562624","3553562879","KR","Korea (the Republic of)","Gyeonggi-do","Gwangmyeong"
"3554904320","3554904575","KR","Korea (the Republic of)","Gwangju-gwangyeoksi","Gwangju"
"3556801200","3556801247","ES","Spain","Madrid, Comunidad de","Madrid"
"3556944808","3556944863","IE","Ireland","Dublin","Dublin"
"3557034368","3557034375","IT","Italy","Lazio","Rome"
"3557199224","3557199231","DE","Germany","Berlin","Berlin"
"3557349632","3557349887","DE","Germany","Nordrhein-Westfalen","Paderborn"
"3557703712","3557703719","IT","Italy","Lombardia","Milan"
"3557712384","3557712895","ES","Spain","Canarias","Adeje"
"3557937184","3557937663","IT","Italy","Lazio","Rome"
"3558120994","3558120994","DE","Germany","Hamburg","Hamburg"
"3558299148","3558299151","RU","Russian Federation","Moskva","Moscow"
"3558359992","3558359999","GB","United Kingdom of Great Britain and Northern Ireland","England","London"
"3558390472","3558390527","HU","Hungary","Hajdu-Bihar","Nadudvar"
"3558415896","3558415896","CH","Switzerland","Bern","Heimberg"
"3558553885","3558553885","FR","France","Bretagne","Vannes"
"3558682056","3558682063","DE","Germany","Nordrhein-Westfalen","Tockhausen"
"3558917704","3558917711","RU","Russian Federation","Sankt-Peterburg","Saint Petersburg"
"3559175296","3559175423","GB","United Kingdom of Great Britain and Northern Ireland","Wales","Montgomery"
"3559286784","3559286815","RU","Russian Federation","Volgogradskaya oblast'","Volgograd"
"3559362888","3559362891","FR","France","Ile-de-France","Paris"
"3559519944","3559519947","AT","Austria","Steiermark","Graz"
"3559634010","3559634010","GB","United Kingdom of Great Britain and Northern Ireland","England","Reading"
"3559856424","3559856431","CZ","Czechia","Jihomoravsky kraj","Brno"
"3560033920","3560033967","GB","United Kingdom of Great Britain and Northern Ireland","England","London"
"3560087392","3560087395","FI","Finland","Pirkanmaa","Tampere"
"3560346240","3560346367","US","United States of America","Wisconsin","Sussex"
"3560443624","3560443631","NO","Norway","-","-"
"3560637888","3560637895","LT","Lithuania","Klaipedos apskritis","Klaipeda"
"3560916096","3560916111","DE","Germany","Bayern","Schweinfurt"
"3561161336","3561161343","RU","Russian Federation","Moskva","Moscow"
"3561353744","3561353983","GB","United Kingdom of Great Britain and Northern Ireland","England","Manchester"
"3561617703","3561617705","LU","Luxembourg","Luxembourg","Luxembourg"
"3561638614","3561638623","GB","United Kingdom of Great Britain and Northern Ireland","England","London"
"3561643067","3561643068","US","United States of America","California","San Jose"
"3561934360","3561934367","NL","Netherlands (Kingdom of the)","Groningen","Groningen"
"3562097640","3562097647","GB","United Kingdom of Great Britain and Northern Ireland","England","Manchester"
"3562109928","3562109935","GB","United Kingdom of Great Britain and Northern Ireland","Scotland","Stirling"
"3562248124","3562248124","NL","Netherlands (Kingdom of the)","Noord-Holland","Amsterdam"
"3562264656","3562264663","NL","Netherlands (Kingdom of the)","Noord-Brabant","'s-Hertogenbosch"
"3562457776","3562457823","DE","Germany","Baden-Wurttemberg","Karlsruhe"
"3562717440","3562717695","CH","Switzerland","Valais","Grachen"
"3562854400","3562854655","HR","Croatia","Varazdinska zupanija","Varazdin"
"3563103424","3563103439","CZ","Czechia","Jihomoravsky kraj","Brno"
"3563210444","3563210447","DK","Denmark","Hovedstaden","Taastrup"
"3563247360","3563247423","TR","Turkiye","Istanbul","Istanbul"
"3563281704","3563281711","FR","France","Auvergne-Rhone-Alpes","Saint-Priest"
"3563314344","3563314351","DE","Germany","Nordrhein-Westfalen","Halle"
"3563538256","3563538267","CH","Switzerland","Bern","Bern"
"3563717656","3563717663","PL","Poland","Podlaskie","Bialystok"
"3564003328","3564003583","DE","Germany","Nordrhein-Westfalen","Dortmund"
"3564266088","3564266111","NL","Netherlands (Kingdom of the)","Gelderland","Ede"
"3564342892","3564342895","PL","Poland","Mazowieckie","Warsaw"
"3564348254","3564348260","DE","Germany","Rheinland-Pfalz","Isenburg"
"3564354664","3564354671","GB","United Kingdom of Great Britain and Northern Ireland","England","Preston"
"3564469768","3564469783","CH","Switzerland","Bern","Bern"
"3564581632","3564581887","ES","Spain","Valenciana, Comunidad","Pilar de la Horadada"
"3564775680","3564775695","DE","Germany","Sachsen","Leipzig"
"3564956976","3564957007","GB","United Kingdom of Great Britain and Northern Ireland","England","London"
"3565225098","3565225144","FR","France","Ile-de-France","Paris"
"3565305984","3565306007","DK","Denmark","Midtjylland","Tranbjerg"
"3565390412","3565390415","IT","Italy","Piemonte","Ferrero"
"3565413040","3565413051","IT","Italy","Lazio","Rome"
"3565502294","3565502304","IT","Italy","Piemonte","Torino"
"3565733976","3565733983","NL","Netherlands (Kingdom of the)","Zuid-Holland","Rotterdam"
"3565988488","3565988495","GB","United Kingdom of Great Britain and Northern Ireland","England","Swindon"
"3566116747","3566116747","ES","Spain","Pais Vasco","Derio"
"3566165184","3566165215","IL","Israel","HaMerkaz","Netanya"
"3566216624","3566216639","DE","Germany","Nordrhein-Westfalen","Bonn"
"3566269928","3566269935","DE","Germany","Nordrhein-Westfalen","Dusseldorf"
"3566321760","3566321791","ES","Spain","Catalunya","Barcelona"
"3566358784","3566361131","RO","Romania","Bucuresti","Bucharest"
"3566575616","3566575623","FI","Finland","Pohjois-Savo","Nilsia"
"3566616364","3566616375","IL","Israel","HaMerkaz","Netanya"
"3566636836","3566637055","IL","Israel","HaMerkaz","Netanya"
"3566668655","3566668655","UA","Ukraine","Odeska oblast","Odessa"
"3566681219","3566681219","SE","Sweden","Skane lan","Malmoe"
"3566699970","3566699970","SE","Sweden","Norrbottens lan","Lulea"
"3566717158","3566717158","SE","Sweden","Stockholms lan","Stockholm"
"3566724391","3566724392","SE","Sweden","Stockholms lan","Stockholm"
"3566840368","3566840375","NL","Netherlands (Kingdom of the)","Gelderland","Apeldoorn"
"3566899604","3566899607","KZ","Kazakhstan","Almaty","Almaty"
"3566927688","3566927695","KZ","Kazakhstan","Zhetisu oblysy","Taldykorgan"
"3567079696","3567079703","FR","France","Centre-Val de Loire","Amboise"
"3567181200","3567181215","GB","United Kingdom of Great Britain and Northern Ireland","England","Newbury"
"3567294824","3567294831","PL","Poland","Malopolskie","Myslenice"
"3567348632","3567348635","IT","Italy","Lombardia","Milan"
"3567584688","3567584695","FR","France","Hauts-de-France","Roubaix"
"3567919360","3567919615","ES","Spain","Madrid, Comunidad de","Alcala de Henares"
"3568094976","3568095163","DE","Germany","Hessen","Frankfurt am Main"
"3568207224","3568207231","TR","Turkiye","Kocaeli","Izmit"
"3568258224","3568258231","TR","Turkiye","Istanbul","Istanbul"
"3568328968","3568328975","RU","Russian Federation","Novgorodskaya oblast'","Velikiy Novgorod"
"3568402640","3568402647","IT","Italy","Lombardia","Milan"
"3568465632","3568465639","NL","Netherlands (Kingdom of the)","Limburg","Sittard"
"3568634540","3568634543","SE","Sweden","Skane lan","Tomelilla"
"3568649608","3568649615","SE","Sweden","Vastra Gotalands lan","Skara"
"3568663388","3568663391","SE","Sweden","Uppsala lan","Uppsala"
"3568780368","3568780375","AT","Austria","Niederosterreich","Schwechat"
"3568834104","3568834111","DE","Germany","Bayern","Munich"
"3568879936","3568879943","DE","Germany","Mecklenburg-Vorpommern","Schwerin"
"3568911264","3568911351","DE","Germany","Bremen","Bremen"
"3568946448","3568946511","DE","Germany","Bremen","Bremen"
"3569015200","3569015207","AT","Austria","Vorarlberg","Hohenems"
"3569090607","3569090608","RU","Russian Federation","Khabarovskiy kray","Khabarovsk"
"3569101558","3569101558","UA","Ukraine","Cherkaska oblast","Smila"
"3569144048","3569144055","GB","United Kingdom of Great Britain and Northern Ireland","England","Isleworth"
"3569241359","3569241375","BE","Belgium","West-Vlaanderen","Roeselare"
"3569410816","3569411583","RU","Russian Federation","Moskva","Moscow"
"3569745232","3569745247","NL","Netherlands (Kingdom of the)","Noord-Holland","Amsterdam"
"3569918948","3569918975","RS","Serbia","Beograd","Belgrade"
"3570154848","3570154855","DE","Germany","Brandenburg","Pritzwalk"
"3570323792","3570323807","NL","Netherlands (Kingdom of the)","Noord-Brabant","Almkerk"
"3570507512","3570507839","SE","Sweden","Stockholms lan","Stockholm"
"3570543532","3570543539","IT","Italy","Lombardia","Milan"
"3570557928","3570557935","IT","Italy","Lombardia","Ceriano Laghetto"
"3570570584","3570570587","IT","Italy","Lombardia","Milan"
"3570586040","3570586047","IT","Italy","Emilia-Romagna","Forli"
"3570639138","3570639139","CH","Switzerland","Bern","Bern"
"3570655504","3570655505","DE","Germany","Nordrhein-Westfalen","Solingen"
"3570795272","3570795279","SE","Sweden","Ostergotlands lan","Norrkoping"
"3570996704","3570996719","IT","Italy","Lazio","Rome"
"3571185464","3571185471","GB","United Kingdom of Great Britain and Northern Ireland","England","Bristol"
"3571256686","3571256688","DE","Germany","Rheinland-Pfalz","Isenburg"
"3571262712","3571262715","NL","Netherlands (Kingdom of the)","Noord-Holland","Haarlem"
"3571272416","3571272423","SK","Slovakia","Nitriansky kraj","Nitra"
"3571276530","3571276536","DE","Germany","Rheinland-Pfalz","Isenburg"
"3571281768","3571281775","DE","Germany","Hessen","Biblis"
"3571320694","3571320696","DE","Germany","Rheinland-Pfalz","Isenburg"
"3571325950","3571325951","DE","Germany","Rheinland-Pfalz","Isenburg"
"3571333442","3571333448","CH","Switzerland","Bern","Bern"
"3571337313","3571337313","DE","Germany","Nordrhein-Westfalen","Dusseldorf"
"3571342756","3571342759","CZ","Czechia","Praha, Hlavni mesto","Prague"
"3571349517","3571349517","DE","Germany","Hessen","Frankfurt am Main"
"3571354296","3571354303","SE","Sweden","Blekinge lan","Karlshamn"
"3571363912","3571363919","PL","Poland","Pomorskie","Gdynia"
"3571371480","3571371487","GB","United Kingdom of Great Britain and Northern Ireland","England","Ripon"
"3571381352","3571381355","GB","United Kingdom of Great Britain and Northern Ireland","Scotland","Edinburgh"
"3571624736","3571627975","FI","Finland","Uusimaa","Helsinki"
"3572107516","3572107516","FR","France","Ile-de-France","Etampes"
"3572123652","3572123655","FR","France","Bourgogne-Franche-Comte","Saone"
"3572142752","3572142767","FR","France","Ile-de-France","Saint-Maurice"
"3572150960","3572150967","FR","France","Nouvelle-Aquitaine","Le Haillan"
"3572158744","3572158751","FR","France","Grand-Est","Thann"
"3572167352","3572167359","FR","France","Bourgogne-Franche-Comte","Charolles"
"3572189056","3572189119","IL","Israel","HaMerkaz","Netanya"
"3572443200","3572443263","IT","Italy","Toscana","San Godenzo"
"3572560624","3572560639","GB","United Kingdom of Great Britain and Northern Ireland","England","Crewe"
"3572704968","3572704983","CH","Switzerland","Aargau","Reinach"
"3572766736","3572766743","PL","Poland","Slaskie","Katowice"
"3572802152","3572802155","PL","Poland","Podlaskie","Suwalki"
"3573100224","3573100255","CH","Switzerland","Bern","Biel"
"3573194544","3573194575","GB","United Kingdom of Great Britain and Northern Ireland","England","Reading"
"3573423976","3573423983","CH","Switzerland","Basel-Stadt","Basel"
"3573562920","3573562951","ES","Spain","Madrid, Comunidad de","Madrid"
"3573693648","3573693663","GB","United Kingdom of Great Britain and Northern Ireland","England","Ashford"
"3574082816","3574082831","IL","Israel","Tel Aviv","Ramat Gan"
"3574311432","3574311679","FR","France","Pays-de-la-Loire","Nantes"
"3574700496","3574700503","PL","Poland","Malopolskie","Chrzanow"
"3574723648","3574723679","PL","Poland","Wielkopolskie","Krotoszyn"
"3574870224","3574870263","DE","Germany","Hamburg","Hamburg"
"3575062152","3575062159","DE","Germany","Hamburg","Hamburg"
"3575077680","3575077687","DE","Germany","Nordrhein-Westfalen","Hennef"
"3575097048","3575097055","DE","Germany","Hamburg","Hamburg"
"3575113080","3575113087","DE","Germany","Hamburg","Hamburg"
"3575210328","3575210375","PL","Poland","Mazowieckie","Warsaw"
"3575248888","3575248891","PL","Poland","Podkarpackie","Rzeszow"
"3575265492","3575265495","IT","Italy","Lombardia","Caronno Pertusella"
"3575279920","3575279923","IT","Italy","Lombardia","Seregno"
"3575293696","3575293951","IT","Italy","Trentino-Alto Adige","Marche"
"3575306312","3575306319","IT","Italy","Lazio","Latina"
"3575366096","3575366575","ES","Spain","Madrid, Comunidad de","Madrid"
"3575402264","3575402271","FI","Finland","Pohjanmaa","Vaasa"
"3575518712","3575518719","PT","Portugal","Viseu","Nelas"
"3575634176","3575634431","GB","United Kingdom of Great Britain and Northern Ireland","England","Hougham"
"3575747352","3575747359","RU","Russian Federation","Sakhalinskaya oblast'","Vostok"
"3575781308","3575781311","NL","Netherlands (Kingdom of the)","Noord-Brabant","Schaijk"
"3575814864","3575814871","NL","Netherlands (Kingdom of the)","Noord-Brabant","Eindhoven"
"3576105848","3576105855","GB","United Kingdom of Great Britain and Northern Ireland","England","Manchester"
"3576112402","3576112404","SE","Sweden","Stockholms lan","Stockholm"
"3576121677","3576121677","FR","France","Ile-de-France","Paris"
"3576131704","3576131711","DE","Germany","Brandenburg","Munchen"
"3576338272","3576338319","AE","United Arab Emirates","Abu Zaby","Abu Dhabi"
"3576605529","3576605529","CH","Switzerland","Zurich","Zurich"
"3576693998","3576693999","GB","United Kingdom of Great Britain and Northern Ireland","England","Bartley"
"3576695544","3576695545","GB","United Kingdom of Great Britain and Northern Ireland","Scotland","Edinburgh"
"3576700945","3576700945","GB","United Kingdom of Great Britain and Northern Ireland","England","Bradford"
"3576703820","3576703820","GB","United Kingdom of Great Britain and Northern Ireland","Scotland","Edinburgh"
"3576714150","3576714150","GB","United Kingdom of Great Britain and Northern Ireland","Wales","Cardiff"
"3576733445","3576733445","GB","United Kingdom of Great Britain and Northern Ireland","England","Brent"
"3576751186","3576751186","GB","United Kingdom of Great Britain and Northern Ireland","England","North Petherton"
"3576752616","3576752617","GB","United Kingdom of Great Britain and Northern Ireland","England","Bartley"
"3576754118","3576754121","GB","United Kingdom of Great Britain and Northern Ireland","England","Bartley"
"3576834279","3576834320","SE","Sweden","Stockholms lan","Sollentuna"
"3576872633","3576872750","SE","Sweden","Stockholms lan","Stockholm"
"3577028365","3577028365","DE","Germany","Nordrhein-Westfalen","Hagen"
"3577051704","3577051711","NL","Netherlands (Kingdom of the)","Noord-Holland","Amsterdam"
"3577079240","3577079247","NL","Netherlands (Kingdom of the)","Zuid-Holland","Alblasserdam"
"3577228137","3577228137","FR","France","Bretagne","Vannes"
"3577245888","3577245895","FR","France","Provence-Alpes-Cote-d'Azur","Visan"
"3577259656","3577259663","FR","France","Nouvelle-Aquitaine","Saujon"
"3577277903","3577277903","FR","France","Auvergne-Rhone-Alpes","Lyon"
"3577542656","3577543167","ES","Spain","Galicia","Pontevedra"
"3577561408","3577561411","DE","Germany","Berlin","Berlin"
"3577576848","3577576855","DE","Germany","Hessen","Frankfurt am Main"
"3577590328","3577590335","DE","Germany","Hessen","Frankfurt am Main"
"3577612344","3577612351","DE","Germany","-","-"
"3577809408","3577809919","SE","Sweden","Vastra Gotalands lan","Goeteborg"
"3578053408","3578053411","DE","Germany","Nordrhein-Westfalen","Bochum"
"3578202448","3578202455","DE","Germany","Nordrhein-Westfalen","Dortmund"
"3578246960","3578246975","DE","Germany","Hessen","Frankfurt am Main"
"3578596476","3578596479","PL","Poland","Mazowieckie","Pultusk"
"3578823192","3578823199","RU","Russian Federation","Moskva","Moscow"
"3578858652","3578858652","GB","United Kingdom of Great Britain and Northern Ireland","England","Reading"
"3578860685","3578860685","GB","United Kingdom of Great Britain and Northern Ireland","England","Bradford"
"3578864615","3578864615","GB","United Kingdom of Great Britain and Northern Ireland","England","Haringey"
"3578865931","3578865931","GB","United Kingdom of Great Britain and Northern Ireland","Scotland","Renfrew"
"3578867637","3578867637","GB","United Kingdom of Great Britain and Northern Ireland","Scotland","Renfrew"
"3578869596","3578869608","GB","United Kingdom of Great Britain and Northern Ireland","Scotland","Edinburgh"
"3578871764","3578871770","GB","United Kingdom of Great Britain and Northern Ireland","Scotland","Edinburgh"
"3578877854","3578877854","GB","United Kingdom of Great Britain and Northern Ireland","England","London"
"3578884295","3578884295","GB","United Kingdom of Great Britain and Northern Ireland","Scotland","Renfrew"
"3578886699","3578886700","GB","United Kingdom of Great Britain and Northern Ireland","England","Reading"
"3578928232","3578928239","IT","Italy","Lombardia","Foresto Sparso"
"3578940980","3578940983","IT","Italy","Piemonte","Torino"
"3578951640","3578951647","IT","Italy","Veneto","Verona"
"3578962728","3578962731","IT","Italy","Marche","Monte Urano"
"3578972620","3578972623","IT","Italy","Lombardia","Milan"
"3578984928","3578984931","IT","Italy","Lombardia","Milan"
"3579017888","3579017907","GB","United Kingdom of Great Britain and Northern Ireland","England","Milton Keynes"
"3579210520","3579210527","DE","Germany","Baden-Wurttemberg","Stuttgart"
"3579355127","3579355127","US","United States of America","Florida","Tampa"
"3579552472","3579552479","BG","Bulgaria","Sofia (stolitsa)","Sofia"
"3579765648","3579765651","IE","Ireland","Limerick","Limerick"
"3580049992","3580049999","ES","Spain","Navarra, Comunidad Foral de","Pamplona"
"3580379756","3580379758","GB","United Kingdom of Great Britain and Northern Ireland","Scotland","Edinburgh"
"3580385838","3580385838","GB","United Kingdom of Great Britain and Northern Ireland","Scotland","Edinburgh"
"3580391043","3580391043","GB","United Kingdom of Great Britain and Northern Ireland","England","Leeds"
"3580404470","3580404470","GB","United Kingdom of Great Britain and Northern Ireland","England","Reading"
"3580410448","3580410455","GB","United Kingdom of Great Britain and Northern Ireland","Wales","Cardiff"
"3580418151","3580418151","GB","United Kingdom of Great Britain and Northern Ireland","England","Haringey"
"3580438387","3580438387","GB","United Kingdom of Great Britain and Northern Ireland","England","Hayes"
"3580466275","3580466275","GB","United Kingdom of Great Britain and Northern Ireland","England","Hayes"
"3580468918","3580468918","GB","United Kingdom of Great Britain and Northern Ireland","England","Oxford"
"3580506859","3580506859","GB","United Kingdom of Great Britain and Northern Ireland","England","Guildford"
"3580510723","3580510723","GB","United Kingdom of Great Britain and Northern Ireland","England","Leeds"
"3580546816","3580547071","GB","United Kingdom of Great Britain and Northern Ireland","England","Reading"
"3580577930","3580577930","GB","United Kingdom of Great Britain and Northern Ireland","England","Birmingham"
"3580582575","3580582575","GB","United Kingdom of Great Britain and Northern Ireland","England","Bradford"
"3580602009","3580602009","GB","United Kingdom of Great Britain and Northern Ireland","England","Manchester"
"3581088408","3581088415","SE","Sweden","Skane lan","Malmoe"
"3581354752","3581356287","BE","Belgium","Oost-Vlaanderen","Sint-Niklaas"
"3581520352","3581520359","GB","United Kingdom of Great Britain and Northern Ireland","England","Warrington"
"3581594624","3581594879","GB","United Kingdom of Great Britain and Northern Ireland","England","London"
"3581680792","3581680807","NL","Netherlands (Kingdom of the)","Overijssel","Zwolle"
"3581692784","3581692791","NL","Netherlands (Kingdom of the)","Noord-Holland","Amstelveen"
"3581705976","3581705983","NL","Netherlands (Kingdom of the)","Zuid-Holland","Boskoop"
"3581741392","3581741423","NL","Netherlands (Kingdom of the)","Noord-Brabant","Eindhoven"
"3581752592","3581752599","NL","Netherlands (Kingdom of the)","Zuid-Holland","Leiden"
"3581765416","3581765423","NL","Netherlands (Kingdom of the)","Noord-Holland","Amsterdam"
"3581778072","3581778079","NL","Netherlands (Kingdom of the)","Utrecht","Woerden"
"3581789280","3581789335","NL","Netherlands (Kingdom of the)","Groningen","Groningen"
"3581801064","3581801071","NL","Netherlands (Kingdom of the)","Noord-Brabant","Bergen op Zoom"
"3581813064","3581813071","NL","Netherlands (Kingdom of the)","Groningen","Groningen"
"3581825520","3581825523","NL","Netherlands (Kingdom of the)","Utrecht","Woerden"
"3581841064","3581841071","NL","Netherlands (Kingdom of the)","Gelderland","Rheden"
"3581945228","3581945228","FR","France","Hauts-de-France","Saint-Quentin"
"3582173902","3582173903","GB","United Kingdom of Great Britain and Northern Ireland","Scotland","Port Glasgow"
"3582295948","3582295954","DE","Germany","Sachsen","Falkenstein"
"3582567904","3582567935","US","United States of America","Georgia","Vinings"
"3582697912","3582697915","FI","Finland","Pohjois-Pohjanmaa","Kempele"
"3582737920","3582737922","ES","Spain","Madrid, Comunidad de","Madrid"
"3582893824","3582894078","TR","Turkiye","Van","Bilgi"
"3583034128","3583034135","FR","France","Centre-Val de Loire","Chinon"
"3583092632","3583092635","NO","Norway","Vestland","Sandsli"
"3583209808","3583209815","HR","Croatia","Grad Zagreb","Zagreb"
"3583367552","3583367555","IT","Italy","Lombardia","Milan"
"3583572096","3583572143","GB","United Kingdom of Great Britain and Northern Ireland","England","Fitzrovia"
"3583740976","3583740991","SE","Sweden","Stockholms lan","Solna"
"3583842128","3583842143","DE","Germany","Thuringen","Walldorf"
"3584044208","3584044239","CH","Switzerland","Zurich","Binz"
"3584193184","3584193207","GB","United Kingdom of Great Britain and Northern Ireland","England","London"
"3584368640","3584369919","SE","Sweden","Stockholms lan","Stockholm"
"3584423361","3584423376","NL","Netherlands (Kingdom of the)","Noord-Holland","Amsterdam"
"3584606704","3584606711","DE","Germany","Niedersachsen","Vechta"
"3584830544","3584830863","ES","Spain","Madrid, Comunidad de","Madrid"
"3584926392","3584926427","CH","Switzerland","Zurich","Zurich"
"3585027164","3585027167","CZ","Czechia","Praha, Hlavni mesto","Prague"
"3585256232","3585256247","DE","Germany","Baden-Wurttemberg","Stuttgart"
"3585495344","3585495351","IT","Italy","Toscana","Massarosa"
"3585570816","3585571839","RU","Russian Federation","Altayskiy kray","Barnaul"
"3585756752","3585756759","PL","Poland","Mazowieckie","Warsaw"
"3585895552","3585895555","DE","Germany","Hessen","Rossdorf"
"3586130808","3586130815","CZ","Czechia","Jihomoravsky kraj","Brno"
"3586270136","3586270143","GB","United Kingdom of Great Britain and Northern Ireland","England","York"
"3586510232","3586510251","NL","Netherlands (Kingdom of the)","Noord-Holland","Purmerend"
"3586625577","3586625577","IE","Ireland","Dublin","Dublin"
"3586679296","3586679313","BE","Belgium","Brussels Hoofdstedelijk Gewest","Brussels"
"3586686487","3586686488","DE","Germany","Rheinland-Pfalz","Isenburg"
"3586887224","3586887247","IT","Italy","Lombardia","Milan"
"3587054592","3587054847","GB","United Kingdom of Great Britain and Northern Ireland","Wales","Victoria"
"3587287296","3587287807","IE","Ireland","Dublin","Dublin"
"3587457024","3587457095","GB","United Kingdom of Great Britain and Northern Ireland","England","Harrogate"
"3587670544","3587670551","IT","Italy","Lazio","Rome"
"3587706560","3587706575","DE","Germany","Nordrhein-Westfalen","Derendorf"
"3587758928","3587758935","FI","Finland","Varsinais-Suomi","Pyharanta"
"3588037120","3588037375","RU","Russian Federation","Volgogradskaya oblast'","Volgograd"
"3588095616","3588095623","CH","Switzerland","Bern","Nidau"
"3588209616","3588209623","FR","France","Ile-de-France","Brie-Comte-Robert"
"3588542192","3588542199","AT","Austria","Oberosterreich","Linz"
"3588566820","3588566823","AT","Austria","Wien","Vienna"
"3588672768","3588673023","GB","United Kingdom of Great Britain and Northern Ireland","England","Slough"
"3588950848","3588950855","NL","Netherlands (Kingdom of the)","Zuid-Holland","Capelle aan den IJssel"
"3589069684","3589069711","NO","Norway","Oslo","Oslo"
"3589267629","3589267630","DE","Germany","Hessen","Frankfurt am Main"
"3589275354","3589275354","DE","Germany","Bayern","Nuremberg"
"3589356552","3589356555","PL","Poland","Lubuskie","Swiebodzin"
"3589436267","3589436272","GB","United Kingdom of Great Britain and Northern Ireland","England","London"
"3589636352","3589636863","FR","France","Ile-de-France","Paris"
"3589817392","3589817392","DE","Germany","Hessen","Frankfurt am Main"
"3589819384","3589819384","AT","Austria","Wien","Vienna"
"3589821785","3589821785","BE","Belgium","Brussels Hoofdstedelijk Gewest","Brussels"
"3589823598","3589823598","JP","Japan","Tokyo","Tokyo"
"3589825004","3589825004","US","United States of America","California","Los Angeles"
"3589826815","3589827071","BE","Belgium","Brussels Hoofdstedelijk Gewest","Brussels"
"3589959730","3589959731","FI","Finland","Pirkanmaa","Tampere"
"3590003782","3590003784","NL","Netherlands (Kingdom of the)","Noord-Holland","Amsterdam"
"3590133980","3590133983","GB","United Kingdom of Great Britain and Northern Ireland","England","London"
"3590243095","3590243096","DE","Germany","Rheinland-Pfalz","Isenburg"
"3590248305","3590248305","GB","United Kingdom of Great Britain and Northern Ireland","England","London"
"3590250862","3590250864","DE","Germany","Rheinland-Pfalz","Isenburg"
"3590257237","3590257238","US","United States of America","California","Los Angeles"
"3624002816","3624003071","US","United States of America","Virginia","Arlington"
"3624300544","3624300799","BR","Brazil","Sao Paulo","Sao Paulo"
"3624594708","3624594711","US","United States of America","Utah","Draper"
"3624796760","3624796763","US","United States of America","California","Lakewood"
"3624806760","3624806763","US","United States of America","California","El Segundo"
"3624986064","3624986071","CA","Canada","Ontario","Cambridge"
"3625238738","3625238738","US","United States of America","Texas","Houston"
"3625269456","3625269471","US","United States of America","Wisconsin","Glendale"
"3625439640","3625439743","US","United States of America","Texas","Houston"
"3625625600","3625625615","US","United States of America","Indiana","New Albany"
"3625904328","3625904335","US","United States of America","West Virginia","Prichard"
"3625988864","3625988895","US","United States of America","New York","New York City"
"3626158336","3626158591","US","United States of America","California","Los Angeles"
"3626317024","3626317039","US","United States of America","Indiana","Carmel"
"3626501840","3626501847","US","United States of America","Georgia","Atlanta"
"3626621528","3626621535","US","United States of America","Connecticut","Westport"
"3626712792","3626712831","US","United States of America","Arkansas","Little Rock"
"3626734544","3626734559","US","United States of America","Arkansas","Little Rock"
"3626755547","3626755547","US","United States of America","Minnesota","Minneapolis"
"3626835562","3626835565","US","United States of America","Louisiana","Shreveport"
"3627126336","3627126527","US","United States of America","Connecticut","New Haven"
"3627328129","3627328130","US","United States of America","Florida","Miami"
"3627525557","3627525576","US","United States of America","Michigan","Detroit"
"3627723844","3627723873","US","United States of America","North Carolina","Charlotte"
"3627733117","3627733119","NL","Netherlands (Kingdom of the)","Noord-Holland","Amsterdam"
"3627794920","3627794927","US","United States of America","Georgia","Atlanta"
"3627887192","3627887199","US","United States of America","Texas","Plano"
"3627965848","3627965887","US","United States of America","Missouri","Kansas City"
"3628024216","3628024223","US","United States of America","Texas","Plano"
"3628152320","3628153087","CA","Canada","Ontario","Etobicoke"
"3628213643","3628213643","GB","United Kingdom of Great Britain and Northern Ireland","England","London"
"3628224479","3628224479","US","United States of America","Illinois","Naperville"
"3628228233","3628228233","GB","United Kingdom of Great Britain and Northern Ireland","England","London"
"3628505892","3628505895","US","United States of America","Texas","Austin"
"3628527224","3628527231","US","United States of America","California","San Diego"
"3628786584","3628786591","US","United States of America","Texas","Houston"
"3628916736","3628917759","US","United States of America","Mississippi","Jackson"
"3629099776","3629099807","US","United States of America","Florida","Fort Lauderdale"
"3629283144","3629283151","US","United States of America","North Carolina","Burlington"
"3629394232","3629394239","US","United States of America","Louisiana","Lake Charles"
"3629450808","3629450815","US","United States of America","Georgia","Atlanta"
"3629500816","3629500823","US","United States of America","Tennessee","Arlington"
"3629596690","3629596769","US","United States of America","North Carolina","Charlotte"
"3629889275","3629890303","US","United States of America","District of Columbia","Washington"
"3630173410","3630173410","US","United States of America","Georgia","Monroe"
"3630447448","3630447455","US","United States of America","Texas","Dallas"
"3630568880","3630568895","US","United States of America","California","El Segundo"
"3630674448","3630674463","US","United States of America","Texas","Dallas"
"3630874803","3630874803","US","United States of America","South Dakota","White"
"3630875955","3630875955","SE","Sweden","Stockholms lan","Stockholm"
"3630877122","3630877124","US","United States of America","South Dakota","Clear Lake"
"3630878305","3630878305","US","United States of America","South Dakota","Brookings"
"3630949136","3630949143","US","United States of America","New Hampshire","Amherst"
"3631181906","3631181916","US","United States of America","Wyoming","Burlington"
"3631308416","3631308423","CA","Canada","Quebec","Longueuil"
"3631460608","3631460863","US","United States of America","Minnesota","Olivia"
"3631754496","3631754751","US","United States of America","Virginia","Ashburn"
"3631999936","3631999943","CA","Canada","Alberta","Grande Prairie"
"3632172296","3632172297","US","United States of America","Texas","Dallas"
"3632179981","3632179981","US","United States of America","Indiana","Anderson"
"3632184540","3632184541","US","United States of America","Georgia","Suwanee"
"3632401080","3632401091","US","United States of America","Ohio","Eastlake"
"3632564224","3632565503","US","United States of America","New Jersey","Princeton"
"3632899096","3632899103","CA","Canada","Quebec","Montreal"
"3632971118","3632971119","US","United States of America","New York","New York City"
"3633108224","3633108287","US","United States of America","Pennsylvania","Malvern"
"3633250048","3633250303","US","United States of America","Colorado","Golden"
"3633412387","3633412387","US","United States of America","California","Los Angeles"
"3633643753","3633643753","US","United States of America","Colorado","Englewood"
"3633961632","3633961655","US","United States of America","Arkansas","Little Rock"
"3634104833","3634104834","US","United States of America","Texas","Austin"
"3634358896","3634358911","US","United States of America","Illinois","Chicago"
"3634385176","3634385183","US","United States of America","Washington","Sammamish"
"3634434192","3634434199","US","United States of America","Minnesota","Robbinsdale"
"3634482432","3634482687","US","United States of America","Louisiana","Monroe"
"3634576308","3634576311","US","United States of America","Michigan","Jackson"
"3634914272","3634914279","CA","Canada","Ontario","Peterborough"
"3635080640","3635080640","US","United States of America","New York","Windsor"
"3635162968","3635162971","CA","Canada","Quebec","Montreal"
"3635346704","3635346711","US","United States of America","Washington","Tumwater"
"3635565888","3635565895","US","United States of America","Pennsylvania","Norristown"
"3635894904","3635894911","CA","Canada","Ontario","Mississauga"
"3636102800","3636102807","US","United States of America","Florida","Panama City Beach"
"3636286720","3636286975","US","United States of America","Wyoming","Sheridan"
"3636678576","3636678583","US","United States of America","Ohio","Cincinnati"
"3636987824","3636987831","CA","Canada","Ontario","Barrie"
"3637012864","3637012871","US","United States of America","New York","New York City"
"3637025809","3637025809","US","United States of America","Colorado","Denver"
"3637038336","3637038336","US","United States of America","Texas","Dallas"
"3637042566","3637042572","US","United States of America","Colorado","Denver"
"3637047800","3637047807","US","United States of America","Arizona","Phoenix"
"3637062816","3637062847","US","United States of America","Ohio","Defiance"
"3637098400","3637098407","US","United States of America","Texas","Houston"
"3637152320","3637152383","US","United States of America","California","Cathedral City"
"3637256104","3637256119","US","United States of America","New Hampshire","Londonderry"
"3637272840","3637272847","US","United States of America","Vermont","Shelburne"
"3637296744","3637296751","US","United States of America","New Hampshire","Enfield"
"3637396228","3637396251","US","United States of America","Colorado","Highlands Ranch"
"3637435894","3637435896","US","United States of America","Tennessee","Franklin"
"3637457152","3637457407","US","United States of America","Idaho","Boise"
"3637497312","3637497343","US","United States of America","Washington","Seattle"
"3637527936","3637527943","CA","Canada","Alberta","Clairmont"
"3637564310","3637564310","CA","Canada","Ontario","London"
"3637618688","3637618943","CA","Canada","Quebec","Montreal"
"3637688840","3637688855","US","United States of America","Nevada","Sparks"
"3637854219","3637854219","US","United States of America","South Dakota","Caputa"
"3637855311","3637855311","US","United States of America","South Dakota","Reliance"
"3637856361","3637856361","US","United States of America","South Dakota","Winner"
"3637857432","3637857432","US","United States of America","South Dakota","Hot Springs"
"3637858495","3637858495","US","United States of America","South Dakota","Freeman"
"3637859561","3637859561","US","United States of America","South Dakota","Philip"
"3637860651","3637860651","US","United States of America","South Dakota","Hot Springs"
"3637861770","3637861771","US","United States of America","South Dakota","Wall"
"3637997368","3637997375","US","United States of America","Texas","Dallas"
"3638219088","3638219091","US","United States of America","California","Fremont"
"3638230516","3638230516","US","United States of America","California","Fremont"
"3638245512","3638245527","US","United States of America","Arkansas","Little Rock"
"3638429536","3638429543","US","United States of America","Idaho","Boise"
"3638531792","3638531799","CA","Canada","Ontario","North York"
"3638749184","3638749439","AI","Anguilla","Anguilla","The Valley"
"3639164272","3639164279","US","United States of America","Virginia","Ashburn"
"3639304704","3639304959","US","United States of America","Washington","Olympia"
"3639425408","3639425411","US","United States of America","California","Los Angeles"
"3639651376","3639651391","US","United States of America","California","Coronado"
"3639959074","3639959074","US","United States of America","Texas","Austin"
"3640146184","3640146191","US","United States of America","Kentucky","Lexington"
"3640297986","3640297987","US","United States of America","Virginia","Richmond"
"3640329266","3640329266","US","United States of America","Texas","Spearman"
"3640330986","3640330986","US","United States of America","Texas","Perryton"
"3640332700","3640332700","US","United States of America","Oklahoma","Hooker"
"3640333881","3640333881","US","United States of America","Oklahoma","Beaver"
"3640335576","3640335576","US","United States of America","Oklahoma","Texhoma"
"3640487200","3640487263","US","United States of America","Kentucky","Louisville"
"3640519008","3640519023","US","United States of America","New Mexico","Albuquerque"
"3640700928","3640701183","DE","Germany","Nordrhein-Westfalen","Dusseldorf"
"3641006274","3641006276","DE","Germany","Sachsen","Leipzig"
"3641024320","3641024327","DE","Germany","Sachsen","Ludwigsburg"
"3641049120","3641049135","DE","Germany","Nordrhein-Westfalen","Bonn"
"3641073380","3641073383","DE","Germany","Bremen","Bremen"
"3641096168","3641096183","DE","Germany","Bremen","Bremen"
"3641115480","3641115487","DE","Germany","Sachsen-Anhalt","Magdeburg"
"3641145664","3641145671","DE","Germany","Bremen","Bremen"
"3641213760","3641213823","NO","Norway","Nordland","Narvik"
"3641364544","3641364559","RO","Romania","Bucuresti","Bucharest"
"3641567364","3641567367","SE","Sweden","Stockholms lan","Stockholm"
"3641716736","3641720831","GB","United Kingdom of Great Britain and Northern Ireland","England","Speke"
"3641949824","3641949831","DE","Germany","Hessen","Wiesbaden"
"3642214336","3642214399","BA","Bosnia and Herzegovina","Republika Srpska","Banja Luka"
"3642546736","3642546751","RU","Russian Federation","Permskiy kray","Perm"
"3642691328","3642691583","GB","United Kingdom of Great Britain and Northern Ireland","England","Chorley"
"3642828144","3642828167","GB","United Kingdom of Great Britain and Northern Ireland","England","London"
"3642857232","3642857343","GB","United Kingdom of Great Britain and Northern Ireland","England","London"
"3642901264","3642901271","GB","United Kingdom of Great Britain and Northern Ireland","England","Ipswich"
"3643141200","3643141215","GB","United Kingdom of Great Britain and Northern Ireland","England","Clacton-on-Sea"
"3643165032","3643165039","GB","United Kingdom of Great Britain and Northern Ireland","England","Norwich"
"3643277312","3643277487","GB","United Kingdom of Great Britain and Northern Ireland","England","London"
"3643483904","3643484159","GB","United Kingdom of Great Britain and Northern Ireland","England","Manchester"
"3643692032","3643692287","GB","United Kingdom of Great Britain and Northern Ireland","England","Langtoft"
"3644308480","3644308735","EG","Egypt","Al Jizah","Madinat Sittah Uktubar"
"3644338144","3644338151","IT","Italy","Lombardia","Cinisello Balsamo"
"3644351712","3644351743","IT","Italy","Toscana","Pisa"
"3644381280","3644381295","IT","Italy","Lombardia","Milan"
"3644393580","3644393583","IT","Italy","Lombardia","Milan"
"3644403072","3644403087","IT","Italy","Veneto","Belluno"
"3644415904","3644415967","IT","Italy","Lazio","Rome"
"3644431096","3644431107","IT","Italy","Lombardia","Milan"
"3644444308","3644444311","IT","Italy","Emilia-Romagna","Ozzano dell'Emilia"
"3644457156","3644457159","IT","Italy","Marche","Grottammare"
"3644468920","3644468923","IT","Italy","Emilia-Romagna","Spilamberto"
"3644482560","3644482563","IT","Italy","Emilia-Romagna","Bologna"
"3644492888","3644492891","IT","Italy","Toscana","Castelfranco di Sotto"
"3644503960","3644503983","IT","Italy","Lombardia","Milan"
"3644522640","3644522647","IT","Italy","Veneto","Verona"
"3644538688","3644538703","IT","Italy","Lazio","Rome"
"3644556728","3644556735","IT","Italy","Lazio","Rome"
"3644565072","3644565079","IT","Italy","Calabria","Roccella Ionica"
"3644578900","3644578903","IT","Italy","Puglia","Fasano"
"3644809692","3644809711","DK","Denmark","Hovedstaden","Copenhagen"
"3644965952","3644965959","RS","Serbia","Pomoravski okrug","Resavica"
"3645288036","3645288055","DE","Germany","Nordrhein-Westfalen","Gelsenkirchen"
"3645418504","3645418519","GB","United Kingdom of Great Britain and Northern Ireland","England","Harrogate"
"3645782528","3645782783","PS","Palestine, State of","Nablus","Nablus"
"3646499608","3646499615","DE","Germany","Rheinland-Pfalz","Mainz"
"3646527288","3646527295","DE","Germany","Berlin","Berlin"
"3646546463","3646546463","DE","Germany","Hessen","Darmstadt"
"3646957704","3646957711","PL","Poland","Zachodniopomorskie","Zlocieniec"
"3647052096","3647052103","PL","Poland","Pomorskie","Pszczolki"
"3647211064","3647211111","NL","Netherlands (Kingdom of the)","Noord-Holland","Heiloo"
"3647223784","3647223807","NL","Netherlands (Kingdom of the)","Noord-Brabant","Eindhoven"
"3647235616","3647235623","NL","Netherlands (Kingdom of the)","Fryslan","Sneek"
"3647247920","3647247927","NL","Netherlands (Kingdom of the)","Fryslan","Leeuwarden"
"3647256592","3647256599","NL","Netherlands (Kingdom of the)","Noord-Brabant","Eindhoven"
"3647267032","3647267035","NL","Netherlands (Kingdom of the)","Limburg","Heerlen"
"3647491840","3647492095","NL","Netherlands (Kingdom of the)","Noord-Brabant","Eindhoven"
"3647738120","3647738127","FR","France","Ile-de-France","Villiers-sur-Marne"
"3647750824","3647750831","FR","France","Auvergne-Rhone-Alpes","Chambery"
"3647772624","3647772639","FR","France","Normandie","Marcey-les-Greves"
"3647804536","3647804559","FR","France","Auvergne-Rhone-Alpes","Lyon"
"3647837623","3647837662","FR","France","Occitanie","Blagnac"
"3647846225","3647846225","FR","France","Grand-Est","Chaumont"
"3647857760","3647857767","FR","France","Nouvelle-Aquitaine","Martillac"
"3647872672","3647872679","DE","Germany","Berlin","Berlin"
"3647896488","3647896527","DE","Germany","Hamburg","Hamburg"
"3647912592","3647912615","DE","Germany","Berlin","Berlin"
"3647931564","3647931567","DE","Germany","Hamburg","Hamburg"
"3647950436","3647950439","DE","Germany","Hamburg","Hamburg"
"3647974724","3647974731","DE","Germany","Hessen","Frankfurt am Main"
"3648016946","3648016946","GB","United Kingdom of Great Britain and Northern Ireland","England","Reading"
"3648313088","3648313343","DK","Denmark","Syddanmark","Fredericia"
"3648498160","3648498167","SE","Sweden","Stockholms lan","Stockholm"
"3648919296","3648920831","ES","Spain","Madrid, Comunidad de","Madrid"
"3649237280","3649237283","ES","Spain","Catalunya","Girona"
"3649635643","3649635653","GB","United Kingdom of Great Britain and Northern Ireland","Scotland","Edinburgh"
"3649641803","3649641805","GB","United Kingdom of Great Britain and Northern Ireland","Scotland","Edinburgh"
"3649666545","3649666545","GB","United Kingdom of Great Britain and Northern Ireland","England","Leeds"
"3649677016","3649677055","GB","United Kingdom of Great Britain and Northern Ireland","England","Reading"
"3649686215","3649686215","GB","United Kingdom of Great Britain and Northern Ireland","England","Manchester"
"3649688045","3649688045","GB","United Kingdom of Great Britain and Northern Ireland","England","Bradford"
"3649692379","3649692379","GB","United Kingdom of Great Britain and Northern Ireland","Wales","Cardiff"
"3649753682","3649753682","ES","Spain","Catalunya","Barcelona"
"3649906568","3649906571","IT","Italy","Campania","Naples"
"3649919592","3649919599","IT","Italy","Veneto","Verona"
"3649941616","3649941647","IT","Italy","Marche","Osimo"
"3649957772","3649957775","IT","Italy","Lombardia","Milan"
"3650258688","3650258943","DE","Germany","Nordrhein-Westfalen","Koeln"
"3650455808","3650456199","NL","Netherlands (Kingdom of the)","Noord-Brabant","Eindhoven"
"3650699288","3650699295","PL","Poland","Dolnoslaskie","Wroclaw"
"3650899968","3650901503","RO","Romania","Bucuresti","Bucharest"
"3650954608","3650954623","DK","Denmark","Midtjylland","Arhus"
"3651055360","3651055367","GB","United Kingdom of Great Britain and Northern Ireland","England","Chantry"
"3651352736","3651352751","GB","United Kingdom of Great Britain and Northern Ireland","England","London"
"3651521024","3651521279","AE","United Arab Emirates","Dubayy","Dubai"
"3651553504","3651553519","NL","Netherlands (Kingdom of the)","Noord-Holland","Amsterdam-Zuidoost"
"3651570408","3651570431","NL","Netherlands (Kingdom of the)","Zuid-Holland","The Hague"
"3651585984","3651585991","NL","Netherlands (Kingdom of the)","Noord-Brabant","Bladel"
"3651636754","3651636754","FR","France","Occitanie","Colomiers"
"3651657561","3651657561","FR","France","Nouvelle-Aquitaine","Abzac"
"3651736648","3651736655","GB","United Kingdom of Great Britain and Northern Ireland","England","Bracknell"
"3651839824","3651839831","PL","Poland","Wielkopolskie","Baranowo"
"3652259301","3652259302","GB","United Kingdom of Great Britain and Northern Ireland","England","Abingdon"
"3652394136","3652394143","GB","United Kingdom of Great Britain and Northern Ireland","England","Exeter"
"3652476480","3652476543","GB","United Kingdom of Great Britain and Northern Ireland","England","Rochdale"
"3652513593","3652513598","US","United States of America","Illinois","Oswego"
"3653029736","3653029751","DE","Germany","Hamburg","Hamburg"
"3653333009","3653333009","CH","Switzerland","Bern","Bern"
"3653334163","3653334163","CH","Switzerland","Appenzell Ausserrhoden","Herisau"
"3653335397","3653335397","CH","Switzerland","Aargau","Endingen"
"3653337008","3653337008","CH","Switzerland","Solothurn","Olten"
"3653417672","3653417703","IT","Italy","Veneto","Cadoneghe"
"3653605120","3653605183","CZ","Czechia","Olomoucky kraj","Olomouc"
"3653890048","3653890303","IT","Italy","Liguria","Genova"
"3654530048","3654530303","SE","Sweden","Hallands lan","Varberg"
"3655015728","3655015743","IR","Iran (Islamic Republic of)","Azarbayjan-e Gharbi","Azad"
"3655095480","3655095487","IT","Italy","Emilia-Romagna","Parma"
"3655218336","3655218339","IT","Italy","Lazio","Rome"
"3655240880","3655240887","IT","Italy","Piemonte","Bruno"
"3655252112","3655252119","IT","Italy","Veneto","Valdagno"
"3655266284","3655266287","IT","Italy","Emilia-Romagna","Manzoni"
"3655286592","3655286607","IT","Italy","Piemonte","Biella"
"3655307616","3655307623","IT","Italy","Marche","Civitanova Marche"
"3655321456","3655321463","IT","Italy","Lazio","Rome"
"3655475200","3655479295","DE","Germany","Bayern","Munich"
"3656334861","3656334861","AT","Austria","Wien","Vienna"
"3656359272","3656359279","DE","Germany","Nordrhein-Westfalen","Dusseldorf"
"3656367624","3656367631","DE","Germany","Baden-Wurttemberg","Pforzheim"
"3656376016","3656376023","DE","Germany","Hessen","Frankfurt am Main"
"3656384288","3656384295","DE","Germany","Nordrhein-Westfalen","Warendorf"
"3656589767","3656589767","DE","Germany","Berlin","Berlin"
"3656590827","3656590827","DE","Germany","Bayern","Fuerstenfeldbruck"
"3656591875","3656591875","DE","Germany","Baden-Wurttemberg","Bruchsal"
"3656592931","3656592931","DE","Germany","Hessen","Alsfeld"
"3656593991","3656593991","DE","Germany","Baden-Wurttemberg","Reutlingen"
"3656595035","3656595035","DE","Germany","Berlin","Berlin"
"3656596087","3656596087","DE","Germany","Bayern","Riedlingen"
"3656597145","3656597145","DE","Germany","Hamburg","Hamburg"
"3656598239","3656598239","DE","Germany","Nordrhein-Westfalen","Dusseldorf"
"3656599295","3656599295","DE","Germany","Thuringen","Meiningen"
"3656600358","3656600358","DE","Germany","Bayern","Heilbronn"
"3656601417","3656601417","DE","Germany","Niedersachsen","Hanover"
"3656602489","3656602489","DE","Germany","Mecklenburg-Vorpommern","Neubrandenburg"
"3656603546","3656603546","DE","Germany","Berlin","Berlin"
"3656604612","3656604612","DE","Germany","Baden-Wurttemberg","Pforzheim"
"3656605677","3656605677","DE","Germany","Berlin","Berlin"
"3656606727","3656606728","DE","Germany","Hessen","Darmstadt"
"3656607778","3656607778","DE","Germany","Nordrhein-Westfalen","Unna"
"3656608837","3656608837","DE","Germany","Nordrhein-Westfalen","Bonn"
"3656609884","3656609884","DE","Germany","Nordrhein-Westfalen","Bonn"
"3656610960","3656610960","DE","Germany","Baden-Wurttemberg","Ettlingen"
"3656612040","3656612040","DE","Germany","Hamburg","Hamburg"
"3656613124","3656613124","DE","Germany","Sachsen","Zwickau"
"3656619376","3656619383","DE","Germany","Bayern","Munich"
"3656621044","3656621044","DE","Germany","Nordrhein-Westfalen","Dusseldorf"
"3656623736","3656623743","DE","Germany","Baden-Wurttemberg","Gaildorf"
"3656647008","3656647015","DE","Germany","Baden-Wurttemberg","Hausach"
"3657683408","3657683415","CN","China","Jiangsu","Xuzhou"
"3657752648","3657752655","CN","China","Beijing","Beijing"
"3658300357","3658300357","CN","China","Guangdong","Foshan"
"3658475880","3658475887","CN","China","Guangdong","Guangzhou"
"3658642288","3658642343","CN","China","Guangdong","Guangzhou"
"3659152469","3659152485","CN","China","Shanxi","Linfen"
"3659201408","3659201487","CN","China","Shanxi","Taiyuan"
"3660095872","3660095999","JP","Japan","Iwate","Miyako"
"3660695808","3660696063","KR","Korea (the Republic of)","Ulsan-gwangyeoksi","Ulsan"
"3661225456","3661225459","CN","China","Shandong","Dongying"
"3661358946","3661358946","CN","China","Shandong","Zaozhuang"
"3661514092","3661514127","CN","China","Beijing","Beijing"
"3662024828","3662024835","CN","China","Chongqing","Chongqing"
"3662376328","3662376335","CN","China","Shanghai","Shanghai"
"3662976482","3662976487","CN","China","Xinjiang Uygur","Changji"
"3663254528","3663255551","CN","China","Sichuan","Luzhou"
"3663449224","3663449255","CN","China","Jiangsu","Nantong"
"3663524204","3663524231","CN","China","Jiangsu","Yancheng"
"3663617308","3663617311","CN","China","Beijing","Beijing"
"3663851808","3663851839","CN","China","Beijing","Beijing"
"3666963456","3666965503","KR","Korea (the Republic of)","Gyeonggi-do","Seongnam"
"3668707584","3668708863","TW","Taiwan (Province of China)","New Taipei","Banqiao"
"3670783488","3670783999","CN","China","Gansu","Jinchang"
"3671326720","3671392255","SG","Singapore","Singapore","Singapore"
"3672057752","3672057767","JP","Japan","Niigata","Niigata"
"3673099776","3673100031","KR","Korea (the Republic of)","Gwangju-gwangyeoksi","Gwangju"
"3678162944","3678278911","JP","Japan","Tokyo","Tokyo"
"3679926272","3679926399","TW","Taiwan (Province of China)","Taichung","Taichung"
"3680378880","3680379135","MY","Malaysia","Perak","Kuala Kangsar"
"3680822016","3680822271","JP","Japan","Aichi","Nisshin"
"3681280000","3681280255","JP","Japan","Ibaraki","Mito"
"3681972224","3681972239","JP","Japan","Tokyo","Tokyo"
"3682261248","3682261503","JP","Japan","Osaka","Osaka"
"3682702816","3682702831","CN","China","Guangdong","Heyuan"
"3683246688","3683246703","CN","China","Liaoning","Yingkou"
"3683896448","3683896519","CN","China","Guangdong","Zhongshan"
"3684029296","3684029299","CN","China","Liaoning","Chaoyang"
"3684921784","3684921791","JP","Japan","Saitama","Ogawa"
"3685155328","3685155583","JP","Japan","Chiba","Horikawa"
"3695770880","3695771135","KR","Korea (the Republic of)","Gyeonggi-do","Gwangmyeong"
"3697123840","3697124095","KR","Korea (the Republic of)","Jeollanam-do","Muan"
"3698028544","3698030591","JP","Japan","Osaka","Osaka"
"3698249176","3698249183","JP","Japan","Fukui","Takefu"
"3699435776","3699436031","TW","Taiwan (Province of China)","Taipei","Taipei"
"3700253696","3700253951","TW","Taiwan (Province of China)","New Taipei","Banqiao"
"3701316864","3701317119","JP","Japan","Kumamoto","Kumamoto"
"3702226482","3702227076","CN","China","Xinjiang Uygur","Changji"
"3704487168","3704487423","CN","China","Anhui","Mingguang"
"3705966192","3705966223","TW","Taiwan (Province of China)","Kaohsiung","Kaohsiung"
"3706769408","3706769663","AU","Australia","New South Wales","Sydney"
"3707018808","3707018811","AU","Australia","Tasmania","Glebe"
"3707069140","3707069143","AU","Australia","Victoria","Melbourne"
"3707337024","3707337055","CN","China","Hubei","Xianning"
"3707911576","3707911583","CN","China","Shandong","Jinan"
"3707964192","3707964203","CN","China","Shandong","Qingdao"
"3708228896","3708228911","CN","China","Shaanxi","Weinan"
"3708568128","3708568131","CN","China","Zhejiang","Hangzhou"
"3708686857","3708687101","CN","China","Henan","Zhengzhou"
"3715721728","3715721983","PH","Philippines","Iloilo","Bay-ang"
"3717466880","3717468159","KR","Korea (the Republic of)","Gyeonggi-do","Seongnam"
"3718594816","3718595071","KR","Korea (the Republic of)","Gyeonggi-do","Seongnam"
"3719982704","3719982727","JP","Japan","Tokyo","Tokyo"
"3720858432","3720858439","CN","China","Nei Mongol","Baotou"
"3721888644","3721888647","CN","China","Shandong","Qingdao"
"3722477924","3722478079","CN","China","Jiangsu","Suzhou"
"3722929032","3722929039","CN","China","Jiangsu","Yancheng"
"3724063088","3724063095","JP","Japan","Aichi","Nisshin"
"3726998016","3727000319","CN","China","Shanxi","Yangquan"
"3728875708","3728875719","CN","China","Shanghai","Shanghai"
"3729810568","3729810568","CN","China","Xinjiang Uygur","Kashgar"
"3730590536","3730590559","CN","China","Jiangsu","Suzhou"
"3731192832","3731193087","KR","Korea (the Republic of)","Gyeonggi-do","Paju"
"3732394240","3732394495","KR","Korea (the Republic of)","Ulsan-gwangyeoksi","Ulsan"
"3732805824","3732805831","PH","Philippines","National Capital Region","Pasig"
"3732829456","3732829463","PH","Philippines","Batangas","Batangas"
"3733259306","3733259306","CN","China","Shandong","Dezhou"
"3733333564","3733333567","CN","China","Shandong","Jinan"
"3734257664","3734260991","JP","Japan","Aomori","Aomori"
"3734727680","3734728191","NZ","New Zealand","Otago","Oamaru"
"3735570444","3735570447","CN","China","Jilin","Jilin"
"3735687888","3735687891","CN","China","Jilin","Huadian"
"3736258820","3736286467","CN","China","Chongqing","Chongqing"
"3736826456","3736826507","CN","China","Jiangsu","Xuzhou"
"3738649300","3738649363","CN","China","Sichuan","Zigong"
"3739421708","3739421708","JP","Japan","Kanagawa","Odawara"
"3739427599","3739427599","JP","Japan","Kanagawa","Zama"
"3740434432","3740450815","CN","China","Hunan","Chenzhou"
"3742414336","3742454015","HK","Hong Kong","Hong Kong","Hong Kong"
"3743460096","3743460351","KR","Korea (the Republic of)","Jeollanam-do","Naju"
"3746187776","3746188031","CN","China","Guangdong","Foshan"
"3748834304","3748835327","CN","China","Xinjiang Uygur","Shihezi"
"3750104160","3750104175","JP","Japan","Kochi","Kochi"
"3750516224","3750516479","TW","Taiwan (Province of China)","New Taipei","Banqiao"
"3753016576","3753016831","IN","India","Jharkhand","Ranchi"
"3753520128","3753520383","IN","India","Karnataka","Mangalore"
"3754174720","3754180863","IN","India","Maharashtra","Mumbai"
"3755677952","3755679231","JP","Japan","Tokyo","Tokyo"
"3756382464","3756382719","IN","India","Madhya Pradesh","Indore"
"3756896768","3756897279","IN","India","Tamil Nadu","Tondi"
